연월,BPU,쿠폰명,쿠폰ID,쿠폰유형,쿠폰할인
2025-01-01,e-영업1,[제휴전용] 12% 할인(IE),CPN703554,일반,2158245.0
2025-01-01,e-영업1,네이버쇼핑 10% 할인(남성),CPN676906,일반,-239045.0
2025-01-01,e-영업2,[제휴전용] 10%추가할인 (이월 ACC),CPN383518,플러스,18940718.0
2025-01-01,e-영업2,[제휴전용] 7%추가할인 (이월 남성),CPN409203,플러스,11465145.0
2025-01-01,e-영업2,[제휴전용] 9%추가할인 (이월 여성),CPN409202,플러스,10521664.0
2025-01-01,e-영업2,[제휴전용] 7%추가할인 (이월 여성),CPN409201,플러스,8201982.0
2025-01-01,e-영업2,[윈터슈퍼세일] 네이버 10% 플러스쿠폰 (최대 5만원 할인),CPN1139988,플러스,3845336.0
2025-01-01,e-영업2,[제휴전용] 9%추가할인 (이월 남성),CPN409204,플러스,3477573.0
2025-01-01,e-영업2,[제휴할인] 5%추가할인 (이월 남성),CPN383907,플러스,3177100.0
2025-01-01,e-영업1,[제휴전용] 10%추가할인 (골프/스포츠),CPN413857,플러스,2650345.0
2025-01-01,e-영업2,[제휴전용] 8%추가할인 (이월 골프),CPN383905,플러스,1252009.0
2025-01-01,e-영업2,[제휴전용] 8%추가할인 (이월 슈즈),CPN384029,플러스,1125727.0
2025-01-01,e-영업1,[윈터슈퍼세일] 네이버 10% 플러스쿠폰 (최대 5만원 할인),CPN1139988,플러스,1034509.0
2025-01-01,e-영업1,[설프라이즈] 네이버 5% 플러스쿠폰 (최대 5만원 할인),CPN1154102,플러스,822182.0
2025-01-01,e-영업2,[제휴전용] 4%추가할인 (이월 여성),CPN384742,플러스,742836.0
2025-01-01,e-영업1,[설 선물] 네이버 플러스 8% 쿠폰,CPN1144940,플러스,682000.0
2025-01-01,e-영업2, 네이버 10% 플러스 쿠폰 (15만원이상/최대5만원할인),CPN1131069,플러스,518691.0
2025-01-01,e-영업1,[WEEKEND SALE] 네이버 플러스 7% 쿠폰,CPN1135141,플러스,491336.0
2025-01-01,e-영업2,[설 선물] 네이버 플러스 8% 쿠폰,CPN1144940,플러스,478691.0
2025-01-01,e-영업1, 네이버 10% 플러스 쿠폰 (15만원이상/최대5만원할인),CPN1131069,플러스,356236.0
2025-01-01,e-영업2,[WEEKEND SALE] 네이버 플러스 7% 쿠폰,CPN1135141,플러스,328900.0
2025-01-01,e-영업1,[WEEKEND SALE] 네이버 플러스 7% 쿠폰,CPN1153723,플러스,319936.0
2025-01-01,e-영업2,[설프라이즈] 네이버 5% 플러스쿠폰 (최대 5만원 할인),CPN1154102,플러스,298327.0
2025-01-01,e-영업2,[제휴전용] 8% 추가할인 (이월 골프),CPN514212,플러스,241591.0
2025-01-01,e-영업2,[WEEKEND SALE] 네이버 플러스 7% 쿠폰,CPN1153723,플러스,182845.0
2025-01-01,e-영업2,[윈터슈퍼세일] 10% 플러스쿠폰 (최대 5만원 할인),CPN1139996,플러스,182127.0
2025-01-01,e-영업2,[윈터슈퍼세일] 네이버 8% 플러스쿠폰 (최대 5만원 할인),CPN1139999,플러스,158100.0
2025-01-01,e-영업1,[WEEKEND SALE] 네이버 플러스 7% 쿠폰,CPN1154205,플러스,148927.0
2025-01-01,e-영업3,[WEEKEND SALE] 네이버 플러스 7% 쿠폰,CPN1153723,플러스,146845.0
2025-01-01,e-영업3,[설 선물] 네이버 플러스 8% 쿠폰,CPN1144940,플러스,141227.0
2025-01-01,e-영업2,[WEEKEND SALE] 네이버 플러스 7% 쿠폰,CPN1154205,플러스,127182.0
2025-01-01,e-영업2,[설 선물] 플러스 8% 쿠폰,CPN1145005,플러스,122045.0
2025-01-01,e-영업3,[설프라이즈] 네이버 5% 플러스쿠폰 (최대 5만원 할인),CPN1154102,플러스,97255.0
2025-01-01,e-영업1,[제휴전용] 8%추가할인 (골프/스포츠),CPN402093,플러스,97045.0
2025-01-01,e-영업2,(제휴 최저가 자동 쿠폰)17020원 할인,NCPN0001702,플러스,92836.0
2025-01-01,e-영업1,(제휴 최저가 자동 쿠폰)12170원 할인,NCPN0001217,플러스,77445.0
2025-01-01,e-영업2,[WEEKEND SALE] 플러스 7% 쿠폰,CPN1135178,플러스,76182.0
2025-01-01,e-영업1,(제휴 최저가 자동 쿠폰)20490원 할인,NCPN0002049,플러스,74509.0
2025-01-01,e-영업1,(제휴 최저가 자동 쿠폰)25850원 할인,NCPN0002585,플러스,70500.0
2025-01-01,e-영업2,[설프라이즈] 5% 플러스쿠폰 (최대 5만원 할인),CPN1154137,플러스,70436.0
2025-01-01,e-영업2, 네이버 8% 플러스 쿠폰 (8만원 이상/최대 5만원 할인),CPN1131066,플러스,66118.0
2025-01-01,e-영업1,[윈터슈퍼세일] 네이버 8% 플러스쿠폰 (최대 5만원 할인),CPN1139999,플러스,64073.0
2025-01-01,e-영업2,(제휴 최저가 자동 쿠폰)17560원 할인,NCPN0001756,플러스,63855.0
2025-01-01,e-영업2,(제휴 최저가 자동 쿠폰)34120원 할인,NCPN0003412,플러스,62036.0
2025-01-01,e-영업2,(제휴 최저가 자동 쿠폰)67450원 할인,NCPN0006745,플러스,61318.0
2025-01-01,e-영업1,(제휴 최저가 자동 쿠폰)33470원 할인,NCPN0003347,플러스,60855.0
2025-01-01,e-영업1,(제휴 최저가 자동 쿠폰)14690원 할인,NCPN0001469,플러스,53418.0
2025-01-01,e-영업1,(제휴 최저가 자동 쿠폰)29280원 할인,NCPN0002928,플러스,53236.0
2025-01-01,e-영업2,(제휴 최저가 자동 쿠폰)18260원 할인,NCPN0001826,플러스,49800.0
2025-01-01,e-영업2,[WEEKEND SALE] 플러스 7% 쿠폰,CPN1154209,플러스,48873.0
2025-01-01,e-영업1,(제휴 최저가 자동 쿠폰)10630원 할인,NCPN0001063,플러스,48318.0
2025-01-01,e-영업1,(제휴 최저가 자동 쿠폰)17560원 할인,NCPN0001756,플러스,47891.0
2025-01-01,e-영업2,(제휴 최저가 자동 쿠폰)26320원 할인,NCPN0002632,플러스,47855.0
2025-01-01,e-영업1,(제휴 최저가 자동 쿠폰)25940원 할인,NCPN0002594,플러스,47164.0
2025-01-01,e-영업2,(제휴 최저가 자동 쿠폰)25850원 할인,NCPN0002585,플러스,47000.0
2025-01-01,e-영업2,(제휴 최저가 자동 쿠폰)16120원 할인,NCPN0001612,플러스,43964.0
2025-01-01,e-영업3,[WEEKEND SALE] 네이버 플러스 7% 쿠폰,CPN1135141,플러스,43073.0
2025-01-01,e-영업2,(제휴 최저가 자동 쿠폰)23550원 할인,NCPN0002355,플러스,42818.0
2025-01-01,e-영업1,(제휴 최저가 자동 쿠폰)7810원 할인,NCPN0000781,플러스,42600.0
2025-01-01,e-영업1,(제휴 최저가 자동 쿠폰)22990원 할인,NCPN0002299,플러스,41800.0
2025-01-01,e-영업2,(제휴 최저가 자동 쿠폰)15040원 할인,NCPN0001504,플러스,41018.0
2025-01-01,e-영업2, 10% 플러스 쿠폰 (15만원이상/최대5만원할인),CPN1131070,플러스,38718.0
2025-01-01,e-영업1,[설프라이즈] 5% 플러스쿠폰 (최대 5만원 할인),CPN1154137,플러스,37609.0
2025-01-01,e-영업2,(제휴 최저가 자동 쿠폰)40510원 할인,NCPN0004051,플러스,36827.0
2025-01-01,e-영업2,(제휴 최저가 자동 쿠폰)19910원 할인,NCPN0001991,플러스,36200.0
2025-01-01,e-영업1,(제휴 최저가 자동 쿠폰)9800원 할인,NCPN0000980,플러스,35636.0
2025-01-01,e-영업1,(제휴 최저가 자동 쿠폰)38310원 할인,NCPN0003831,플러스,34827.0
2025-01-01,e-영업2,(제휴 최저가 자동 쿠폰)37020원 할인,NCPN0003702,플러스,33655.0
2025-01-01,e-영업2,[제휴전용] 5%추가할인 (이월 ACC),CPN509567,플러스,33518.0
2025-01-01,e-영업1, 네이버 8% 플러스 쿠폰 (8만원 이상/최대 5만원 할인),CPN1131066,플러스,32018.0
2025-01-01,e-영업1,(제휴 최저가 자동 쿠폰)11450원 할인,NCPN0001145,플러스,31227.0
2025-01-01,e-영업1,(제휴 최저가 자동 쿠폰)15990원 할인,NCPN0001599,플러스,29073.0
2025-01-01,e-영업1,(제휴 최저가 자동 쿠폰)29050원 할인,NCPN0002905,플러스,26409.0
2025-01-01,e-영업1,[설 선물] 플러스 8% 쿠폰,CPN1145005,플러스,24727.0
2025-01-01,e-영업1,(제휴 최저가 자동 쿠폰)13440원 할인,NCPN0001344,플러스,24436.0
2025-01-01,e-영업2,(제휴 최저가 자동 쿠폰)8960원 할인,NCPN0000896,플러스,24436.0
2025-01-01,e-영업2,(제휴 최저가 자동 쿠폰)26660원 할인,NCPN0002666,플러스,24236.0
2025-01-01,e-영업1,(제휴 최저가 자동 쿠폰)13230원 할인,NCPN0001323,플러스,24055.0
2025-01-01,e-영업2,(제휴 최저가 자동 쿠폰)26300원 할인,NCPN0002630,플러스,23909.0
2025-01-01,e-영업1,(제휴 최저가 자동 쿠폰)12650원 할인,NCPN0001265,플러스,23000.0
2025-01-01,e-영업1,(제휴 최저가 자동 쿠폰)12640원 할인,NCPN0001264,플러스,22982.0
2025-01-01,e-영업2,(제휴 최저가 자동 쿠폰)24960원 할인,NCPN0002496,플러스,22691.0
2025-01-01,e-영업1,(제휴 최저가 자동 쿠폰)23230원 할인,NCPN0002323,플러스,21118.0
2025-01-01,e-영업1, 네이버 5% 플러스 쿠폰 (최대 5만원 할인),CPN1131019,플러스,20436.0
2025-01-01,e-영업2,(제휴 최저가 자동 쿠폰)10930원 할인,NCPN0001093,플러스,19873.0
2025-01-01,e-영업1,(제휴 최저가 자동 쿠폰)21810원 할인,NCPN0002181,플러스,19827.0
2025-01-01,e-영업1,(제휴 최저가 자동 쿠폰)5210원 할인,NCPN0000521,플러스,18945.0
2025-01-01,e-영업1,[WEEKEND SALE] 플러스 7% 쿠폰,CPN1153736,플러스,18782.0
2025-01-01,e-영업1,(제휴 최저가 자동 쿠폰)19560원 할인,NCPN0001956,플러스,17782.0
2025-01-01,e-영업1, 10% 플러스 쿠폰 (15만원이상/최대5만원할인),CPN1131070,플러스,17673.0
2025-01-01,e-영업2,(제휴 최저가 자동 쿠폰)9670원 할인,NCPN0000967,플러스,17582.0
2025-01-01,e-영업1,(제휴 최저가 자동 쿠폰)18640원 할인,NCPN0001864,플러스,16945.0
2025-01-01,e-영업1,(제휴 최저가 자동 쿠폰)18240원 할인,NCPN0001824,플러스,16582.0
2025-01-01,e-영업2,[WEEKEND SALE] 플러스 7% 쿠폰,CPN1153736,플러스,16582.0
2025-01-01,e-영업2,(제휴 최저가 자동 쿠폰)9030원 할인,NCPN0000903,플러스,16418.0
2025-01-01,e-영업2,(제휴 최저가 자동 쿠폰)17960원 할인,NCPN0001796,플러스,16327.0
2025-01-01,e-영업2,(제휴 최저가 자동 쿠폰)8590원 할인,NCPN0000859,플러스,15618.0
2025-01-01,e-영업2,(제휴 최저가 자동 쿠폰)16830원 할인,NCPN0001683,플러스,15300.0
2025-01-01,e-영업2,(제휴 최저가 자동 쿠폰)16690원 할인,NCPN0001669,플러스,15173.0
2025-01-01,e-영업2, 네이버 5% 플러스 쿠폰 (최대 5만원 할인),CPN1131019,플러스,15009.0
2025-01-01,e-영업2,(제휴 최저가 자동 쿠폰)16420원 할인,NCPN0001642,플러스,14927.0
2025-01-01,e-영업2,(제휴 최저가 자동 쿠폰)15990원 할인,NCPN0001599,플러스,14536.0
2025-01-01,e-영업1,(제휴 최저가 자동 쿠폰)7930원 할인,NCPN0000793,플러스,14418.0
2025-01-01,e-영업2,(제휴 최저가 자동 쿠폰)15810원 할인,NCPN0001581,플러스,14373.0
2025-01-01,e-영업2,(제휴 최저가 자동 쿠폰)15510원 할인,NCPN0001551,플러스,14100.0
2025-01-01,e-영업2,(제휴 최저가 자동 쿠폰)15500원 할인,NCPN0001550,플러스,14091.0
2025-01-01,e-영업2,(제휴 최저가 자동 쿠폰)15220원 할인,NCPN0001522,플러스,13836.0
2025-01-01,e-영업1,(제휴 최저가 자동 쿠폰)15020원 할인,NCPN0001502,플러스,13655.0
2025-01-01,e-영업1,(제휴 최저가 자동 쿠폰)14910원 할인,NCPN0001491,플러스,13555.0
2025-01-01,e-영업2,(제휴 최저가 자동 쿠폰)14910원 할인,NCPN0001491,플러스,13555.0
2025-01-01,e-영업4,[아듀세일] 네이버 10% 플러스쿠폰,CPN1111988,플러스,13500.0
2025-01-01,e-영업1,(제휴 최저가 자동 쿠폰)14770원 할인,NCPN0001477,플러스,13427.0
2025-01-01,e-영업2,(제휴 최저가 자동 쿠폰)14770원 할인,NCPN0001477,플러스,13427.0
2025-01-01,e-영업2,(제휴 최저가 자동 쿠폰)14510원 할인,NCPN0001451,플러스,13191.0
2025-01-01,e-영업2,(제휴 최저가 자동 쿠폰)14370원 할인,NCPN0001437,플러스,13064.0
2025-01-01,e-영업2,[윈터슈퍼세일] 8% 플러스쿠폰 (최대 5만원 할인),CPN1140034,플러스,12782.0
2025-01-01,e-영업1,(제휴 최저가 자동 쿠폰)14030원 할인,NCPN0001403,플러스,12755.0
2025-01-01,e-영업2,(제휴 최저가 자동 쿠폰)13620원 할인,NCPN0001362,플러스,12382.0
2025-01-01,e-영업1,(제휴 최저가 자동 쿠폰)6790원 할인,NCPN0000679,플러스,12345.0
2025-01-01,e-영업1,(제휴 최저가 자동 쿠폰)13480원 할인,NCPN0001348,플러스,12255.0
2025-01-01,e-영업2,(제휴 최저가 자동 쿠폰)13480원 할인,NCPN0001348,플러스,12255.0
2025-01-01,e-영업2,(제휴 최저가 자동 쿠폰)13430원 할인,NCPN0001343,플러스,12209.0
2025-01-01,e-영업1,(제휴 최저가 자동 쿠폰)13170원 할인,NCPN0001317,플러스,11973.0
2025-01-01,e-영업3,[설프라이즈] 5% 플러스쿠폰 (최대 5만원 할인),CPN1154137,플러스,11955.0
2025-01-01,e-영업2,(제휴 최저가 자동 쿠폰)12890원 할인,NCPN0001289,플러스,11718.0
2025-01-01,e-영업1,(제휴 최저가 자동 쿠폰)12860원 할인,NCPN0001286,플러스,11691.0
2025-01-01,e-영업2,(제휴 최저가 자동 쿠폰)12550원 할인,NCPN0001255,플러스,11409.0
2025-01-01,e-영업1,(제휴 최저가 자동 쿠폰)12430원 할인,NCPN0001243,플러스,11300.0
2025-01-01,e-영업1,(제휴 최저가 자동 쿠폰)6130원 할인,NCPN0000613,플러스,11145.0
2025-01-01,e-영업1,(제휴 최저가 자동 쿠폰)6060원 할인,NCPN0000606,플러스,11018.0
2025-01-01,e-영업2,(제휴 최저가 자동 쿠폰)11950원 할인,NCPN0001195,플러스,10864.0
2025-01-01,e-영업2,(제휴 최저가 자동 쿠폰)11490원 할인,NCPN0001149,플러스,10445.0
2025-01-01,e-영업1,[WEEKEND SALE] 플러스 7% 쿠폰,CPN1154209,플러스,10255.0
2025-01-01,e-영업1, 8% 플러스 쿠폰 (8만원 이상/최대 5만원 할인),CPN1131067,플러스,10109.0
2025-01-01,e-영업1,(제휴 최저가 자동 쿠폰)10820원 할인,NCPN0001082,플러스,9836.0
2025-01-01,e-영업1,[WEEKEND SALE] 플러스 7% 쿠폰,CPN1135178,플러스,9745.0
2025-01-01,e-영업2,(제휴 최저가 자동 쿠폰)10630원 할인,NCPN0001063,플러스,9664.0
2025-01-01,e-영업2,(제휴 최저가 자동 쿠폰)10450원 할인,NCPN0001045,플러스,9500.0
2025-01-01,e-영업1,(제휴 최저가 자동 쿠폰)10070원 할인,NCPN0001007,플러스,9155.0
2025-01-01,e-영업2,(제휴 최저가 자동 쿠폰)10000원 할인,NCPN0001000,플러스,9091.0
2025-01-01,e-영업1,(제휴 최저가 자동 쿠폰)9670원 할인,NCPN0000967,플러스,8791.0
2025-01-01,e-영업2,(제휴 최저가 자동 쿠폰)9040원 할인,NCPN0000904,플러스,8218.0
2025-01-01,e-영업1,(제휴 최저가 자동 쿠폰)9030원 할인,NCPN0000903,플러스,8209.0
2025-01-01,e-영업1,(제휴 최저가 자동 쿠폰)8990원 할인,NCPN0000899,플러스,8173.0
2025-01-01,e-영업2,(제휴 최저가 자동 쿠폰)8990원 할인,NCPN0000899,플러스,8173.0
2025-01-01,e-영업2,(제휴 최저가 자동 쿠폰)8980원 할인,NCPN0000898,플러스,8164.0
2025-01-01,e-영업3, 네이버 5% 플러스 쿠폰 (최대 5만원 할인),CPN1131019,플러스,7918.0
2025-01-01,e-영업1,(제휴 최저가 자동 쿠폰)8270원 할인,NCPN0000827,플러스,7518.0
2025-01-01,e-영업1,(제휴 최저가 자동 쿠폰)8240원 할인,NCPN0000824,플러스,7491.0
2025-01-01,e-영업1,(제휴 최저가 자동 쿠폰)3880원 할인,NCPN0000388,플러스,7055.0
2025-01-01,e-영업1,(제휴 최저가 자동 쿠폰)7500원 할인,NCPN0000750,플러스,6818.0
2025-01-01,e-영업1,(제휴 최저가 자동 쿠폰)7350원 할인,NCPN0000735,플러스,6682.0
2025-01-01,e-영업2, 8% 플러스 쿠폰 (8만원 이상/최대 5만원 할인),CPN1131067,플러스,6636.0
2025-01-01,e-영업2,(제휴 최저가 자동 쿠폰)7150원 할인,NCPN0000715,플러스,6500.0
2025-01-01,e-영업2,(제휴 최저가 자동 쿠폰)6940원 할인,NCPN0000694,플러스,6309.0
2025-01-01,e-영업2,(제휴 최저가 자동 쿠폰)6170원 할인,NCPN0000617,플러스,5609.0
2025-01-01,e-영업1,(제휴 최저가 자동 쿠폰)5980원 할인,NCPN0000598,플러스,5436.0
2025-01-01,e-영업1,(제휴 최저가 자동 쿠폰)5840원 할인,NCPN0000584,플러스,5309.0
2025-01-01,e-영업2,(제휴 최저가 자동 쿠폰)5460원 할인,NCPN0000546,플러스,4964.0
2025-01-01,e-영업2, 5% 플러스 쿠폰 (최대 5만원 할인),CPN1131032,플러스,4909.0
2025-01-01,e-영업1,(제휴 최저가 자동 쿠폰)5220원 할인,NCPN0000522,플러스,4745.0
2025-01-01,e-영업3,[WEEKEND SALE] 플러스 7% 쿠폰,CPN1153736,플러스,4127.0
2025-01-01,e-영업1,(제휴 최저가 자동 쿠폰)4120원 할인,NCPN0000412,플러스,3745.0
2025-01-01,e-영업1,(제휴 최저가 자동 쿠폰)3290원 할인,NCPN0000329,플러스,2991.0
2025-01-01,e-영업3,[WEEKEND SALE] 플러스 7% 쿠폰,CPN1135178,플러스,2282.0
2025-01-01,e-영업2,(제휴 최저가 자동 쿠폰)2410원 할인,NCPN0000241,플러스,2191.0
2025-01-01,e-영업2,(제휴 최저가 자동 쿠폰)980원 할인,NCPN0000098,플러스,891.0
2025-01-01,e-영업2,(제휴 최저가 자동 쿠폰)10원 할인,NCPN0000001,플러스,9.0
2025-01-01,e-영업3,네이버 5%추가할인 (키즈) -업체,CPN798781,플러스,-8845.0
2025-01-01,e-영업1,[아듀세일] 10% 플러스쿠폰,CPN1111991,플러스,-19573.0
2025-01-01,e-영업2,[블랙프라이데이]  네이버쇼핑 10% 플러스 쿠폰,CPN1052666,플러스,-21909.0
2025-01-01,e-영업1,(제휴 최저가 자동 쿠폰)29550원 할인,NCPN0002955,플러스,-26864.0
2025-01-01,e-영업2,[아듀세일] 10% 플러스쿠폰,CPN1111991,플러스,-68618.0
2025-01-01,e-영업1,네이버쇼핑 7% 추가할인(남성),CPN511518,플러스,-307591.0
2025-01-01,e-영업1,[아듀세일] 네이버 10% 플러스쿠폰,CPN1111988,플러스,-325564.0
2025-01-01,e-영업3,네이버쇼핑 추가할인 (e-명품_대상: 입점업체),CPN407983,플러스,-381900.0
2025-01-01,e-영업2,[아듀세일] 네이버 10% 플러스쿠폰,CPN1111988,플러스,-619182.0
2025-02-01,e-영업1,[제휴전용] 12% 할인(IE),CPN703554,일반,1135236.0
2025-02-01,e-영업2,[제휴전용] 10%추가할인 (이월 ACC),CPN383518,플러스,15688382.0
2025-02-01,e-영업2,[제휴전용] 7%추가할인 (이월 남성),CPN409203,플러스,12698745.0
2025-02-01,e-영업2,[제휴전용] 9%추가할인 (이월 여성),CPN409202,플러스,9387673.0
2025-02-01,e-영업2,[제휴전용] 7%추가할인 (이월 여성),CPN409201,플러스,7824127.0
2025-02-01,e-영업3,네이버쇼핑 추가할인 (e-명품_대상: 입점업체),CPN407983,플러스,3328218.0
2025-02-01,e-영업2,[제휴전용] 9%추가할인 (이월 남성),CPN409204,플러스,3118082.0
2025-02-01,e-영업1,[제휴전용] 10%추가할인 (골프/스포츠),CPN413857,플러스,2646991.0
2025-02-01,e-영업2,[제휴전용] 8%추가할인 (이월 골프),CPN383905,플러스,1410227.0
2025-02-01,e-영업2, 네이버 10% 플러스 쿠폰 (15만원 이상),CPN1164758,플러스,1167109.0
2025-02-01,e-영업2,[제휴전용] 8%추가할인 (이월 슈즈),CPN384029,플러스,1142700.0
2025-02-01,e-영업2,[제휴할인] 5%추가할인 (이월 남성),CPN383907,플러스,1086673.0
2025-02-01,e-영업2,[제휴전용] 4%추가할인 (이월 여성),CPN384742,플러스,572345.0
2025-02-01,e-영업2,[제휴전용] 8% 추가할인 (이월 골프),CPN514212,플러스,469918.0
2025-02-01,e-영업1,[WEEKEND SALE] 네이버 플러스 7% 쿠폰,CPN1168395,플러스,421691.0
2025-02-01,e-영업1,[트렌드프리뷰] 네이버 10% 플러스쿠폰 (의류),CPN1179810,플러스,413964.0
2025-02-01,e-영업1, 네이버 10% 플러스 쿠폰 (15만원 이상),CPN1164758,플러스,376882.0
2025-02-01,e-영업2,(제휴 최저가 자동 쿠폰)10990원 할인,NCPN0001099,플러스,289736.0
2025-02-01,e-영업1,[WEEKEND SALE] 네이버 플러스 7% 쿠폰,CPN1184041,플러스,247355.0
2025-02-01,e-영업1,[WEEKEND SALE] 네이버 플러스 7% 쿠폰,CPN1175883,플러스,194009.0
2025-02-01,e-영업2,[WEEKEND SALE] 네이버 플러스 7% 쿠폰,CPN1175883,플러스,193291.0
2025-02-01,e-영업2,[WEEKEND SALE] 네이버 플러스 7% 쿠폰,CPN1168395,플러스,192973.0
2025-02-01,e-영업2,[WEEKEND SALE] 네이버 플러스 7% 쿠폰,CPN1184041,플러스,140955.0
2025-02-01,e-영업1,"[트렌드프리뷰] 네이버 10% 플러스쿠폰 (잡화,슈즈,골프,스포츠)",CPN1179813,플러스,138191.0
2025-02-01,e-영업2,(제휴 최저가 자동 쿠폰)9960원 할인,NCPN0000996,플러스,135818.0
2025-02-01,e-영업1,[WEEKEND SALE] 네이버 플러스 7% 쿠폰,CPN1154205,플러스,132191.0
2025-02-01,e-영업2,(제휴 최저가 자동 쿠폰)9040원 할인,NCPN0000904,플러스,123273.0
2025-02-01,e-영업2,(제휴 최저가 자동 쿠폰)10720원 할인,NCPN0001072,플러스,116945.0
2025-02-01,e-영업1,[트렌드프리뷰] 네이버 5% 플러스쿠폰,CPN1179807,플러스,94755.0
2025-02-01,e-영업1,(제휴 최저가 자동 쿠폰)6060원 할인,NCPN0000606,플러스,93655.0
2025-02-01,e-영업1, 10% 플러스 쿠폰 (15만원 이상),CPN1164766,플러스,90909.0
2025-02-01,e-영업2,(제휴 최저가 자동 쿠폰)9730원 할인,NCPN0000973,플러스,88455.0
2025-02-01,e-영업1,(제휴 최저가 자동 쿠폰)31330원 할인,NCPN0003133,플러스,85445.0
2025-02-01,e-영업2,(제휴 최저가 자동 쿠폰)8960원 할인,NCPN0000896,플러스,81455.0
2025-02-01,e-영업2,[제휴전용] 5%추가할인 (이월 ACC),CPN509567,플러스,77464.0
2025-02-01,e-영업2, 10% 플러스 쿠폰 (15만원 이상),CPN1164766,플러스,77209.0
2025-02-01,e-영업2, 네이버 8% 플러스 쿠폰 (8만원 이상),CPN1164768,플러스,74364.0
2025-02-01,e-영업1,(제휴 최저가 자동 쿠폰)27070원 할인,NCPN0002707,플러스,73827.0
2025-02-01,e-영업2,(제휴 최저가 자동 쿠폰)19910원 할인,NCPN0001991,플러스,72400.0
2025-02-01,e-영업2,(제휴 최저가 자동 쿠폰)17560원 할인,NCPN0001756,플러스,63855.0
2025-02-01,e-영업2,(제휴 최저가 자동 쿠폰)13810원 할인,NCPN0001381,플러스,62773.0
2025-02-01,e-영업1,(제휴 최저가 자동 쿠폰)13440원 할인,NCPN0001344,플러스,61091.0
2025-02-01,e-영업3,[WEEKEND SALE] 네이버 플러스 7% 쿠폰,CPN1175880,플러스,60400.0
2025-02-01,e-영업2,(제휴 최저가 자동 쿠폰)31560원 할인,NCPN0003156,플러스,57382.0
2025-02-01,e-영업3,[WEEKEND SALE] 네이버 플러스 7% 쿠폰,CPN1168395,플러스,57155.0
2025-02-01,e-영업2,(제휴 최저가 자동 쿠폰)6770원 할인,NCPN0000677,플러스,55391.0
2025-02-01,e-영업2,(제휴 최저가 자동 쿠폰)20130원 할인,NCPN0002013,플러스,54900.0
2025-02-01,e-영업1,(제휴 최저가 자동 쿠폰)30020원 할인,NCPN0003002,플러스,54582.0
2025-02-01,e-영업2,(제휴 최저가 자동 쿠폰)5930원 할인,NCPN0000593,플러스,53909.0
2025-02-01,e-영업2,[WEEKEND SALE] 플러스 7% 쿠폰,CPN1168404,플러스,49782.0
2025-02-01,e-영업1,(제휴 최저가 자동 쿠폰)54120원 할인,NCPN0005412,플러스,49200.0
2025-02-01,e-영업1,(제휴 최저가 자동 쿠폰)17560원 할인,NCPN0001756,플러스,47891.0
2025-02-01,e-영업2,(제휴 최저가 자동 쿠폰)12650원 할인,NCPN0001265,플러스,46000.0
2025-02-01,e-영업2,(제휴 최저가 자동 쿠폰)25100원 할인,NCPN0002510,플러스,45636.0
2025-02-01,e-영업2,(제휴 최저가 자동 쿠폰)12300원 할인,NCPN0001230,플러스,44727.0
2025-02-01,e-영업2,(제휴 최저가 자동 쿠폰)15810원 할인,NCPN0001581,플러스,43118.0
2025-02-01,e-영업1,(제휴 최저가 자동 쿠폰)15650원 할인,NCPN0001565,플러스,42682.0
2025-02-01,e-영업2,(제휴 최저가 자동 쿠폰)15060원 할인,NCPN0001506,플러스,41073.0
2025-02-01,e-영업2,(제휴 최저가 자동 쿠폰)15040원 할인,NCPN0001504,플러스,41018.0
2025-02-01,e-영업2,(제휴 최저가 자동 쿠폰)21520원 할인,NCPN0002152,플러스,39127.0
2025-02-01,e-영업2,(제휴 최저가 자동 쿠폰)7150원 할인,NCPN0000715,플러스,39000.0
2025-02-01,e-영업1,(제휴 최저가 자동 쿠폰)41420원 할인,NCPN0004142,플러스,37655.0
2025-02-01,e-영업2,(제휴 최저가 자동 쿠폰)20490원 할인,NCPN0002049,플러스,37255.0
2025-02-01,e-영업2,[WEEKEND SALE] 플러스 7% 쿠폰,CPN1154209,플러스,37164.0
2025-02-01,e-영업1,(제휴 최저가 자동 쿠폰)20150원 할인,NCPN0002015,플러스,36636.0
2025-02-01,e-영업2,(제휴 최저가 자동 쿠폰)19970원 할인,NCPN0001997,플러스,36309.0
2025-02-01,e-영업1,(제휴 최저가 자동 쿠폰)19870원 할인,NCPN0001987,플러스,36127.0
2025-02-01,e-영업2,(제휴 최저가 자동 쿠폰)13170원 할인,NCPN0001317,플러스,35918.0
2025-02-01,e-영업1,[WEEKEND SALE] 플러스 7% 쿠폰,CPN1176750,플러스,34645.0
2025-02-01,e-영업1,(제휴 최저가 자동 쿠폰)12650원 할인,NCPN0001265,플러스,34500.0
2025-02-01,e-영업1,(제휴 최저가 자동 쿠폰)36820원 할인,NCPN0003682,플러스,33473.0
2025-02-01,e-영업2,(제휴 최저가 자동 쿠폰)7310원 할인,NCPN0000731,플러스,33227.0
2025-02-01,e-영업2,(제휴 최저가 자동 쿠폰)18260원 할인,NCPN0001826,플러스,33200.0
2025-02-01,e-영업1,(제휴 최저가 자동 쿠폰)18230원 할인,NCPN0001823,플러스,33145.0
2025-02-01,e-영업2,(제휴 최저가 자동 쿠폰)11950원 할인,NCPN0001195,플러스,32591.0
2025-02-01,e-영업2,[WEEKEND SALE] 플러스 7% 쿠폰,CPN1184079,플러스,32173.0
2025-02-01,e-영업1,(제휴 최저가 자동 쿠폰)35080원 할인,NCPN0003508,플러스,31891.0
2025-02-01,e-영업2,(제휴 최저가 자동 쿠폰)17440원 할인,NCPN0001744,플러스,31709.0
2025-02-01,e-영업1,(제휴 최저가 자동 쿠폰)34060원 할인,NCPN0003406,플러스,30964.0
2025-02-01,e-영업2,(제휴 최저가 자동 쿠폰)33780원 할인,NCPN0003378,플러스,30709.0
2025-02-01,e-영업2,[WEEKEND SALE] 네이버 플러스 7% 쿠폰,CPN1154205,플러스,30600.0
2025-02-01,e-영업2,(제휴 최저가 자동 쿠폰)33470원 할인,NCPN0003347,플러스,30427.0
2025-02-01,e-영업1,(제휴 최저가 자동 쿠폰)16670원 할인,NCPN0001667,플러스,30309.0
2025-02-01,e-영업2,(제휴 최저가 자동 쿠폰)15990원 할인,NCPN0001599,플러스,29073.0
2025-02-01,e-영업2,(제휴 최저가 자동 쿠폰)10650원 할인,NCPN0001065,플러스,29045.0
2025-02-01,e-영업2,(제휴 최저가 자동 쿠폰)29970원 할인,NCPN0002997,플러스,27245.0
2025-02-01,e-영업2,(제휴 최저가 자동 쿠폰)29510원 할인,NCPN0002951,플러스,26827.0
2025-02-01,e-영업1,(제휴 최저가 자동 쿠폰)29240원 할인,NCPN0002924,플러스,26582.0
2025-02-01,e-영업2,(제휴 최저가 자동 쿠폰)9600원 할인,NCPN0000960,플러스,26182.0
2025-02-01,e-영업2,(제휴 최저가 자동 쿠폰)28010원 할인,NCPN0002801,플러스,25464.0
2025-02-01,e-영업1,(제휴 최저가 자동 쿠폰)25840원 할인,NCPN0002584,플러스,23491.0
2025-02-01,e-영업1,(제휴 최저가 자동 쿠폰)25100원 할인,NCPN0002510,플러스,22818.0
2025-02-01,e-영업2,(제휴 최저가 자동 쿠폰)24960원 할인,NCPN0002496,플러스,22691.0
2025-02-01,e-영업2,(제휴 최저가 자동 쿠폰)12230원 할인,NCPN0001223,플러스,22236.0
2025-02-01,e-영업1,(제휴 최저가 자동 쿠폰)11950원 할인,NCPN0001195,플러스,21727.0
2025-02-01,e-영업2,(제휴 최저가 자동 쿠폰)23450원 할인,NCPN0002345,플러스,21318.0
2025-02-01,e-영업1,(제휴 최저가 자동 쿠폰)22990원 할인,NCPN0002299,플러스,20900.0
2025-02-01,e-영업2,(제휴 최저가 자동 쿠폰)22990원 할인,NCPN0002299,플러스,20900.0
2025-02-01,e-영업1,(제휴 최저가 자동 쿠폰)22850원 할인,NCPN0002285,플러스,20773.0
2025-02-01,e-영업2,(제휴 최저가 자동 쿠폰)4480원 할인,NCPN0000448,플러스,20364.0
2025-02-01,e-영업2,(제휴 최저가 자동 쿠폰)21840원 할인,NCPN0002184,플러스,19855.0
2025-02-01,e-영업1,[트렌드프리뷰] 10% 플러스쿠폰 (의류),CPN1179812,플러스,19573.0
2025-02-01,e-영업1,(제휴 최저가 자동 쿠폰)21520원 할인,NCPN0002152,플러스,19564.0
2025-02-01,e-영업2,(제휴 최저가 자동 쿠폰)10760원 할인,NCPN0001076,플러스,19564.0
2025-02-01,e-영업2,(제휴 최저가 자동 쿠폰)21490원 할인,NCPN0002149,플러스,19536.0
2025-02-01,e-영업1,[WEEKEND SALE] 플러스 7% 쿠폰,CPN1168404,플러스,18855.0
2025-02-01,e-영업2,(제휴 최저가 자동 쿠폰)20710원 할인,NCPN0002071,플러스,18827.0
2025-02-01,e-영업1,(제휴 최저가 자동 쿠폰)20450원 할인,NCPN0002045,플러스,18591.0
2025-02-01,e-영업1,(제휴 최저가 자동 쿠폰)20440원 할인,NCPN0002044,플러스,18582.0
2025-02-01,e-영업1,(제휴 최저가 자동 쿠폰)20430원 할인,NCPN0002043,플러스,18573.0
2025-02-01,e-영업2,(제휴 최저가 자동 쿠폰)20210원 할인,NCPN0002021,플러스,18373.0
2025-02-01,e-영업2,(제휴 최저가 자동 쿠폰)10090원 할인,NCPN0001009,플러스,18345.0
2025-02-01,e-영업2,(제휴 최저가 자동 쿠폰)10080원 할인,NCPN0001008,플러스,18327.0
2025-02-01,e-영업2,(제휴 최저가 자동 쿠폰)10070원 할인,NCPN0001007,플러스,18309.0
2025-02-01,e-영업2,(제휴 최저가 자동 쿠폰)19980원 할인,NCPN0001998,플러스,18164.0
2025-02-01,e-영업1,(제휴 최저가 자동 쿠폰)6640원 할인,NCPN0000664,플러스,18109.0
2025-02-01,e-영업1,(제휴 최저가 자동 쿠폰)9950원 할인,NCPN0000995,플러스,18091.0
2025-02-01,e-영업2,(제휴 최저가 자동 쿠폰)19700원 할인,NCPN0001970,플러스,17909.0
2025-02-01,e-영업1,(제휴 최저가 자동 쿠폰)19630원 할인,NCPN0001963,플러스,17845.0
2025-02-01,e-영업2,(제휴 최저가 자동 쿠폰)19590원 할인,NCPN0001959,플러스,17809.0
2025-02-01,e-영업1,(제휴 최저가 자동 쿠폰)19560원 할인,NCPN0001956,플러스,17782.0
2025-02-01,e-영업2,(제휴 최저가 자동 쿠폰)6440원 할인,NCPN0000644,플러스,17564.0
2025-02-01,e-영업2,(제휴 최저가 자동 쿠폰)19080원 할인,NCPN0001908,플러스,17345.0
2025-02-01,e-영업2,(제휴 최저가 자동 쿠폰)9410원 할인,NCPN0000941,플러스,17109.0
2025-02-01,e-영업2,(제휴 최저가 자동 쿠폰)18670원 할인,NCPN0001867,플러스,16973.0
2025-02-01,e-영업2,(제휴 최저가 자동 쿠폰)18280원 할인,NCPN0001828,플러스,16618.0
2025-02-01,e-영업1,(제휴 최저가 자동 쿠폰)18260원 할인,NCPN0001826,플러스,16600.0
2025-02-01,e-영업1,(제휴 최저가 자동 쿠폰)18250원 할인,NCPN0001825,플러스,16591.0
2025-02-01,e-영업2,(제휴 최저가 자동 쿠폰)18220원 할인,NCPN0001822,플러스,16564.0
2025-02-01,e-영업2,(제휴 최저가 자동 쿠폰)9070원 할인,NCPN0000907,플러스,16491.0
2025-02-01,e-영업2,(제휴 최저가 자동 쿠폰)8970원 할인,NCPN0000897,플러스,16309.0
2025-02-01,e-영업2,(제휴 최저가 자동 쿠폰)8830원 할인,NCPN0000883,플러스,16055.0
2025-02-01,e-영업1,(제휴 최저가 자동 쿠폰)17360원 할인,NCPN0001736,플러스,15782.0
2025-02-01,e-영업1,(제휴 최저가 자동 쿠폰)5630원 할인,NCPN0000563,플러스,15355.0
2025-02-01,e-영업2,(제휴 최저가 자동 쿠폰)16710원 할인,NCPN0001671,플러스,15191.0
2025-02-01,e-영업2,(제휴 최저가 자동 쿠폰)16670원 할인,NCPN0001667,플러스,15155.0
2025-02-01,e-영업1,(제휴 최저가 자동 쿠폰)16600원 할인,NCPN0001660,플러스,15091.0
2025-02-01,e-영업1,(제휴 최저가 자동 쿠폰)16590원 할인,NCPN0001659,플러스,15082.0
2025-02-01,e-영업2,(제휴 최저가 자동 쿠폰)8270원 할인,NCPN0000827,플러스,15036.0
2025-02-01,e-영업1,"[트렌드프리뷰] 10% 플러스쿠폰 (잡화,슈즈,골프,스포츠)",CPN1179847,플러스,14691.0
2025-02-01,e-영업2,(제휴 최저가 자동 쿠폰)8060원 할인,NCPN0000806,플러스,14655.0
2025-02-01,e-영업2,(제휴 최저가 자동 쿠폰)16120원 할인,NCPN0001612,플러스,14655.0
2025-02-01,e-영업1,(제휴 최저가 자동 쿠폰)15810원 할인,NCPN0001581,플러스,14373.0
2025-02-01,e-영업1,(제휴 최저가 자동 쿠폰)15770원 할인,NCPN0001577,플러스,14336.0
2025-02-01,e-영업2,(제휴 최저가 자동 쿠폰)7610원 할인,NCPN0000761,플러스,13836.0
2025-02-01,e-영업3,[WEEKEND SALE] 플러스 7% 쿠폰,CPN1168404,플러스,13700.0
2025-02-01,e-영업2,(제휴 최저가 자동 쿠폰)14690원 할인,NCPN0001469,플러스,13355.0
2025-02-01,e-영업2,(제휴 최저가 자동 쿠폰)14570원 할인,NCPN0001457,플러스,13245.0
2025-02-01,e-영업1,(제휴 최저가 자동 쿠폰)7220원 할인,NCPN0000722,플러스,13127.0
2025-02-01,e-영업2,(제휴 최저가 자동 쿠폰)7210원 할인,NCPN0000721,플러스,13109.0
2025-02-01,e-영업2,(제휴 최저가 자동 쿠폰)14370원 할인,NCPN0001437,플러스,13064.0
2025-02-01,e-영업2,(제휴 최저가 자동 쿠폰)14320원 할인,NCPN0001432,플러스,13018.0
2025-02-01,e-영업2,(제휴 최저가 자동 쿠폰)14200원 할인,NCPN0001420,플러스,12909.0
2025-02-01,e-영업1,[WEEKEND SALE] 플러스 7% 쿠폰,CPN1154209,플러스,12855.0
2025-02-01,e-영업2,(제휴 최저가 자동 쿠폰)14120원 할인,NCPN0001412,플러스,12836.0
2025-02-01,e-영업2,(제휴 최저가 자동 쿠폰)6970원 할인,NCPN0000697,플러스,12673.0
2025-02-01,e-영업1,(제휴 최저가 자동 쿠폰)13810원 할인,NCPN0001381,플러스,12555.0
2025-02-01,e-영업1,(제휴 최저가 자동 쿠폰)13700원 할인,NCPN0001370,플러스,12455.0
2025-02-01,e-영업2,(제휴 최저가 자동 쿠폰)6560원 할인,NCPN0000656,플러스,11927.0
2025-02-01,e-영업2,(제휴 최저가 자동 쿠폰)12770원 할인,NCPN0001277,플러스,11609.0
2025-02-01,e-영업2,(제휴 최저가 자동 쿠폰)12550원 할인,NCPN0001255,플러스,11409.0
2025-02-01,e-영업2,[WEEKEND SALE] 네이버 플러스 5% 쿠폰,CPN1191229,플러스,11400.0
2025-02-01,e-영업4,네이버쇼핑 추가할인 (e-명품_대상: 입점업체),CPN407983,플러스,11309.0
2025-02-01,e-영업2,(제휴 최저가 자동 쿠폰)12430원 할인,NCPN0001243,플러스,11300.0
2025-02-01,e-영업2,(제휴 최저가 자동 쿠폰)12270원 할인,NCPN0001227,플러스,11155.0
2025-02-01,e-영업2,(제휴 최저가 자동 쿠폰)6130원 할인,NCPN0000613,플러스,11145.0
2025-02-01,e-영업2,(제휴 최저가 자동 쿠폰)6090원 할인,NCPN0000609,플러스,11073.0
2025-02-01,e-영업2,(제휴 최저가 자동 쿠폰)12110원 할인,NCPN0001211,플러스,11009.0
2025-02-01,e-영업1,(제휴 최저가 자동 쿠폰)5980원 할인,NCPN0000598,플러스,10873.0
2025-02-01,e-영업2,(제휴 최저가 자동 쿠폰)11770원 할인,NCPN0001177,플러스,10700.0
2025-02-01,e-영업2,(제휴 최저가 자동 쿠폰)11670원 할인,NCPN0001167,플러스,10609.0
2025-02-01,e-영업1,(제휴 최저가 자동 쿠폰)2860원 할인,NCPN0000286,플러스,10400.0
2025-02-01,e-영업1,(제휴 최저가 자동 쿠폰)10930원 할인,NCPN0001093,플러스,9936.0
2025-02-01,e-영업2,(제휴 최저가 자동 쿠폰)10880원 할인,NCPN0001088,플러스,9891.0
2025-02-01,e-영업2,(제휴 최저가 자동 쿠폰)10730원 할인,NCPN0001073,플러스,9755.0
2025-02-01,e-영업2,(제휴 최저가 자동 쿠폰)5310원 할인,NCPN0000531,플러스,9655.0
2025-02-01,e-영업1,(제휴 최저가 자동 쿠폰)5230원 할인,NCPN0000523,플러스,9509.0
2025-02-01,e-영업2,(제휴 최저가 자동 쿠폰)10060원 할인,NCPN0001006,플러스,9145.0
2025-02-01,e-영업2,(제휴 최저가 자동 쿠폰)9780원 할인,NCPN0000978,플러스,8891.0
2025-02-01,e-영업2,(제휴 최저가 자동 쿠폰)9670원 할인,NCPN0000967,플러스,8791.0
2025-02-01,e-영업1, 네이버 8% 플러스 쿠폰 (8만원 이상),CPN1164768,플러스,8636.0
2025-02-01,e-영업2,(제휴 최저가 자동 쿠폰)9270원 할인,NCPN0000927,플러스,8427.0
2025-02-01,e-영업2,(제휴 최저가 자동 쿠폰)9020원 할인,NCPN0000902,플러스,8200.0
2025-02-01,e-영업2,(제휴 최저가 자동 쿠폰)8980원 할인,NCPN0000898,플러스,8164.0
2025-02-01,e-영업1,(제휴 최저가 자동 쿠폰)4380원 할인,NCPN0000438,플러스,7964.0
2025-02-01,e-영업2,(제휴 최저가 자동 쿠폰)8510원 할인,NCPN0000851,플러스,7736.0
2025-02-01,e-영업1,(제휴 최저가 자동 쿠폰)8470원 할인,NCPN0000847,플러스,7700.0
2025-02-01,e-영업2,(제휴 최저가 자동 쿠폰)8470원 할인,NCPN0000847,플러스,7700.0
2025-02-01,e-영업1,(제휴 최저가 자동 쿠폰)8320원 할인,NCPN0000832,플러스,7564.0
2025-02-01,e-영업1,(제휴 최저가 자동 쿠폰)8100원 할인,NCPN0000810,플러스,7364.0
2025-02-01,e-영업2,(제휴 최저가 자동 쿠폰)8070원 할인,NCPN0000807,플러스,7336.0
2025-02-01,e-영업2,(제휴 최저가 자동 쿠폰)8050원 할인,NCPN0000805,플러스,7318.0
2025-02-01,e-영업2,(제휴 최저가 자동 쿠폰)8020원 할인,NCPN0000802,플러스,7291.0
2025-02-01,e-영업2,(제휴 최저가 자동 쿠폰)6940원 할인,NCPN0000694,플러스,6309.0
2025-02-01,e-영업1,[트렌드프리뷰] 5% 플러스쿠폰,CPN1179808,플러스,6118.0
2025-02-01,e-영업1,[제휴전용] 8%추가할인 (골프/스포츠),CPN402093,플러스,5955.0
2025-02-01,e-영업1,(제휴 최저가 자동 쿠폰)6230원 할인,NCPN0000623,플러스,5664.0
2025-02-01,e-영업2,(제휴 최저가 자동 쿠폰)6230원 할인,NCPN0000623,플러스,5664.0
2025-02-01,e-영업2,(제휴 최저가 자동 쿠폰)6180원 할인,NCPN0000618,플러스,5618.0
2025-02-01,e-영업2,(제휴 최저가 자동 쿠폰)6060원 할인,NCPN0000606,플러스,5509.0
2025-02-01,e-영업2,(제휴 최저가 자동 쿠폰)5700원 할인,NCPN0000570,플러스,5182.0
2025-02-01,e-영업3,[WEEKEND SALE] 플러스 7% 쿠폰,CPN1175881,플러스,5064.0
2025-02-01,e-영업1,(제휴 최저가 자동 쿠폰)5210원 할인,NCPN0000521,플러스,4736.0
2025-02-01,e-영업2,(제휴 최저가 자동 쿠폰)5010원 할인,NCPN0000501,플러스,4555.0
2025-02-01,e-영업2,(제휴 최저가 자동 쿠폰)4600원 할인,NCPN0000460,플러스,4182.0
2025-02-01,e-영업2,(제휴 최저가 자동 쿠폰)4470원 할인,NCPN0000447,플러스,4064.0
2025-02-01,e-영업2,(제휴 최저가 자동 쿠폰)4460원 할인,NCPN0000446,플러스,4055.0
2025-02-01,e-영업1,(제휴 최저가 자동 쿠폰)4440원 할인,NCPN0000444,플러스,4036.0
2025-02-01,e-영업1,(제휴 최저가 자동 쿠폰)4330원 할인,NCPN0000433,플러스,3936.0
2025-02-01,e-영업2,(제휴 최저가 자동 쿠폰)4330원 할인,NCPN0000433,플러스,3936.0
2025-02-01,e-영업1,(제휴 최저가 자동 쿠폰)3290원 할인,NCPN0000329,플러스,2991.0
2025-02-01,e-영업1,[WEEKEND SALE] 네이버 플러스 5% 쿠폰,CPN1191229,플러스,2527.0
2025-02-01,e-영업2,(제휴 최저가 자동 쿠폰)2320원 할인,NCPN0000232,플러스,2109.0
2025-02-01,e-영업2,(제휴 최저가 자동 쿠폰)2090원 할인,NCPN0000209,플러스,1900.0
2025-02-01,e-영업2,(제휴 최저가 자동 쿠폰)690원 할인,NCPN0000069,플러스,1882.0
2025-02-01,e-영업2, 네이버 5% 플러스 쿠폰 (최대 5만원 할인),CPN1164773,플러스,1691.0
2025-02-01,e-영업1,(제휴 최저가 자동 쿠폰)1750원 할인,NCPN0000175,플러스,1591.0
2025-02-01,e-영업2,(제휴 최저가 자동 쿠폰)1700원 할인,NCPN0000170,플러스,1545.0
2025-02-01,e-영업2,(제휴 최저가 자동 쿠폰)870원 할인,NCPN0000087,플러스,791.0
2025-02-01,e-영업2,(제휴 최저가 자동 쿠폰)10원 할인,NCPN0000001,플러스,109.0
2025-02-01,e-영업1,(제휴 최저가 자동 쿠폰)10원 할인,NCPN0000001,플러스,9.0
2025-02-01,e-영업2,(제휴 최저가 자동 쿠폰)5460원 할인,NCPN0000546,플러스,-4964.0
2025-02-01,e-영업1,(제휴 최저가 자동 쿠폰)6130원 할인,NCPN0000613,플러스,-5573.0
2025-02-01,e-영업1,[설프라이즈] 5% 플러스쿠폰 (최대 5만원 할인),CPN1154137,플러스,-7945.0
2025-02-01,e-영업3,[설프라이즈] 5% 플러스쿠폰 (최대 5만원 할인),CPN1154137,플러스,-8064.0
2025-02-01,e-영업3,[WEEKEND SALE] 네이버 플러스 7% 쿠폰,CPN1153723,플러스,-8518.0
2025-02-01,e-영업2,[아듀세일] 네이버 10% 플러스쿠폰,CPN1111988,플러스,-11845.0
2025-02-01,e-영업1,(제휴 최저가 자동 쿠폰)13170원 할인,NCPN0001317,플러스,-11973.0
2025-02-01,e-영업2,(제휴 최저가 자동 쿠폰)14510원 할인,NCPN0001451,플러스,-13191.0
2025-02-01,e-영업2,(제휴 최저가 자동 쿠폰)15510원 할인,NCPN0001551,플러스,-14100.0
2025-02-01,e-영업2,(제휴 최저가 자동 쿠폰)17020원 할인,NCPN0001702,플러스,-15473.0
2025-02-01,e-영업1,[윈터슈퍼세일] 네이버 10% 플러스쿠폰 (최대 5만원 할인),CPN1139988,플러스,-16509.0
2025-02-01,e-영업2,[설프라이즈] 5% 플러스쿠폰 (최대 5만원 할인),CPN1154137,플러스,-18609.0
2025-02-01,e-영업1,(제휴 최저가 자동 쿠폰)20490원 할인,NCPN0002049,플러스,-18627.0
2025-02-01,e-영업1,(제휴 최저가 자동 쿠폰)25850원 할인,NCPN0002585,플러스,-23500.0
2025-02-01,e-영업2,(제휴 최저가 자동 쿠폰)25850원 할인,NCPN0002585,플러스,-23500.0
2025-02-01,e-영업2,(제휴 최저가 자동 쿠폰)26320원 할인,NCPN0002632,플러스,-23927.0
2025-02-01,e-영업3,[설 선물] 네이버 플러스 8% 쿠폰,CPN1144940,플러스,-36745.0
2025-02-01,e-영업2,[WEEKEND SALE] 네이버 플러스 7% 쿠폰,CPN1153723,플러스,-39855.0
2025-02-01,e-영업3,[설프라이즈] 네이버 5% 플러스쿠폰 (최대 5만원 할인),CPN1154102,플러스,-46118.0
2025-02-01,e-영업2,[설 선물] 네이버 플러스 8% 쿠폰,CPN1144940,플러스,-51064.0
2025-02-01,e-영업2,[설프라이즈] 네이버 5% 플러스쿠폰 (최대 5만원 할인),CPN1154102,플러스,-79345.0
2025-02-01,e-영업1,[설 선물] 네이버 플러스 8% 쿠폰,CPN1144940,플러스,-102100.0
2025-02-01,e-영업2,[윈터슈퍼세일] 네이버 10% 플러스쿠폰 (최대 5만원 할인),CPN1139988,플러스,-148618.0
2025-02-01,e-영업1,[WEEKEND SALE] 네이버 플러스 7% 쿠폰,CPN1153723,플러스,-240309.0
2025-02-01,e-영업1,[설프라이즈] 네이버 5% 플러스쿠폰 (최대 5만원 할인),CPN1154102,플러스,-287364.0
2025-03-01,e-영업1,[제휴전용] 12% 할인(IE),CPN703554,일반,1162518.0
2025-03-01,e-영업2,[제휴전용] 7%추가할인 (이월 남성),CPN409203,플러스,17143782.0
2025-03-01,e-영업2,[제휴전용] 10%추가할인 (이월 ACC),CPN383518,플러스,15195236.0
2025-03-01,e-영업2,[제휴전용] 9%추가할인 (이월 여성),CPN409202,플러스,11329245.0
2025-03-01,e-영업2,[제휴전용] 7%추가할인 (이월 여성),CPN409201,플러스,7897436.0
2025-03-01,e-영업2,[제휴전용] 9%추가할인 (이월 남성),CPN409204,플러스,7443991.0
2025-03-01,e-영업2,[제휴전용] 8%추가할인 (이월 슈즈),CPN384029,플러스,3051482.0
2025-03-01,e-영업2,[제휴전용] 8%추가할인 (이월 골프),CPN383905,플러스,1866600.0
2025-03-01,e-영업2, 네이버 10% 플러스 쿠폰,CPN1191400,플러스,1682045.0
2025-03-01,e-영업2,[네이버전용] 7% 플러스쿠폰,CPN1214381,플러스,572918.0
2025-03-01,e-영업1, 네이버 10% 플러스 쿠폰,CPN1191400,플러스,523664.0
2025-03-01,e-영업2,[제휴할인] 5%추가할인 (이월 남성),CPN383907,플러스,518391.0
2025-03-01,e-영업2,[제휴전용] 4%추가할인 (이월 여성),CPN384742,플러스,394382.0
2025-03-01,e-영업3,네이버쇼핑 추가할인 (e-명품_대상: 입점업체),CPN407983,플러스,359682.0
2025-03-01,e-영업2,[제휴전용] 8% 추가할인 (이월 골프),CPN514212,플러스,355427.0
2025-03-01,e-영업1,[제휴전용] 10%추가할인 (골프/스포츠),CPN413857,플러스,355064.0
2025-03-01,e-영업1,[네이버전용] 7% 플러스쿠폰,CPN1214381,플러스,314227.0
2025-03-01,e-영업2,(제휴 최저가 자동 쿠폰)10720원 할인,NCPN0001072,플러스,282618.0
2025-03-01,e-영업1,(제휴 최저가 자동 쿠폰)17200원 할인,NCPN0001720,플러스,250182.0
2025-03-01,e-영업1,(제휴 최저가 자동 쿠폰)31330원 할인,NCPN0003133,플러스,227855.0
2025-03-01,e-영업2,(제휴 최저가 자동 쿠폰)9430원 할인,NCPN0000943,플러스,171455.0
2025-03-01,e-영업2, 네이버 8% 플러스 쿠폰,CPN1191413,플러스,161655.0
2025-03-01,e-영업1,[제휴쿠폰] [WEEKEND SALE] 플러스 5% 쿠폰,CPN1236603,플러스,152691.0
2025-03-01,e-영업2,(제휴 최저가 자동 쿠폰)20490원 할인,NCPN0002049,플러스,130391.0
2025-03-01,e-영업1,[WEEKEND SALE] 네이버 플러스 5% 쿠폰,CPN1191229,플러스,116309.0
2025-03-01,e-영업1,(제휴 최저가 자동 쿠폰)20430원 할인,NCPN0002043,플러스,111436.0
2025-03-01,e-영업2,[WEEKEND SALE] 플러스 5% 쿠폰,CPN1213274,플러스,110682.0
2025-03-01,e-영업2,(제휴 최저가 자동 쿠폰)9020원 할인,NCPN0000902,플러스,98400.0
2025-03-01,e-영업2,(제휴 최저가 자동 쿠폰)8970원 할인,NCPN0000897,플러스,97855.0
2025-03-01,e-영업2,(제휴 최저가 자동 쿠폰)16710원 할인,NCPN0001671,플러스,91145.0
2025-03-01,e-영업2,[제휴쿠폰] [WEEKEND SALE] 플러스 5% 쿠폰,CPN1236603,플러스,90673.0
2025-03-01,e-영업1,[WEEKEND SALE] 플러스 5% 쿠폰,CPN1213274,플러스,85464.0
2025-03-01,e-영업2,(제휴 최저가 자동 쿠폰)10210원 할인,NCPN0001021,플러스,83536.0
2025-03-01,e-영업2,(제휴 최저가 자동 쿠폰)7610원 할인,NCPN0000761,플러스,83018.0
2025-03-01,e-영업1,(제휴 최저가 자동 쿠폰)29970원 할인,NCPN0002997,플러스,81736.0
2025-03-01,e-영업2,(제휴 최저가 자동 쿠폰)12550원 할인,NCPN0001255,플러스,79864.0
2025-03-01,e-영업1,(제휴 최저가 자동 쿠폰)29050원 할인,NCPN0002905,플러스,79227.0
2025-03-01,e-영업1, 네이버 8% 플러스 쿠폰,CPN1191413,플러스,76718.0
2025-03-01,e-영업1,(제휴 최저가 자동 쿠폰)19910원 할인,NCPN0001991,플러스,72400.0
2025-03-01,e-영업1,(제휴 최저가 자동 쿠폰)26300원 할인,NCPN0002630,플러스,71727.0
2025-03-01,e-영업1,(제휴 최저가 자동 쿠폰)12550원 할인,NCPN0001255,플러스,68455.0
2025-03-01,e-영업1,(제휴 최저가 자동 쿠폰)36780원 할인,NCPN0003678,플러스,66873.0
2025-03-01,e-영업1,[WEEKEND SALE] 네이버 플러스 5% 쿠폰,CPN1203972,플러스,65518.0
2025-03-01,e-영업2,(제휴 최저가 자동 쿠폰)9670원 할인,NCPN0000967,플러스,61536.0
2025-03-01,e-영업2,(제휴 최저가 자동 쿠폰)6090원 할인,NCPN0000609,플러스,60900.0
2025-03-01,e-영업2,(제휴 최저가 자동 쿠폰)21840원 할인,NCPN0002184,플러스,59564.0
2025-03-01,e-영업1,(제휴 최저가 자동 쿠폰)21520원 할인,NCPN0002152,플러스,58691.0
2025-03-01,e-영업2,(제휴 최저가 자동 쿠폰)8060원 할인,NCPN0000806,플러스,58618.0
2025-03-01,e-영업2,(제휴 최저가 자동 쿠폰)6170원 할인,NCPN0000617,플러스,56091.0
2025-03-01,e-영업2,[WEEKEND SALE] 네이버 플러스 5% 쿠폰,CPN1203972,플러스,55300.0
2025-03-01,e-영업2,(제휴 최저가 자동 쿠폰)18250원 할인,NCPN0001825,플러스,49773.0
2025-03-01,e-영업2,(제휴 최저가 자동 쿠폰)13620원 할인,NCPN0001362,플러스,49527.0
2025-03-01,e-영업2, 10% 플러스 쿠폰,CPN1191408,플러스,48309.0
2025-03-01,e-영업2,[WEEKEND SALE] 네이버 플러스 5% 쿠폰,CPN1191229,플러스,46691.0
2025-03-01,e-영업1,(제휴 최저가 자동 쿠폰)17020원 할인,NCPN0001702,플러스,46418.0
2025-03-01,e-영업2,(제휴 최저가 자동 쿠폰)25020원 할인,NCPN0002502,플러스,45491.0
2025-03-01,e-영업2,(제휴 최저가 자동 쿠폰)16120원 할인,NCPN0001612,플러스,43964.0
2025-03-01,e-영업2,(제휴 최저가 자동 쿠폰)15500원 할인,NCPN0001550,플러스,42273.0
2025-03-01,e-영업2,(제휴 최저가 자동 쿠폰)8870원 할인,NCPN0000887,플러스,40318.0
2025-03-01,e-영업2,(제휴 최저가 자동 쿠폰)14710원 할인,NCPN0001471,플러스,40118.0
2025-03-01,e-영업2,(제휴 최저가 자동 쿠폰)14690원 할인,NCPN0001469,플러스,40064.0
2025-03-01,e-영업2,(제휴 최저가 자동 쿠폰)14540원 할인,NCPN0001454,플러스,39655.0
2025-03-01,e-영업1, 네이버 5% 플러스 쿠폰,CPN1191417,플러스,39427.0
2025-03-01,e-영업1,(제휴 최저가 자동 쿠폰)7220원 할인,NCPN0000722,플러스,39382.0
2025-03-01,e-영업2,(제휴 최저가 자동 쿠폰)10760원 할인,NCPN0001076,플러스,39127.0
2025-03-01,e-영업2,(제휴 최저가 자동 쿠폰)13810원 할인,NCPN0001381,플러스,37664.0
2025-03-01,e-영업1,(제휴 최저가 자동 쿠폰)41420원 할인,NCPN0004142,플러스,37655.0
2025-03-01,e-영업2,(제휴 최저가 자동 쿠폰)10060원 할인,NCPN0001006,플러스,36582.0
2025-03-01,e-영업2,(제휴 최저가 자동 쿠폰)19970원 할인,NCPN0001997,플러스,36309.0
2025-03-01,e-영업2,(제휴 최저가 자동 쿠폰)39910원 할인,NCPN0003991,플러스,36282.0
2025-03-01,e-영업2,(제휴 최저가 자동 쿠폰)19590원 할인,NCPN0001959,플러스,35618.0
2025-03-01,e-영업2,(제휴 최저가 자동 쿠폰)12890원 할인,NCPN0001289,플러스,35155.0
2025-03-01,e-영업2,(제휴 최저가 자동 쿠폰)6440원 할인,NCPN0000644,플러스,35127.0
2025-03-01,e-영업2,(제휴 최저가 자동 쿠폰)7500원 할인,NCPN0000750,플러스,34091.0
2025-03-01,e-영업2, 네이버 5% 플러스 쿠폰,CPN1191417,플러스,34027.0
2025-03-01,e-영업2,(제휴 최저가 자동 쿠폰)7030원 할인,NCPN0000703,플러스,31955.0
2025-03-01,e-영업2,(제휴 최저가 자동 쿠폰)11670원 할인,NCPN0001167,플러스,31827.0
2025-03-01,e-영업1,(제휴 최저가 자동 쿠폰)34900원 할인,NCPN0003490,플러스,31727.0
2025-03-01,e-영업2,(제휴 최저가 자동 쿠폰)11620원 할인,NCPN0001162,플러스,31691.0
2025-03-01,e-영업2,(제휴 최저가 자동 쿠폰)8510원 할인,NCPN0000851,플러스,30945.0
2025-03-01,e-영업2,(제휴 최저가 자동 쿠폰)17020원 할인,NCPN0001702,플러스,30945.0
2025-03-01,e-영업2,(제휴 최저가 자동 쿠폰)33780원 할인,NCPN0003378,플러스,30709.0
2025-03-01,e-영업1,(제휴 최저가 자동 쿠폰)33300원 할인,NCPN0003330,플러스,30273.0
2025-03-01,e-영업2,(제휴 최저가 자동 쿠폰)16360원 할인,NCPN0001636,플러스,29745.0
2025-03-01,e-영업2,(제휴 최저가 자동 쿠폰)32000원 할인,NCPN0003200,플러스,29091.0
2025-03-01,e-영업1,(제휴 최저가 자동 쿠폰)31800원 할인,NCPN0003180,플러스,28909.0
2025-03-01,e-영업2,[제휴전용] 7% 플러스쿠폰,CPN1214384,플러스,27618.0
2025-03-01,e-영업2,(제휴 최저가 자동 쿠폰)10050원 할인,NCPN0001005,플러스,27409.0
2025-03-01,e-영업2,(제휴 최저가 자동 쿠폰)10040원 할인,NCPN0001004,플러스,27382.0
2025-03-01,e-영업1,(제휴 최저가 자동 쿠폰)30000원 할인,NCPN0003000,플러스,27273.0
2025-03-01,e-영업2,(제휴 최저가 자동 쿠폰)30000원 할인,NCPN0003000,플러스,27273.0
2025-03-01,e-영업2,(제휴 최저가 자동 쿠폰)9900원 할인,NCPN0000990,플러스,27000.0
2025-03-01,e-영업2,(제휴 최저가 자동 쿠폰)29550원 할인,NCPN0002955,플러스,26864.0
2025-03-01,e-영업1,(제휴 최저가 자동 쿠폰)29280원 할인,NCPN0002928,플러스,26618.0
2025-03-01,e-영업2,(제휴 최저가 자동 쿠폰)29140원 할인,NCPN0002914,플러스,26491.0
2025-03-01,e-영업1,(제휴 최저가 자동 쿠폰)14030원 할인,NCPN0001403,플러스,25509.0
2025-03-01,e-영업1,(제휴 최저가 자동 쿠폰)13970원 할인,NCPN0001397,플러스,25400.0
2025-03-01,e-영업2,(제휴 최저가 자동 쿠폰)6940원 할인,NCPN0000694,플러스,25236.0
2025-03-01,e-영업2,(제휴 최저가 자동 쿠폰)9070원 할인,NCPN0000907,플러스,24736.0
2025-03-01,e-영업2,(제휴 최저가 자동 쿠폰)8990원 할인,NCPN0000899,플러스,24518.0
2025-03-01,e-영업2,(제휴 최저가 자동 쿠폰)8980원 할인,NCPN0000898,플러스,24491.0
2025-03-01,e-영업2,(제휴 최저가 자동 쿠폰)4480원 할인,NCPN0000448,플러스,24436.0
2025-03-01,e-영업2,(제휴 최저가 자동 쿠폰)26390원 할인,NCPN0002639,플러스,23991.0
2025-03-01,e-영업2,(제휴 최저가 자동 쿠폰)13110원 할인,NCPN0001311,플러스,23836.0
2025-03-01,e-영업1,[WEEKEND SALE] 플러스 5% 쿠폰,CPN1203978,플러스,23764.0
2025-03-01,e-영업2,[WEEKEND SALE] 플러스 5% 쿠폰,CPN1213281,플러스,23291.0
2025-03-01,e-영업2,(제휴 최저가 자동 쿠폰)12270원 할인,NCPN0001227,플러스,22309.0
2025-03-01,e-영업2,(제휴 최저가 자동 쿠폰)6060원 할인,NCPN0000606,플러스,22036.0
2025-03-01,e-영업2,(제휴 최저가 자동 쿠폰)12110원 할인,NCPN0001211,플러스,22018.0
2025-03-01,e-영업2,(제휴 최저가 자동 쿠폰)12080원 할인,NCPN0001208,플러스,21964.0
2025-03-01,e-영업2,(제휴 최저가 자동 쿠폰)11740원 할인,NCPN0001174,플러스,21345.0
2025-03-01,e-영업1,(제휴 최저가 자동 쿠폰)23450원 할인,NCPN0002345,플러스,21318.0
2025-03-01,e-영업1,(제휴 최저가 자동 쿠폰)23360원 할인,NCPN0002336,플러스,21236.0
2025-03-01,e-영업2,(제휴 최저가 자동 쿠폰)23300원 할인,NCPN0002330,플러스,21182.0
2025-03-01,e-영업1,(제휴 최저가 자동 쿠폰)23230원 할인,NCPN0002323,플러스,21118.0
2025-03-01,e-영업2,(제휴 최저가 자동 쿠폰)23230원 할인,NCPN0002323,플러스,21118.0
2025-03-01,e-영업2,(제휴 최저가 자동 쿠폰)4590원 할인,NCPN0000459,플러스,20864.0
2025-03-01,e-영업2,(제휴 최저가 자동 쿠폰)11450원 할인,NCPN0001145,플러스,20818.0
2025-03-01,e-영업2,(제휴 최저가 자동 쿠폰)22570원 할인,NCPN0002257,플러스,20518.0
2025-03-01,e-영업2,(제휴 최저가 자동 쿠폰)7510원 할인,NCPN0000751,플러스,20482.0
2025-03-01,e-영업2,(제휴 최저가 자동 쿠폰)22530원 할인,NCPN0002253,플러스,20482.0
2025-03-01,e-영업2,(제휴 최저가 자동 쿠폰)10990원 할인,NCPN0001099,플러스,19982.0
2025-03-01,e-영업1,(제휴 최저가 자동 쿠폰)21810원 할인,NCPN0002181,플러스,19827.0
2025-03-01,e-영업2,(제휴 최저가 자동 쿠폰)21520원 할인,NCPN0002152,플러스,19564.0
2025-03-01,e-영업2,(제휴 최저가 자동 쿠폰)21490원 할인,NCPN0002149,플러스,19536.0
2025-03-01,e-영업2,(제휴 최저가 자동 쿠폰)10650원 할인,NCPN0001065,플러스,19364.0
2025-03-01,e-영업1,(제휴 최저가 자동 쿠폰)20440원 할인,NCPN0002044,플러스,18582.0
2025-03-01,e-영업2,(제휴 최저가 자동 쿠폰)20440원 할인,NCPN0002044,플러스,18582.0
2025-03-01,e-영업2,(제휴 최저가 자동 쿠폰)20260원 할인,NCPN0002026,플러스,18418.0
2025-03-01,e-영업2,(제휴 최저가 자동 쿠폰)20210원 할인,NCPN0002021,플러스,18373.0
2025-03-01,e-영업2,(제휴 최저가 자동 쿠폰)20130원 할인,NCPN0002013,플러스,18300.0
2025-03-01,e-영업2,(제휴 최저가 자동 쿠폰)5010원 할인,NCPN0000501,플러스,18218.0
2025-03-01,e-영업2,(제휴 최저가 자동 쿠폰)10000원 할인,NCPN0001000,플러스,18182.0
2025-03-01,e-영업2,(제휴 최저가 자동 쿠폰)9970원 할인,NCPN0000997,플러스,18127.0
2025-03-01,e-영업1,(제휴 최저가 자동 쿠폰)19560원 할인,NCPN0001956,플러스,17782.0
2025-03-01,e-영업2,(제휴 최저가 자동 쿠폰)19350원 할인,NCPN0001935,플러스,17591.0
2025-03-01,e-영업2, 8% 플러스 쿠폰,CPN1191415,플러스,17518.0
2025-03-01,e-영업2,(제휴 최저가 자동 쿠폰)9410원 할인,NCPN0000941,플러스,17109.0
2025-03-01,e-영업2,(제휴 최저가 자동 쿠폰)18760원 할인,NCPN0001876,플러스,17055.0
2025-03-01,e-영업2,(제휴 최저가 자동 쿠폰)18410원 할인,NCPN0001841,플러스,16736.0
2025-03-01,e-영업2,(제휴 최저가 자동 쿠폰)9170원 할인,NCPN0000917,플러스,16673.0
2025-03-01,e-영업2,(제휴 최저가 자동 쿠폰)18310원 할인,NCPN0001831,플러스,16645.0
2025-03-01,e-영업2,(제휴 최저가 자동 쿠폰)18280원 할인,NCPN0001828,플러스,16618.0
2025-03-01,e-영업1,(제휴 최저가 자동 쿠폰)18250원 할인,NCPN0001825,플러스,16591.0
2025-03-01,e-영업2,(제휴 최저가 자동 쿠폰)18180원 할인,NCPN0001818,플러스,16527.0
2025-03-01,e-영업1,(제휴 최저가 자동 쿠폰)18150원 할인,NCPN0001815,플러스,16500.0
2025-03-01,e-영업2,(제휴 최저가 자동 쿠폰)18150원 할인,NCPN0001815,플러스,16500.0
2025-03-01,e-영업2,(제휴 최저가 자동 쿠폰)8960원 할인,NCPN0000896,플러스,16291.0
2025-03-01,e-영업2,(제휴 최저가 자동 쿠폰)8920원 할인,NCPN0000892,플러스,16218.0
2025-03-01,e-영업1,(제휴 최저가 자동 쿠폰)17750원 할인,NCPN0001775,플러스,16136.0
2025-03-01,e-영업2,(제휴 최저가 자동 쿠폰)8830원 할인,NCPN0000883,플러스,16055.0
2025-03-01,e-영업2,(제휴 최저가 자동 쿠폰)17600원 할인,NCPN0001760,플러스,16000.0
2025-03-01,e-영업2,(제휴 최저가 자동 쿠폰)17560원 할인,NCPN0001756,플러스,15964.0
2025-03-01,e-영업1,(제휴 최저가 자동 쿠폰)17360원 할인,NCPN0001736,플러스,15782.0
2025-03-01,e-영업1,(제휴 최저가 자동 쿠폰)8470원 할인,NCPN0000847,플러스,15400.0
2025-03-01,e-영업2,(제휴 최저가 자동 쿠폰)16860원 할인,NCPN0001686,플러스,15327.0
2025-03-01,e-영업2,(제휴 최저가 자동 쿠폰)16830원 할인,NCPN0001683,플러스,15300.0
2025-03-01,e-영업1,[제휴전용] 7% 플러스쿠폰,CPN1214384,플러스,15182.0
2025-03-01,e-영업2,(제휴 최저가 자동 쿠폰)16600원 할인,NCPN0001660,플러스,15091.0
2025-03-01,e-영업2,(제휴 최저가 자동 쿠폰)16590원 할인,NCPN0001659,플러스,15082.0
2025-03-01,e-영업1,(제휴 최저가 자동 쿠폰)16550원 할인,NCPN0001655,플러스,15045.0
2025-03-01,e-영업2,(제휴 최저가 자동 쿠폰)16530원 할인,NCPN0001653,플러스,15027.0
2025-03-01,e-영업2,(제휴 최저가 자동 쿠폰)8100원 할인,NCPN0000810,플러스,14727.0
2025-03-01,e-영업2,(제휴 최저가 자동 쿠폰)16150원 할인,NCPN0001615,플러스,14682.0
2025-03-01,e-영업2,(제휴 최저가 자동 쿠폰)8030원 할인,NCPN0000803,플러스,14600.0
2025-03-01,e-영업2,(제휴 최저가 자동 쿠폰)8020원 할인,NCPN0000802,플러스,14582.0
2025-03-01,e-영업1,(제휴 최저가 자동 쿠폰)15990원 할인,NCPN0001599,플러스,14536.0
2025-03-01,e-영업2,(제휴 최저가 자동 쿠폰)7930원 할인,NCPN0000793,플러스,14418.0
2025-03-01,e-영업2,(제휴 최저가 자동 쿠폰)15770원 할인,NCPN0001577,플러스,14336.0
2025-03-01,e-영업2,(제휴 최저가 자동 쿠폰)15510원 할인,NCPN0001551,플러스,14100.0
2025-03-01,e-영업1,(제휴 최저가 자동 쿠폰)15220원 할인,NCPN0001522,플러스,13836.0
2025-03-01,e-영업1,(제휴 최저가 자동 쿠폰)15060원 할인,NCPN0001506,플러스,13691.0
2025-03-01,e-영업2,(제휴 최저가 자동 쿠폰)15060원 할인,NCPN0001506,플러스,13691.0
2025-03-01,e-영업1,(제휴 최저가 자동 쿠폰)15020원 할인,NCPN0001502,플러스,13655.0
2025-03-01,e-영업2,(제휴 최저가 자동 쿠폰)15020원 할인,NCPN0001502,플러스,13655.0
2025-03-01,e-영업2,(제휴 최저가 자동 쿠폰)3720원 할인,NCPN0000372,플러스,13527.0
2025-03-01,e-영업2,(제휴 최저가 자동 쿠폰)14770원 할인,NCPN0001477,플러스,13427.0
2025-03-01,e-영업2,(제휴 최저가 자동 쿠폰)14660원 할인,NCPN0001466,플러스,13327.0
2025-03-01,e-영업2,(제휴 최저가 자동 쿠폰)14570원 할인,NCPN0001457,플러스,13245.0
2025-03-01,e-영업2,(제휴 최저가 자동 쿠폰)14510원 할인,NCPN0001451,플러스,13191.0
2025-03-01,e-영업1,[WEEKEND SALE] 플러스 5% 쿠폰,CPN1213281,플러스,12955.0
2025-03-01,e-영업2,(제휴 최저가 자동 쿠폰)7120원 할인,NCPN0000712,플러스,12945.0
2025-03-01,e-영업2,(제휴 최저가 자동 쿠폰)14200원 할인,NCPN0001420,플러스,12909.0
2025-03-01,e-영업1,(제휴 최저가 자동 쿠폰)13810원 할인,NCPN0001381,플러스,12555.0
2025-03-01,e-영업2,(제휴 최저가 자동 쿠폰)13740원 할인,NCPN0001374,플러스,12491.0
2025-03-01,e-영업1,(제휴 최저가 자동 쿠폰)13440원 할인,NCPN0001344,플러스,12218.0
2025-03-01,e-영업2,(제휴 최저가 자동 쿠폰)4460원 할인,NCPN0000446,플러스,12164.0
2025-03-01,e-영업1,(제휴 최저가 자동 쿠폰)6640원 할인,NCPN0000664,플러스,12073.0
2025-03-01,e-영업2,(제휴 최저가 자동 쿠폰)13170원 할인,NCPN0001317,플러스,11973.0
2025-03-01,e-영업2,(제휴 최저가 자동 쿠폰)12880원 할인,NCPN0001288,플러스,11709.0
2025-03-01,e-영업2,(제휴 최저가 자동 쿠폰)12770원 할인,NCPN0001277,플러스,11609.0
2025-03-01,e-영업2,(제휴 최저가 자동 쿠폰)12650원 할인,NCPN0001265,플러스,11500.0
2025-03-01,e-영업2,(제휴 최저가 자동 쿠폰)12600원 할인,NCPN0001260,플러스,11455.0
2025-03-01,e-영업2,(제휴 최저가 자동 쿠폰)12480원 할인,NCPN0001248,플러스,11345.0
2025-03-01,e-영업2,(제휴 최저가 자동 쿠폰)12430원 할인,NCPN0001243,플러스,11300.0
2025-03-01,e-영업2,(제휴 최저가 자동 쿠폰)12170원 할인,NCPN0001217,플러스,11064.0
2025-03-01,e-영업2,(제휴 최저가 자동 쿠폰)12130원 할인,NCPN0001213,플러스,11027.0
2025-03-01,e-영업1,(제휴 최저가 자동 쿠폰)12110원 할인,NCPN0001211,플러스,11009.0
2025-03-01,e-영업1,(제휴 최저가 자동 쿠폰)12080원 할인,NCPN0001208,플러스,10982.0
2025-03-01,e-영업2,(제휴 최저가 자동 쿠폰)5860원 할인,NCPN0000586,플러스,10655.0
2025-03-01,e-영업2,(제휴 최저가 자동 쿠폰)5820원 할인,NCPN0000582,플러스,10582.0
2025-03-01,e-영업2,(제휴 최저가 자동 쿠폰)11340원 할인,NCPN0001134,플러스,10309.0
2025-03-01,e-영업2,(제휴 최저가 자동 쿠폰)5540원 할인,NCPN0000554,플러스,10073.0
2025-03-01,e-영업1, 8% 플러스 쿠폰,CPN1191415,플러스,10036.0
2025-03-01,e-영업2,(제휴 최저가 자동 쿠폰)11030원 할인,NCPN0001103,플러스,10027.0
2025-03-01,e-영업2,(제휴 최저가 자동 쿠폰)10700원 할인,NCPN0001070,플러스,9727.0
2025-03-01,e-영업1,(제휴 최저가 자동 쿠폰)10650원 할인,NCPN0001065,플러스,9682.0
2025-03-01,e-영업1,(제휴 최저가 자동 쿠폰)10630원 할인,NCPN0001063,플러스,9664.0
2025-03-01,e-영업2,(제휴 최저가 자동 쿠폰)10620원 할인,NCPN0001062,플러스,9655.0
2025-03-01,e-영업2,(제휴 최저가 자동 쿠폰)10450원 할인,NCPN0001045,플러스,9500.0
2025-03-01,e-영업2,(제휴 최저가 자동 쿠폰)5150원 할인,NCPN0000515,플러스,9364.0
2025-03-01,e-영업2,(제휴 최저가 자동 쿠폰)10290원 할인,NCPN0001029,플러스,9355.0
2025-03-01,e-영업2,(제휴 최저가 자동 쿠폰)10110원 할인,NCPN0001011,플러스,9191.0
2025-03-01,e-영업2,(제휴 최저가 자동 쿠폰)9960원 할인,NCPN0000996,플러스,9055.0
2025-03-01,e-영업2,(제휴 최저가 자동 쿠폰)9950원 할인,NCPN0000995,플러스,9045.0
2025-03-01,e-영업2,(제휴 최저가 자동 쿠폰)9780원 할인,NCPN0000978,플러스,8891.0
2025-03-01,e-영업2,(제휴 최저가 자동 쿠폰)9730원 할인,NCPN0000973,플러스,8845.0
2025-03-01,e-영업2,(제휴 최저가 자동 쿠폰)9710원 할인,NCPN0000971,플러스,8827.0
2025-03-01,e-영업2,(제휴 최저가 자동 쿠폰)4720원 할인,NCPN0000472,플러스,8582.0
2025-03-01,e-영업1,(제휴 최저가 자동 쿠폰)9430원 할인,NCPN0000943,플러스,8573.0
2025-03-01,e-영업2,(제휴 최저가 자동 쿠폰)9270원 할인,NCPN0000927,플러스,8427.0
2025-03-01,e-영업2,(제휴 최저가 자동 쿠폰)9080원 할인,NCPN0000908,플러스,8255.0
2025-03-01,e-영업1,(제휴 최저가 자동 쿠폰)9070원 할인,NCPN0000907,플러스,8245.0
2025-03-01,e-영업2,(제휴 최저가 자동 쿠폰)9050원 할인,NCPN0000905,플러스,8227.0
2025-03-01,e-영업2,(제휴 최저가 자동 쿠폰)9010원 할인,NCPN0000901,플러스,8191.0
2025-03-01,e-영업1,[WEEKEND SALE] 플러스 5% 쿠폰,CPN1191232,플러스,8127.0
2025-03-01,e-영업2,(제휴 최저가 자동 쿠폰)8680원 할인,NCPN0000868,플러스,7891.0
2025-03-01,e-영업2,(제휴 최저가 자동 쿠폰)8590원 할인,NCPN0000859,플러스,7809.0
2025-03-01,e-영업2,(제휴 최저가 자동 쿠폰)8550원 할인,NCPN0000855,플러스,7773.0
2025-03-01,e-영업2,(제휴 최저가 자동 쿠폰)8470원 할인,NCPN0000847,플러스,7700.0
2025-03-01,e-영업2, 5% 플러스 쿠폰,CPN1191420,플러스,7664.0
2025-03-01,e-영업2,(제휴 최저가 자동 쿠폰)8320원 할인,NCPN0000832,플러스,7564.0
2025-03-01,e-영업2,(제휴 최저가 자동 쿠폰)8240원 할인,NCPN0000824,플러스,7491.0
2025-03-01,e-영업1,(제휴 최저가 자동 쿠폰)4110원 할인,NCPN0000411,플러스,7473.0
2025-03-01,e-영업1,(제휴 최저가 자동 쿠폰)8070원 할인,NCPN0000807,플러스,7336.0
2025-03-01,e-영업2,(제휴 최저가 자동 쿠폰)7950원 할인,NCPN0000795,플러스,7227.0
2025-03-01,e-영업2,(제휴 최저가 자동 쿠폰)7940원 할인,NCPN0000794,플러스,7218.0
2025-03-01,e-영업1,(제휴 최저가 자동 쿠폰)2610원 할인,NCPN0000261,플러스,7118.0
2025-03-01,e-영업2,(제휴 최저가 자동 쿠폰)3770원 할인,NCPN0000377,플러스,6855.0
2025-03-01,e-영업2,(제휴 최저가 자동 쿠폰)7450원 할인,NCPN0000745,플러스,6773.0
2025-03-01,e-영업2,(제휴 최저가 자동 쿠폰)7410원 할인,NCPN0000741,플러스,6736.0
2025-03-01,e-영업1,(제휴 최저가 자동 쿠폰)2460원 할인,NCPN0000246,플러스,6709.0
2025-03-01,e-영업2,(제휴 최저가 자동 쿠폰)7350원 할인,NCPN0000735,플러스,6682.0
2025-03-01,e-영업2,(제휴 최저가 자동 쿠폰)7310원 할인,NCPN0000731,플러스,6645.0
2025-03-01,e-영업2,(제휴 최저가 자동 쿠폰)7240원 할인,NCPN0000724,플러스,6582.0
2025-03-01,e-영업2,(제휴 최저가 자동 쿠폰)7090원 할인,NCPN0000709,플러스,6445.0
2025-03-01,e-영업1,(제휴 최저가 자동 쿠폰)2350원 할인,NCPN0000235,플러스,6409.0
2025-03-01,e-영업2,(제휴 최저가 자동 쿠폰)6990원 할인,NCPN0000699,플러스,6355.0
2025-03-01,e-영업2,[WEEKEND SALE] 플러스 5% 쿠폰,CPN1203978,플러스,6273.0
2025-03-01,e-영업2,[제휴전용] 5%추가할인 (이월 ACC),CPN509567,플러스,6100.0
2025-03-01,e-영업2,(제휴 최저가 자동 쿠폰)6590원 할인,NCPN0000659,플러스,5991.0
2025-03-01,e-영업2,(제휴 최저가 자동 쿠폰)3280원 할인,NCPN0000328,플러스,5964.0
2025-03-01,e-영업2,(제휴 최저가 자동 쿠폰)6480원 할인,NCPN0000648,플러스,5891.0
2025-03-01,e-영업2,(제휴 최저가 자동 쿠폰)6410원 할인,NCPN0000641,플러스,5827.0
2025-03-01,e-영업2,(제휴 최저가 자동 쿠폰)6180원 할인,NCPN0000618,플러스,5618.0
2025-03-01,e-영업2,(제휴 최저가 자동 쿠폰)5980원 할인,NCPN0000598,플러스,5436.0
2025-03-01,e-영업2,(제휴 최저가 자동 쿠폰)5950원 할인,NCPN0000595,플러스,5409.0
2025-03-01,e-영업2,(제휴 최저가 자동 쿠폰)5840원 할인,NCPN0000584,플러스,5309.0
2025-03-01,e-영업2,(제휴 최저가 자동 쿠폰)5630원 할인,NCPN0000563,플러스,5118.0
2025-03-01,e-영업2,(제휴 최저가 자동 쿠폰)5480원 할인,NCPN0000548,플러스,4982.0
2025-03-01,e-영업2,(제휴 최저가 자동 쿠폰)5450원 할인,NCPN0000545,플러스,4955.0
2025-03-01,e-영업2,(제휴 최저가 자동 쿠폰)5310원 할인,NCPN0000531,플러스,4827.0
2025-03-01,e-영업1,(제휴 최저가 자동 쿠폰)5210원 할인,NCPN0000521,플러스,4736.0
2025-03-01,e-영업1,(제휴 최저가 자동 쿠폰)5130원 할인,NCPN0000513,플러스,4664.0
2025-03-01,e-영업2,(제휴 최저가 자동 쿠폰)5130원 할인,NCPN0000513,플러스,4664.0
2025-03-01,e-영업2,[WEEKEND SALE] 플러스 5% 쿠폰,CPN1191232,플러스,4582.0
2025-03-01,e-영업1,(제휴 최저가 자동 쿠폰)2500원 할인,NCPN0000250,플러스,4545.0
2025-03-01,e-영업2,(제휴 최저가 자동 쿠폰)4950원 할인,NCPN0000495,플러스,4500.0
2025-03-01,e-영업1,(제휴 최저가 자동 쿠폰)4860원 할인,NCPN0000486,플러스,4418.0
2025-03-01,e-영업2,(제휴 최저가 자동 쿠폰)4780원 할인,NCPN0000478,플러스,4345.0
2025-03-01,e-영업1,(제휴 최저가 자동 쿠폰)4610원 할인,NCPN0000461,플러스,4191.0
2025-03-01,e-영업1,(제휴 최저가 자동 쿠폰)4460원 할인,NCPN0000446,플러스,4055.0
2025-03-01,e-영업1,(제휴 최저가 자동 쿠폰)4330원 할인,NCPN0000433,플러스,3936.0
2025-03-01,e-영업2,(제휴 최저가 자동 쿠폰)4180원 할인,NCPN0000418,플러스,3800.0
2025-03-01,e-영업2,(제휴 최저가 자동 쿠폰)4010원 할인,NCPN0000401,플러스,3645.0
2025-03-01,e-영업2,(제휴 최저가 자동 쿠폰)3750원 할인,NCPN0000375,플러스,3409.0
2025-03-01,e-영업1,(제휴 최저가 자동 쿠폰)3570원 할인,NCPN0000357,플러스,3245.0
2025-03-01,e-영업1,(제휴 최저가 자동 쿠폰)3410원 할인,NCPN0000341,플러스,3100.0
2025-03-01,e-영업1, 5% 플러스 쿠폰,CPN1191420,플러스,2882.0
2025-03-01,e-영업1,(제휴 최저가 자동 쿠폰)1880원 할인,NCPN0000188,플러스,1709.0
2025-03-01,e-영업2,(제휴 최저가 자동 쿠폰)1750원 할인,NCPN0000175,플러스,1591.0
2025-03-01,e-영업1,(제휴 최저가 자동 쿠폰)610원 할인,NCPN0000061,플러스,1109.0
2025-03-01,e-영업2,(제휴 최저가 자동 쿠폰)1130원 할인,NCPN0000113,플러스,1027.0
2025-03-01,e-영업2,(제휴 최저가 자동 쿠폰)10원 할인,NCPN0000001,플러스,36.0
2025-03-01,e-영업3,네이버 5%추가할인 (키즈) -업체,CPN798781,플러스,-1736.0
2025-03-01,e-영업1,[트렌드프리뷰] 네이버 5% 플러스쿠폰,CPN1179807,플러스,-2909.0
2025-03-01,e-영업2,(제휴 최저가 자동 쿠폰)8050원 할인,NCPN0000805,플러스,-7318.0
2025-03-01,e-영업2,[WEEKEND SALE] 플러스 7% 쿠폰,CPN1184079,플러스,-7991.0
2025-03-01,e-영업2,(제휴 최저가 자동 쿠폰)9040원 할인,NCPN0000904,플러스,-8218.0
2025-03-01,e-영업1,(제휴 최저가 자동 쿠폰)16600원 할인,NCPN0001660,플러스,-15091.0
2025-03-01,e-영업1,[트렌드프리뷰] 네이버 10% 플러스쿠폰 (의류),CPN1179810,플러스,-15418.0
2025-03-01,e-영업1,(제휴 최저가 자동 쿠폰)22850원 할인,NCPN0002285,플러스,-20773.0
2025-04-01,e-영업1,[제휴전용] 12% 할인(IE),CPN703554,일반,985736.0
2025-04-01,e-영업2,[제휴전용] 10%추가할인 (이월 ACC),CPN383518,플러스,16549500.0
2025-04-01,e-영업2,[제휴전용] 7%추가할인 (이월 남성),CPN409203,플러스,16189318.0
2025-04-01,e-영업2,[제휴전용] 7%추가할인 (이월 여성),CPN409201,플러스,8717809.0
2025-04-01,e-영업2,[제휴전용] 9%추가할인 (이월 여성),CPN409202,플러스,8383527.0
2025-04-01,e-영업2,[제휴전용] 9%추가할인 (이월 남성),CPN409204,플러스,6576273.0
2025-04-01,e-영업2,[제휴전용] 8%추가할인 (이월 슈즈),CPN384029,플러스,3758818.0
2025-04-01,e-영업3,네이버쇼핑 추가할인 (e-명품_대상: 입점업체),CPN407983,플러스,2335291.0
2025-04-01,e-영업2,[제휴전용] 8%추가할인 (이월 골프),CPN383905,플러스,1471309.0
2025-04-01,e-영업2,[제휴할인] 5%추가할인 (이월 남성),CPN383907,플러스,1387164.0
2025-04-01,e-영업2,[제휴전용] 8% 추가할인 (이월 골프),CPN514212,플러스,546582.0
2025-04-01,e-영업1,(제휴 최저가 자동 쿠폰)10000원 할인,NCPN0001000,플러스,509091.0
2025-04-01,e-영업2,[제휴] [L+DAY] 10% 플러스 쿠폰(15만원 이상/최대 3만원),CPN1253101,플러스,493200.0
2025-04-01,e-영업1,(제휴 최저가 자동 쿠폰)29050원 할인,NCPN0002905,플러스,396136.0
2025-04-01,e-영업1,[제휴] [L+DAY] 10% 플러스 쿠폰(15만원 이상/최대 3만원),CPN1253101,플러스,294064.0
2025-04-01,e-영업2,[제휴전용] 4%추가할인 (이월 여성),CPN384742,플러스,278427.0
2025-04-01,e-영업2,(제휴 최저가 자동 쿠폰)10720원 할인,NCPN0001072,플러스,272873.0
2025-04-01,e-영업2,(제휴 최저가 자동 쿠폰)9960원 할인,NCPN0000996,플러스,235418.0
2025-04-01,e-영업1,[제휴전용] 10%추가할인 (골프/스포츠),CPN413857,플러스,220082.0
2025-04-01,e-영업1,[제휴쿠폰] [WEEKEND SALE] 플러스 5% 쿠폰,CPN1256785,플러스,192900.0
2025-04-01,e-영업2,(제휴 최저가 자동 쿠폰)14690원 할인,NCPN0001469,플러스,186964.0
2025-04-01,e-영업2,[제휴] [WEEKEND SALE] 플러스 5% 쿠폰,CPN1246441,플러스,186373.0
2025-04-01,e-영업2,(제휴 최저가 자동 쿠폰)21490원 할인,NCPN0002149,플러스,175827.0
2025-04-01,e-영업2,(제휴 최저가 자동 쿠폰)30060원 할인,NCPN0003006,플러스,136636.0
2025-04-01,e-영업2,(제휴 최저가 자동 쿠폰)6940원 할인,NCPN0000694,플러스,132491.0
2025-04-01,e-영업2,(제휴 최저가 자동 쿠폰)9040원 할인,NCPN0000904,플러스,131491.0
2025-04-01,e-영업2,(제휴 최저가 자동 쿠폰)15060원 할인,NCPN0001506,플러스,123218.0
2025-04-01,e-영업2,(제휴 최저가 자동 쿠폰)3900원 할인,NCPN0000390,플러스,120545.0
2025-04-01,e-영업2,(제휴 최저가 자동 쿠폰)9600원 할인,NCPN0000960,플러스,113455.0
2025-04-01,e-영업1,[제휴] [WEEKEND SALE] 플러스 5% 쿠폰,CPN1246441,플러스,101055.0
2025-04-01,e-영업1,(제휴 최저가 자동 쿠폰)17960원 할인,NCPN0001796,플러스,97964.0
2025-04-01,e-영업2,(제휴 최저가 자동 쿠폰)9030원 할인,NCPN0000903,플러스,90300.0
2025-04-01,e-영업2,(제휴 최저가 자동 쿠폰)19200원 할인,NCPN0001920,플러스,87273.0
2025-04-01,e-영업2,[제휴쿠폰] [WEEKEND SALE] 플러스 5% 쿠폰,CPN1256785,플러스,85782.0
2025-04-01,e-영업2,(제휴 최저가 자동 쿠폰)29510원 할인,NCPN0002951,플러스,80482.0
2025-04-01,e-영업1,(제휴 최저가 자동 쿠폰)13810원 할인,NCPN0001381,플러스,75327.0
2025-04-01,e-영업2,(제휴 최저가 자동 쿠폰)9020원 할인,NCPN0000902,플러스,73800.0
2025-04-01,e-영업1,(제휴 최저가 자동 쿠폰)39630원 할인,NCPN0003963,플러스,72055.0
2025-04-01,e-영업1,(제휴 최저가 자동 쿠폰)19810원 할인,NCPN0001981,플러스,72036.0
2025-04-01,e-영업2,(제휴 최저가 자동 쿠폰)19560원 할인,NCPN0001956,플러스,71127.0
2025-04-01,e-영업2,[제휴] [L+DAY] 7% 플러스 쿠폰(8만원 이상/최대 3만원),CPN1253142,플러스,70755.0
2025-04-01,e-영업2,(제휴 최저가 자동 쿠폰)19350원 할인,NCPN0001935,플러스,70364.0
2025-04-01,e-영업2,(제휴 최저가 자동 쿠폰)7610원 할인,NCPN0000761,플러스,69182.0
2025-04-01,e-영업1,(제휴 최저가 자동 쿠폰)7510원 할인,NCPN0000751,플러스,68273.0
2025-04-01,e-영업2,(제휴 최저가 자동 쿠폰)9190원 할인,NCPN0000919,플러스,66836.0
2025-04-01,e-영업1,(제휴 최저가 자동 쿠폰)24170원 할인,NCPN0002417,플러스,65918.0
2025-04-01,e-영업1,[제휴쿠폰] [WEEKEND SALE] 플러스 5% 쿠폰,CPN1270074,플러스,65355.0
2025-04-01,e-영업1,(제휴 최저가 자동 쿠폰)10040원 할인,NCPN0001004,플러스,63891.0
2025-04-01,e-영업1,(제휴 최저가 자동 쿠폰)13620원 할인,NCPN0001362,플러스,61909.0
2025-04-01,e-영업2,(제휴 최저가 자동 쿠폰)13620원 할인,NCPN0001362,플러스,61909.0
2025-04-01,e-영업2,(제휴 최저가 자동 쿠폰)8510원 할인,NCPN0000851,플러스,61891.0
2025-04-01,e-영업2,(제휴 최저가 자동 쿠폰)17020원 할인,NCPN0001702,플러스,61891.0
2025-04-01,e-영업2,(제휴 최저가 자동 쿠폰)16590원 할인,NCPN0001659,플러스,60327.0
2025-04-01,e-영업2,[제휴쿠폰] [WEEKEND SALE] 플러스 5% 쿠폰,CPN1270074,플러스,59255.0
2025-04-01,e-영업2,(제휴 최저가 자동 쿠폰)12880원 할인,NCPN0001288,플러스,58545.0
2025-04-01,e-영업2,(제휴 최저가 자동 쿠폰)12550원 할인,NCPN0001255,플러스,57045.0
2025-04-01,e-영업1,(제휴 최저가 자동 쿠폰)15220원 할인,NCPN0001522,플러스,55345.0
2025-04-01,e-영업2,(제휴 최저가 자동 쿠폰)12160원 할인,NCPN0001216,플러스,55273.0
2025-04-01,e-영업2,(제휴 최저가 자동 쿠폰)8590원 할인,NCPN0000859,플러스,54664.0
2025-04-01,e-영업1,(제휴 최저가 자동 쿠폰)19560원 할인,NCPN0001956,플러스,53345.0
2025-04-01,e-영업2,(제휴 최저가 자동 쿠폰)8270원 할인,NCPN0000827,플러스,52627.0
2025-04-01,e-영업2,(제휴 최저가 자동 쿠폰)8020원 할인,NCPN0000802,플러스,51036.0
2025-04-01,e-영업2,(제휴 최저가 자동 쿠폰)18640원 할인,NCPN0001864,플러스,50836.0
2025-04-01,e-영업2,(제휴 최저가 자동 쿠폰)13810원 할인,NCPN0001381,플러스,50218.0
2025-04-01,e-영업2,(제휴 최저가 자동 쿠폰)18410원 할인,NCPN0001841,플러스,50209.0
2025-04-01,e-영업1,(제휴 최저가 자동 쿠폰)6060원 할인,NCPN0000606,플러스,49582.0
2025-04-01,e-영업2,(제휴 최저가 자동 쿠폰)17960원 할인,NCPN0001796,플러스,48982.0
2025-04-01,e-영업1,(제휴 최저가 자동 쿠폰)13110원 할인,NCPN0001311,플러스,47673.0
2025-04-01,e-영업1,(제휴 최저가 자동 쿠폰)16830원 할인,NCPN0001683,플러스,45900.0
2025-04-01,e-영업2,(제휴 최저가 자동 쿠폰)10090원 할인,NCPN0001009,플러스,45864.0
2025-04-01,e-영업2,(제휴 최저가 자동 쿠폰)9970원 할인,NCPN0000997,플러스,45318.0
2025-04-01,e-영업2,(제휴 최저가 자동 쿠폰)6170원 할인,NCPN0000617,플러스,44873.0
2025-04-01,e-영업2,(제휴 최저가 자동 쿠폰)12330원 할인,NCPN0001233,플러스,44836.0
2025-04-01,e-영업1,(제휴 최저가 자동 쿠폰)9800원 할인,NCPN0000980,플러스,44545.0
2025-04-01,e-영업2,(제휴 최저가 자동 쿠폰)9780원 할인,NCPN0000978,플러스,44455.0
2025-04-01,e-영업2,(제휴 최저가 자동 쿠폰)9670원 할인,NCPN0000967,플러스,43955.0
2025-04-01,e-영업2,(제휴 최저가 자동 쿠폰)8050원 할인,NCPN0000805,플러스,43909.0
2025-04-01,e-영업2,(제휴 최저가 자동 쿠폰)23370원 할인,NCPN0002337,플러스,42491.0
2025-04-01,e-영업2,(제휴 최저가 자동 쿠폰)23300원 할인,NCPN0002330,플러스,42364.0
2025-04-01,e-영업1,(제휴 최저가 자동 쿠폰)15510원 할인,NCPN0001551,플러스,42300.0
2025-04-01,e-영업1,(제휴 최저가 자동 쿠폰)9270원 할인,NCPN0000927,플러스,42136.0
2025-04-01,e-영업2,(제휴 최저가 자동 쿠폰)9080원 할인,NCPN0000908,플러스,41273.0
2025-04-01,e-영업2,(제휴 최저가 자동 쿠폰)11010원 할인,NCPN0001101,플러스,40036.0
2025-04-01,e-영업2,(제휴 최저가 자동 쿠폰)5450원 할인,NCPN0000545,플러스,39636.0
2025-04-01,e-영업2,(제휴 최저가 자동 쿠폰)14370원 할인,NCPN0001437,플러스,39191.0
2025-04-01,e-영업2,(제휴 최저가 자동 쿠폰)5980원 할인,NCPN0000598,플러스,38055.0
2025-04-01,e-영업2,(제휴 최저가 자동 쿠폰)13700원 할인,NCPN0001370,플러스,37364.0
2025-04-01,e-영업2,(제휴 최저가 자동 쿠폰)20430원 할인,NCPN0002043,플러스,37145.0
2025-04-01,e-영업1,(제휴 최저가 자동 쿠폰)10070원 할인,NCPN0001007,플러스,36618.0
2025-04-01,e-영업2,(제휴 최저가 자동 쿠폰)19970원 할인,NCPN0001997,플러스,36309.0
2025-04-01,e-영업1,(제휴 최저가 자동 쿠폰)19910원 할인,NCPN0001991,플러스,36200.0
2025-04-01,e-영업1,(제휴 최저가 자동 쿠폰)19700원 할인,NCPN0001970,플러스,35818.0
2025-04-01,e-영업2,(제휴 최저가 자동 쿠폰)9700원 할인,NCPN0000970,플러스,35273.0
2025-04-01,e-영업1,(제휴 최저가 자동 쿠폰)19360원 할인,NCPN0001936,플러스,35200.0
2025-04-01,e-영업1,(제휴 최저가 자동 쿠폰)19240원 할인,NCPN0001924,플러스,34982.0
2025-04-01,e-영업2,(제휴 최저가 자동 쿠폰)9430원 할인,NCPN0000943,플러스,34291.0
2025-04-01,e-영업2,(제휴 최저가 자동 쿠폰)7500원 할인,NCPN0000750,플러스,34091.0
2025-04-01,e-영업2,(제휴 최저가 자동 쿠폰)18670원 할인,NCPN0001867,플러스,33945.0
2025-04-01,e-영업2,(제휴 최저가 자동 쿠폰)12430원 할인,NCPN0001243,플러스,33900.0
2025-04-01,e-영업2,(제휴 최저가 자동 쿠폰)3720원 할인,NCPN0000372,플러스,33818.0
2025-04-01,e-영업2,(제휴 최저가 자동 쿠폰)12230원 할인,NCPN0001223,플러스,33355.0
2025-04-01,e-영업2,(제휴 최저가 자동 쿠폰)18280원 할인,NCPN0001828,플러스,33236.0
2025-04-01,e-영업1,(제휴 최저가 자동 쿠폰)18260원 할인,NCPN0001826,플러스,33200.0
2025-04-01,e-영업2,(제휴 최저가 자동 쿠폰)18220원 할인,NCPN0001822,플러스,33127.0
2025-04-01,e-영업1,(제휴 최저가 자동 쿠폰)36340원 할인,NCPN0003634,플러스,33036.0
2025-04-01,e-영업2,(제휴 최저가 자동 쿠폰)6030원 할인,NCPN0000603,플러스,32891.0
2025-04-01,e-영업1,"[제휴] [골든위크]18,000원 플러스 쿠폰",CPN1280528,플러스,32727.0
2025-04-01,e-영업2,(제휴 최저가 자동 쿠폰)4460원 할인,NCPN0000446,플러스,32436.0
2025-04-01,e-영업1,(제휴 최저가 자동 쿠폰)17750원 할인,NCPN0001775,플러스,32273.0
2025-04-01,e-영업2,(제휴 최저가 자동 쿠폰)7090원 할인,NCPN0000709,플러스,32227.0
2025-04-01,e-영업1,(제휴 최저가 자동 쿠폰)11740원 할인,NCPN0001174,플러스,32018.0
2025-04-01,e-영업2,(제휴 최저가 자동 쿠폰)5850원 할인,NCPN0000585,플러스,31909.0
2025-04-01,e-영업2,(제휴 최저가 자동 쿠폰)35080원 할인,NCPN0003508,플러스,31891.0
2025-04-01,e-영업2,(제휴 최저가 자동 쿠폰)6970원 할인,NCPN0000697,플러스,31682.0
2025-04-01,e-영업2,(제휴 최저가 자동 쿠폰)8680원 할인,NCPN0000868,플러스,31564.0
2025-04-01,e-영업2,(제휴 최저가 자동 쿠폰)33470원 할인,NCPN0003347,플러스,30427.0
2025-04-01,e-영업2,(제휴 최저가 자동 쿠폰)33090원 할인,NCPN0003309,플러스,30082.0
2025-04-01,e-영업1,(제휴 최저가 자동 쿠폰)16010원 할인,NCPN0001601,플러스,29109.0
2025-04-01,e-영업1,(제휴 최저가 자동 쿠폰)15990원 할인,NCPN0001599,플러스,29073.0
2025-04-01,e-영업2,(제휴 최저가 자동 쿠폰)10650원 할인,NCPN0001065,플러스,29045.0
2025-04-01,e-영업1,(제휴 최저가 자동 쿠폰)5310원 할인,NCPN0000531,플러스,28964.0
2025-04-01,e-영업2,(제휴 최저가 자동 쿠폰)10600원 할인,NCPN0001060,플러스,28909.0
2025-04-01,e-영업2,(제휴 최저가 자동 쿠폰)10210원 할인,NCPN0001021,플러스,27845.0
2025-04-01,e-영업2,(제휴 최저가 자동 쿠폰)15220원 할인,NCPN0001522,플러스,27673.0
2025-04-01,e-영업2,(제휴 최저가 자동 쿠폰)10040원 할인,NCPN0001004,플러스,27382.0
2025-04-01,e-영업1,"[제휴] [골든위크]7,500원 플러스 쿠폰",CPN1280535,플러스,27273.0
2025-04-01,e-영업1,"[제휴] [골든위크]10,000원 플러스 쿠폰",CPN1280530,플러스,27273.0
2025-04-01,e-영업1,(제휴 최저가 자동 쿠폰)14530원 할인,NCPN0001453,플러스,26418.0
2025-04-01,e-영업2,(제휴 최저가 자동 쿠폰)28760원 할인,NCPN0002876,플러스,26145.0
2025-04-01,e-영업1,(제휴 최저가 자동 쿠폰)7140원 할인,NCPN0000714,플러스,25964.0
2025-04-01,e-영업2,(제휴 최저가 자동 쿠폰)9270원 할인,NCPN0000927,플러스,25282.0
2025-04-01,e-영업2,(제휴 최저가 자동 쿠폰)27800원 할인,NCPN0002780,플러스,25273.0
2025-04-01,e-영업2,(제휴 최저가 자동 쿠폰)5530원 할인,NCPN0000553,플러스,25136.0
2025-04-01,e-영업1,[제휴] [L+DAY] 7% 플러스 쿠폰(8만원 이상/최대 3만원),CPN1253142,플러스,24991.0
2025-04-01,e-영업2,(제휴 최저가 자동 쿠폰)6770원 할인,NCPN0000677,플러스,24618.0
2025-04-01,e-영업1,(제휴 최저가 자동 쿠폰)26710원 할인,NCPN0002671,플러스,24282.0
2025-04-01,e-영업2,(제휴 최저가 자동 쿠폰)26710원 할인,NCPN0002671,플러스,24282.0
2025-04-01,e-영업1,(제휴 최저가 자동 쿠폰)3770원 할인,NCPN0000377,플러스,23991.0
2025-04-01,e-영업2,(제휴 최저가 자동 쿠폰)13110원 할인,NCPN0001311,플러스,23836.0
2025-04-01,e-영업2,(제휴 최저가 자동 쿠폰)8730원 할인,NCPN0000873,플러스,23809.0
2025-04-01,e-영업2,(제휴 최저가 자동 쿠폰)12770원 할인,NCPN0001277,플러스,23218.0
2025-04-01,e-영업2,(제휴 최저가 자동 쿠폰)25020원 할인,NCPN0002502,플러스,22745.0
2025-04-01,e-영업1,(제휴 최저가 자동 쿠폰)12430원 할인,NCPN0001243,플러스,22600.0
2025-04-01,e-영업2,(제휴 최저가 자동 쿠폰)6090원 할인,NCPN0000609,플러스,22145.0
2025-04-01,e-영업2,(제휴 최저가 자동 쿠폰)8030원 할인,NCPN0000803,플러스,21900.0
2025-04-01,e-영업2,(제휴 최저가 자동 쿠폰)7930원 할인,NCPN0000793,플러스,21627.0
2025-04-01,e-영업1,(제휴 최저가 자동 쿠폰)23690원 할인,NCPN0002369,플러스,21536.0
2025-04-01,e-영업2,(제휴 최저가 자동 쿠폰)11770원 할인,NCPN0001177,플러스,21400.0
2025-04-01,e-영업2,(제휴 최저가 자동 쿠폰)23480원 할인,NCPN0002348,플러스,21345.0
2025-04-01,e-영업2,(제휴 최저가 자동 쿠폰)5860원 할인,NCPN0000586,플러스,21309.0
2025-04-01,e-영업1,(제휴 최저가 자동 쿠폰)23360원 할인,NCPN0002336,플러스,21236.0
2025-04-01,e-영업2,(제휴 최저가 자동 쿠폰)11620원 할인,NCPN0001162,플러스,21127.0
2025-04-01,e-영업2,(제휴 최저가 자동 쿠폰)22570원 할인,NCPN0002257,플러스,20518.0
2025-04-01,e-영업2,(제휴 최저가 자동 쿠폰)11000원 할인,NCPN0001100,플러스,20000.0
2025-04-01,e-영업2,(제휴 최저가 자동 쿠폰)10880원 할인,NCPN0001088,플러스,19782.0
2025-04-01,e-영업2,(제휴 최저가 자동 쿠폰)7210원 할인,NCPN0000721,플러스,19664.0
2025-04-01,e-영업2,(제휴 최저가 자동 쿠폰)21530원 할인,NCPN0002153,플러스,19573.0
2025-04-01,e-영업2,(제휴 최저가 자동 쿠폰)10620원 할인,NCPN0001062,플러스,19309.0
2025-04-01,e-영업2,(제휴 최저가 자동 쿠폰)20830원 할인,NCPN0002083,플러스,18936.0
2025-04-01,e-영업2,(제휴 최저가 자동 쿠폰)20710원 할인,NCPN0002071,플러스,18827.0
2025-04-01,e-영업2,(제휴 최저가 자동 쿠폰)20520원 할인,NCPN0002052,플러스,18655.0
2025-04-01,e-영업2,(제휴 최저가 자동 쿠폰)20260원 할인,NCPN0002026,플러스,18418.0
2025-04-01,e-영업1,(제휴 최저가 자동 쿠폰)20150원 할인,NCPN0002015,플러스,18318.0
2025-04-01,e-영업2,(제휴 최저가 자동 쿠폰)10070원 할인,NCPN0001007,플러스,18309.0
2025-04-01,e-영업2,(제휴 최저가 자동 쿠폰)20130원 할인,NCPN0002013,플러스,18300.0
2025-04-01,e-영업1,(제휴 최저가 자동 쿠폰)10050원 할인,NCPN0001005,플러스,18273.0
2025-04-01,e-영업1,(제휴 최저가 자동 쿠폰)20000원 할인,NCPN0002000,플러스,18182.0
2025-04-01,e-영업1,(제휴 최저가 자동 쿠폰)19970원 할인,NCPN0001997,플러스,18155.0
2025-04-01,e-영업2,(제휴 최저가 자동 쿠폰)19700원 할인,NCPN0001970,플러스,17909.0
2025-04-01,e-영업2,(제휴 최저가 자동 쿠폰)9800원 할인,NCPN0000980,플러스,17818.0
2025-04-01,e-영업1,(제휴 최저가 자동 쿠폰)19590원 할인,NCPN0001959,플러스,17809.0
2025-04-01,e-영업2,(제휴 최저가 자동 쿠폰)19590원 할인,NCPN0001959,플러스,17809.0
2025-04-01,e-영업2,(제휴 최저가 자동 쿠폰)6480원 할인,NCPN0000648,플러스,17673.0
2025-04-01,e-영업2,(제휴 최저가 자동 쿠폰)9710원 할인,NCPN0000971,플러스,17655.0
2025-04-01,e-영업1,(제휴 최저가 자동 쿠폰)9600원 할인,NCPN0000960,플러스,17455.0
2025-04-01,e-영업2,(제휴 최저가 자동 쿠폰)19080원 할인,NCPN0001908,플러스,17345.0
2025-04-01,e-영업1,(제휴 최저가 자동 쿠폰)4720원 할인,NCPN0000472,플러스,17164.0
2025-04-01,e-영업2,(제휴 최저가 자동 쿠폰)9410원 할인,NCPN0000941,플러스,17109.0
2025-04-01,e-영업2,(제휴 최저가 자동 쿠폰)18760원 할인,NCPN0001876,플러스,17055.0
2025-04-01,e-영업2,(제휴 최저가 자동 쿠폰)18700원 할인,NCPN0001870,플러스,17000.0
2025-04-01,e-영업2,(제휴 최저가 자동 쿠폰)9170원 할인,NCPN0000917,플러스,16673.0
2025-04-01,e-영업1,(제휴 최저가 자동 쿠폰)18250원 할인,NCPN0001825,플러스,16591.0
2025-04-01,e-영업1,(제휴 최저가 자동 쿠폰)18240원 할인,NCPN0001824,플러스,16582.0
2025-04-01,e-영업2,(제휴 최저가 자동 쿠폰)18230원 할인,NCPN0001823,플러스,16573.0
2025-04-01,e-영업1,(제휴 최저가 자동 쿠폰)18180원 할인,NCPN0001818,플러스,16527.0
2025-04-01,e-영업1,(제휴 최저가 자동 쿠폰)9070원 할인,NCPN0000907,플러스,16491.0
2025-04-01,e-영업1,(제휴 최저가 자동 쿠폰)18140원 할인,NCPN0001814,플러스,16491.0
2025-04-01,e-영업2,(제휴 최저가 자동 쿠폰)9050원 할인,NCPN0000905,플러스,16455.0
2025-04-01,e-영업1,"[제휴] [골든위크]4,500원 플러스 쿠폰",CPN1280541,플러스,16364.0
2025-04-01,e-영업2,"[제휴] [골든위크]4,500원 플러스 쿠폰",CPN1280541,플러스,16364.0
2025-04-01,e-영업2,"[제휴] [골든위크]18,000원 플러스 쿠폰",CPN1280528,플러스,16364.0
2025-04-01,e-영업2,(제휴 최저가 자동 쿠폰)4480원 할인,NCPN0000448,플러스,16291.0
2025-04-01,e-영업2,(제휴 최저가 자동 쿠폰)17750원 할인,NCPN0001775,플러스,16136.0
2025-04-01,e-영업1,(제휴 최저가 자동 쿠폰)17560원 할인,NCPN0001756,플러스,15964.0
2025-04-01,e-영업2,(제휴 최저가 자동 쿠폰)17560원 할인,NCPN0001756,플러스,15964.0
2025-04-01,e-영업2,(제휴 최저가 자동 쿠폰)17440원 할인,NCPN0001744,플러스,15855.0
2025-04-01,e-영업2,(제휴 최저가 자동 쿠폰)4330원 할인,NCPN0000433,플러스,15745.0
2025-04-01,e-영업2,(제휴 최저가 자동 쿠폰)17200원 할인,NCPN0001720,플러스,15636.0
2025-04-01,e-영업1,(제휴 최저가 자동 쿠폰)17020원 할인,NCPN0001702,플러스,15473.0
2025-04-01,e-영업2,(제휴 최저가 자동 쿠폰)16550원 할인,NCPN0001655,플러스,15045.0
2025-04-01,e-영업1,(제휴 최저가 자동 쿠폰)8270원 할인,NCPN0000827,플러스,15036.0
2025-04-01,e-영업2,(제휴 최저가 자동 쿠폰)16120원 할인,NCPN0001612,플러스,14655.0
2025-04-01,e-영업2,(제휴 최저가 자동 쿠폰)15990원 할인,NCPN0001599,플러스,14536.0
2025-04-01,e-영업2,(제휴 최저가 자동 쿠폰)7940원 할인,NCPN0000794,플러스,14436.0
2025-04-01,e-영업1,(제휴 최저가 자동 쿠폰)15810원 할인,NCPN0001581,플러스,14373.0
2025-04-01,e-영업2,(제휴 최저가 자동 쿠폰)15790원 할인,NCPN0001579,플러스,14355.0
2025-04-01,e-영업2,(제휴 최저가 자동 쿠폰)15770원 할인,NCPN0001577,플러스,14336.0
2025-04-01,e-영업1,(제휴 최저가 자동 쿠폰)15760원 할인,NCPN0001576,플러스,14327.0
2025-04-01,e-영업2,(제휴 최저가 자동 쿠폰)15510원 할인,NCPN0001551,플러스,14100.0
2025-04-01,e-영업2,(제휴 최저가 자동 쿠폰)5080원 할인,NCPN0000508,플러스,13855.0
2025-04-01,e-영업2,(제휴 최저가 자동 쿠폰)15040원 할인,NCPN0001504,플러스,13673.0
2025-04-01,e-영업2,(제휴 최저가 자동 쿠폰)5010원 할인,NCPN0000501,플러스,13664.0
2025-04-01,e-영업2,(제휴 최저가 자동 쿠폰)14910원 할인,NCPN0001491,플러스,13555.0
2025-04-01,e-영업2,(제휴 최저가 자동 쿠폰)14660원 할인,NCPN0001466,플러스,13327.0
2025-04-01,e-영업2,(제휴 최저가 자동 쿠폰)14570원 할인,NCPN0001457,플러스,13245.0
2025-04-01,e-영업2,(제휴 최저가 자동 쿠폰)14540원 할인,NCPN0001454,플러스,13218.0
2025-04-01,e-영업1,(제휴 최저가 자동 쿠폰)14510원 할인,NCPN0001451,플러스,13191.0
2025-04-01,e-영업1,(제휴 최저가 자동 쿠폰)7240원 할인,NCPN0000724,플러스,13164.0
2025-04-01,e-영업2,(제휴 최저가 자동 쿠폰)14200원 할인,NCPN0001420,플러스,12909.0
2025-04-01,e-영업1,(제휴 최저가 자동 쿠폰)14030원 할인,NCPN0001403,플러스,12755.0
2025-04-01,e-영업2,(제휴 최저가 자동 쿠폰)4590원 할인,NCPN0000459,플러스,12518.0
2025-04-01,e-영업1,(제휴 최저가 자동 쿠폰)13440원 할인,NCPN0001344,플러스,12218.0
2025-04-01,e-영업2,(제휴 최저가 자동 쿠폰)13230원 할인,NCPN0001323,플러스,12027.0
2025-04-01,e-영업2,(제휴 최저가 자동 쿠폰)13170원 할인,NCPN0001317,플러스,11973.0
2025-04-01,e-영업2,[제휴] [L+DAY] 5% 플러스 쿠폰 (최대 3만원 할인),CPN1253147,플러스,11827.0
2025-04-01,e-영업2,(제휴 최저가 자동 쿠폰)12890원 할인,NCPN0001289,플러스,11718.0
2025-04-01,e-영업2,(제휴 최저가 자동 쿠폰)12860원 할인,NCPN0001286,플러스,11691.0
2025-04-01,e-영업2,(제휴 최저가 자동 쿠폰)6330원 할인,NCPN0000633,플러스,11509.0
2025-04-01,e-영업2,(제휴 최저가 자동 쿠폰)12650원 할인,NCPN0001265,플러스,11500.0
2025-04-01,e-영업2,(제휴 최저가 자동 쿠폰)6290원 할인,NCPN0000629,플러스,11436.0
2025-04-01,e-영업1,(제휴 최저가 자동 쿠폰)12550원 할인,NCPN0001255,플러스,11409.0
2025-04-01,e-영업2,(제휴 최저가 자동 쿠폰)4180원 할인,NCPN0000418,플러스,11400.0
2025-04-01,e-영업1,(제휴 최저가 자동 쿠폰)6180원 할인,NCPN0000618,플러스,11236.0
2025-04-01,e-영업2,(제휴 최저가 자동 쿠폰)6180원 할인,NCPN0000618,플러스,11236.0
2025-04-01,e-영업1,(제휴 최저가 자동 쿠폰)12330원 할인,NCPN0001233,플러스,11209.0
2025-04-01,e-영업2,(제휴 최저가 자동 쿠폰)12300원 할인,NCPN0001230,플러스,11182.0
2025-04-01,e-영업2,(제휴 최저가 자동 쿠폰)12270원 할인,NCPN0001227,플러스,11155.0
2025-04-01,e-영업2,(제휴 최저가 자동 쿠폰)6130원 할인,NCPN0000613,플러스,11145.0
2025-04-01,e-영업2,(제휴 최저가 자동 쿠폰)12240원 할인,NCPN0001224,플러스,11127.0
2025-04-01,e-영업1,(제휴 최저가 자동 쿠폰)12110원 할인,NCPN0001211,플러스,11009.0
2025-04-01,e-영업2,(제휴 최저가 자동 쿠폰)12080원 할인,NCPN0001208,플러스,10982.0
2025-04-01,e-영업2,(제휴 최저가 자동 쿠폰)11950원 할인,NCPN0001195,플러스,10864.0
2025-04-01,e-영업1,(제휴 최저가 자동 쿠폰)3980원 할인,NCPN0000398,플러스,10855.0
2025-04-01,e-영업1,(제휴 최저가 자동 쿠폰)11770원 할인,NCPN0001177,플러스,10700.0
2025-04-01,e-영업2,(제휴 최저가 자동 쿠폰)11740원 할인,NCPN0001174,플러스,10673.0
2025-04-01,e-영업2,(제휴 최저가 자동 쿠폰)5840원 할인,NCPN0000584,플러스,10618.0
2025-04-01,e-영업1,[제휴] [L+DAY] 5% 플러스 쿠폰 (최대 3만원 할인),CPN1253147,플러스,10473.0
2025-04-01,e-영업1,(제휴 최저가 자동 쿠폰)5700원 할인,NCPN0000570,플러스,10364.0
2025-04-01,e-영업2,(제휴 최저가 자동 쿠폰)5630원 할인,NCPN0000563,플러스,10236.0
2025-04-01,e-영업1,(제휴 최저가 자동 쿠폰)11080원 할인,NCPN0001108,플러스,10073.0
2025-04-01,e-영업2,(제휴 최저가 자동 쿠폰)5540원 할인,NCPN0000554,플러스,10073.0
2025-04-01,e-영업2,(제휴 최저가 자동 쿠폰)10930원 할인,NCPN0001093,플러스,9936.0
2025-04-01,e-영업1,(제휴 최저가 자동 쿠폰)10880원 할인,NCPN0001088,플러스,9891.0
2025-04-01,e-영업1,(제휴 최저가 자동 쿠폰)10820원 할인,NCPN0001082,플러스,9836.0
2025-04-01,e-영업2,(제휴 최저가 자동 쿠폰)10730원 할인,NCPN0001073,플러스,9755.0
2025-04-01,e-영업1,(제휴 최저가 자동 쿠폰)10720원 할인,NCPN0001072,플러스,9745.0
2025-04-01,e-영업1,(제휴 최저가 자동 쿠폰)10600원 할인,NCPN0001060,플러스,9636.0
2025-04-01,e-영업2,(제휴 최저가 자동 쿠폰)5220원 할인,NCPN0000522,플러스,9491.0
2025-04-01,e-영업1,(제휴 최저가 자동 쿠폰)5150원 할인,NCPN0000515,플러스,9364.0
2025-04-01,e-영업2,(제휴 최저가 자동 쿠폰)10050원 할인,NCPN0001005,플러스,9136.0
2025-04-01,e-영업2,(제휴 최저가 자동 쿠폰)10000원 할인,NCPN0001000,플러스,9091.0
2025-04-01,e-영업2,(제휴 최저가 자동 쿠폰)9950원 할인,NCPN0000995,플러스,9045.0
2025-04-01,e-영업1,(제휴 최저가 자동 쿠폰)9730원 할인,NCPN0000973,플러스,8845.0
2025-04-01,e-영업2,(제휴 최저가 자동 쿠폰)9730원 할인,NCPN0000973,플러스,8845.0
2025-04-01,e-영업1,(제휴 최저가 자동 쿠폰)9430원 할인,NCPN0000943,플러스,8573.0
2025-04-01,e-영업2,(제휴 최저가 자동 쿠폰)9070원 할인,NCPN0000907,플러스,8245.0
2025-04-01,e-영업1,(제휴 최저가 자동 쿠폰)9030원 할인,NCPN0000903,플러스,8209.0
2025-04-01,e-영업2,(제휴 최저가 자동 쿠폰)9010원 할인,NCPN0000901,플러스,8191.0
2025-04-01,e-영업2,(제휴 최저가 자동 쿠폰)8980원 할인,NCPN0000898,플러스,8164.0
2025-04-01,e-영업2,(제휴 최저가 자동 쿠폰)8920원 할인,NCPN0000892,플러스,8109.0
2025-04-01,e-영업2,(제휴 최저가 자동 쿠폰)8830원 할인,NCPN0000883,플러스,8027.0
2025-04-01,e-영업1,(제휴 최저가 자동 쿠폰)8470원 할인,NCPN0000847,플러스,7700.0
2025-04-01,e-영업2,(제휴 최저가 자동 쿠폰)8240원 할인,NCPN0000824,플러스,7491.0
2025-04-01,e-영업1,(제휴 최저가 자동 쿠폰)4110원 할인,NCPN0000411,플러스,7473.0
2025-04-01,e-영업1,(제휴 최저가 자동 쿠폰)8080원 할인,NCPN0000808,플러스,7345.0
2025-04-01,e-영업2,(제휴 최저가 자동 쿠폰)8070원 할인,NCPN0000807,플러스,7336.0
2025-04-01,e-영업2,(제휴 최저가 자동 쿠폰)8040원 할인,NCPN0000804,플러스,7309.0
2025-04-01,e-영업1,(제휴 최저가 자동 쿠폰)8030원 할인,NCPN0000803,플러스,7300.0
2025-04-01,e-영업1,(제휴 최저가 자동 쿠폰)7950원 할인,NCPN0000795,플러스,7227.0
2025-04-01,e-영업2,(제휴 최저가 자동 쿠폰)3970원 할인,NCPN0000397,플러스,7218.0
2025-04-01,e-영업1,(제휴 최저가 자동 쿠폰)7930원 할인,NCPN0000793,플러스,7209.0
2025-04-01,e-영업1,(제휴 최저가 자동 쿠폰)7610원 할인,NCPN0000761,플러스,6918.0
2025-04-01,e-영업2,(제휴 최저가 자동 쿠폰)7550원 할인,NCPN0000755,플러스,6864.0
2025-04-01,e-영업2,(제휴 최저가 자동 쿠폰)7510원 할인,NCPN0000751,플러스,6827.0
2025-04-01,e-영업2,"[제휴] [골든위크]7,500원 플러스 쿠폰",CPN1280535,플러스,6818.0
2025-04-01,e-영업2,(제휴 최저가 자동 쿠폰)7410원 할인,NCPN0000741,플러스,6736.0
2025-04-01,e-영업2,(제휴 최저가 자동 쿠폰)7350원 할인,NCPN0000735,플러스,6682.0
2025-04-01,e-영업2,(제휴 최저가 자동 쿠폰)7220원 할인,NCPN0000722,플러스,6564.0
2025-04-01,e-영업1,(제휴 최저가 자동 쿠폰)7090원 할인,NCPN0000709,플러스,6445.0
2025-04-01,e-영업2,(제휴 최저가 자동 쿠폰)7050원 할인,NCPN0000705,플러스,6409.0
2025-04-01,e-영업2,(제휴 최저가 자동 쿠폰)6840원 할인,NCPN0000684,플러스,6218.0
2025-04-01,e-영업1,(제휴 최저가 자동 쿠폰)6560원 할인,NCPN0000656,플러스,5964.0
2025-04-01,e-영업2,(제휴 최저가 자동 쿠폰)6560원 할인,NCPN0000656,플러스,5964.0
2025-04-01,e-영업1,(제휴 최저가 자동 쿠폰)6440원 할인,NCPN0000644,플러스,5855.0
2025-04-01,e-영업1,(제휴 최저가 자동 쿠폰)6410원 할인,NCPN0000641,플러스,5827.0
2025-04-01,e-영업2,(제휴 최저가 자동 쿠폰)6220원 할인,NCPN0000622,플러스,5655.0
2025-04-01,e-영업1,(제휴 최저가 자동 쿠폰)6170원 할인,NCPN0000617,플러스,5609.0
2025-04-01,e-영업2,(제휴 최저가 자동 쿠폰)6060원 할인,NCPN0000606,플러스,5509.0
2025-04-01,e-영업1,(제휴 최저가 자동 쿠폰)6050원 할인,NCPN0000605,플러스,5500.0
2025-04-01,e-영업2,(제휴 최저가 자동 쿠폰)6050원 할인,NCPN0000605,플러스,5500.0
2025-04-01,e-영업2,(제휴 최저가 자동 쿠폰)5950원 할인,NCPN0000595,플러스,5409.0
2025-04-01,e-영업1,(제휴 최저가 자동 쿠폰)5890원 할인,NCPN0000589,플러스,5355.0
2025-04-01,e-영업2,(제휴 최저가 자동 쿠폰)5890원 할인,NCPN0000589,플러스,5355.0
2025-04-01,e-영업1,(제휴 최저가 자동 쿠폰)5840원 할인,NCPN0000584,플러스,5309.0
2025-04-01,e-영업1,(제휴 최저가 자동 쿠폰)5320원 할인,NCPN0000532,플러스,4836.0
2025-04-01,e-영업2,(제휴 최저가 자동 쿠폰)5150원 할인,NCPN0000515,플러스,4682.0
2025-04-01,e-영업1,(제휴 최저가 자동 쿠폰)5130원 할인,NCPN0000513,플러스,4664.0
2025-04-01,e-영업2,(제휴 최저가 자동 쿠폰)4860원 할인,NCPN0000486,플러스,4418.0
2025-04-01,e-영업1,(제휴 최저가 자동 쿠폰)4710원 할인,NCPN0000471,플러스,4282.0
2025-04-01,e-영업2,(제휴 최저가 자동 쿠폰)4710원 할인,NCPN0000471,플러스,4282.0
2025-04-01,e-영업1,(제휴 최저가 자동 쿠폰)1130원 할인,NCPN0000113,플러스,4109.0
2025-04-01,e-영업1,(제휴 최저가 자동 쿠폰)4470원 할인,NCPN0000447,플러스,4064.0
2025-04-01,e-영업1,(제휴 최저가 자동 쿠폰)4450원 할인,NCPN0000445,플러스,4045.0
2025-04-01,e-영업2,(제휴 최저가 자동 쿠폰)4380원 할인,NCPN0000438,플러스,3982.0
2025-04-01,e-영업2,(제휴 최저가 자동 쿠폰)4210원 할인,NCPN0000421,플러스,3827.0
2025-04-01,e-영업2,(제휴 최저가 자동 쿠폰)4120원 할인,NCPN0000412,플러스,3745.0
2025-04-01,e-영업2,(제휴 최저가 자동 쿠폰)4010원 할인,NCPN0000401,플러스,3645.0
2025-04-01,e-영업1,(제휴 최저가 자동 쿠폰)3820원 할인,NCPN0000382,플러스,3473.0
2025-04-01,e-영업2,(제휴 최저가 자동 쿠폰)3570원 할인,NCPN0000357,플러스,3245.0
2025-04-01,e-영업2,(제휴 최저가 자동 쿠폰)1130원 할인,NCPN0000113,플러스,3082.0
2025-04-01,e-영업1,(제휴 최저가 자동 쿠폰)3290원 할인,NCPN0000329,플러스,2991.0
2025-04-01,e-영업2,(제휴 최저가 자동 쿠폰)3280원 할인,NCPN0000328,플러스,2982.0
2025-04-01,e-영업2,(제휴 최저가 자동 쿠폰)3260원 할인,NCPN0000326,플러스,2964.0
2025-04-01,e-영업2,(제휴 최저가 자동 쿠폰)2660원 할인,NCPN0000266,플러스,2418.0
2025-04-01,e-영업2,(제휴 최저가 자동 쿠폰)2320원 할인,NCPN0000232,플러스,2109.0
2025-04-01,e-영업2,(제휴 최저가 자동 쿠폰)2270원 할인,NCPN0000227,플러스,2064.0
2025-04-01,e-영업1,(제휴 최저가 자동 쿠폰)2260원 할인,NCPN0000226,플러스,2055.0
2025-04-01,e-영업1,(제휴 최저가 자동 쿠폰)1270원 할인,NCPN0000127,플러스,1155.0
2025-04-01,e-영업1,(제휴 최저가 자동 쿠폰)1040원 할인,NCPN0000104,플러스,945.0
2025-04-01,e-영업2,(제휴 최저가 자동 쿠폰)980원 할인,NCPN0000098,플러스,891.0
2025-04-01,e-영업2,(제휴 최저가 자동 쿠폰)690원 할인,NCPN0000069,플러스,627.0
2025-04-01,e-영업1,(제휴 최저가 자동 쿠폰)350원 할인,NCPN0000035,플러스,318.0
2025-04-01,e-영업2,(제휴 최저가 자동 쿠폰)350원 할인,NCPN0000035,플러스,318.0
2025-04-01,e-영업2,(제휴 최저가 자동 쿠폰)240원 할인,NCPN0000024,플러스,218.0
2025-04-01,e-영업2,(제휴 최저가 자동 쿠폰)10원 할인,NCPN0000001,플러스,145.0
2025-04-01,e-영업2,(제휴 최저가 자동 쿠폰)20원 할인,NCPN0000002,플러스,73.0
2025-04-01,e-영업1,(제휴 최저가 자동 쿠폰)10원 할인,NCPN0000001,플러스,55.0
2025-04-01,e-영업1,(제휴 최저가 자동 쿠폰)1880원 할인,NCPN0000188,플러스,-1709.0
2025-04-01,e-영업2,(제휴 최저가 자동 쿠폰)3770원 할인,NCPN0000377,플러스,-3427.0
2025-04-01,e-영업1,[제휴전용] 7% 플러스쿠폰,CPN1214384,플러스,-5473.0
2025-04-01,e-영업2,(제휴 최저가 자동 쿠폰)8990원 할인,NCPN0000899,플러스,-8173.0
2025-04-01,e-영업2,(제휴 최저가 자동 쿠폰)9900원 할인,NCPN0000990,플러스,-9000.0
2025-04-01,e-영업2,(제휴 최저가 자동 쿠폰)10060원 할인,NCPN0001006,플러스,-9145.0
2025-04-01,e-영업2,(제휴 최저가 자동 쿠폰)10290원 할인,NCPN0001029,플러스,-9355.0
2025-04-01,e-영업2,(제휴 최저가 자동 쿠폰)10990원 할인,NCPN0001099,플러스,-9991.0
2025-04-01,e-영업2,(제휴 최저가 자동 쿠폰)11030원 할인,NCPN0001103,플러스,-10027.0
2025-04-01,e-영업2,(제휴 최저가 자동 쿠폰)12170원 할인,NCPN0001217,플러스,-11064.0
2025-04-01,e-영업2,[제휴쿠폰] [WEEKEND SALE] 플러스 5% 쿠폰,CPN1236603,플러스,-13964.0
2025-04-01,e-영업2,(제휴 최저가 자동 쿠폰)15500원 할인,NCPN0001550,플러스,-14091.0
2025-04-01,e-영업2,(제휴 최저가 자동 쿠폰)15810원 할인,NCPN0001581,플러스,-14373.0
2025-04-01,e-영업2,(제휴 최저가 자동 쿠폰)21840원 할인,NCPN0002184,플러스,-19855.0
2025-04-01,e-영업1,네이버쇼핑_10% 쿠폰 ,CPN903635,플러스,-23427.0
2025-04-01,e-영업1,[네이버전용] 7% 플러스쿠폰,CPN1214381,플러스,-23673.0
2025-04-01,e-영업2,(제휴 최저가 자동 쿠폰)30000원 할인,NCPN0003000,플러스,-27273.0
2025-04-01,e-영업2,[네이버전용] 7% 플러스쿠폰,CPN1214381,플러스,-41773.0
2025-04-01,e-영업1,[제휴쿠폰] [WEEKEND SALE] 플러스 5% 쿠폰,CPN1236603,플러스,-55282.0
2025-05-01,e-영업1,[제휴전용] 12% 할인(IE),CPN703554,일반,1123264.0
2025-05-01,e-영업2,[제휴전용] 10%추가할인 (이월 ACC),CPN383518,플러스,11553973.0
2025-05-01,e-영업2,[제휴전용] 7%추가할인 (이월 남성),CPN409203,플러스,11401227.0
2025-05-01,e-영업2,[제휴전용] 7%추가할인 (이월 여성),CPN409201,플러스,4566973.0
2025-05-01,e-영업2,[제휴전용] 9%추가할인 (이월 남성),CPN409204,플러스,4247309.0
2025-05-01,e-영업2,[제휴전용] 9%추가할인 (이월 여성),CPN409202,플러스,3950436.0
2025-05-01,e-영업2,[제휴전용] 8%추가할인 (이월 슈즈),CPN384029,플러스,2754755.0
2025-05-01,e-영업1,[제휴쿠폰] LF몰 8% 플러스 쿠폰,CPN1318603,플러스,938073.0
2025-05-01,e-영업2,(제휴 최저가 자동 쿠폰)9780원 할인,NCPN0000978,플러스,862418.0
2025-05-01,e-영업2,[제휴쿠폰] [L+DAY] 10% 플러스 쿠폰,CPN1305536,플러스,700345.0
2025-05-01,e-영업2,[제휴할인] 5%추가할인 (이월 남성),CPN383907,플러스,604827.0
2025-05-01,e-영업2,[제휴전용] 8% 추가할인 (이월 골프),CPN514212,플러스,599055.0
2025-05-01,e-영업2,[제휴전용] 8%추가할인 (이월 골프),CPN383905,플러스,574218.0
2025-05-01,e-영업2,[제휴쿠폰] LF몰 8% 플러스 쿠폰,CPN1318603,플러스,459300.0
2025-05-01,e-영업1,[제휴쿠폰] [L+DAY] 10% 플러스 쿠폰,CPN1305536,플러스,367045.0
2025-05-01,e-영업2,(제휴 최저가 자동 쿠폰)5480원 할인,NCPN0000548,플러스,254073.0
2025-05-01,e-영업2,(제휴 최저가 자동 쿠폰)10820원 할인,NCPN0001082,플러스,216400.0
2025-05-01,e-영업1,(제휴 최저가 자동 쿠폰)19630원 할인,NCPN0001963,플러스,214145.0
2025-05-01,e-영업2,(제휴 최저가 자동 쿠폰)10720원 할인,NCPN0001072,플러스,204655.0
2025-05-01,e-영업2,(제휴 최저가 자동 쿠폰)19810원 할인,NCPN0001981,플러스,198100.0
2025-05-01,e-영업1,(제휴 최저가 자동 쿠폰)19810원 할인,NCPN0001981,플러스,180091.0
2025-05-01,e-영업1,(제휴 최저가 자동 쿠폰)17440원 할인,NCPN0001744,플러스,174400.0
2025-05-01,e-영업1,(제휴 최저가 자동 쿠폰)16830원 할인,NCPN0001683,플러스,168300.0
2025-05-01,e-영업2,[제휴전용] 4%추가할인 (이월 여성),CPN384742,플러스,166255.0
2025-05-01,e-영업2,(제휴 최저가 자동 쿠폰)10080원 할인,NCPN0001008,플러스,164945.0
2025-05-01,e-영업2,(제휴 최저가 자동 쿠폰)9730원 할인,NCPN0000973,플러스,159218.0
2025-05-01,e-영업2,(제휴 최저가 자동 쿠폰)12550원 할인,NCPN0001255,플러스,148318.0
2025-05-01,e-영업1,(제휴 최저가 자동 쿠폰)18260원 할인,NCPN0001826,플러스,132800.0
2025-05-01,e-영업1,(제휴 최저가 자동 쿠폰)29050원 할인,NCPN0002905,플러스,132045.0
2025-05-01,e-영업1,(제휴 최저가 자동 쿠폰)9800원 할인,NCPN0000980,플러스,124727.0
2025-05-01,e-영업1,(제휴 최저가 자동 쿠폰)22610원 할인,NCPN0002261,플러스,123327.0
2025-05-01,e-영업1,[제휴쿠폰] [L+DAY] 7% 플러스 쿠폰,CPN1305530,플러스,121291.0
2025-05-01,e-영업2,(제휴 최저가 자동 쿠폰)26390원 할인,NCPN0002639,플러스,119955.0
2025-05-01,e-영업2,(제휴 최저가 자동 쿠폰)18140원 할인,NCPN0001814,플러스,115436.0
2025-05-01,e-영업2,(제휴 최저가 자동 쿠폰)9040원 할인,NCPN0000904,플러스,115055.0
2025-05-01,e-영업2,(제휴 최저가 자동 쿠폰)8980원 할인,NCPN0000898,플러스,114291.0
2025-05-01,e-영업1,(제휴 최저가 자동 쿠폰)15220원 할인,NCPN0001522,플러스,110691.0
2025-05-01,e-영업2,(제휴 최저가 자동 쿠폰)9970원 할인,NCPN0000997,플러스,108764.0
2025-05-01,e-영업2,(제휴 최저가 자동 쿠폰)14690원 할인,NCPN0001469,플러스,106836.0
2025-05-01,e-영업2,[제휴쿠폰] [WEEKEND SALE] 플러스 5% 쿠폰,CPN1318078,플러스,100227.0
2025-05-01,e-영업2,(제휴 최저가 자동 쿠폰)13700원 할인,NCPN0001370,플러스,99636.0
2025-05-01,e-영업2,(제휴 최저가 자동 쿠폰)9960원 할인,NCPN0000996,플러스,99600.0
2025-05-01,e-영업2,(제휴 최저가 자동 쿠폰)12080원 할인,NCPN0001208,플러스,98836.0
2025-05-01,e-영업2,(제휴 최저가 자동 쿠폰)53640원 할인,NCPN0005364,플러스,97527.0
2025-05-01,e-영업1,[제휴쿠폰] [WEEKEND SALE] 플러스 5% 쿠폰,CPN1309449,플러스,95418.0
2025-05-01,e-영업1,[제휴쿠폰] [WEEKEND SALE] 플러스 5% 쿠폰,CPN1299744,플러스,95164.0
2025-05-01,e-영업1,(제휴 최저가 자동 쿠폰)20710원 할인,NCPN0002071,플러스,94136.0
2025-05-01,e-영업2,(제휴 최저가 자동 쿠폰)5080원 할인,NCPN0000508,플러스,92364.0
2025-05-01,e-영업2,(제휴 최저가 자동 쿠폰)15510원 할인,NCPN0001551,플러스,84600.0
2025-05-01,e-영업1,(제휴 최저가 자동 쿠폰)12890원 할인,NCPN0001289,플러스,82027.0
2025-05-01,e-영업2,[제휴쿠폰] [WEEKEND SALE] 플러스 5% 쿠폰,CPN1299744,플러스,81527.0
2025-05-01,e-영업2,(제휴 최저가 자동 쿠폰)12240원 할인,NCPN0001224,플러스,77891.0
2025-05-01,e-영업1,(제휴 최저가 자동 쿠폰)10630원 할인,NCPN0001063,플러스,77309.0
2025-05-01,e-영업2,(제휴 최저가 자동 쿠폰)6940원 할인,NCPN0000694,플러스,75709.0
2025-05-01,e-영업1,(제휴 최저가 자동 쿠폰)81570원 할인,NCPN0008157,플러스,74155.0
2025-05-01,e-영업2,(제휴 최저가 자동 쿠폰)11620원 할인,NCPN0001162,플러스,73945.0
2025-05-01,e-영업2,(제휴 최저가 자동 쿠폰)40130원 할인,NCPN0004013,플러스,72964.0
2025-05-01,e-영업2,(제휴 최저가 자동 쿠폰)15990원 할인,NCPN0001599,플러스,72682.0
2025-05-01,e-영업1,(제휴 최저가 자동 쿠폰)9730원 할인,NCPN0000973,플러스,70764.0
2025-05-01,e-영업1,(제휴 최저가 자동 쿠폰)19240원 할인,NCPN0001924,플러스,69964.0
2025-05-01,e-영업1,(제휴 최저가 자동 쿠폰)12160원 할인,NCPN0001216,플러스,66327.0
2025-05-01,e-영업1,[제휴쿠폰] [WEEKEND SALE] 플러스 5% 쿠폰,CPN1318078,플러스,66255.0
2025-05-01,e-영업1,(제휴 최저가 자동 쿠폰)8970원 할인,NCPN0000897,플러스,65236.0
2025-05-01,e-영업2,(제휴 최저가 자동 쿠폰)8970원 할인,NCPN0000897,플러스,65236.0
2025-05-01,e-영업2,(제휴 최저가 자동 쿠폰)14320원 할인,NCPN0001432,플러스,65091.0
2025-05-01,e-영업2,(제휴 최저가 자동 쿠폰)7950원 할인,NCPN0000795,플러스,65045.0
2025-05-01,e-영업2,(제휴 최저가 자동 쿠폰)34130원 할인,NCPN0003413,플러스,62055.0
2025-05-01,e-영업2,(제휴 최저가 자동 쿠폰)21840원 할인,NCPN0002184,플러스,59564.0
2025-05-01,e-영업2,(제휴 최저가 자동 쿠폰)21530원 할인,NCPN0002153,플러스,58718.0
2025-05-01,e-영업1,(제휴 최저가 자동 쿠폰)12430원 할인,NCPN0001243,플러스,56500.0
2025-05-01,e-영업2,(제휴 최저가 자동 쿠폰)30100원 할인,NCPN0003010,플러스,54727.0
2025-05-01,e-영업2,(제휴 최저가 자동 쿠폰)30060원 할인,NCPN0003006,플러스,54655.0
2025-05-01,e-영업2,(제휴 최저가 자동 쿠폰)14540원 할인,NCPN0001454,플러스,52873.0
2025-05-01,e-영업2,(제휴 최저가 자동 쿠폰)28760원 할인,NCPN0002876,플러스,52291.0
2025-05-01,e-영업2,[제휴쿠폰] [WEEKEND SALE] 플러스 5% 쿠폰,CPN1309449,플러스,51218.0
2025-05-01,e-영업2,(제휴 최저가 자동 쿠폰)13810원 할인,NCPN0001381,플러스,50218.0
2025-05-01,e-영업2,(제휴 최저가 자동 쿠폰)13740원 할인,NCPN0001374,플러스,49964.0
2025-05-01,e-영업1,(제휴 최저가 자동 쿠폰)13700원 할인,NCPN0001370,플러스,49818.0
2025-05-01,e-영업2,(제휴 최저가 자동 쿠폰)10880원 할인,NCPN0001088,플러스,49455.0
2025-05-01,e-영업1,(제휴 최저가 자동 쿠폰)9040원 할인,NCPN0000904,플러스,49309.0
2025-05-01,e-영업2,(제휴 최저가 자동 쿠폰)9020원 할인,NCPN0000902,플러스,49200.0
2025-05-01,e-영업1,(제휴 최저가 자동 쿠폰)26710원 할인,NCPN0002671,플러스,48564.0
2025-05-01,e-영업1,(제휴 최저가 자동 쿠폰)17660원 할인,NCPN0001766,플러스,48164.0
2025-05-01,e-영업2,(제휴 최저가 자동 쿠폰)26280원 할인,NCPN0002628,플러스,47782.0
2025-05-01,e-영업2,(제휴 최저가 자동 쿠폰)52370원 할인,NCPN0005237,플러스,47609.0
2025-05-01,e-영업2,(제휴 최저가 자동 쿠폰)51300원 할인,NCPN0005130,플러스,46636.0
2025-05-01,e-영업1,(제휴 최저가 자동 쿠폰)10040원 할인,NCPN0001004,플러스,45636.0
2025-05-01,e-영업1,(제휴 최저가 자동 쿠폰)25020원 할인,NCPN0002502,플러스,45491.0
2025-05-01,e-영업2,(제휴 최저가 자동 쿠폰)24960원 할인,NCPN0002496,플러스,45382.0
2025-05-01,e-영업1,(제휴 최저가 자동 쿠폰)16600원 할인,NCPN0001660,플러스,45273.0
2025-05-01,e-영업2,(제휴 최저가 자동 쿠폰)49320원 할인,NCPN0004932,플러스,44836.0
2025-05-01,e-영업2,(제휴 최저가 자동 쿠폰)12230원 할인,NCPN0001223,플러스,44473.0
2025-05-01,e-영업1,(제휴 최저가 자동 쿠폰)15500원 할인,NCPN0001550,플러스,42273.0
2025-05-01,e-영업2,(제휴 최저가 자동 쿠폰)22610원 할인,NCPN0002261,플러스,41109.0
2025-05-01,e-영업2,(제휴 최저가 자동 쿠폰)22570원 할인,NCPN0002257,플러스,41036.0
2025-05-01,e-영업1,[제휴전용] 10%추가할인 (골프/스포츠),CPN413857,플러스,40627.0
2025-05-01,e-영업2,(제휴 최저가 자동 쿠폰)8830원 할인,NCPN0000883,플러스,40136.0
2025-05-01,e-영업2,(제휴 최저가 자동 쿠폰)14530원 할인,NCPN0001453,플러스,39627.0
2025-05-01,e-영업1,(제휴 최저가 자동 쿠폰)10820원 할인,NCPN0001082,플러스,39345.0
2025-05-01,e-영업1,(제휴 최저가 자동 쿠폰)21520원 할인,NCPN0002152,플러스,39127.0
2025-05-01,e-영업1,(제휴 최저가 자동 쿠폰)14120원 할인,NCPN0001412,플러스,38509.0
2025-05-01,e-영업1,(제휴 최저가 자동 쿠폰)13810원 할인,NCPN0001381,플러스,37664.0
2025-05-01,e-영업1,(제휴 최저가 자동 쿠폰)8270원 할인,NCPN0000827,플러스,37591.0
2025-05-01,e-영업2,[제휴쿠폰] [L+DAY] 7% 플러스 쿠폰,CPN1305530,플러스,37573.0
2025-05-01,e-영업1,(제휴 최저가 자동 쿠폰)19910원 할인,NCPN0001991,플러스,36200.0
2025-05-01,e-영업2,(제휴 최저가 자동 쿠폰)19560원 할인,NCPN0001956,플러스,35564.0
2025-05-01,e-영업2,(제휴 최저가 자동 쿠폰)18480원 할인,NCPN0001848,플러스,33600.0
2025-05-01,e-영업2,(제휴 최저가 자동 쿠폰)7310원 할인,NCPN0000731,플러스,33227.0
2025-05-01,e-영업1,(제휴 최저가 자동 쿠폰)18220원 할인,NCPN0001822,플러스,33127.0
2025-05-01,e-영업2,(제휴 최저가 자동 쿠폰)9080원 할인,NCPN0000908,플러스,33018.0
2025-05-01,e-영업2,(제휴 최저가 자동 쿠폰)17960원 할인,NCPN0001796,플러스,32655.0
2025-05-01,e-영업2,(제휴 최저가 자동 쿠폰)4480원 할인,NCPN0000448,플러스,32582.0
2025-05-01,e-영업2,(제휴 최저가 자동 쿠폰)17360원 할인,NCPN0001736,플러스,31564.0
2025-05-01,e-영업1,(제휴 최저가 자동 쿠폰)34060원 할인,NCPN0003406,플러스,30964.0
2025-05-01,e-영업2,(제휴 최저가 자동 쿠폰)11000원 할인,NCPN0001100,플러스,30000.0
2025-05-01,e-영업1,(제휴 최저가 자동 쿠폰)10990원 할인,NCPN0001099,플러스,29973.0
2025-05-01,e-영업2,(제휴 최저가 자동 쿠폰)16150원 할인,NCPN0001615,플러스,29364.0
2025-05-01,e-영업1,(제휴 최저가 자동 쿠폰)10730원 할인,NCPN0001073,플러스,29264.0
2025-05-01,e-영업2,(제휴 최저가 자동 쿠폰)31870원 할인,NCPN0003187,플러스,28973.0
2025-05-01,e-영업2,(제휴 최저가 자동 쿠폰)15790원 할인,NCPN0001579,플러스,28709.0
2025-05-01,e-영업2,(제휴 최저가 자동 쿠폰)15640원 할인,NCPN0001564,플러스,28436.0
2025-05-01,e-영업2,(제휴 최저가 자동 쿠폰)4460원 할인,NCPN0000446,플러스,28382.0
2025-05-01,e-영업2,(제휴 최저가 자동 쿠폰)5150원 할인,NCPN0000515,플러스,28091.0
2025-05-01,e-영업2,(제휴 최저가 자동 쿠폰)10070원 할인,NCPN0001007,플러스,27464.0
2025-05-01,e-영업2,(제휴 최저가 자동 쿠폰)30160원 할인,NCPN0003016,플러스,27418.0
2025-05-01,e-영업1,(제휴 최저가 자동 쿠폰)15020원 할인,NCPN0001502,플러스,27309.0
2025-05-01,e-영업1,(제휴 최저가 자동 쿠폰)10000원 할인,NCPN0001000,플러스,27273.0
2025-05-01,e-영업2,(제휴 최저가 자동 쿠폰)14710원 할인,NCPN0001471,플러스,26745.0
2025-05-01,e-영업1,(제휴 최저가 자동 쿠폰)9600원 할인,NCPN0000960,플러스,26182.0
2025-05-01,e-영업1,(제휴 최저가 자동 쿠폰)14320원 할인,NCPN0001432,플러스,26036.0
2025-05-01,e-영업2,(제휴 최저가 자동 쿠폰)14310원 할인,NCPN0001431,플러스,26018.0
2025-05-01,e-영업2,(제휴 최저가 자동 쿠폰)9410원 할인,NCPN0000941,플러스,25664.0
2025-05-01,e-영업2,(제휴 최저가 자동 쿠폰)28010원 할인,NCPN0002801,플러스,25464.0
2025-05-01,e-영업2,(제휴 최저가 자동 쿠폰)9270원 할인,NCPN0000927,플러스,25282.0
2025-05-01,e-영업1,(제휴 최저가 자동 쿠폰)27800원 할인,NCPN0002780,플러스,25273.0
2025-05-01,e-영업2,(제휴 최저가 자동 쿠폰)5540원 할인,NCPN0000554,플러스,25182.0
2025-05-01,e-영업2,(제휴 최저가 자동 쿠폰)27070원 할인,NCPN0002707,플러스,24609.0
2025-05-01,e-영업1,[제휴쿠폰] [L+DAY] 5% 플러스 쿠폰,CPN1305528,플러스,24564.0
2025-05-01,e-영업1,(제휴 최저가 자동 쿠폰)4460원 할인,NCPN0000446,플러스,24327.0
2025-05-01,e-영업2,(제휴 최저가 자동 쿠폰)8920원 할인,NCPN0000892,플러스,24327.0
2025-05-01,e-영업2,(제휴 최저가 자동 쿠폰)26480원 할인,NCPN0002648,플러스,24073.0
2025-05-01,e-영업2,(제휴 최저가 자동 쿠폰)13170원 할인,NCPN0001317,플러스,23945.0
2025-05-01,e-영업2,(제휴 최저가 자동 쿠폰)25850원 할인,NCPN0002585,플러스,23500.0
2025-05-01,e-영업1,(제휴 최저가 자동 쿠폰)8510원 할인,NCPN0000851,플러스,23209.0
2025-05-01,e-영업2,(제휴 최저가 자동 쿠폰)8470원 할인,NCPN0000847,플러스,23100.0
2025-05-01,e-영업2,(제휴 최저가 자동 쿠폰)12640원 할인,NCPN0001264,플러스,22982.0
2025-05-01,e-영업2,(제휴 최저가 자동 쿠폰)25020원 할인,NCPN0002502,플러스,22745.0
2025-05-01,e-영업1,(제휴 최저가 자동 쿠폰)12270원 할인,NCPN0001227,플러스,22309.0
2025-05-01,e-영업2,(제휴 최저가 자동 쿠폰)24170원 할인,NCPN0002417,플러스,21973.0
2025-05-01,e-영업1,(제휴 최저가 자동 쿠폰)23690원 할인,NCPN0002369,플러스,21536.0
2025-05-01,e-영업2,(제휴 최저가 자동 쿠폰)23230원 할인,NCPN0002323,플러스,21118.0
2025-05-01,e-영업1,(제휴 최저가 자동 쿠폰)21840원 할인,NCPN0002184,플러스,19855.0
2025-05-01,e-영업2,(제휴 최저가 자동 쿠폰)21490원 할인,NCPN0002149,플러스,19536.0
2025-05-01,e-영업2,(제휴 최저가 자동 쿠폰)7090원 할인,NCPN0000709,플러스,19336.0
2025-05-01,e-영업1,(제휴 최저가 자동 쿠폰)20830원 할인,NCPN0002083,플러스,18936.0
2025-05-01,e-영업2,(제휴 최저가 자동 쿠폰)20830원 할인,NCPN0002083,플러스,18936.0
2025-05-01,e-영업1,(제휴 최저가 자동 쿠폰)20520원 할인,NCPN0002052,플러스,18655.0
2025-05-01,e-영업1,(제휴 최저가 자동 쿠폰)20490원 할인,NCPN0002049,플러스,18627.0
2025-05-01,e-영업2,(제휴 최저가 자동 쿠폰)10090원 할인,NCPN0001009,플러스,18345.0
2025-05-01,e-영업2,(제휴 최저가 자동 쿠폰)20130원 할인,NCPN0002013,플러스,18300.0
2025-05-01,e-영업1,(제휴 최저가 자동 쿠폰)19700원 할인,NCPN0001970,플러스,17909.0
2025-05-01,e-영업2,(제휴 최저가 자동 쿠폰)19590원 할인,NCPN0001959,플러스,17809.0
2025-05-01,e-영업2,(제휴 최저가 자동 쿠폰)9710원 할인,NCPN0000971,플러스,17655.0
2025-05-01,e-영업2,(제휴 최저가 자동 쿠폰)19350원 할인,NCPN0001935,플러스,17591.0
2025-05-01,e-영업2,(제휴 최저가 자동 쿠폰)19210원 할인,NCPN0001921,플러스,17464.0
2025-05-01,e-영업2,(제휴 최저가 자동 쿠폰)19200원 할인,NCPN0001920,플러스,17455.0
2025-05-01,e-영업1,(제휴 최저가 자동 쿠폰)18640원 할인,NCPN0001864,플러스,16945.0
2025-05-01,e-영업2,(제휴 최저가 자동 쿠폰)6170원 할인,NCPN0000617,플러스,16827.0
2025-05-01,e-영업2,(제휴 최저가 자동 쿠폰)18410원 할인,NCPN0001841,플러스,16736.0
2025-05-01,e-영업2,(제휴 최저가 자동 쿠폰)9190원 할인,NCPN0000919,플러스,16709.0
2025-05-01,e-영업2,(제휴 최저가 자동 쿠폰)18310원 할인,NCPN0001831,플러스,16645.0
2025-05-01,e-영업2,(제휴 최저가 자동 쿠폰)18300원 할인,NCPN0001830,플러스,16636.0
2025-05-01,e-영업1,(제휴 최저가 자동 쿠폰)18280원 할인,NCPN0001828,플러스,16618.0
2025-05-01,e-영업2,(제휴 최저가 자동 쿠폰)9060원 할인,NCPN0000906,플러스,16473.0
2025-05-01,e-영업1,(제휴 최저가 자동 쿠폰)9030원 할인,NCPN0000903,플러스,16418.0
2025-05-01,e-영업1,(제휴 최저가 자동 쿠폰)4470원 할인,NCPN0000447,플러스,16255.0
2025-05-01,e-영업2,(제휴 최저가 자동 쿠폰)17700원 할인,NCPN0001770,플러스,16091.0
2025-05-01,e-영업2,(제휴 최저가 자동 쿠폰)5860원 할인,NCPN0000586,플러스,15982.0
2025-05-01,e-영업1,(제휴 최저가 자동 쿠폰)17560원 할인,NCPN0001756,플러스,15964.0
2025-05-01,e-영업2,(제휴 최저가 자동 쿠폰)17560원 할인,NCPN0001756,플러스,15964.0
2025-05-01,e-영업1,(제휴 최저가 자동 쿠폰)17020원 할인,NCPN0001702,플러스,15473.0
2025-05-01,e-영업1,(제휴 최저가 자동 쿠폰)16690원 할인,NCPN0001669,플러스,15173.0
2025-05-01,e-영업1,(제휴 최저가 자동 쿠폰)8080원 할인,NCPN0000808,플러스,14691.0
2025-05-01,e-영업2,(제휴 최저가 자동 쿠폰)8030원 할인,NCPN0000803,플러스,14600.0
2025-05-01,e-영업2,[제휴쿠폰] [L+DAY] 5% 플러스 쿠폰,CPN1305528,플러스,14582.0
2025-05-01,e-영업2,(제휴 최저가 자동 쿠폰)5310원 할인,NCPN0000531,플러스,14482.0
2025-05-01,e-영업1,(제휴 최저가 자동 쿠폰)15650원 할인,NCPN0001565,플러스,14227.0
2025-05-01,e-영업1,(제휴 최저가 자동 쿠폰)7610원 할인,NCPN0000761,플러스,13836.0
2025-05-01,e-영업2,(제휴 최저가 자동 쿠폰)15040원 할인,NCPN0001504,플러스,13673.0
2025-05-01,e-영업2,(제휴 최저가 자동 쿠폰)14660원 할인,NCPN0001466,플러스,13327.0
2025-05-01,e-영업2,(제휴 최저가 자동 쿠폰)14570원 할인,NCPN0001457,플러스,13245.0
2025-05-01,e-영업1,(제휴 최저가 자동 쿠폰)14530원 할인,NCPN0001453,플러스,13209.0
2025-05-01,e-영업2,(제휴 최저가 자동 쿠폰)14370원 할인,NCPN0001437,플러스,13064.0
2025-05-01,e-영업2,(제휴 최저가 자동 쿠폰)7150원 할인,NCPN0000715,플러스,13000.0
2025-05-01,e-영업1,(제휴 최저가 자동 쿠폰)7130원 할인,NCPN0000713,플러스,12964.0
2025-05-01,e-영업2,(제휴 최저가 자동 쿠폰)14200원 할인,NCPN0001420,플러스,12909.0
2025-05-01,e-영업1,(제휴 최저가 자동 쿠폰)4600원 할인,NCPN0000460,플러스,12545.0
2025-05-01,e-영업2,(제휴 최저가 자동 쿠폰)13620원 할인,NCPN0001362,플러스,12382.0
2025-05-01,e-영업2,(제휴 최저가 자동 쿠폰)6770원 할인,NCPN0000677,플러스,12309.0
2025-05-01,e-영업2,(제휴 최저가 자동 쿠폰)6560원 할인,NCPN0000656,플러스,11927.0
2025-05-01,e-영업2,(제휴 최저가 자동 쿠폰)13110원 할인,NCPN0001311,플러스,11918.0
2025-05-01,e-영업2,(제휴 최저가 자동 쿠폰)12880원 할인,NCPN0001288,플러스,11709.0
2025-05-01,e-영업1,(제휴 최저가 자동 쿠폰)12660원 할인,NCPN0001266,플러스,11509.0
2025-05-01,e-영업1,(제휴 최저가 자동 쿠폰)12550원 할인,NCPN0001255,플러스,11409.0
2025-05-01,e-영업2,(제휴 최저가 자동 쿠폰)12430원 할인,NCPN0001243,플러스,11300.0
2025-05-01,e-영업2,(제휴 최저가 자동 쿠폰)12300원 할인,NCPN0001230,플러스,11182.0
2025-05-01,e-영업2,(제휴 최저가 자동 쿠폰)12270원 할인,NCPN0001227,플러스,11155.0
2025-05-01,e-영업1,(제휴 최저가 자동 쿠폰)12230원 할인,NCPN0001223,플러스,11118.0
2025-05-01,e-영업2,(제휴 최저가 자동 쿠폰)12160원 할인,NCPN0001216,플러스,11055.0
2025-05-01,e-영업2,(제휴 최저가 자동 쿠폰)6060원 할인,NCPN0000606,플러스,11018.0
2025-05-01,e-영업2,(제휴 최저가 자동 쿠폰)11950원 할인,NCPN0001195,플러스,10864.0
2025-05-01,e-영업1,(제휴 최저가 자동 쿠폰)11790원 할인,NCPN0001179,플러스,10718.0
2025-05-01,e-영업2,(제휴 최저가 자동 쿠폰)11790원 할인,NCPN0001179,플러스,10718.0
2025-05-01,e-영업1,(제휴 최저가 자동 쿠폰)5890원 할인,NCPN0000589,플러스,10709.0
2025-05-01,e-영업1,(제휴 최저가 자동 쿠폰)11740원 할인,NCPN0001174,플러스,10673.0
2025-05-01,e-영업2,(제휴 최저가 자동 쿠폰)11670원 할인,NCPN0001167,플러스,10609.0
2025-05-01,e-영업1,(제휴 최저가 자동 쿠폰)11490원 할인,NCPN0001149,플러스,10445.0
2025-05-01,e-영업2,(제휴 최저가 자동 쿠폰)11490원 할인,NCPN0001149,플러스,10445.0
2025-05-01,e-영업2,(제휴 최저가 자동 쿠폰)11450원 할인,NCPN0001145,플러스,10409.0
2025-05-01,e-영업2,(제휴 최저가 자동 쿠폰)5630원 할인,NCPN0000563,플러스,10236.0
2025-05-01,e-영업2,(제휴 최저가 자동 쿠폰)3750원 할인,NCPN0000375,플러스,10227.0
2025-05-01,e-영업2,(제휴 최저가 자동 쿠폰)11080원 할인,NCPN0001108,플러스,10073.0
2025-05-01,e-영업2,(제휴 최저가 자동 쿠폰)11040원 할인,NCPN0001104,플러스,10036.0
2025-05-01,e-영업1,(제휴 최저가 자동 쿠폰)11010원 할인,NCPN0001101,플러스,10009.0
2025-05-01,e-영업2,(제휴 최저가 자동 쿠폰)10990원 할인,NCPN0001099,플러스,9991.0
2025-05-01,e-영업2,(제휴 최저가 자동 쿠폰)5460원 할인,NCPN0000546,플러스,9927.0
2025-05-01,e-영업2,(제휴 최저가 자동 쿠폰)10740원 할인,NCPN0001074,플러스,9764.0
2025-05-01,e-영업2,(제휴 최저가 자동 쿠폰)10700원 할인,NCPN0001070,플러스,9727.0
2025-05-01,e-영업2,(제휴 최저가 자동 쿠폰)10620원 할인,NCPN0001062,플러스,9655.0
2025-05-01,e-영업2,(제휴 최저가 자동 쿠폰)5230원 할인,NCPN0000523,플러스,9509.0
2025-05-01,e-영업2,(제휴 최저가 자동 쿠폰)10450원 할인,NCPN0001045,플러스,9500.0
2025-05-01,e-영업1,(제휴 최저가 자동 쿠폰)5220원 할인,NCPN0000522,플러스,9491.0
2025-05-01,e-영업1,(제휴 최저가 자동 쿠폰)10210원 할인,NCPN0001021,플러스,9282.0
2025-05-01,e-영업2,(제휴 최저가 자동 쿠폰)10210원 할인,NCPN0001021,플러스,9282.0
2025-05-01,e-영업1,(제휴 최저가 자동 쿠폰)10090원 할인,NCPN0001009,플러스,9173.0
2025-05-01,e-영업2,(제휴 최저가 자동 쿠폰)10040원 할인,NCPN0001004,플러스,9127.0
2025-05-01,e-영업1,"[제휴] [골든위크]10,000원 플러스 쿠폰",CPN1280530,플러스,9091.0
2025-05-01,e-영업2,(제휴 최저가 자동 쿠폰)9950원 할인,NCPN0000995,플러스,9045.0
2025-05-01,e-영업2,(제휴 최저가 자동 쿠폰)3280원 할인,NCPN0000328,플러스,8945.0
2025-05-01,e-영업2,(제휴 최저가 자동 쿠폰)9800원 할인,NCPN0000980,플러스,8909.0
2025-05-01,e-영업1,(제휴 최저가 자동 쿠폰)9700원 할인,NCPN0000970,플러스,8818.0
2025-05-01,e-영업2,(제휴 최저가 자동 쿠폰)9670원 할인,NCPN0000967,플러스,8791.0
2025-05-01,e-영업2,(제휴 최저가 자동 쿠폰)9600원 할인,NCPN0000960,플러스,8727.0
2025-05-01,e-영업2,(제휴 최저가 자동 쿠폰)4780원 할인,NCPN0000478,플러스,8691.0
2025-05-01,e-영업1,(제휴 최저가 자동 쿠폰)3100원 할인,NCPN0000310,플러스,8455.0
2025-05-01,e-영업1,(제휴 최저가 자동 쿠폰)9170원 할인,NCPN0000917,플러스,8336.0
2025-05-01,e-영업2,(제휴 최저가 자동 쿠폰)9170원 할인,NCPN0000917,플러스,8336.0
2025-05-01,e-영업2,(제휴 최저가 자동 쿠폰)9070원 할인,NCPN0000907,플러스,8245.0
2025-05-01,e-영업1,(제휴 최저가 자동 쿠폰)9050원 할인,NCPN0000905,플러스,8227.0
2025-05-01,e-영업2,(제휴 최저가 자동 쿠폰)9050원 할인,NCPN0000905,플러스,8227.0
2025-05-01,e-영업2,(제휴 최저가 자동 쿠폰)9030원 할인,NCPN0000903,플러스,8209.0
2025-05-01,e-영업2,(제휴 최저가 자동 쿠폰)4510원 할인,NCPN0000451,플러스,8200.0
2025-05-01,e-영업1,"[제휴] [골든위크]4,500원 플러스 쿠폰",CPN1280541,플러스,8182.0
2025-05-01,e-영업2,(제휴 최저가 자동 쿠폰)8960원 할인,NCPN0000896,플러스,8145.0
2025-05-01,e-영업2,(제휴 최저가 자동 쿠폰)8870원 할인,NCPN0000887,플러스,8064.0
2025-05-01,e-영업1,(제휴 최저가 자동 쿠폰)8730원 할인,NCPN0000873,플러스,7936.0
2025-05-01,e-영업1,(제휴 최저가 자동 쿠폰)8470원 할인,NCPN0000847,플러스,7700.0
2025-05-01,e-영업2,(제휴 최저가 자동 쿠폰)8240원 할인,NCPN0000824,플러스,7491.0
2025-05-01,e-영업2,(제휴 최저가 자동 쿠폰)8050원 할인,NCPN0000805,플러스,7318.0
2025-05-01,e-영업1,(제휴 최저가 자동 쿠폰)4010원 할인,NCPN0000401,플러스,7291.0
2025-05-01,e-영업2,(제휴 최저가 자동 쿠폰)8020원 할인,NCPN0000802,플러스,7291.0
2025-05-01,e-영업2,(제휴 최저가 자동 쿠폰)3980원 할인,NCPN0000398,플러스,7236.0
2025-05-01,e-영업1,(제휴 최저가 자동 쿠폰)7950원 할인,NCPN0000795,플러스,7227.0
2025-05-01,e-영업2,(제휴 최저가 자동 쿠폰)3970원 할인,NCPN0000397,플러스,7218.0
2025-05-01,e-영업1,(제휴 최저가 자동 쿠폰)7930원 할인,NCPN0000793,플러스,7209.0
2025-05-01,e-영업1,(제휴 최저가 자동 쿠폰)7810원 할인,NCPN0000781,플러스,7100.0
2025-05-01,e-영업1,(제휴 최저가 자동 쿠폰)7510원 할인,NCPN0000751,플러스,6827.0
2025-05-01,e-영업2,(제휴 최저가 자동 쿠폰)7450원 할인,NCPN0000745,플러스,6773.0
2025-05-01,e-영업2,(제휴 최저가 자동 쿠폰)7340원 할인,NCPN0000734,플러스,6673.0
2025-05-01,e-영업2,(제휴 최저가 자동 쿠폰)7240원 할인,NCPN0000724,플러스,6582.0
2025-05-01,e-영업2,(제휴 최저가 자동 쿠폰)3570원 할인,NCPN0000357,플러스,6491.0
2025-05-01,e-영업2,(제휴 최저가 자동 쿠폰)7130원 할인,NCPN0000713,플러스,6482.0
2025-05-01,e-영업2,(제휴 최저가 자동 쿠폰)7030원 할인,NCPN0000703,플러스,6391.0
2025-05-01,e-영업1,(제휴 최저가 자동 쿠폰)3290원 할인,NCPN0000329,플러스,5982.0
2025-05-01,e-영업2,(제휴 최저가 자동 쿠폰)6580원 할인,NCPN0000658,플러스,5982.0
2025-05-01,e-영업1,(제휴 최저가 자동 쿠폰)6440원 할인,NCPN0000644,플러스,5855.0
2025-05-01,e-영업2,(제휴 최저가 자동 쿠폰)6440원 할인,NCPN0000644,플러스,5855.0
2025-05-01,e-영업1,(제휴 최저가 자동 쿠폰)6050원 할인,NCPN0000605,플러스,5500.0
2025-05-01,e-영업1,(제휴 최저가 자동 쿠폰)5980원 할인,NCPN0000598,플러스,5436.0
2025-05-01,e-영업2,(제휴 최저가 자동 쿠폰)5980원 할인,NCPN0000598,플러스,5436.0
2025-05-01,e-영업2,(제휴 최저가 자동 쿠폰)5930원 할인,NCPN0000593,플러스,5391.0
2025-05-01,e-영업2,(제휴 최저가 자동 쿠폰)5890원 할인,NCPN0000589,플러스,5355.0
2025-05-01,e-영업2,(제휴 최저가 자동 쿠폰)5850원 할인,NCPN0000585,플러스,5318.0
2025-05-01,e-영업2,(제휴 최저가 자동 쿠폰)5840원 할인,NCPN0000584,플러스,5309.0
2025-05-01,e-영업1,(제휴 최저가 자동 쿠폰)5830원 할인,NCPN0000583,플러스,5300.0
2025-05-01,e-영업1,(제휴 최저가 자동 쿠폰)5700원 할인,NCPN0000570,플러스,5182.0
2025-05-01,e-영업2,(제휴 최저가 자동 쿠폰)5680원 할인,NCPN0000568,플러스,5164.0
2025-05-01,e-영업1,(제휴 최저가 자동 쿠폰)5650원 할인,NCPN0000565,플러스,5136.0
2025-05-01,e-영업2,(제휴 최저가 자동 쿠폰)5530원 할인,NCPN0000553,플러스,5027.0
2025-05-01,e-영업1,(제휴 최저가 자동 쿠폰)5310원 할인,NCPN0000531,플러스,4827.0
2025-05-01,e-영업1,(제휴 최저가 자동 쿠폰)5130원 할인,NCPN0000513,플러스,4664.0
2025-05-01,e-영업2,(제휴 최저가 자동 쿠폰)5130원 할인,NCPN0000513,플러스,4664.0
2025-05-01,e-영업2,(제휴 최저가 자동 쿠폰)4950원 할인,NCPN0000495,플러스,4500.0
2025-05-01,e-영업2,(제휴 최저가 자동 쿠폰)4580원 할인,NCPN0000458,플러스,4164.0
2025-05-01,e-영업2,(제휴 최저가 자동 쿠폰)4560원 할인,NCPN0000456,플러스,4145.0
2025-05-01,e-영업2,(제휴 최저가 자동 쿠폰)4380원 할인,NCPN0000438,플러스,3982.0
2025-05-01,e-영업2,(제휴 최저가 자동 쿠폰)4330원 할인,NCPN0000433,플러스,3936.0
2025-05-01,e-영업1,(제휴 최저가 자동 쿠폰)2090원 할인,NCPN0000209,플러스,3800.0
2025-05-01,e-영업2,(제휴 최저가 자동 쿠폰)4120원 할인,NCPN0000412,플러스,3745.0
2025-05-01,e-영업2,(제휴 최저가 자동 쿠폰)4010원 할인,NCPN0000401,플러스,3645.0
2025-05-01,e-영업2,(제휴 최저가 자동 쿠폰)3720원 할인,NCPN0000372,플러스,3382.0
2025-05-01,e-영업1,(제휴 최저가 자동 쿠폰)3570원 할인,NCPN0000357,플러스,3245.0
2025-05-01,e-영업2,(제휴 최저가 자동 쿠폰)3410원 할인,NCPN0000341,플러스,3100.0
2025-05-01,e-영업2,(제휴 최저가 자동 쿠폰)3260원 할인,NCPN0000326,플러스,2964.0
2025-05-01,e-영업1,(제휴 최저가 자동 쿠폰)2260원 할인,NCPN0000226,플러스,2055.0
2025-05-01,e-영업1,(제휴 최저가 자동 쿠폰)1270원 할인,NCPN0000127,플러스,1155.0
2025-05-01,e-영업2,(제휴 최저가 자동 쿠폰)1200원 할인,NCPN0000120,플러스,1091.0
2025-05-01,e-영업2,(제휴 최저가 자동 쿠폰)10원 할인,NCPN0000001,플러스,245.0
2025-05-01,e-영업1,(제휴 최저가 자동 쿠폰)10원 할인,NCPN0000001,플러스,27.0
2025-05-01,e-영업2,(제휴 최저가 자동 쿠폰)4210원 할인,NCPN0000421,플러스,-3827.0
2025-05-01,e-영업2,"[제휴] [골든위크]4,500원 플러스 쿠폰",CPN1280541,플러스,-4091.0
2025-05-01,e-영업1,(제휴 최저가 자동 쿠폰)4720원 할인,NCPN0000472,플러스,-4291.0
2025-05-01,e-영업2,(제휴 최저가 자동 쿠폰)5010원 할인,NCPN0000501,플러스,-4555.0
2025-05-01,e-영업2,(제휴 최저가 자동 쿠폰)6030원 할인,NCPN0000603,플러스,-5482.0
2025-05-01,e-영업2,[제휴쿠폰] [WEEKEND SALE] 플러스 5% 쿠폰,CPN1270074,플러스,-5691.0
2025-05-01,e-영업2,(제휴 최저가 자동 쿠폰)6970원 할인,NCPN0000697,플러스,-6336.0
2025-05-01,e-영업2,"[제휴] [골든위크]7,500원 플러스 쿠폰",CPN1280535,플러스,-6818.0
2025-05-01,e-영업1,(제휴 최저가 자동 쿠폰)3770원 할인,NCPN0000377,플러스,-6855.0
2025-05-01,e-영업2,(제휴 최저가 자동 쿠폰)10050원 할인,NCPN0001005,플러스,-9136.0
2025-05-01,e-영업1,(제휴 최저가 자동 쿠폰)12330원 할인,NCPN0001233,플러스,-11209.0
2025-05-01,e-영업2,(제휴 최저가 자동 쿠폰)12330원 할인,NCPN0001233,플러스,-11209.0
2025-05-01,e-영업1,(제휴 최저가 자동 쿠폰)14510원 할인,NCPN0001451,플러스,-13191.0
2025-05-01,e-영업1,"[제휴] [골든위크]7,500원 플러스 쿠폰",CPN1280535,플러스,-13636.0
2025-05-01,e-영업2,(제휴 최저가 자동 쿠폰)15060원 할인,NCPN0001506,플러스,-13691.0
2025-05-01,e-영업2,"[제휴] [골든위크]18,000원 플러스 쿠폰",CPN1280528,플러스,-16364.0
2025-05-01,e-영업2,(제휴 최저가 자동 쿠폰)18280원 할인,NCPN0001828,플러스,-16618.0
2025-06-01,e-영업1,[제휴할인] [서머슈퍼세일] 10% 일반쿠폰,CPN1342949,일반,2518236.0
2025-06-01,e-영업1,[제휴전용] 12% 할인(IE),CPN703554,일반,515236.0
2025-06-01,e-영업2,[제휴쿠폰] OUTLET 13% 일반쿠폰,CPN1349223,일반,434155.0
2025-06-01,e-영업2,[제휴할인] [서머슈퍼세일] 10% 일반쿠폰,CPN1342949,일반,152982.0
2025-06-01,e-영업2,[제휴전용] 7%추가할인 (이월 남성),CPN409203,플러스,13509136.0
2025-06-01,e-영업2,[제휴전용] 10%추가할인 (이월 ACC),CPN383518,플러스,12740527.0
2025-06-01,e-영업2,[제휴전용] 9%추가할인 (이월 남성),CPN409204,플러스,4748955.0
2025-06-01,e-영업2,[제휴전용] 9%추가할인 (이월 여성),CPN409202,플러스,4076945.0
2025-06-01,e-영업2,[제휴전용] 7%추가할인 (이월 여성),CPN409201,플러스,2997391.0
2025-06-01,e-영업1,[제휴할인] [서머슈퍼세일] 10% 플러스쿠폰,CPN1342948,플러스,2685809.0
2025-06-01,e-영업2,[제휴전용] 8%추가할인 (이월 슈즈),CPN384029,플러스,2471318.0
2025-06-01,e-영업2,[제휴할인] [서머슈퍼세일] 10% 플러스쿠폰,CPN1342948,플러스,1853900.0
2025-06-01,e-영업2,(제휴 최저가 자동 쿠폰)15060원 할인,NCPN0001506,플러스,684545.0
2025-06-01,e-영업2,(제휴 최저가 자동 쿠폰)16710원 할인,NCPN0001671,플러스,607636.0
2025-06-01,e-영업2,[제휴할인] 5%추가할인 (이월 남성),CPN383907,플러스,426482.0
2025-06-01,e-영업1,[제휴할인] [L+DAY] 10% 플러스 쿠폰,CPN1329969,플러스,398436.0
2025-06-01,e-영업2,(제휴 최저가 자동 쿠폰)9780원 할인,NCPN0000978,플러스,355636.0
2025-06-01,e-영업2,[제휴전용] 8% 추가할인 (이월 골프),CPN514212,플러스,354773.0
2025-06-01,e-영업1,(제휴 최저가 자동 쿠폰)18640원 할인,NCPN0001864,플러스,305018.0
2025-06-01,e-영업2,(제휴 최저가 자동 쿠폰)17560원 할인,NCPN0001756,플러스,287345.0
2025-06-01,e-영업2,(제휴 최저가 자동 쿠폰)11950원 할인,NCPN0001195,플러스,271591.0
2025-06-01,e-영업1,(제휴 최저가 자동 쿠폰)18220원 할인,NCPN0001822,플러스,265018.0
2025-06-01,e-영업1,(제휴 최저가 자동 쿠폰)23270원 할인,NCPN0002327,플러스,253855.0
2025-06-01,e-영업2,[제휴전용] 8%추가할인 (이월 골프),CPN383905,플러스,238027.0
2025-06-01,e-영업2,(제휴 최저가 자동 쿠폰)18140원 할인,NCPN0001814,플러스,197891.0
2025-06-01,e-영업1,(제휴 최저가 자동 쿠폰)13440원 할인,NCPN0001344,플러스,195491.0
2025-06-01,e-영업2,(제휴 최저가 자동 쿠폰)12660원 할인,NCPN0001266,플러스,184145.0
2025-06-01,e-영업2,(제휴 최저가 자동 쿠폰)10110원 할인,NCPN0001011,플러스,156245.0
2025-06-01,e-영업1,(제휴 최저가 자동 쿠폰)17020원 할인,NCPN0001702,플러스,139255.0
2025-06-01,e-영업1,(제휴 최저가 자동 쿠폰)15060원 할인,NCPN0001506,플러스,136909.0
2025-06-01,e-영업1,(제휴 최저가 자동 쿠폰)17600원 할인,NCPN0001760,플러스,128000.0
2025-06-01,e-영업2,(제휴 최저가 자동 쿠폰)14030원 할인,NCPN0001403,플러스,127545.0
2025-06-01,e-영업2,(제휴 최저가 자동 쿠폰)12550원 할인,NCPN0001255,플러스,125500.0
2025-06-01,e-영업2,(제휴 최저가 자동 쿠폰)8060원 할인,NCPN0000806,플러스,124564.0
2025-06-01,e-영업1,[제휴쿠폰] [WEEKEND SALE] 플러스 5% 쿠폰,CPN1359519,플러스,122127.0
2025-06-01,e-영업2,[제휴할인] [L+DAY] 10% 플러스 쿠폰,CPN1329969,플러스,120836.0
2025-06-01,e-영업2,(제휴 최저가 자동 쿠폰)21490원 할인,NCPN0002149,플러스,117218.0
2025-06-01,e-영업1,[제휴쿠폰] [WEEKEND SALE] 플러스 5% 쿠폰,CPN1342031,플러스,112973.0
2025-06-01,e-영업2,(제휴 최저가 자동 쿠폰)9040원 할인,NCPN0000904,플러스,106836.0
2025-06-01,e-영업2,(제휴 최저가 자동 쿠폰)22850원 할인,NCPN0002285,플러스,103864.0
2025-06-01,e-영업1,(제휴 최저가 자동 쿠폰)15770원 할인,NCPN0001577,플러스,100355.0
2025-06-01,e-영업2,(제휴 최저가 자동 쿠폰)8970원 할인,NCPN0000897,플러스,97855.0
2025-06-01,e-영업2,(제휴 최저가 자동 쿠폰)5950원 할인,NCPN0000595,플러스,91955.0
2025-06-01,e-영업1,(제휴 최저가 자동 쿠폰)16670원 할인,NCPN0001667,플러스,90927.0
2025-06-01,e-영업1,(제휴 최저가 자동 쿠폰)20000원 할인,NCPN0002000,플러스,90909.0
2025-06-01,e-영업1,(제휴 최저가 자동 쿠폰)19810원 할인,NCPN0001981,플러스,90045.0
2025-06-01,e-영업1,(제휴 최저가 자동 쿠폰)19630원 할인,NCPN0001963,플러스,89227.0
2025-06-01,e-영업1,(제휴 최저가 자동 쿠폰)19360원 할인,NCPN0001936,플러스,88000.0
2025-06-01,e-영업1,(제휴 최저가 자동 쿠폰)24170원 할인,NCPN0002417,플러스,87891.0
2025-06-01,e-영업2,(제휴 최저가 자동 쿠폰)14910원 할인,NCPN0001491,플러스,81327.0
2025-06-01,e-영업2,(제휴 최저가 자동 쿠폰)9730원 할인,NCPN0000973,플러스,79609.0
2025-06-01,e-영업1,(제휴 최저가 자동 쿠폰)17440원 할인,NCPN0001744,플러스,79273.0
2025-06-01,e-영업2,[제휴쿠폰] [WEEKEND SALE] 플러스 5% 쿠폰,CPN1333392,플러스,79100.0
2025-06-01,e-영업2,(제휴 최저가 자동 쿠폰)14200원 할인,NCPN0001420,플러스,77455.0
2025-06-01,e-영업2,(제휴 최저가 자동 쿠폰)20210원 할인,NCPN0002021,플러스,73491.0
2025-06-01,e-영업1,(제휴 최저가 자동 쿠폰)20130원 할인,NCPN0002013,플러스,73200.0
2025-06-01,e-영업1,[제휴쿠폰] [WEEKEND SALE] 플러스 5% 쿠폰,CPN1333392,플러스,70600.0
2025-06-01,e-영업1,(제휴 최저가 자동 쿠폰)5950원 할인,NCPN0000595,플러스,70318.0
2025-06-01,e-영업1,(제휴 최저가 자동 쿠폰)6770원 할인,NCPN0000677,플러스,67700.0
2025-06-01,e-영업2,(제휴 최저가 자동 쿠폰)14690원 할인,NCPN0001469,플러스,66773.0
2025-06-01,e-영업2,(제휴 최저가 자동 쿠폰)6090원 할인,NCPN0000609,플러스,66436.0
2025-06-01,e-영업1,(제휴 최저가 자동 쿠폰)18260원 할인,NCPN0001826,플러스,66400.0
2025-06-01,e-영업2,(제휴 최저가 자동 쿠폰)11790원 할인,NCPN0001179,플러스,64309.0
2025-06-01,e-영업1,(제휴 최저가 자동 쿠폰)22850원 할인,NCPN0002285,플러스,62318.0
2025-06-01,e-영업2,(제휴 최저가 자동 쿠폰)9410원 할인,NCPN0000941,플러스,59882.0
2025-06-01,e-영업2,(제휴 최저가 자동 쿠폰)10760원 할인,NCPN0001076,플러스,58691.0
2025-06-01,e-영업2,(제휴 최저가 자동 쿠폰)12890원 할인,NCPN0001289,플러스,58591.0
2025-06-01,e-영업2,[제휴전용] 4%추가할인 (이월 여성),CPN384742,플러스,57945.0
2025-06-01,e-영업1,(제휴 최저가 자동 쿠폰)20520원 할인,NCPN0002052,플러스,55964.0
2025-06-01,e-영업1,(제휴 최저가 자동 쿠폰)20490원 할인,NCPN0002049,플러스,55882.0
2025-06-01,e-영업1,(제휴 최저가 자동 쿠폰)12080원 할인,NCPN0001208,플러스,54909.0
2025-06-01,e-영업1,(제휴 최저가 자동 쿠폰)11770원 할인,NCPN0001177,플러스,53500.0
2025-06-01,e-영업2,(제휴 최저가 자동 쿠폰)19240원 할인,NCPN0001924,플러스,52473.0
2025-06-01,e-영업2,(제휴 최저가 자동 쿠폰)7090원 할인,NCPN0000709,플러스,51564.0
2025-06-01,e-영업2,(제휴 최저가 자동 쿠폰)5080원 할인,NCPN0000508,플러스,50800.0
2025-06-01,e-영업2,(제휴 최저가 자동 쿠폰)9070원 할인,NCPN0000907,플러스,49473.0
2025-06-01,e-영업1,(제휴 최저가 자동 쿠폰)26830원 할인,NCPN0002683,플러스,48782.0
2025-06-01,e-영업2,[제휴쿠폰] LF몰 8% 플러스 쿠폰,CPN1318603,플러스,48673.0
2025-06-01,e-영업2,(제휴 최저가 자동 쿠폰)17660원 할인,NCPN0001766,플러스,48164.0
2025-06-01,e-영업1,(제휴 최저가 자동 쿠폰)17560원 할인,NCPN0001756,플러스,47891.0
2025-06-01,e-영업2,(제휴 최저가 자동 쿠폰)13110원 할인,NCPN0001311,플러스,47673.0
2025-06-01,e-영업2,(제휴 최저가 자동 쿠폰)17440원 할인,NCPN0001744,플러스,47564.0
2025-06-01,e-영업2,(제휴 최저가 자동 쿠폰)17200원 할인,NCPN0001720,플러스,46909.0
2025-06-01,e-영업1,(제휴 최저가 자동 쿠폰)10210원 할인,NCPN0001021,플러스,46409.0
2025-06-01,e-영업2,(제휴 최저가 자동 쿠폰)10090원 할인,NCPN0001009,플러스,45864.0
2025-06-01,e-영업1,(제휴 최저가 자동 쿠폰)12600원 할인,NCPN0001260,플러스,45818.0
2025-06-01,e-영업2,(제휴 최저가 자동 쿠폰)16670원 할인,NCPN0001667,플러스,45464.0
2025-06-01,e-영업1,(제휴 최저가 자동 쿠폰)7120원 할인,NCPN0000712,플러스,45309.0
2025-06-01,e-영업2,(제휴 최저가 자동 쿠폰)12430원 할인,NCPN0001243,플러스,45200.0
2025-06-01,e-영업1,(제휴 최저가 자동 쿠폰)12170원 할인,NCPN0001217,플러스,44255.0
2025-06-01,e-영업2,(제휴 최저가 자동 쿠폰)9710원 할인,NCPN0000971,플러스,44136.0
2025-06-01,e-영업2,(제휴 최저가 자동 쿠폰)15500원 할인,NCPN0001550,플러스,42273.0
2025-06-01,e-영업1,(제휴 최저가 자동 쿠폰)22990원 할인,NCPN0002299,플러스,41800.0
2025-06-01,e-영업2,(제휴 최저가 자동 쿠폰)45460원 할인,NCPN0004546,플러스,41327.0
2025-06-01,e-영업1,(제휴 최저가 자동 쿠폰)22570원 할인,NCPN0002257,플러스,41036.0
2025-06-01,e-영업1,(제휴 최저가 자동 쿠폰)21890원 할인,NCPN0002189,플러스,39800.0
2025-06-01,e-영업2,(제휴 최저가 자동 쿠폰)14510원 할인,NCPN0001451,플러스,39573.0
2025-06-01,e-영업1,(제휴 최저가 자동 쿠폰)43520원 할인,NCPN0004352,플러스,39564.0
2025-06-01,e-영업2,(제휴 최저가 자동 쿠폰)10880원 할인,NCPN0001088,플러스,39564.0
2025-06-01,e-영업1,(제휴 최저가 자동 쿠폰)21520원 할인,NCPN0002152,플러스,39127.0
2025-06-01,e-영업1,(제휴 최저가 자동 쿠폰)14320원 할인,NCPN0001432,플러스,39055.0
2025-06-01,e-영업2,(제휴 최저가 자동 쿠폰)14320원 할인,NCPN0001432,플러스,39055.0
2025-06-01,e-영업2,(제휴 최저가 자동 쿠폰)7150원 할인,NCPN0000715,플러스,39000.0
2025-06-01,e-영업1,(제휴 최저가 자동 쿠폰)7050원 할인,NCPN0000705,플러스,38455.0
2025-06-01,e-영업1,(제휴 최저가 자동 쿠폰)20830원 할인,NCPN0002083,플러스,37873.0
2025-06-01,e-영업2,(제휴 최저가 자동 쿠폰)13740원 할인,NCPN0001374,플러스,37473.0
2025-06-01,e-영업2,(제휴 최저가 자동 쿠폰)13700원 할인,NCPN0001370,플러스,37364.0
2025-06-01,e-영업2,(제휴 최저가 자동 쿠폰)20490원 할인,NCPN0002049,플러스,37255.0
2025-06-01,e-영업2,(제휴 최저가 자동 쿠폰)20440원 할인,NCPN0002044,플러스,37164.0
2025-06-01,e-영업2,(제휴 최저가 자동 쿠폰)20430원 할인,NCPN0002043,플러스,37145.0
2025-06-01,e-영업2,(제휴 최저가 자동 쿠폰)13480원 할인,NCPN0001348,플러스,36764.0
2025-06-01,e-영업2,(제휴 최저가 자동 쿠폰)40130원 할인,NCPN0004013,플러스,36482.0
2025-06-01,e-영업2,(제휴 최저가 자동 쿠폰)13170원 할인,NCPN0001317,플러스,35918.0
2025-06-01,e-영업2,(제휴 최저가 자동 쿠폰)19700원 할인,NCPN0001970,플러스,35818.0
2025-06-01,e-영업1,(제휴 최저가 자동 쿠폰)7810원 할인,NCPN0000781,플러스,35500.0
2025-06-01,e-영업1,[제휴전용] 10%추가할인 (골프/스포츠),CPN413857,플러스,35282.0
2025-06-01,e-영업2,(제휴 최저가 자동 쿠폰)9670원 할인,NCPN0000967,플러스,35164.0
2025-06-01,e-영업2,(제휴 최저가 자동 쿠폰)7610원 할인,NCPN0000761,플러스,34591.0
2025-06-01,e-영업2,[제휴쿠폰] [WEEKEND SALE] 플러스 5% 쿠폰,CPN1342031,플러스,33345.0
2025-06-01,e-영업2,[제휴할인] [L+DAY] 5% 플러스 쿠폰,CPN1329967,플러스,32291.0
2025-06-01,e-영업2,(제휴 최저가 자동 쿠폰)17750원 할인,NCPN0001775,플러스,32273.0
2025-06-01,e-영업2,(제휴 최저가 자동 쿠폰)5820원 할인,NCPN0000582,플러스,31745.0
2025-06-01,e-영업1,(제휴 최저가 자동 쿠폰)17200원 할인,NCPN0001720,플러스,31273.0
2025-06-01,e-영업1,(제휴 최저가 자동 쿠폰)16830원 할인,NCPN0001683,플러스,30600.0
2025-06-01,e-영업1,[제휴할인] [L+DAY] 7% 플러스 쿠폰,CPN1329968,플러스,30418.0
2025-06-01,e-영업1,(제휴 최저가 자동 쿠폰)16690원 할인,NCPN0001669,플러스,30345.0
2025-06-01,e-영업2,(제휴 최저가 자동 쿠폰)16680원 할인,NCPN0001668,플러스,30327.0
2025-06-01,e-영업2,(제휴 최저가 자동 쿠폰)16600원 할인,NCPN0001660,플러스,30182.0
2025-06-01,e-영업1,(제휴 최저가 자동 쿠폰)5530원 할인,NCPN0000553,플러스,30164.0
2025-06-01,e-영업2,(제휴 최저가 자동 쿠폰)16550원 할인,NCPN0001655,플러스,30091.0
2025-06-01,e-영업2,(제휴 최저가 자동 쿠폰)8270원 할인,NCPN0000827,플러스,30073.0
2025-06-01,e-영업1,(제휴 최저가 자동 쿠폰)11000원 할인,NCPN0001100,플러스,30000.0
2025-06-01,e-영업2,(제휴 최저가 자동 쿠폰)5480원 할인,NCPN0000548,플러스,29891.0
2025-06-01,e-영업1,(제휴 최저가 자동 쿠폰)8020원 할인,NCPN0000802,플러스,29164.0
2025-06-01,e-영업2,(제휴 최저가 자동 쿠폰)8020원 할인,NCPN0000802,플러스,29164.0
2025-06-01,e-영업1,[제휴할인] [L+DAY] 5% 플러스 쿠폰,CPN1329967,플러스,29018.0
2025-06-01,e-영업2,(제휴 최저가 자동 쿠폰)31330원 할인,NCPN0003133,플러스,28482.0
2025-06-01,e-영업2,(제휴 최저가 자동 쿠폰)15650원 할인,NCPN0001565,플러스,28455.0
2025-06-01,e-영업1,(제휴 최저가 자동 쿠폰)31220원 할인,NCPN0003122,플러스,28382.0
2025-06-01,e-영업2,(제휴 최저가 자동 쿠폰)15220원 할인,NCPN0001522,플러스,27673.0
2025-06-01,e-영업2,(제휴 최저가 자동 쿠폰)30390원 할인,NCPN0003039,플러스,27627.0
2025-06-01,e-영업2,(제휴 최저가 자동 쿠폰)10050원 할인,NCPN0001005,플러스,27409.0
2025-06-01,e-영업2,(제휴 최저가 자동 쿠폰)30020원 할인,NCPN0003002,플러스,27291.0
2025-06-01,e-영업2,(제휴 최저가 자동 쿠폰)29970원 할인,NCPN0002997,플러스,27245.0
2025-06-01,e-영업1,(제휴 최저가 자동 쿠폰)9950원 할인,NCPN0000995,플러스,27136.0
2025-06-01,e-영업2,(제휴 최저가 자동 쿠폰)29550원 할인,NCPN0002955,플러스,26864.0
2025-06-01,e-영업2,(제휴 최저가 자동 쿠폰)14710원 할인,NCPN0001471,플러스,26745.0
2025-06-01,e-영업1,(제휴 최저가 자동 쿠폰)29280원 할인,NCPN0002928,플러스,26618.0
2025-06-01,e-영업1,(제휴 최저가 자동 쿠폰)29240원 할인,NCPN0002924,플러스,26582.0
2025-06-01,e-영업1,(제휴 최저가 자동 쿠폰)14200원 할인,NCPN0001420,플러스,25818.0
2025-06-01,e-영업1,(제휴 최저가 자동 쿠폰)7090원 할인,NCPN0000709,플러스,25782.0
2025-06-01,e-영업1,(제휴 최저가 자동 쿠폰)13810원 할인,NCPN0001381,플러스,25109.0
2025-06-01,e-영업1,(제휴 최저가 자동 쿠폰)13700원 할인,NCPN0001370,플러스,24909.0
2025-06-01,e-영업2,(제휴 최저가 자동 쿠폰)9080원 할인,NCPN0000908,플러스,24764.0
2025-06-01,e-영업2,(제휴 최저가 자동 쿠폰)9060원 할인,NCPN0000906,플러스,24709.0
2025-06-01,e-영업1,(제휴 최저가 자동 쿠폰)9040원 할인,NCPN0000904,플러스,24655.0
2025-06-01,e-영업1,(제휴 최저가 자동 쿠폰)9030원 할인,NCPN0000903,플러스,24627.0
2025-06-01,e-영업2,(제휴 최저가 자동 쿠폰)6770원 할인,NCPN0000677,플러스,24618.0
2025-06-01,e-영업1,(제휴 최저가 자동 쿠폰)9010원 할인,NCPN0000901,플러스,24573.0
2025-06-01,e-영업2,(제휴 최저가 자동 쿠폰)13430원 할인,NCPN0001343,플러스,24418.0
2025-06-01,e-영업2,[제휴쿠폰] [WEEKEND SALE] 플러스 5% 쿠폰,CPN1359519,플러스,24091.0
2025-06-01,e-영업2,(제휴 최저가 자동 쿠폰)26480원 할인,NCPN0002648,플러스,24073.0
2025-06-01,e-영업2,(제휴 최저가 자동 쿠폰)26440원 할인,NCPN0002644,플러스,24036.0
2025-06-01,e-영업2,(제휴 최저가 자동 쿠폰)25940원 할인,NCPN0002594,플러스,23582.0
2025-06-01,e-영업2,(제휴 최저가 자동 쿠폰)12640원 할인,NCPN0001264,플러스,22982.0
2025-06-01,e-영업1,(제휴 최저가 자동 쿠폰)25100원 할인,NCPN0002510,플러스,22818.0
2025-06-01,e-영업2,(제휴 최저가 자동 쿠폰)12300원 할인,NCPN0001230,플러스,22364.0
2025-06-01,e-영업1,(제휴 최저가 자동 쿠폰)12160원 할인,NCPN0001216,플러스,22109.0
2025-06-01,e-영업2,(제휴 최저가 자동 쿠폰)12160원 할인,NCPN0001216,플러스,22109.0
2025-06-01,e-영업2,(제휴 최저가 자동 쿠폰)12080원 할인,NCPN0001208,플러스,21964.0
2025-06-01,e-영업1,(제휴 최저가 자동 쿠폰)8030원 할인,NCPN0000803,플러스,21900.0
2025-06-01,e-영업2,(제휴 최저가 자동 쿠폰)8030원 할인,NCPN0000803,플러스,21900.0
2025-06-01,e-영업1,(제휴 최저가 자동 쿠폰)23550원 할인,NCPN0002355,플러스,21409.0
2025-06-01,e-영업2,(제휴 최저가 자동 쿠폰)11770원 할인,NCPN0001177,플러스,21400.0
2025-06-01,e-영업2,(제휴 최저가 자동 쿠폰)23370원 할인,NCPN0002337,플러스,21245.0
2025-06-01,e-영업2,(제휴 최저가 자동 쿠폰)11340원 할인,NCPN0001134,플러스,20618.0
2025-06-01,e-영업2,(제휴 최저가 자동 쿠폰)11000원 할인,NCPN0001100,플러스,20000.0
2025-06-01,e-영업2,(제휴 최저가 자동 쿠폰)21840원 할인,NCPN0002184,플러스,19855.0
2025-06-01,e-영업2,(제휴 최저가 자동 쿠폰)5450원 할인,NCPN0000545,플러스,19818.0
2025-06-01,e-영업1,(제휴 최저가 자동 쿠폰)10730원 할인,NCPN0001073,플러스,19509.0
2025-06-01,e-영업1,(제휴 최저가 자동 쿠폰)3570원 할인,NCPN0000357,플러스,19473.0
2025-06-01,e-영업2,(제휴 최저가 자동 쿠폰)5230원 할인,NCPN0000523,플러스,19018.0
2025-06-01,e-영업2,(제휴 최저가 자동 쿠폰)5220원 할인,NCPN0000522,플러스,18982.0
2025-06-01,e-영업2,(제휴 최저가 자동 쿠폰)6920원 할인,NCPN0000692,플러스,18873.0
2025-06-01,e-영업1,(제휴 최저가 자동 쿠폰)20710원 할인,NCPN0002071,플러스,18827.0
2025-06-01,e-영업2,(제휴 최저가 자동 쿠폰)10060원 할인,NCPN0001006,플러스,18291.0
2025-06-01,e-영업1,(제휴 최저가 자동 쿠폰)19980원 할인,NCPN0001998,플러스,18164.0
2025-06-01,e-영업2,(제휴 최저가 자동 쿠폰)19760원 할인,NCPN0001976,플러스,17964.0
2025-06-01,e-영업1,(제휴 최저가 자동 쿠폰)19560원 할인,NCPN0001956,플러스,17782.0
2025-06-01,e-영업1,(제휴 최저가 자동 쿠폰)3900원 할인,NCPN0000390,플러스,17727.0
2025-06-01,e-영업1,(제휴 최저가 자동 쿠폰)19240원 할인,NCPN0001924,플러스,17491.0
2025-06-01,e-영업2,(제휴 최저가 자동 쿠폰)9600원 할인,NCPN0000960,플러스,17455.0
2025-06-01,e-영업2,(제휴 최저가 자동 쿠폰)19200원 할인,NCPN0001920,플러스,17455.0
2025-06-01,e-영업2,(제휴 최저가 자동 쿠폰)19080원 할인,NCPN0001908,플러스,17345.0
2025-06-01,e-영업2,(제휴 최저가 자동 쿠폰)9500원 할인,NCPN0000950,플러스,17273.0
2025-06-01,e-영업2,[제휴할인] [L+DAY] 7% 플러스 쿠폰,CPN1329968,플러스,16927.0
2025-06-01,e-영업2,(제휴 최저가 자동 쿠폰)6180원 할인,NCPN0000618,플러스,16855.0
2025-06-01,e-영업2,(제휴 최저가 자동 쿠폰)9170원 할인,NCPN0000917,플러스,16673.0
2025-06-01,e-영업1,(제휴 최저가 자동 쿠폰)18280원 할인,NCPN0001828,플러스,16618.0
2025-06-01,e-영업2,(제휴 최저가 자동 쿠폰)18280원 할인,NCPN0001828,플러스,16618.0
2025-06-01,e-영업2,(제휴 최저가 자동 쿠폰)18240원 할인,NCPN0001824,플러스,16582.0
2025-06-01,e-영업2,(제휴 최저가 자동 쿠폰)18150원 할인,NCPN0001815,플러스,16500.0
2025-06-01,e-영업1,(제휴 최저가 자동 쿠폰)9070원 할인,NCPN0000907,플러스,16491.0
2025-06-01,e-영업1,(제휴 최저가 자동 쿠폰)18140원 할인,NCPN0001814,플러스,16491.0
2025-06-01,e-영업1,(제휴 최저가 자동 쿠폰)17960원 할인,NCPN0001796,플러스,16327.0
2025-06-01,e-영업2,(제휴 최저가 자동 쿠폰)17960원 할인,NCPN0001796,플러스,16327.0
2025-06-01,e-영업2,(제휴 최저가 자동 쿠폰)5980원 할인,NCPN0000598,플러스,16309.0
2025-06-01,e-영업1,(제휴 최저가 자동 쿠폰)17750원 할인,NCPN0001775,플러스,16136.0
2025-06-01,e-영업2,(제휴 최저가 자동 쿠폰)8870원 할인,NCPN0000887,플러스,16127.0
2025-06-01,e-영업2,(제휴 최저가 자동 쿠폰)5890원 할인,NCPN0000589,플러스,16064.0
2025-06-01,e-영업2,(제휴 최저가 자동 쿠폰)5630원 할인,NCPN0000563,플러스,15355.0
2025-06-01,e-영업2,(제휴 최저가 자동 쿠폰)16690원 할인,NCPN0001669,플러스,15173.0
2025-06-01,e-영업1,(제휴 최저가 자동 쿠폰)5540원 할인,NCPN0000554,플러스,15109.0
2025-06-01,e-영업2,(제휴 최저가 자동 쿠폰)5540원 할인,NCPN0000554,플러스,15109.0
2025-06-01,e-영업1,(제휴 최저가 자동 쿠폰)16150원 할인,NCPN0001615,플러스,14682.0
2025-06-01,e-영업2,(제휴 최저가 자동 쿠폰)8050원 할인,NCPN0000805,플러스,14636.0
2025-06-01,e-영업2,(제휴 최저가 자동 쿠폰)15990원 할인,NCPN0001599,플러스,14536.0
2025-06-01,e-영업1,(제휴 최저가 자동 쿠폰)15810원 할인,NCPN0001581,플러스,14373.0
2025-06-01,e-영업2,(제휴 최저가 자동 쿠폰)15810원 할인,NCPN0001581,플러스,14373.0
2025-06-01,e-영업1,(제휴 최저가 자동 쿠폰)15510원 할인,NCPN0001551,플러스,14100.0
2025-06-01,e-영업2,(제휴 최저가 자동 쿠폰)5150원 할인,NCPN0000515,플러스,14045.0
2025-06-01,e-영업1,(제휴 최저가 자동 쿠폰)15220원 할인,NCPN0001522,플러스,13836.0
2025-06-01,e-영업1,(제휴 최저가 자동 쿠폰)15040원 할인,NCPN0001504,플러스,13673.0
2025-06-01,e-영업2,(제휴 최저가 자동 쿠폰)5010원 할인,NCPN0000501,플러스,13664.0
2025-06-01,e-영업2,(제휴 최저가 자동 쿠폰)15020원 할인,NCPN0001502,플러스,13655.0
2025-06-01,e-영업2,(제휴 최저가 자동 쿠폰)7500원 할인,NCPN0000750,플러스,13636.0
2025-06-01,e-영업2,(제휴 최저가 자동 쿠폰)14770원 할인,NCPN0001477,플러스,13427.0
2025-06-01,e-영업2,(제휴 최저가 자동 쿠폰)14540원 할인,NCPN0001454,플러스,13218.0
2025-06-01,e-영업1,(제휴 최저가 자동 쿠폰)14510원 할인,NCPN0001451,플러스,13191.0
2025-06-01,e-영업1,(제휴 최저가 자동 쿠폰)14370원 할인,NCPN0001437,플러스,13064.0
2025-06-01,e-영업2,(제휴 최저가 자동 쿠폰)14370원 할인,NCPN0001437,플러스,13064.0
2025-06-01,e-영업2,(제휴 최저가 자동 쿠폰)14310원 할인,NCPN0001431,플러스,13009.0
2025-06-01,e-영업2,(제휴 최저가 자동 쿠폰)3570원 할인,NCPN0000357,플러스,12982.0
2025-06-01,e-영업2,(제휴 최저가 자동 쿠폰)7120원 할인,NCPN0000712,플러스,12945.0
2025-06-01,e-영업1,(제휴 최저가 자동 쿠폰)13970원 할인,NCPN0001397,플러스,12700.0
2025-06-01,e-영업2,(제휴 최저가 자동 쿠폰)13970원 할인,NCPN0001397,플러스,12700.0
2025-06-01,e-영업2,(제휴 최저가 자동 쿠폰)13810원 할인,NCPN0001381,플러스,12555.0
2025-06-01,e-영업1,(제휴 최저가 자동 쿠폰)13740원 할인,NCPN0001374,플러스,12491.0
2025-06-01,e-영업2,(제휴 최저가 자동 쿠폰)12880원 할인,NCPN0001288,플러스,11709.0
2025-06-01,e-영업2,(제휴 최저가 자동 쿠폰)12860원 할인,NCPN0001286,플러스,11691.0
2025-06-01,e-영업2,(제휴 최저가 자동 쿠폰)6410원 할인,NCPN0000641,플러스,11655.0
2025-06-01,e-영업1,(제휴 최저가 자동 쿠폰)12650원 할인,NCPN0001265,플러스,11500.0
2025-06-01,e-영업1,(제휴 최저가 자동 쿠폰)12550원 할인,NCPN0001255,플러스,11409.0
2025-06-01,e-영업2,(제휴 최저가 자동 쿠폰)12480원 할인,NCPN0001248,플러스,11345.0
2025-06-01,e-영업2,(제휴 최저가 자동 쿠폰)6230원 할인,NCPN0000623,플러스,11327.0
2025-06-01,e-영업1,(제휴 최저가 자동 쿠폰)12430원 할인,NCPN0001243,플러스,11300.0
2025-06-01,e-영업2,(제휴 최저가 자동 쿠폰)12270원 할인,NCPN0001227,플러스,11155.0
2025-06-01,e-영업2,(제휴 최저가 자동 쿠폰)12240원 할인,NCPN0001224,플러스,11127.0
2025-06-01,e-영업2,(제휴 최저가 자동 쿠폰)12230원 할인,NCPN0001223,플러스,11118.0
2025-06-01,e-영업1,(제휴 최저가 자동 쿠폰)11950원 할인,NCPN0001195,플러스,10864.0
2025-06-01,e-영업1,(제휴 최저가 자동 쿠폰)5890원 할인,NCPN0000589,플러스,10709.0
2025-06-01,e-영업1,(제휴 최저가 자동 쿠폰)11740원 할인,NCPN0001174,플러스,10673.0
2025-06-01,e-영업2,(제휴 최저가 자동 쿠폰)11740원 할인,NCPN0001174,플러스,10673.0
2025-06-01,e-영업2,(제휴 최저가 자동 쿠폰)11450원 할인,NCPN0001145,플러스,10409.0
2025-06-01,e-영업2,(제휴 최저가 자동 쿠폰)5680원 할인,NCPN0000568,플러스,10327.0
2025-06-01,e-영업1,(제휴 최저가 자동 쿠폰)5650원 할인,NCPN0000565,플러스,10273.0
2025-06-01,e-영업2,(제휴 최저가 자동 쿠폰)11080원 할인,NCPN0001108,플러스,10073.0
2025-06-01,e-영업2,(제휴 최저가 자동 쿠폰)11010원 할인,NCPN0001101,플러스,10009.0
2025-06-01,e-영업2,(제휴 최저가 자동 쿠폰)10990원 할인,NCPN0001099,플러스,9991.0
2025-06-01,e-영업2,(제휴 최저가 자동 쿠폰)5460원 할인,NCPN0000546,플러스,9927.0
2025-06-01,e-영업1,(제휴 최저가 자동 쿠폰)10820원 할인,NCPN0001082,플러스,9836.0
2025-06-01,e-영업1,(제휴 최저가 자동 쿠폰)10700원 할인,NCPN0001070,플러스,9727.0
2025-06-01,e-영업2,(제휴 최저가 자동 쿠폰)10650원 할인,NCPN0001065,플러스,9682.0
2025-06-01,e-영업1,(제휴 최저가 자동 쿠폰)5320원 할인,NCPN0000532,플러스,9673.0
2025-06-01,e-영업2,(제휴 최저가 자동 쿠폰)5320원 할인,NCPN0000532,플러스,9673.0
2025-06-01,e-영업2,(제휴 최저가 자동 쿠폰)10600원 할인,NCPN0001060,플러스,9636.0
2025-06-01,e-영업2,(제휴 최저가 자동 쿠폰)10210원 할인,NCPN0001021,플러스,9282.0
2025-06-01,e-영업2,(제휴 최저가 자동 쿠폰)10080원 할인,NCPN0001008,플러스,9164.0
2025-06-01,e-영업1,(제휴 최저가 자동 쿠폰)10040원 할인,NCPN0001004,플러스,9127.0
2025-06-01,e-영업2,(제휴 최저가 자동 쿠폰)10040원 할인,NCPN0001004,플러스,9127.0
2025-06-01,e-영업1,(제휴 최저가 자동 쿠폰)5010원 할인,NCPN0000501,플러스,9109.0
2025-06-01,e-영업2,(제휴 최저가 자동 쿠폰)9960원 할인,NCPN0000996,플러스,9055.0
2025-06-01,e-영업2,(제휴 최저가 자동 쿠폰)9950원 할인,NCPN0000995,플러스,9045.0
2025-06-01,e-영업1,(제휴 최저가 자동 쿠폰)9800원 할인,NCPN0000980,플러스,8909.0
2025-06-01,e-영업2,(제휴 최저가 자동 쿠폰)4880원 할인,NCPN0000488,플러스,8873.0
2025-06-01,e-영업2,(제휴 최저가 자동 쿠폰)9700원 할인,NCPN0000970,플러스,8818.0
2025-06-01,e-영업1,(제휴 최저가 자동 쿠폰)9670원 할인,NCPN0000967,플러스,8791.0
2025-06-01,e-영업1,(제휴 최저가 자동 쿠폰)9600원 할인,NCPN0000960,플러스,8727.0
2025-06-01,e-영업1,(제휴 최저가 자동 쿠폰)9430원 할인,NCPN0000943,플러스,8573.0
2025-06-01,e-영업2,(제휴 최저가 자동 쿠폰)9430원 할인,NCPN0000943,플러스,8573.0
2025-06-01,e-영업2,(제휴 최저가 자동 쿠폰)4620원 할인,NCPN0000462,플러스,8400.0
2025-06-01,e-영업2,(제휴 최저가 자동 쿠폰)9190원 할인,NCPN0000919,플러스,8355.0
2025-06-01,e-영업2,(제휴 최저가 자동 쿠폰)4480원 할인,NCPN0000448,플러스,8145.0
2025-06-01,e-영업2,(제휴 최저가 자동 쿠폰)8830원 할인,NCPN0000883,플러스,8027.0
2025-06-01,e-영업2,(제휴 최저가 자동 쿠폰)4380원 할인,NCPN0000438,플러스,7964.0
2025-06-01,e-영업1,(제휴 최저가 자동 쿠폰)8680원 할인,NCPN0000868,플러스,7891.0
2025-06-01,e-영업2,(제휴 최저가 자동 쿠폰)8550원 할인,NCPN0000855,플러스,7773.0
2025-06-01,e-영업2,(제휴 최저가 자동 쿠폰)8510원 할인,NCPN0000851,플러스,7736.0
2025-06-01,e-영업2,(제휴 최저가 자동 쿠폰)8470원 할인,NCPN0000847,플러스,7700.0
2025-06-01,e-영업1,(제휴 최저가 자동 쿠폰)8270원 할인,NCPN0000827,플러스,7518.0
2025-06-01,e-영업2,(제휴 최저가 자동 쿠폰)8080원 할인,NCPN0000808,플러스,7345.0
2025-06-01,e-영업1,(제휴 최저가 자동 쿠폰)3980원 할인,NCPN0000398,플러스,7236.0
2025-06-01,e-영업2,(제휴 최저가 자동 쿠폰)7930원 할인,NCPN0000793,플러스,7209.0
2025-06-01,e-영업1,(제휴 최저가 자동 쿠폰)7510원 할인,NCPN0000751,플러스,6827.0
2025-06-01,e-영업2,(제휴 최저가 자동 쿠폰)7510원 할인,NCPN0000751,플러스,6827.0
2025-06-01,e-영업2,(제휴 최저가 자동 쿠폰)7450원 할인,NCPN0000745,플러스,6773.0
2025-06-01,e-영업1,(제휴 최저가 자동 쿠폰)7410원 할인,NCPN0000741,플러스,6736.0
2025-06-01,e-영업2,(제휴 최저가 자동 쿠폰)7350원 할인,NCPN0000735,플러스,6682.0
2025-06-01,e-영업2,(제휴 최저가 자동 쿠폰)7310원 할인,NCPN0000731,플러스,6645.0
2025-06-01,e-영업2,(제휴 최저가 자동 쿠폰)7220원 할인,NCPN0000722,플러스,6564.0
2025-06-01,e-영업2,(제휴 최저가 자동 쿠폰)7210원 할인,NCPN0000721,플러스,6555.0
2025-06-01,e-영업1,(제휴 최저가 자동 쿠폰)7140원 할인,NCPN0000714,플러스,6491.0
2025-06-01,e-영업2,(제휴 최저가 자동 쿠폰)6970원 할인,NCPN0000697,플러스,6336.0
2025-06-01,e-영업1,(제휴 최저가 자동 쿠폰)6940원 할인,NCPN0000694,플러스,6309.0
2025-06-01,e-영업2,(제휴 최저가 자동 쿠폰)6940원 할인,NCPN0000694,플러스,6309.0
2025-06-01,e-영업2,(제휴 최저가 자동 쿠폰)6840원 할인,NCPN0000684,플러스,6218.0
2025-06-01,e-영업1,(제휴 최저가 자동 쿠폰)3260원 할인,NCPN0000326,플러스,5927.0
2025-06-01,e-영업1,(제휴 최저가 자동 쿠폰)6480원 할인,NCPN0000648,플러스,5891.0
2025-06-01,e-영업2,(제휴 최저가 자동 쿠폰)6480원 할인,NCPN0000648,플러스,5891.0
2025-06-01,e-영업2,(제휴 최저가 자동 쿠폰)6440원 할인,NCPN0000644,플러스,5855.0
2025-06-01,e-영업1,(제휴 최저가 자동 쿠폰)6220원 할인,NCPN0000622,플러스,5655.0
2025-06-01,e-영업2,(제휴 최저가 자동 쿠폰)6220원 할인,NCPN0000622,플러스,5655.0
2025-06-01,e-영업1,(제휴 최저가 자동 쿠폰)6170원 할인,NCPN0000617,플러스,5609.0
2025-06-01,e-영업2,(제휴 최저가 자동 쿠폰)6170원 할인,NCPN0000617,플러스,5609.0
2025-06-01,e-영업2,(제휴 최저가 자동 쿠폰)6130원 할인,NCPN0000613,플러스,5573.0
2025-06-01,e-영업1,(제휴 최저가 자동 쿠폰)6090원 할인,NCPN0000609,플러스,5536.0
2025-06-01,e-영업2,(제휴 최저가 자동 쿠폰)6060원 할인,NCPN0000606,플러스,5509.0
2025-06-01,e-영업2,(제휴 최저가 자동 쿠폰)6050원 할인,NCPN0000605,플러스,5500.0
2025-06-01,e-영업1,(제휴 최저가 자동 쿠폰)6030원 할인,NCPN0000603,플러스,5482.0
2025-06-01,e-영업1,(제휴 최저가 자동 쿠폰)5860원 할인,NCPN0000586,플러스,5327.0
2025-06-01,e-영업2,(제휴 최저가 자동 쿠폰)5840원 할인,NCPN0000584,플러스,5309.0
2025-06-01,e-영업1,(제휴 최저가 자동 쿠폰)5630원 할인,NCPN0000563,플러스,5118.0
2025-06-01,e-영업1,(제휴 최저가 자동 쿠폰)5480원 할인,NCPN0000548,플러스,4982.0
2025-06-01,e-영업1,(제휴 최저가 자동 쿠폰)5130원 할인,NCPN0000513,플러스,4664.0
2025-06-01,e-영업1,(제휴 최저가 자동 쿠폰)4950원 할인,NCPN0000495,플러스,4500.0
2025-06-01,e-영업2,(제휴 최저가 자동 쿠폰)2460원 할인,NCPN0000246,플러스,4473.0
2025-06-01,e-영업1,(제휴 최저가 자동 쿠폰)4880원 할인,NCPN0000488,플러스,4436.0
2025-06-01,e-영업1,(제휴 최저가 자동 쿠폰)4570원 할인,NCPN0000457,플러스,4155.0
2025-06-01,e-영업2,(제휴 최저가 자동 쿠폰)2270원 할인,NCPN0000227,플러스,4127.0
2025-06-01,e-영업2,(제휴 최저가 자동 쿠폰)3970원 할인,NCPN0000397,플러스,3609.0
2025-06-01,e-영업2,(제휴 최저가 자동 쿠폰)3900원 할인,NCPN0000390,플러스,3545.0
2025-06-01,e-영업2,(제휴 최저가 자동 쿠폰)1910원 할인,NCPN0000191,플러스,3473.0
2025-06-01,e-영업2,(제휴 최저가 자동 쿠폰)3820원 할인,NCPN0000382,플러스,3473.0
2025-06-01,e-영업2,(제휴 최저가 자동 쿠폰)3780원 할인,NCPN0000378,플러스,3436.0
2025-06-01,e-영업2,(제휴 최저가 자동 쿠폰)3750원 할인,NCPN0000375,플러스,3409.0
2025-06-01,e-영업2,(제휴 최저가 자동 쿠폰)3280원 할인,NCPN0000328,플러스,2982.0
2025-06-01,e-영업2,(제휴 최저가 자동 쿠폰)1270원 할인,NCPN0000127,플러스,2309.0
2025-06-01,e-영업1,(제휴 최저가 자동 쿠폰)1750원 할인,NCPN0000175,플러스,1591.0
2025-06-01,e-영업2,(제휴 최저가 자동 쿠폰)1700원 할인,NCPN0000170,플러스,1545.0
2025-06-01,e-영업2,(제휴 최저가 자동 쿠폰)1530원 할인,NCPN0000153,플러스,1391.0
2025-06-01,e-영업1,(제휴 최저가 자동 쿠폰)1130원 할인,NCPN0000113,플러스,1027.0
2025-06-01,e-영업2,(제휴 최저가 자동 쿠폰)760원 할인,NCPN0000076,플러스,691.0
2025-06-01,e-영업2,(제휴 최저가 자동 쿠폰)730원 할인,NCPN0000073,플러스,664.0
2025-06-01,e-영업2,(제휴 최저가 자동 쿠폰)10원 할인,NCPN0000001,플러스,45.0
2025-06-01,e-영업2,(제휴 최저가 자동 쿠폰)3980원 할인,NCPN0000398,플러스,-7236.0
2025-06-01,e-영업2,[제휴쿠폰] [WEEKEND SALE] 플러스 5% 쿠폰,CPN1318078,플러스,-7427.0
2025-06-01,e-영업2,(제휴 최저가 자동 쿠폰)8980원 할인,NCPN0000898,플러스,-16327.0
2025-06-01,e-영업2,(제휴 최저가 자동 쿠폰)19810원 할인,NCPN0001981,플러스,-18009.0
2025-06-01,e-영업2,(제휴 최저가 자동 쿠폰)52370원 할인,NCPN0005237,플러스,-47609.0
2025-06-01,e-영업1,[제휴쿠폰] LF몰 8% 플러스 쿠폰,CPN1318603,플러스,-122545.0
2025-07-01,e-영업1,[제휴전용] 12% 할인(IE),CPN703554,일반,763564.0
2025-07-01,e-영업1,[제휴할인] [서머슈퍼세일] 10% 일반쿠폰,CPN1342949,일반,-101336.0
2025-07-01,e-영업2,[제휴전용] 10%추가할인 (이월 ACC),CPN383518,플러스,18952364.0
2025-07-01,e-영업3,네이버쇼핑 추가할인 (e-명품_대상: 입점업체),CPN407983,플러스,14894436.0
2025-07-01,e-영업2,[제휴전용] 7%추가할인 (이월 남성),CPN409203,플러스,12405855.0
2025-07-01,e-영업2,[제휴전용] 9%추가할인 (이월 여성),CPN409202,플러스,6296936.0
2025-07-01,e-영업2,[제휴전용] 9%추가할인 (이월 남성),CPN409204,플러스,3030455.0
2025-07-01,e-영업2,[제휴전용] 7%추가할인 (이월 여성),CPN409201,플러스,2603109.0
2025-07-01,e-영업2,[제휴전용] 8%추가할인 (이월 슈즈),CPN384029,플러스,933418.0
2025-07-01,e-영업2,[제휴할인] 5%추가할인 (이월 남성),CPN383907,플러스,739136.0
2025-07-01,e-영업2,(제휴 최저가 자동 쿠폰)15060원 할인,NCPN0001506,플러스,588709.0
2025-07-01,e-영업2,[제휴전용] 8% 추가할인 (이월 골프),CPN514212,플러스,383082.0
2025-07-01,e-영업2,[제휴쿠폰] [왓츠 인 마이 캐리어] 8% 플러스쿠폰,CPN1385975,플러스,364509.0
2025-07-01,e-영업1,[제휴쿠폰] [왓츠 인 마이 캐리어] 8% 플러스쿠폰,CPN1385975,플러스,347718.0
2025-07-01,e-영업1,(제휴 최저가 자동 쿠폰)30390원 할인,NCPN0003039,플러스,276273.0
2025-07-01,e-영업2,[제휴전용] 8%추가할인 (이월 골프),CPN383905,플러스,266473.0
2025-07-01,e-영업1,(제휴 최저가 자동 쿠폰)23690원 할인,NCPN0002369,플러스,236900.0
2025-07-01,e-영업1,(제휴 최저가 자동 쿠폰)17600원 할인,NCPN0001760,플러스,224000.0
2025-07-01,e-영업1,(제휴 최저가 자동 쿠폰)24170원 할인,NCPN0002417,플러스,219727.0
2025-07-01,e-영업1,(제휴 최저가 자동 쿠폰)8090원 할인,NCPN0000809,플러스,205927.0
2025-07-01,e-영업2,(제휴 최저가 자동 쿠폰)9170원 할인,NCPN0000917,플러스,166727.0
2025-07-01,e-영업2,(제휴 최저가 자동 쿠폰)14910원 할인,NCPN0001491,플러스,162655.0
2025-07-01,e-영업2,(제휴 최저가 자동 쿠폰)11000원 할인,NCPN0001100,플러스,160000.0
2025-07-01,e-영업1,(제휴 최저가 자동 쿠폰)18640원 할인,NCPN0001864,플러스,152509.0
2025-07-01,e-영업1,(제휴 최저가 자동 쿠폰)20490원 할인,NCPN0002049,플러스,149018.0
2025-07-01,e-영업1,(제휴 최저가 자동 쿠폰)19910원 할인,NCPN0001991,플러스,144800.0
2025-07-01,e-영업2,(제휴 최저가 자동 쿠폰)14370원 할인,NCPN0001437,플러스,130636.0
2025-07-01,e-영업2,(제휴 최저가 자동 쿠폰)11950원 할인,NCPN0001195,플러스,130364.0
2025-07-01,e-영업1,(제휴 최저가 자동 쿠폰)20430원 할인,NCPN0002043,플러스,130009.0
2025-07-01,e-영업1,(제휴 최저가 자동 쿠폰)20000원 할인,NCPN0002000,플러스,127273.0
2025-07-01,e-영업2,(제휴 최저가 자동 쿠폰)18280원 할인,NCPN0001828,플러스,116327.0
2025-07-01,e-영업2,(제휴 최저가 자동 쿠폰)11010원 할인,NCPN0001101,플러스,110100.0
2025-07-01,e-영업1,(제휴 최저가 자동 쿠폰)16690원 할인,NCPN0001669,플러스,106209.0
2025-07-01,e-영업1,(제휴 최저가 자동 쿠폰)29140원 할인,NCPN0002914,플러스,105964.0
2025-07-01,e-영업1,(제휴 최저가 자동 쿠폰)23270원 할인,NCPN0002327,플러스,105773.0
2025-07-01,e-영업1,(제휴 최저가 자동 쿠폰)19360원 할인,NCPN0001936,플러스,105600.0
2025-07-01,e-영업2,(제휴 최저가 자동 쿠폰)7500원 할인,NCPN0000750,플러스,102273.0
2025-07-01,e-영업1,[제휴쿠폰] [WEEKEND SALE] 플러스 5% 쿠폰,CPN1368391,플러스,102045.0
2025-07-01,e-영업1,(제휴 최저가 자동 쿠폰)11000원 할인,NCPN0001100,플러스,100000.0
2025-07-01,e-영업2,(제휴 최저가 자동 쿠폰)4570원 할인,NCPN0000457,플러스,95555.0
2025-07-01,e-영업1,(제휴 최저가 자동 쿠폰)8020원 할인,NCPN0000802,플러스,94782.0
2025-07-01,e-영업1,[제휴쿠폰] [WEEKEND SALE] 플러스 5% 쿠폰,CPN1384905,플러스,93591.0
2025-07-01,e-영업2,(제휴 최저가 자동 쿠폰)14200원 할인,NCPN0001420,플러스,90364.0
2025-07-01,e-영업1,(제휴 최저가 자동 쿠폰)19760원 할인,NCPN0001976,플러스,89818.0
2025-07-01,e-영업2,(제휴 최저가 자동 쿠폰)22850원 할인,NCPN0002285,플러스,83091.0
2025-07-01,e-영업2,(제휴 최저가 자동 쿠폰)17560원 할인,NCPN0001756,플러스,79818.0
2025-07-01,e-영업2,(제휴 최저가 자동 쿠폰)7930원 할인,NCPN0000793,플러스,79300.0
2025-07-01,e-영업1,[제휴전용] 10%추가할인 (골프/스포츠),CPN413857,플러스,78100.0
2025-07-01,e-영업2,(제휴 최저가 자동 쿠폰)17020원 할인,NCPN0001702,플러스,77364.0
2025-07-01,e-영업1,[제휴쿠폰] [L+DAY] 10% 플러스 쿠폰 (최대 3만원 할인),CPN1372604,플러스,76909.0
2025-07-01,e-영업2,(제휴 최저가 자동 쿠폰)7610원 할인,NCPN0000761,플러스,76100.0
2025-07-01,e-영업2,(제휴 최저가 자동 쿠폰)16670원 할인,NCPN0001667,플러스,75773.0
2025-07-01,e-영업1,(제휴 최저가 자동 쿠폰)11770원 할인,NCPN0001177,플러스,74900.0
2025-07-01,e-영업2,[제휴쿠폰] [WEEKEND SALE] 플러스 5% 쿠폰,CPN1368391,플러스,73573.0
2025-07-01,e-영업1,(제휴 최저가 자동 쿠폰)39630원 할인,NCPN0003963,플러스,72055.0
2025-07-01,e-영업2,(제휴 최저가 자동 쿠폰)19590원 할인,NCPN0001959,플러스,71236.0
2025-07-01,e-영업2,(제휴 최저가 자동 쿠폰)19360원 할인,NCPN0001936,플러스,70400.0
2025-07-01,e-영업2,[제휴전용] 4%추가할인 (이월 여성),CPN384742,플러스,69336.0
2025-07-01,e-영업2,(제휴 최저가 자동 쿠폰)15040원 할인,NCPN0001504,플러스,68364.0
2025-07-01,e-영업1,(제휴 최저가 자동 쿠폰)10700원 할인,NCPN0001070,플러스,68091.0
2025-07-01,e-영업2,(제휴 최저가 자동 쿠폰)10650원 할인,NCPN0001065,플러스,67773.0
2025-07-01,e-영업1,(제휴 최저가 자동 쿠폰)12170원 할인,NCPN0001217,플러스,66382.0
2025-07-01,e-영업2,(제휴 최저가 자동 쿠폰)5950원 할인,NCPN0000595,플러스,64909.0
2025-07-01,e-영업2,(제휴 최저가 자동 쿠폰)17700원 할인,NCPN0001770,플러스,64364.0
2025-07-01,e-영업2,(제휴 최저가 자동 쿠폰)23450원 할인,NCPN0002345,플러스,63955.0
2025-07-01,e-영업2,[제휴쿠폰] [L+DAY] 10% 플러스 쿠폰 (최대 3만원 할인),CPN1372604,플러스,63773.0
2025-07-01,e-영업1,(제휴 최저가 자동 쿠폰)22790원 할인,NCPN0002279,플러스,62155.0
2025-07-01,e-영업1,(제휴 최저가 자동 쿠폰)34170원 할인,NCPN0003417,플러스,62127.0
2025-07-01,e-영업2,(제휴 최저가 자동 쿠폰)11030원 할인,NCPN0001103,플러스,60164.0
2025-07-01,e-영업2,(제휴 최저가 자동 쿠폰)10760원 할인,NCPN0001076,플러스,58691.0
2025-07-01,e-영업2,(제휴 최저가 자동 쿠폰)21520원 할인,NCPN0002152,플러스,58691.0
2025-07-01,e-영업2,(제휴 최저가 자동 쿠폰)9190원 할인,NCPN0000919,플러스,58482.0
2025-07-01,e-영업1,(제휴 최저가 자동 쿠폰)7050원 할인,NCPN0000705,플러스,57682.0
2025-07-01,e-영업1,(제휴 최저가 자동 쿠폰)12550원 할인,NCPN0001255,플러스,57045.0
2025-07-01,e-영업1,(제휴 최저가 자동 쿠폰)15650원 할인,NCPN0001565,플러스,56909.0
2025-07-01,e-영업4,네이버쇼핑 추가할인 (e-명품_대상: 입점업체),CPN407983,플러스,56873.0
2025-07-01,e-영업2,(제휴 최저가 자동 쿠폰)12480원 할인,NCPN0001248,플러스,56727.0
2025-07-01,e-영업2,(제휴 최저가 자동 쿠폰)20430원 할인,NCPN0002043,플러스,55718.0
2025-07-01,e-영업2,(제휴 최저가 자동 쿠폰)12230원 할인,NCPN0001223,플러스,55591.0
2025-07-01,e-영업1,(제휴 최저가 자동 쿠폰)12080원 할인,NCPN0001208,플러스,54909.0
2025-07-01,e-영업2,(제휴 최저가 자동 쿠폰)12080원 할인,NCPN0001208,플러스,54909.0
2025-07-01,e-영업1,(제휴 최저가 자동 쿠폰)10040원 할인,NCPN0001004,플러스,54764.0
2025-07-01,e-영업2,(제휴 최저가 자동 쿠폰)29550원 할인,NCPN0002955,플러스,53727.0
2025-07-01,e-영업2,(제휴 최저가 자동 쿠폰)9700원 할인,NCPN0000970,플러스,52909.0
2025-07-01,e-영업2,(제휴 최저가 자동 쿠폰)14320원 할인,NCPN0001432,플러스,52073.0
2025-07-01,e-영업2,(제휴 최저가 자동 쿠폰)7090원 할인,NCPN0000709,플러스,51564.0
2025-07-01,e-영업2,(제휴 최저가 자동 쿠폰)18310원 할인,NCPN0001831,플러스,49936.0
2025-07-01,e-영업2,(제휴 최저가 자동 쿠폰)18240원 할인,NCPN0001824,플러스,49745.0
2025-07-01,e-영업1,(제휴 최저가 자동 쿠폰)17700원 할인,NCPN0001770,플러스,48273.0
2025-07-01,e-영업1,(제휴 최저가 자동 쿠폰)26440원 할인,NCPN0002644,플러스,48073.0
2025-07-01,e-영업1,(제휴 최저가 자동 쿠폰)26280원 할인,NCPN0002628,플러스,47782.0
2025-07-01,e-영업2,(제휴 최저가 자동 쿠폰)26280원 할인,NCPN0002628,플러스,47782.0
2025-07-01,e-영업2,(제휴 최저가 자동 쿠폰)17450원 할인,NCPN0001745,플러스,47591.0
2025-07-01,e-영업2,(제휴 최저가 자동 쿠폰)5680원 할인,NCPN0000568,플러스,46473.0
2025-07-01,e-영업2,(제휴 최저가 자동 쿠폰)12650원 할인,NCPN0001265,플러스,46000.0
2025-07-01,e-영업2,(제휴 최저가 자동 쿠폰)16860원 할인,NCPN0001686,플러스,45982.0
2025-07-01,e-영업1,[제휴쿠폰] [WEEKEND SALE] 플러스 5% 쿠폰,CPN1376674,플러스,45945.0
2025-07-01,e-영업2,(제휴 최저가 자동 쿠폰)16360원 할인,NCPN0001636,플러스,44618.0
2025-07-01,e-영업2,(제휴 최저가 자동 쿠폰)9800원 할인,NCPN0000980,플러스,44545.0
2025-07-01,e-영업2,(제휴 최저가 자동 쿠폰)9410원 할인,NCPN0000941,플러스,42773.0
2025-07-01,e-영업2,(제휴 최저가 자동 쿠폰)5080원 할인,NCPN0000508,플러스,41564.0
2025-07-01,e-영업2,(제휴 최저가 자동 쿠폰)9030원 할인,NCPN0000903,플러스,41045.0
2025-07-01,e-영업1,(제휴 최저가 자동 쿠폰)15020원 할인,NCPN0001502,플러스,40964.0
2025-07-01,e-영업2,(제휴 최저가 자동 쿠폰)22530원 할인,NCPN0002253,플러스,40964.0
2025-07-01,e-영업2,[제휴쿠폰] [WEEKEND SALE] 플러스 5% 쿠폰,CPN1384905,플러스,40136.0
2025-07-01,e-영업1,(제휴 최저가 자동 쿠폰)43520원 할인,NCPN0004352,플러스,39564.0
2025-07-01,e-영업2,(제휴 최저가 자동 쿠폰)14030원 할인,NCPN0001403,플러스,38264.0
2025-07-01,e-영업1,(제휴 최저가 자동 쿠폰)20710원 할인,NCPN0002071,플러스,37655.0
2025-07-01,e-영업2,(제휴 최저가 자동 쿠폰)20260원 할인,NCPN0002026,플러스,36836.0
2025-07-01,e-영업2,(제휴 최저가 자동 쿠폰)10080원 할인,NCPN0001008,플러스,36655.0
2025-07-01,e-영업1,(제휴 최저가 자동 쿠폰)10050원 할인,NCPN0001005,플러스,36545.0
2025-07-01,e-영업2,(제휴 최저가 자동 쿠폰)8020원 할인,NCPN0000802,플러스,36455.0
2025-07-01,e-영업2,(제휴 최저가 자동 쿠폰)39910원 할인,NCPN0003991,플러스,36282.0
2025-07-01,e-영업2,(제휴 최저가 자동 쿠폰)13170원 할인,NCPN0001317,플러스,35918.0
2025-07-01,e-영업1,[제휴쿠폰] [L+DAY] 7% 플러스 쿠폰 (최대 3만원 할인),CPN1372605,플러스,35773.0
2025-07-01,e-영업1,(제휴 최저가 자동 쿠폰)18700원 할인,NCPN0001870,플러스,34000.0
2025-07-01,e-영업2,(제휴 최저가 자동 쿠폰)12430원 할인,NCPN0001243,플러스,33900.0
2025-07-01,e-영업2,(제휴 최저가 자동 쿠폰)18410원 할인,NCPN0001841,플러스,33473.0
2025-07-01,e-영업1,(제휴 최저가 자동 쿠폰)36780원 할인,NCPN0003678,플러스,33436.0
2025-07-01,e-영업1,(제휴 최저가 자동 쿠폰)18230원 할인,NCPN0001823,플러스,33145.0
2025-07-01,e-영업2,(제휴 최저가 자동 쿠폰)18140원 할인,NCPN0001814,플러스,32982.0
2025-07-01,e-영업1,(제휴 최저가 자동 쿠폰)17960원 할인,NCPN0001796,플러스,32655.0
2025-07-01,e-영업2,(제휴 최저가 자동 쿠폰)17960원 할인,NCPN0001796,플러스,32655.0
2025-07-01,e-영업2,(제휴 최저가 자동 쿠폰)8730원 할인,NCPN0000873,플러스,31745.0
2025-07-01,e-영업2,(제휴 최저가 자동 쿠폰)34900원 할인,NCPN0003490,플러스,31727.0
2025-07-01,e-영업2,(제휴 최저가 자동 쿠폰)11620원 할인,NCPN0001162,플러스,31691.0
2025-07-01,e-영업2,(제휴 최저가 자동 쿠폰)17360원 할인,NCPN0001736,플러스,31564.0
2025-07-01,e-영업2,(제휴 최저가 자동 쿠폰)34120원 할인,NCPN0003412,플러스,31018.0
2025-07-01,e-영업2,(제휴 최저가 자동 쿠폰)16710원 할인,NCPN0001671,플러스,30382.0
2025-07-01,e-영업2,(제휴 최저가 자동 쿠폰)16690원 할인,NCPN0001669,플러스,30345.0
2025-07-01,e-영업2,(제휴 최저가 자동 쿠폰)16550원 할인,NCPN0001655,플러스,30091.0
2025-07-01,e-영업2,(제휴 최저가 자동 쿠폰)10990원 할인,NCPN0001099,플러스,29973.0
2025-07-01,e-영업2,(제휴 최저가 자동 쿠폰)10820원 할인,NCPN0001082,플러스,29509.0
2025-07-01,e-영업2,(제휴 최저가 자동 쿠폰)16120원 할인,NCPN0001612,플러스,29309.0
2025-07-01,e-영업2,(제휴 최저가 자동 쿠폰)15990원 할인,NCPN0001599,플러스,29073.0
2025-07-01,e-영업2,(제휴 최저가 자동 쿠폰)15870원 할인,NCPN0001587,플러스,28855.0
2025-07-01,e-영업1,(제휴 최저가 자동 쿠폰)15810원 할인,NCPN0001581,플러스,28745.0
2025-07-01,e-영업2,(제휴 최저가 자동 쿠폰)10450원 할인,NCPN0001045,플러스,28500.0
2025-07-01,e-영업2,(제휴 최저가 자동 쿠폰)15510원 할인,NCPN0001551,플러스,28200.0
2025-07-01,e-영업1,(제휴 최저가 자동 쿠폰)10210원 할인,NCPN0001021,플러스,27845.0
2025-07-01,e-영업2,(제휴 최저가 자동 쿠폰)30060원 할인,NCPN0003006,플러스,27327.0
2025-07-01,e-영업2,(제휴 최저가 자동 쿠폰)29510원 할인,NCPN0002951,플러스,26827.0
2025-07-01,e-영업2,(제휴 최저가 자동 쿠폰)14690원 할인,NCPN0001469,플러스,26709.0
2025-07-01,e-영업2,[제휴쿠폰] [WEEKEND SALE] 플러스 5% 쿠폰,CPN1376674,플러스,26555.0
2025-07-01,e-영업2,(제휴 최저가 자동 쿠폰)7050원 할인,NCPN0000705,플러스,25636.0
2025-07-01,e-영업2,(제휴 최저가 자동 쿠폰)6940원 할인,NCPN0000694,플러스,25236.0
2025-07-01,e-영업1,(제휴 최저가 자동 쿠폰)5530원 할인,NCPN0000553,플러스,25136.0
2025-07-01,e-영업2,(제휴 최저가 자동 쿠폰)13700원 할인,NCPN0001370,플러스,24909.0
2025-07-01,e-영업2,(제휴 최저가 자동 쿠폰)13620원 할인,NCPN0001362,플러스,24764.0
2025-07-01,e-영업2,(제휴 최저가 자동 쿠폰)9040원 할인,NCPN0000904,플러스,24655.0
2025-07-01,e-영업1,(제휴 최저가 자동 쿠폰)8870원 할인,NCPN0000887,플러스,24191.0
2025-07-01,e-영업1,(제휴 최저가 자동 쿠폰)26390원 할인,NCPN0002639,플러스,23991.0
2025-07-01,e-영업1,(제휴 최저가 자동 쿠폰)26000원 할인,NCPN0002600,플러스,23636.0
2025-07-01,e-영업1,(제휴 최저가 자동 쿠폰)25940원 할인,NCPN0002594,플러스,23582.0
2025-07-01,e-영업2,(제휴 최저가 자동 쿠폰)12890원 할인,NCPN0001289,플러스,23436.0
2025-07-01,e-영업1,(제휴 최저가 자동 쿠폰)12860원 할인,NCPN0001286,플러스,23382.0
2025-07-01,e-영업2,(제휴 최저가 자동 쿠폰)12640원 할인,NCPN0001264,플러스,22982.0
2025-07-01,e-영업2,(제휴 최저가 자동 쿠폰)12600원 할인,NCPN0001260,플러스,22909.0
2025-07-01,e-영업2,(제휴 최저가 자동 쿠폰)5890원 할인,NCPN0000589,플러스,21418.0
2025-07-01,e-영업1,(제휴 최저가 자동 쿠폰)23510원 할인,NCPN0002351,플러스,21373.0
2025-07-01,e-영업2,(제휴 최저가 자동 쿠폰)23350원 할인,NCPN0002335,플러스,21227.0
2025-07-01,e-영업1,(제휴 최저가 자동 쿠폰)23230원 할인,NCPN0002323,플러스,21118.0
2025-07-01,e-영업2,(제휴 최저가 자동 쿠폰)22990원 할인,NCPN0002299,플러스,20900.0
2025-07-01,e-영업1,(제휴 최저가 자동 쿠폰)22850원 할인,NCPN0002285,플러스,20773.0
2025-07-01,e-영업2,(제휴 최저가 자동 쿠폰)7410원 할인,NCPN0000741,플러스,20209.0
2025-07-01,e-영업2,(제휴 최저가 자동 쿠폰)11040원 할인,NCPN0001104,플러스,20073.0
2025-07-01,e-영업2,(제휴 최저가 자동 쿠폰)7340원 할인,NCPN0000734,플러스,20018.0
2025-07-01,e-영업2,(제휴 최저가 자동 쿠폰)10930원 할인,NCPN0001093,플러스,19873.0
2025-07-01,e-영업2,(제휴 최저가 자동 쿠폰)21530원 할인,NCPN0002153,플러스,19573.0
2025-07-01,e-영업1,(제휴 최저가 자동 쿠폰)21520원 할인,NCPN0002152,플러스,19564.0
2025-07-01,e-영업1,(제휴 최저가 자동 쿠폰)10730원 할인,NCPN0001073,플러스,19509.0
2025-07-01,e-영업2,(제휴 최저가 자동 쿠폰)10720원 할인,NCPN0001072,플러스,19491.0
2025-07-01,e-영업1,(제휴 최저가 자동 쿠폰)7090원 할인,NCPN0000709,플러스,19336.0
2025-07-01,e-영업2,(제휴 최저가 자동 쿠폰)10620원 할인,NCPN0001062,플러스,19309.0
2025-07-01,e-영업2,(제휴 최저가 자동 쿠폰)5110원 할인,NCPN0000511,플러스,18582.0
2025-07-01,e-영업2,(제휴 최저가 자동 쿠폰)10130원 할인,NCPN0001013,플러스,18418.0
2025-07-01,e-영업2,(제휴 최저가 자동 쿠폰)10090원 할인,NCPN0001009,플러스,18345.0
2025-07-01,e-영업2,(제휴 최저가 자동 쿠폰)10050원 할인,NCPN0001005,플러스,18273.0
2025-07-01,e-영업2,(제휴 최저가 자동 쿠폰)10040원 할인,NCPN0001004,플러스,18255.0
2025-07-01,e-영업1,(제휴 최저가 자동 쿠폰)19810원 할인,NCPN0001981,플러스,18009.0
2025-07-01,e-영업2,(제휴 최저가 자동 쿠폰)19560원 할인,NCPN0001956,플러스,17782.0
2025-07-01,e-영업2,(제휴 최저가 자동 쿠폰)19350원 할인,NCPN0001935,플러스,17591.0
2025-07-01,e-영업2,(제휴 최저가 자동 쿠폰)9670원 할인,NCPN0000967,플러스,17582.0
2025-07-01,e-영업1,(제휴 최저가 자동 쿠폰)19240원 할인,NCPN0001924,플러스,17491.0
2025-07-01,e-영업2,(제휴 최저가 자동 쿠폰)19240원 할인,NCPN0001924,플러스,17491.0
2025-07-01,e-영업2,(제휴 최저가 자동 쿠폰)19210원 할인,NCPN0001921,플러스,17464.0
2025-07-01,e-영업2,(제휴 최저가 자동 쿠폰)19080원 할인,NCPN0001908,플러스,17345.0
2025-07-01,e-영업1,(제휴 최저가 자동 쿠폰)9270원 할인,NCPN0000927,플러스,16855.0
2025-07-01,e-영업2,(제휴 최저가 자동 쿠폰)9270원 할인,NCPN0000927,플러스,16855.0
2025-07-01,e-영업2,(제휴 최저가 자동 쿠폰)18260원 할인,NCPN0001826,플러스,16600.0
2025-07-01,e-영업1,(제휴 최저가 자동 쿠폰)18150원 할인,NCPN0001815,플러스,16500.0
2025-07-01,e-영업2,(제휴 최저가 자동 쿠폰)9050원 할인,NCPN0000905,플러스,16455.0
2025-07-01,e-영업1,(제휴 최저가 자동 쿠폰)6030원 할인,NCPN0000603,플러스,16445.0
2025-07-01,e-영업2,(제휴 최저가 자동 쿠폰)4460원 할인,NCPN0000446,플러스,16218.0
2025-07-01,e-영업2,(제휴 최저가 자동 쿠폰)17750원 할인,NCPN0001775,플러스,16136.0
2025-07-01,e-영업2,(제휴 최저가 자동 쿠폰)17660원 할인,NCPN0001766,플러스,16055.0
2025-07-01,e-영업2,(제휴 최저가 자동 쿠폰)17600원 할인,NCPN0001760,플러스,16000.0
2025-07-01,e-영업1,(제휴 최저가 자동 쿠폰)17440원 할인,NCPN0001744,플러스,15855.0
2025-07-01,e-영업1,(제휴 최저가 자동 쿠폰)17020원 할인,NCPN0001702,플러스,15473.0
2025-07-01,e-영업2,(제휴 최저가 자동 쿠폰)8510원 할인,NCPN0000851,플러스,15473.0
2025-07-01,e-영업1,(제휴 최저가 자동 쿠폰)5650원 할인,NCPN0000565,플러스,15409.0
2025-07-01,e-영업1,(제휴 최저가 자동 쿠폰)16710원 할인,NCPN0001671,플러스,15191.0
2025-07-01,e-영업2,(제휴 최저가 자동 쿠폰)16680원 할인,NCPN0001668,플러스,15164.0
2025-07-01,e-영업1,(제휴 최저가 자동 쿠폰)16670원 할인,NCPN0001667,플러스,15155.0
2025-07-01,e-영업1,(제휴 최저가 자동 쿠폰)16600원 할인,NCPN0001660,플러스,15091.0
2025-07-01,e-영업1,(제휴 최저가 자동 쿠폰)16590원 할인,NCPN0001659,플러스,15082.0
2025-07-01,e-영업2,(제휴 최저가 자동 쿠폰)16590원 할인,NCPN0001659,플러스,15082.0
2025-07-01,e-영업1,(제휴 최저가 자동 쿠폰)16550원 할인,NCPN0001655,플러스,15045.0
2025-07-01,e-영업2,(제휴 최저가 자동 쿠폰)16420원 할인,NCPN0001642,플러스,14927.0
2025-07-01,e-영업1,(제휴 최저가 자동 쿠폰)8100원 할인,NCPN0000810,플러스,14727.0
2025-07-01,e-영업2,(제휴 최저가 자동 쿠폰)8100원 할인,NCPN0000810,플러스,14727.0
2025-07-01,e-영업1,(제휴 최저가 자동 쿠폰)8060원 할인,NCPN0000806,플러스,14655.0
2025-07-01,e-영업2,(제휴 최저가 자동 쿠폰)8060원 할인,NCPN0000806,플러스,14655.0
2025-07-01,e-영업2,[제휴쿠폰] [L+DAY] 7% 플러스 쿠폰 (최대 3만원 할인),CPN1372605,플러스,14591.0
2025-07-01,e-영업2,(제휴 최저가 자동 쿠폰)16010원 할인,NCPN0001601,플러스,14555.0
2025-07-01,e-영업1,(제휴 최저가 자동 쿠폰)15990원 할인,NCPN0001599,플러스,14536.0
2025-07-01,e-영업1,(제휴 최저가 자동 쿠폰)15870원 할인,NCPN0001587,플러스,14427.0
2025-07-01,e-영업2,(제휴 최저가 자동 쿠폰)15770원 할인,NCPN0001577,플러스,14336.0
2025-07-01,e-영업2,(제휴 최저가 자동 쿠폰)15710원 할인,NCPN0001571,플러스,14282.0
2025-07-01,e-영업1,(제휴 최저가 자동 쿠폰)7810원 할인,NCPN0000781,플러스,14200.0
2025-07-01,e-영업2,(제휴 최저가 자동 쿠폰)15500원 할인,NCPN0001550,플러스,14091.0
2025-07-01,e-영업1,[제휴쿠폰][L+DAY] 5% 플러스 쿠폰 (최대 3만원 할인),CPN1372608,플러스,14055.0
2025-07-01,e-영업1,(제휴 최저가 자동 쿠폰)15220원 할인,NCPN0001522,플러스,13836.0
2025-07-01,e-영업1,(제휴 최저가 자동 쿠폰)15060원 할인,NCPN0001506,플러스,13691.0
2025-07-01,e-영업1,(제휴 최저가 자동 쿠폰)15040원 할인,NCPN0001504,플러스,13673.0
2025-07-01,e-영업2,(제휴 최저가 자동 쿠폰)15020원 할인,NCPN0001502,플러스,13655.0
2025-07-01,e-영업2,(제휴 최저가 자동 쿠폰)14710원 할인,NCPN0001471,플러스,13373.0
2025-07-01,e-영업1,(제휴 최저가 자동 쿠폰)14660원 할인,NCPN0001466,플러스,13327.0
2025-07-01,e-영업2,(제휴 최저가 자동 쿠폰)14530원 할인,NCPN0001453,플러스,13209.0
2025-07-01,e-영업1,(제휴 최저가 자동 쿠폰)14510원 할인,NCPN0001451,플러스,13191.0
2025-07-01,e-영업2,(제휴 최저가 자동 쿠폰)7220원 할인,NCPN0000722,플러스,13127.0
2025-07-01,e-영업1,(제휴 최저가 자동 쿠폰)7210원 할인,NCPN0000721,플러스,13109.0
2025-07-01,e-영업1,(제휴 최저가 자동 쿠폰)14200원 할인,NCPN0001420,플러스,12909.0
2025-07-01,e-영업1,(제휴 최저가 자동 쿠폰)13970원 할인,NCPN0001397,플러스,12700.0
2025-07-01,e-영업1,(제휴 최저가 자동 쿠폰)13810원 할인,NCPN0001381,플러스,12555.0
2025-07-01,e-영업2,(제휴 최저가 자동 쿠폰)13810원 할인,NCPN0001381,플러스,12555.0
2025-07-01,e-영업2,(제휴 최저가 자동 쿠폰)13740원 할인,NCPN0001374,플러스,12491.0
2025-07-01,e-영업1,(제휴 최저가 자동 쿠폰)13440원 할인,NCPN0001344,플러스,12218.0
2025-07-01,e-영업2,(제휴 최저가 자동 쿠폰)4480원 할인,NCPN0000448,플러스,12218.0
2025-07-01,e-영업1,(제휴 최저가 자동 쿠폰)13430원 할인,NCPN0001343,플러스,12209.0
2025-07-01,e-영업2,(제휴 최저가 자동 쿠폰)13430원 할인,NCPN0001343,플러스,12209.0
2025-07-01,e-영업1,(제휴 최저가 자동 쿠폰)13170원 할인,NCPN0001317,플러스,11973.0
2025-07-01,e-영업1,(제휴 최저가 자동 쿠폰)12890원 할인,NCPN0001289,플러스,11718.0
2025-07-01,e-영업2,(제휴 최저가 자동 쿠폰)12880원 할인,NCPN0001288,플러스,11709.0
2025-07-01,e-영업2,(제휴 최저가 자동 쿠폰)12860원 할인,NCPN0001286,플러스,11691.0
2025-07-01,e-영업2,(제휴 최저가 자동 쿠폰)6410원 할인,NCPN0000641,플러스,11655.0
2025-07-01,e-영업2,(제휴 최저가 자동 쿠폰)12770원 할인,NCPN0001277,플러스,11609.0
2025-07-01,e-영업1,(제휴 최저가 자동 쿠폰)12600원 할인,NCPN0001260,플러스,11455.0
2025-07-01,e-영업1,(제휴 최저가 자동 쿠폰)12300원 할인,NCPN0001230,플러스,11182.0
2025-07-01,e-영업1,(제휴 최저가 자동 쿠폰)12240원 할인,NCPN0001224,플러스,11127.0
2025-07-01,e-영업2,(제휴 최저가 자동 쿠폰)5980원 할인,NCPN0000598,플러스,10873.0
2025-07-01,e-영업1,(제휴 최저가 자동 쿠폰)3980원 할인,NCPN0000398,플러스,10855.0
2025-07-01,e-영업2,(제휴 최저가 자동 쿠폰)5840원 할인,NCPN0000584,플러스,10618.0
2025-07-01,e-영업2,(제휴 최저가 자동 쿠폰)11450원 할인,NCPN0001145,플러스,10409.0
2025-07-01,e-영업2,(제휴 최저가 자동 쿠폰)5630원 할인,NCPN0000563,플러스,10236.0
2025-07-01,e-영업1,(제휴 최저가 자동 쿠폰)11010원 할인,NCPN0001101,플러스,10009.0
2025-07-01,e-영업1,(제휴 최저가 자동 쿠폰)10990원 할인,NCPN0001099,플러스,9991.0
2025-07-01,e-영업1,(제휴 최저가 자동 쿠폰)10820원 할인,NCPN0001082,플러스,9836.0
2025-07-01,e-영업2,(제휴 최저가 자동 쿠폰)10730원 할인,NCPN0001073,플러스,9755.0
2025-07-01,e-영업1,(제휴 최저가 자동 쿠폰)10720원 할인,NCPN0001072,플러스,9745.0
2025-07-01,e-영업2,[제휴쿠폰][L+DAY] 5% 플러스 쿠폰 (최대 3만원 할인),CPN1372608,플러스,9718.0
2025-07-01,e-영업1,(제휴 최저가 자동 쿠폰)10630원 할인,NCPN0001063,플러스,9664.0
2025-07-01,e-영업2,(제휴 최저가 자동 쿠폰)5230원 할인,NCPN0000523,플러스,9509.0
2025-07-01,e-영업1,(제휴 최저가 자동 쿠폰)10290원 할인,NCPN0001029,플러스,9355.0
2025-07-01,e-영업2,(제휴 최저가 자동 쿠폰)10210원 할인,NCPN0001021,플러스,9282.0
2025-07-01,e-영업2,(제휴 최저가 자동 쿠폰)10110원 할인,NCPN0001011,플러스,9191.0
2025-07-01,e-영업2,(제휴 최저가 자동 쿠폰)9970원 할인,NCPN0000997,플러스,9064.0
2025-07-01,e-영업2,(제휴 최저가 자동 쿠폰)9960원 할인,NCPN0000996,플러스,9055.0
2025-07-01,e-영업1,(제휴 최저가 자동 쿠폰)9800원 할인,NCPN0000980,플러스,8909.0
2025-07-01,e-영업2,(제휴 최저가 자동 쿠폰)9780원 할인,NCPN0000978,플러스,8891.0
2025-07-01,e-영업1,(제휴 최저가 자동 쿠폰)9710원 할인,NCPN0000971,플러스,8827.0
2025-07-01,e-영업1,(제휴 최저가 자동 쿠폰)9670원 할인,NCPN0000967,플러스,8791.0
2025-07-01,e-영업2,(제휴 최저가 자동 쿠폰)9600원 할인,NCPN0000960,플러스,8727.0
2025-07-01,e-영업2,(제휴 최저가 자동 쿠폰)9500원 할인,NCPN0000950,플러스,8636.0
2025-07-01,e-영업1,(제휴 최저가 자동 쿠폰)4720원 할인,NCPN0000472,플러스,8582.0
2025-07-01,e-영업1,(제휴 최저가 자동 쿠폰)9190원 할인,NCPN0000919,플러스,8355.0
2025-07-01,e-영업1,(제휴 최저가 자동 쿠폰)9170원 할인,NCPN0000917,플러스,8336.0
2025-07-01,e-영업2,(제휴 최저가 자동 쿠폰)9060원 할인,NCPN0000906,플러스,8236.0
2025-07-01,e-영업1,(제휴 최저가 자동 쿠폰)9050원 할인,NCPN0000905,플러스,8227.0
2025-07-01,e-영업1,(제휴 최저가 자동 쿠폰)9010원 할인,NCPN0000901,플러스,8191.0
2025-07-01,e-영업2,(제휴 최저가 자동 쿠폰)9010원 할인,NCPN0000901,플러스,8191.0
2025-07-01,e-영업2,(제휴 최저가 자동 쿠폰)8980원 할인,NCPN0000898,플러스,8164.0
2025-07-01,e-영업2,(제휴 최저가 자동 쿠폰)8960원 할인,NCPN0000896,플러스,8145.0
2025-07-01,e-영업2,(제휴 최저가 자동 쿠폰)8830원 할인,NCPN0000883,플러스,8027.0
2025-07-01,e-영업1,(제휴 최저가 자동 쿠폰)4330원 할인,NCPN0000433,플러스,7873.0
2025-07-01,e-영업1,(제휴 최저가 자동 쿠폰)8590원 할인,NCPN0000859,플러스,7809.0
2025-07-01,e-영업2,(제휴 최저가 자동 쿠폰)8590원 할인,NCPN0000859,플러스,7809.0
2025-07-01,e-영업2,(제휴 최저가 자동 쿠폰)8550원 할인,NCPN0000855,플러스,7773.0
2025-07-01,e-영업2,(제휴 최저가 자동 쿠폰)8320원 할인,NCPN0000832,플러스,7564.0
2025-07-01,e-영업1,(제휴 최저가 자동 쿠폰)4120원 할인,NCPN0000412,플러스,7491.0
2025-07-01,e-영업2,(제휴 최저가 자동 쿠폰)8090원 할인,NCPN0000809,플러스,7355.0
2025-07-01,e-영업2,(제휴 최저가 자동 쿠폰)8080원 할인,NCPN0000808,플러스,7345.0
2025-07-01,e-영업2,(제휴 최저가 자동 쿠폰)8070원 할인,NCPN0000807,플러스,7336.0
2025-07-01,e-영업1,(제휴 최저가 자동 쿠폰)8030원 할인,NCPN0000803,플러스,7300.0
2025-07-01,e-영업1,(제휴 최저가 자동 쿠폰)7930원 할인,NCPN0000793,플러스,7209.0
2025-07-01,e-영업2,(제휴 최저가 자동 쿠폰)7510원 할인,NCPN0000751,플러스,6827.0
2025-07-01,e-영업2,(제휴 최저가 자동 쿠폰)7310원 할인,NCPN0000731,플러스,6645.0
2025-07-01,e-영업2,(제휴 최저가 자동 쿠폰)7150원 할인,NCPN0000715,플러스,6500.0
2025-07-01,e-영업2,(제휴 최저가 자동 쿠폰)6920원 할인,NCPN0000692,플러스,6291.0
2025-07-01,e-영업2,(제휴 최저가 자동 쿠폰)6560원 할인,NCPN0000656,플러스,5964.0
2025-07-01,e-영업1,(제휴 최저가 자동 쿠폰)6330원 할인,NCPN0000633,플러스,5755.0
2025-07-01,e-영업1,(제휴 최저가 자동 쿠폰)6220원 할인,NCPN0000622,플러스,5655.0
2025-07-01,e-영업2,(제휴 최저가 자동 쿠폰)6180원 할인,NCPN0000618,플러스,5618.0
2025-07-01,e-영업1,(제휴 최저가 자동 쿠폰)6050원 할인,NCPN0000605,플러스,5500.0
2025-07-01,e-영업2,(제휴 최저가 자동 쿠폰)5700원 할인,NCPN0000570,플러스,5182.0
2025-07-01,e-영업2,(제휴 최저가 자동 쿠폰)5650원 할인,NCPN0000565,플러스,5136.0
2025-07-01,e-영업1,(제휴 최저가 자동 쿠폰)5450원 할인,NCPN0000545,플러스,4955.0
2025-07-01,e-영업2,(제휴 최저가 자동 쿠폰)5030원 할인,NCPN0000503,플러스,4573.0
2025-07-01,e-영업2,(제휴 최저가 자동 쿠폰)4950원 할인,NCPN0000495,플러스,4500.0
2025-07-01,e-영업2,(제휴 최저가 자동 쿠폰)4710원 할인,NCPN0000471,플러스,4282.0
2025-07-01,e-영업2,(제휴 최저가 자동 쿠폰)4610원 할인,NCPN0000461,플러스,4191.0
2025-07-01,e-영업1,(제휴 최저가 자동 쿠폰)4570원 할인,NCPN0000457,플러스,4155.0
2025-07-01,e-영업1,(제휴 최저가 자동 쿠폰)4210원 할인,NCPN0000421,플러스,3827.0
2025-07-01,e-영업1,(제휴 최저가 자동 쿠폰)3970원 할인,NCPN0000397,플러스,3609.0
2025-07-01,e-영업2,(제휴 최저가 자동 쿠폰)3970원 할인,NCPN0000397,플러스,3609.0
2025-07-01,e-영업1,(제휴 최저가 자동 쿠폰)3900원 할인,NCPN0000390,플러스,3545.0
2025-07-01,e-영업2,(제휴 최저가 자동 쿠폰)3770원 할인,NCPN0000377,플러스,3427.0
2025-07-01,e-영업2,(제휴 최저가 자동 쿠폰)3570원 할인,NCPN0000357,플러스,3245.0
2025-07-01,e-영업1,(제휴 최저가 자동 쿠폰)3470원 할인,NCPN0000347,플러스,3155.0
2025-07-01,e-영업1,(제휴 최저가 자동 쿠폰)3410원 할인,NCPN0000341,플러스,3100.0
2025-07-01,e-영업2,(제휴 최저가 자동 쿠폰)3290원 할인,NCPN0000329,플러스,2991.0
2025-07-01,e-영업2,(제휴 최저가 자동 쿠폰)2660원 할인,NCPN0000266,플러스,2418.0
2025-07-01,e-영업1,(제휴 최저가 자동 쿠폰)1310원 할인,NCPN0000131,플러스,2382.0
2025-07-01,e-영업2,(제휴 최저가 자동 쿠폰)1310원 할인,NCPN0000131,플러스,1191.0
2025-07-01,e-영업2,(제휴 최저가 자동 쿠폰)1200원 할인,NCPN0000120,플러스,1091.0
2025-07-01,e-영업2,(제휴 최저가 자동 쿠폰)10원 할인,NCPN0000001,플러스,118.0
2025-07-01,e-영업1,(제휴 최저가 자동 쿠폰)20원 할인,NCPN0000002,플러스,18.0
2025-07-01,e-영업1,(제휴 최저가 자동 쿠폰)10원 할인,NCPN0000001,플러스,9.0
2025-07-01,e-영업1,[제휴할인] [L+DAY] 5% 플러스 쿠폰,CPN1329967,플러스,-1518.0
2025-07-01,e-영업1,(제휴 최저가 자동 쿠폰)1750원 할인,NCPN0000175,플러스,-1591.0
2025-07-01,e-영업2,(제휴 최저가 자동 쿠폰)5820원 할인,NCPN0000582,플러스,-5291.0
2025-07-01,e-영업1,(제휴 최저가 자동 쿠폰)6940원 할인,NCPN0000694,플러스,-6309.0
2025-07-01,e-영업2,(제휴 최저가 자동 쿠폰)8050원 할인,NCPN0000805,플러스,-7318.0
2025-07-01,e-영업1,[제휴쿠폰] [WEEKEND SALE] 플러스 5% 쿠폰,CPN1342031,플러스,-7700.0
2025-07-01,e-영업1,(제휴 최저가 자동 쿠폰)9070원 할인,NCPN0000907,플러스,-8245.0
2025-07-01,e-영업2,(제휴 최저가 자동 쿠폰)5460원 할인,NCPN0000546,플러스,-9927.0
2025-07-01,e-영업2,(제휴 최저가 자동 쿠폰)11770원 할인,NCPN0001177,플러스,-10700.0
2025-07-01,e-영업2,(제휴 최저가 자동 쿠폰)13480원 할인,NCPN0001348,플러스,-12255.0
2025-07-01,e-영업2,(제휴 최저가 자동 쿠폰)13970원 할인,NCPN0001397,플러스,-12700.0
2025-07-01,e-영업2,(제휴 최저가 자동 쿠폰)15220원 할인,NCPN0001522,플러스,-13836.0
2025-07-01,e-영업2,(제휴 최저가 자동 쿠폰)19760원 할인,NCPN0001976,플러스,-17964.0
2025-07-01,e-영업2,[제휴쿠폰] [WEEKEND SALE] 플러스 5% 쿠폰,CPN1359519,플러스,-21864.0
2025-07-01,e-영업2,(제휴 최저가 자동 쿠폰)12550원 할인,NCPN0001255,플러스,-22818.0
2025-07-01,e-영업2,(제휴 최저가 자동 쿠폰)26480원 할인,NCPN0002648,플러스,-24073.0
2025-07-01,e-영업1,[제휴쿠폰] [WEEKEND SALE] 플러스 5% 쿠폰,CPN1359519,플러스,-29364.0
2025-07-01,e-영업2,[제휴할인] [서머슈퍼세일] 10% 플러스쿠폰,CPN1342948,플러스,-35227.0
2025-07-01,e-영업2,(제휴 최저가 자동 쿠폰)40130원 할인,NCPN0004013,플러스,-36482.0
2025-07-01,e-영업1,[제휴할인] [서머슈퍼세일] 10% 플러스쿠폰,CPN1342948,플러스,-163682.0
2025-08-01,e-영업2,[제휴쿠폰] [OUTLET]위켄드 아울렛 12%쿠폰,CPN1414910,일반,11502600.0
2025-08-01,e-영업2,[제휴쿠폰][OUTLET]PRE-FALL NEW ARRIVAL! 12%,CPN1424494,일반,2080436.0
2025-08-01,e-영업2,[제휴쿠폰][OUTLET] 여름 최종가 시즌세일! 12%쿠폰,CPN1433129,일반,807218.0
2025-08-01,e-영업1,[제휴전용] 12% 할인(IE),CPN703554,일반,490618.0
2025-08-01,e-영업3,네이버쇼핑 추가할인 (e-명품_대상: 입점업체),CPN407983,플러스,15599745.0
2025-08-01,e-영업2,[제휴전용] 10%추가할인 (이월 ACC),CPN383518,플러스,13933209.0
2025-08-01,e-영업2,[제휴전용] 7%추가할인 (이월 남성),CPN409203,플러스,8664591.0
2025-08-01,e-영업2,[제휴전용] 9%추가할인 (이월 여성),CPN409202,플러스,6404536.0
2025-08-01,e-영업2,[제휴전용] 7%추가할인 (이월 여성),CPN409201,플러스,4444664.0
2025-08-01,e-영업2,[제휴전용] 9%추가할인 (이월 남성),CPN409204,플러스,2396691.0
2025-08-01,e-영업2,[제휴전용] 8%추가할인 (이월 슈즈),CPN384029,플러스,1267436.0
2025-08-01,e-영업2,[제휴쿠폰] [OUTLET] 위켄드 아울렛 7% 중복쿠폰,CPN1414913,플러스,982018.0
2025-08-01,e-영업2,[제휴쿠폰] [브랜드페스타] 플러스쿠폰 10%,CPN1421210,플러스,828236.0
2025-08-01,e-영업1,(제휴 최저가 자동 쿠폰)31710원 할인,NCPN0003171,플러스,547718.0
2025-08-01,e-영업1,[제휴쿠폰] [브랜드페스타] 플러스쿠폰 10%,CPN1421210,플러스,353364.0
2025-08-01,e-영업2,[제휴할인] 5%추가할인 (이월 남성),CPN383907,플러스,304227.0
2025-08-01,e-영업2,[제휴쿠폰] [슈퍼위크] 10% 플러스 쿠폰,CPN1431970,플러스,262636.0
2025-08-01,e-영업2,(제휴 최저가 자동 쿠폰)19350원 할인,NCPN0001935,플러스,246273.0
2025-08-01,e-영업2,(제휴 최저가 자동 쿠폰)10070원 할인,NCPN0001007,플러스,228864.0
2025-08-01,e-영업1,(제휴 최저가 자동 쿠폰)25850원 할인,NCPN0002585,플러스,211500.0
2025-08-01,e-영업1,(제휴 최저가 자동 쿠폰)43520원 할인,NCPN0004352,플러스,197818.0
2025-08-01,e-영업1,[제휴쿠폰] [슈퍼위크] 10% 플러스 쿠폰,CPN1431970,플러스,179500.0
2025-08-01,e-영업2,(제휴 최저가 자동 쿠폰)18480원 할인,NCPN0001848,플러스,168000.0
2025-08-01,e-영업2,(제휴 최저가 자동 쿠폰)10050원 할인,NCPN0001005,플러스,164455.0
2025-08-01,e-영업1,(제휴 최저가 자동 쿠폰)22610원 할인,NCPN0002261,플러스,164436.0
2025-08-01,e-영업2,(제휴 최저가 자동 쿠폰)11620원 할인,NCPN0001162,플러스,147891.0
2025-08-01,e-영업2,(제휴 최저가 자동 쿠폰)8020원 할인,NCPN0000802,플러스,145818.0
2025-08-01,e-영업2,(제휴 최저가 자동 쿠폰)21490원 할인,NCPN0002149,플러스,136755.0
2025-08-01,e-영업2,(제휴 최저가 자동 쿠폰)13430원 할인,NCPN0001343,플러스,134300.0
2025-08-01,e-영업2,(제휴 최저가 자동 쿠폰)18240원 할인,NCPN0001824,플러스,132655.0
2025-08-01,e-영업2,(제휴 최저가 자동 쿠폰)20000원 할인,NCPN0002000,플러스,127273.0
2025-08-01,e-영업2,[제휴전용] 4%추가할인 (이월 여성),CPN384742,플러스,118091.0
2025-08-01,e-영업2,(제휴 최저가 자동 쿠폰)14370원 할인,NCPN0001437,플러스,117573.0
2025-08-01,e-영업2,[제휴전용] 8%추가할인 (이월 골프),CPN383905,플러스,117173.0
2025-08-01,e-영업2,(제휴 최저가 자동 쿠폰)25100원 할인,NCPN0002510,플러스,114091.0
2025-08-01,e-영업1,(제휴 최저가 자동 쿠폰)20490원 할인,NCPN0002049,플러스,111764.0
2025-08-01,e-영업2,(제휴 최저가 자동 쿠폰)17560원 할인,NCPN0001756,플러스,111745.0
2025-08-01,e-영업2,(제휴 최저가 자동 쿠폰)20210원 할인,NCPN0002021,플러스,110236.0
2025-08-01,e-영업2,(제휴 최저가 자동 쿠폰)17200원 할인,NCPN0001720,플러스,109455.0
2025-08-01,e-영업2,(제휴 최저가 자동 쿠폰)13970원 할인,NCPN0001397,플러스,101600.0
2025-08-01,e-영업1,(제휴 최저가 자동 쿠폰)37020원 할인,NCPN0003702,플러스,100964.0
2025-08-01,e-영업1,[제휴쿠폰] [L+DAY] 10% 플러스 쿠폰 (최대 3만원 할인),CPN1405620,플러스,95482.0
2025-08-01,e-영업2,(제휴 최저가 자동 쿠폰)34130원 할인,NCPN0003413,플러스,93082.0
2025-08-01,e-영업1,(제휴 최저가 자동 쿠폰)19590원 할인,NCPN0001959,플러스,89045.0
2025-08-01,e-영업2,(제휴 최저가 자동 쿠폰)9780원 할인,NCPN0000978,플러스,88909.0
2025-08-01,e-영업1,(제휴 최저가 자동 쿠폰)5950원 할인,NCPN0000595,플러스,86545.0
2025-08-01,e-영업1,(제휴 최저가 자동 쿠폰)15640원 할인,NCPN0001564,플러스,85309.0
2025-08-01,e-영업1,(제휴 최저가 자동 쿠폰)18700원 할인,NCPN0001870,플러스,85000.0
2025-08-01,e-영업2,(제휴 최저가 자동 쿠폰)13170원 할인,NCPN0001317,플러스,83809.0
2025-08-01,e-영업2,(제휴 최저가 자동 쿠폰)7090원 할인,NCPN0000709,플러스,83791.0
2025-08-01,e-영업2,(제휴 최저가 자동 쿠폰)7450원 할인,NCPN0000745,플러스,81273.0
2025-08-01,e-영업1,(제휴 최저가 자동 쿠폰)29050원 할인,NCPN0002905,플러스,79227.0
2025-08-01,e-영업2,(제휴 최저가 자동 쿠폰)21520원 할인,NCPN0002152,플러스,78255.0
2025-08-01,e-영업2,(제휴 최저가 자동 쿠폰)20260원 할인,NCPN0002026,플러스,73673.0
2025-08-01,e-영업2,(제휴 최저가 자동 쿠폰)9960원 할인,NCPN0000996,플러스,72436.0
2025-08-01,e-영업2,(제휴 최저가 자동 쿠폰)7950원 할인,NCPN0000795,플러스,72273.0
2025-08-01,e-영업1,(제휴 최저가 자동 쿠폰)19870원 할인,NCPN0001987,플러스,72255.0
2025-08-01,e-영업2,(제휴 최저가 자동 쿠폰)15810원 할인,NCPN0001581,플러스,71864.0
2025-08-01,e-영업2,(제휴 최저가 자동 쿠폰)12860원 할인,NCPN0001286,플러스,70145.0
2025-08-01,e-영업2,(제휴 최저가 자동 쿠폰)10990원 할인,NCPN0001099,플러스,69936.0
2025-08-01,e-영업2,(제휴 최저가 자동 쿠폰)12770원 할인,NCPN0001277,플러스,69655.0
2025-08-01,e-영업1,(제휴 최저가 자동 쿠폰)12650원 할인,NCPN0001265,플러스,69000.0
2025-08-01,e-영업2,(제휴 최저가 자동 쿠폰)25020원 할인,NCPN0002502,플러스,68236.0
2025-08-01,e-영업2,(제휴 최저가 자동 쿠폰)12480원 할인,NCPN0001248,플러스,68073.0
2025-08-01,e-영업2,(제휴 최저가 자동 쿠폰)18300원 할인,NCPN0001830,플러스,66545.0
2025-08-01,e-영업1,[제휴전용] 10%추가할인 (골프/스포츠),CPN413857,플러스,66418.0
2025-08-01,e-영업1,[제휴쿠폰] [WEEKEND SALE] 플러스 5% 쿠폰,CPN1401147,플러스,66291.0
2025-08-01,e-영업1,[제휴쿠폰] [WEEKEND SALE] 플러스 5% 쿠폰,CPN1414859,플러스,65336.0
2025-08-01,e-영업2,(제휴 최저가 자동 쿠폰)17750원 할인,NCPN0001775,플러스,64545.0
2025-08-01,e-영업1,[제휴쿠폰] [L+DAY] 7% 플러스 쿠폰 (최대 3만원 할인),CPN1405653,플러스,63909.0
2025-08-01,e-영업2,(제휴 최저가 자동 쿠폰)13810원 할인,NCPN0001381,플러스,62773.0
2025-08-01,e-영업2,(제휴 최저가 자동 쿠폰)34120원 할인,NCPN0003412,플러스,62036.0
2025-08-01,e-영업2,[제휴전용] 8% 추가할인 (이월 골프),CPN514212,플러스,61145.0
2025-08-01,e-영업1,(제휴 최저가 자동 쿠폰)13170원 할인,NCPN0001317,플러스,59864.0
2025-08-01,e-영업2,(제휴 최저가 자동 쿠폰)9270원 할인,NCPN0000927,플러스,58991.0
2025-08-01,e-영업2,(제휴 최저가 자동 쿠폰)16120원 할인,NCPN0001612,플러스,58618.0
2025-08-01,e-영업2,(제휴 최저가 자동 쿠폰)9030원 할인,NCPN0000903,플러스,57464.0
2025-08-01,e-영업2,(제휴 최저가 자동 쿠폰)15760원 할인,NCPN0001576,플러스,57309.0
2025-08-01,e-영업2,(제휴 최저가 자동 쿠폰)8830원 할인,NCPN0000883,플러스,56191.0
2025-08-01,e-영업2,(제휴 최저가 자동 쿠폰)20490원 할인,NCPN0002049,플러스,55882.0
2025-08-01,e-영업1,(제휴 최저가 자동 쿠폰)12230원 할인,NCPN0001223,플러스,55591.0
2025-08-01,e-영업2,(제휴 최저가 자동 쿠폰)12080원 할인,NCPN0001208,플러스,54909.0
2025-08-01,e-영업2,(제휴 최저가 자동 쿠폰)5460원 할인,NCPN0000546,플러스,54600.0
2025-08-01,e-영업2,(제휴 최저가 자동 쿠폰)8510원 할인,NCPN0000851,플러스,54155.0
2025-08-01,e-영업2,(제휴 최저가 자동 쿠폰)14710원 할인,NCPN0001471,플러스,53491.0
2025-08-01,e-영업2,(제휴 최저가 자동 쿠폰)29240원 할인,NCPN0002924,플러스,53164.0
2025-08-01,e-영업2,(제휴 최저가 자동 쿠폰)18280원 할인,NCPN0001828,플러스,49855.0
2025-08-01,e-영업2,(제휴 최저가 자동 쿠폰)13700원 할인,NCPN0001370,플러스,49818.0
2025-08-01,e-영업1,(제휴 최저가 자동 쿠폰)54620원 할인,NCPN0005462,플러스,49655.0
2025-08-01,e-영업2,(제휴 최저가 자동 쿠폰)8960원 할인,NCPN0000896,플러스,48873.0
2025-08-01,e-영업2,(제휴 최저가 자동 쿠폰)10720원 할인,NCPN0001072,플러스,48727.0
2025-08-01,e-영업2,(제휴 최저가 자동 쿠폰)8920원 할인,NCPN0000892,플러스,48655.0
2025-08-01,e-영업2,(제휴 최저가 자동 쿠폰)17700원 할인,NCPN0001770,플러스,48273.0
2025-08-01,e-영업2,(제휴 최저가 자동 쿠폰)52370원 할인,NCPN0005237,플러스,47609.0
2025-08-01,e-영업1,(제휴 최저가 자동 쿠폰)26000원 할인,NCPN0002600,플러스,47273.0
2025-08-01,e-영업1,[제휴쿠폰] [브랜드페스타] 플러스쿠폰 5%,CPN1421203,플러스,47055.0
2025-08-01,e-영업2,[제휴쿠폰] [WEEKEND SALE] 플러스 5% 쿠폰,CPN1409341,플러스,46209.0
2025-08-01,e-영업2,(제휴 최저가 자동 쿠폰)16690원 할인,NCPN0001669,플러스,45518.0
2025-08-01,e-영업2,[제휴쿠폰] [L+DAY] 10% 플러스 쿠폰 (최대 3만원 할인),CPN1405620,플러스,45336.0
2025-08-01,e-영업2,(제휴 최저가 자동 쿠폰)49460원 할인,NCPN0004946,플러스,44964.0
2025-08-01,e-영업2,(제휴 최저가 자동 쿠폰)12330원 할인,NCPN0001233,플러스,44836.0
2025-08-01,e-영업2,(제휴 최저가 자동 쿠폰)6940원 할인,NCPN0000694,플러스,44164.0
2025-08-01,e-영업2,(제휴 최저가 자동 쿠폰)23510원 할인,NCPN0002351,플러스,42745.0
2025-08-01,e-영업2,[제휴쿠폰] [브랜드페스타] 플러스쿠폰 5%,CPN1421203,플러스,42591.0
2025-08-01,e-영업2,(제휴 최저가 자동 쿠폰)23360원 할인,NCPN0002336,플러스,42473.0
2025-08-01,e-영업1,(제휴 최저가 자동 쿠폰)15510원 할인,NCPN0001551,플러스,42300.0
2025-08-01,e-영업2,(제휴 최저가 자동 쿠폰)22990원 할인,NCPN0002299,플러스,41800.0
2025-08-01,e-영업2,(제휴 최저가 자동 쿠폰)22850원 할인,NCPN0002285,플러스,41545.0
2025-08-01,e-영업2,[제휴쿠폰] [WEEKEND SALE] 플러스 5% 쿠폰,CPN1401147,플러스,41173.0
2025-08-01,e-영업2,(제휴 최저가 자동 쿠폰)9010원 할인,NCPN0000901,플러스,40955.0
2025-08-01,e-영업1,(제휴 최저가 자동 쿠폰)45020원 할인,NCPN0004502,플러스,40927.0
2025-08-01,e-영업2,(제휴 최저가 자동 쿠폰)45020원 할인,NCPN0004502,플러스,40927.0
2025-08-01,e-영업1,(제휴 최저가 자동 쿠폰)5460원 할인,NCPN0000546,플러스,39709.0
2025-08-01,e-영업2,(제휴 최저가 자동 쿠폰)43520원 할인,NCPN0004352,플러스,39564.0
2025-08-01,e-영업1,(제휴 최저가 자동 쿠폰)21490원 할인,NCPN0002149,플러스,39073.0
2025-08-01,e-영업1,(제휴 최저가 자동 쿠폰)13810원 할인,NCPN0001381,플러스,37664.0
2025-08-01,e-영업1,(제휴 최저가 자동 쿠폰)20260원 할인,NCPN0002026,플러스,36836.0
2025-08-01,e-영업2,(제휴 최저가 자동 쿠폰)13480원 할인,NCPN0001348,플러스,36764.0
2025-08-01,e-영업2,(제휴 최저가 자동 쿠폰)20130원 할인,NCPN0002013,플러스,36600.0
2025-08-01,e-영업2,(제휴 최저가 자동 쿠폰)39490원 할인,NCPN0003949,플러스,35900.0
2025-08-01,e-영업1,(제휴 최저가 자동 쿠폰)19630원 할인,NCPN0001963,플러스,35691.0
2025-08-01,e-영업2,(제휴 최저가 자동 쿠폰)9800원 할인,NCPN0000980,플러스,35636.0
2025-08-01,e-영업2,(제휴 최저가 자동 쿠폰)19590원 할인,NCPN0001959,플러스,35618.0
2025-08-01,e-영업2,(제휴 최저가 자동 쿠폰)9730원 할인,NCPN0000973,플러스,35382.0
2025-08-01,e-영업1,(제휴 최저가 자동 쿠폰)9710원 할인,NCPN0000971,플러스,35309.0
2025-08-01,e-영업1,[제휴쿠폰] [WEEKEND SALE] 플러스 5% 쿠폰,CPN1409341,플러스,34691.0
2025-08-01,e-영업1,(제휴 최저가 자동 쿠폰)12660원 할인,NCPN0001266,플러스,34527.0
2025-08-01,e-영업2,(제휴 최저가 자동 쿠폰)18760원 할인,NCPN0001876,플러스,34109.0
2025-08-01,e-영업2,(제휴 최저가 자동 쿠폰)5330원 할인,NCPN0000533,플러스,33918.0
2025-08-01,e-영업2,(제휴 최저가 자동 쿠폰)37220원 할인,NCPN0003722,플러스,33836.0
2025-08-01,e-영업2,(제휴 최저가 자동 쿠폰)12270원 할인,NCPN0001227,플러스,33464.0
2025-08-01,e-영업2,(제휴 최저가 자동 쿠폰)36780원 할인,NCPN0003678,플러스,33436.0
2025-08-01,e-영업2,(제휴 최저가 자동 쿠폰)18140원 할인,NCPN0001814,플러스,32982.0
2025-08-01,e-영업2,(제휴 최저가 자동 쿠폰)17960원 할인,NCPN0001796,플러스,32655.0
2025-08-01,e-영업2,(제휴 최저가 자동 쿠폰)11950원 할인,NCPN0001195,플러스,32591.0
2025-08-01,e-영업2,(제휴 최저가 자동 쿠폰)11490원 할인,NCPN0001149,플러스,31336.0
2025-08-01,e-영업2,(제휴 최저가 자동 쿠폰)17020원 할인,NCPN0001702,플러스,30945.0
2025-08-01,e-영업2,[제휴쿠폰] [L+DAY] 7% 플러스 쿠폰 (최대 3만원 할인),CPN1405653,플러스,30864.0
2025-08-01,e-영업2,(제휴 최저가 자동 쿠폰)33860원 할인,NCPN0003386,플러스,30782.0
2025-08-01,e-영업1,(제휴 최저가 자동 쿠폰)33780원 할인,NCPN0003378,플러스,30709.0
2025-08-01,e-영업1,(제휴 최저가 자동 쿠폰)33300원 할인,NCPN0003330,플러스,30273.0
2025-08-01,e-영업1,(제휴 최저가 자동 쿠폰)33090원 할인,NCPN0003309,플러스,30082.0
2025-08-01,e-영업2,(제휴 최저가 자동 쿠폰)16380원 할인,NCPN0001638,플러스,29782.0
2025-08-01,e-영업2,(제휴 최저가 자동 쿠폰)16360원 할인,NCPN0001636,플러스,29745.0
2025-08-01,e-영업2,[제휴쿠폰] [슈퍼위크] 5% 플러스 쿠폰,CPN1431975,플러스,29327.0
2025-08-01,e-영업2,(제휴 최저가 자동 쿠폰)10740원 할인,NCPN0001074,플러스,29291.0
2025-08-01,e-영업1,(제휴 최저가 자동 쿠폰)10700원 할인,NCPN0001070,플러스,29182.0
2025-08-01,e-영업1,(제휴 최저가 자동 쿠폰)15770원 할인,NCPN0001577,플러스,28673.0
2025-08-01,e-영업1,(제휴 최저가 자동 쿠폰)15220원 할인,NCPN0001522,플러스,27673.0
2025-08-01,e-영업2,(제휴 최저가 자동 쿠폰)15220원 할인,NCPN0001522,플러스,27673.0
2025-08-01,e-영업2,(제휴 최저가 자동 쿠폰)30390원 할인,NCPN0003039,플러스,27627.0
2025-08-01,e-영업1,(제휴 최저가 자동 쿠폰)7550원 할인,NCPN0000755,플러스,27455.0
2025-08-01,e-영업2,(제휴 최저가 자동 쿠폰)30100원 할인,NCPN0003010,플러스,27364.0
2025-08-01,e-영업1,(제휴 최저가 자동 쿠폰)15040원 할인,NCPN0001504,플러스,27345.0
2025-08-01,e-영업2,(제휴 최저가 자동 쿠폰)30020원 할인,NCPN0003002,플러스,27291.0
2025-08-01,e-영업2,(제휴 최저가 자동 쿠폰)9950원 할인,NCPN0000995,플러스,27136.0
2025-08-01,e-영업2,(제휴 최저가 자동 쿠폰)4180원 할인,NCPN0000418,플러스,26600.0
2025-08-01,e-영업2,(제휴 최저가 자동 쿠폰)14550원 할인,NCPN0001455,플러스,26455.0
2025-08-01,e-영업2,(제휴 최저가 자동 쿠폰)14320원 할인,NCPN0001432,플러스,26036.0
2025-08-01,e-영업2,(제휴 최저가 자동 쿠폰)27800원 할인,NCPN0002780,플러스,25273.0
2025-08-01,e-영업2,(제휴 최저가 자동 쿠폰)5450원 할인,NCPN0000545,플러스,24773.0
2025-08-01,e-영업2,(제휴 최저가 자동 쿠폰)9040원 할인,NCPN0000904,플러스,24655.0
2025-08-01,e-영업2,(제휴 최저가 자동 쿠폰)26830원 할인,NCPN0002683,플러스,24391.0
2025-08-01,e-영업1,(제휴 최저가 자동 쿠폰)26710원 할인,NCPN0002671,플러스,24282.0
2025-08-01,e-영업2,(제휴 최저가 자동 쿠폰)26300원 할인,NCPN0002630,플러스,23909.0
2025-08-01,e-영업2,(제휴 최저가 자동 쿠폰)13110원 할인,NCPN0001311,플러스,23836.0
2025-08-01,e-영업1,(제휴 최저가 자동 쿠폰)8730원 할인,NCPN0000873,플러스,23809.0
2025-08-01,e-영업2,(제휴 최저가 자동 쿠폰)26000원 할인,NCPN0002600,플러스,23636.0
2025-08-01,e-영업2,(제휴 최저가 자동 쿠폰)25850원 할인,NCPN0002585,플러스,23500.0
2025-08-01,e-영업2,(제휴 최저가 자동 쿠폰)12660원 할인,NCPN0001266,플러스,23018.0
2025-08-01,e-영업2,(제휴 최저가 자동 쿠폰)25290원 할인,NCPN0002529,플러스,22991.0
2025-08-01,e-영업2,(제휴 최저가 자동 쿠폰)12550원 할인,NCPN0001255,플러스,22818.0
2025-08-01,e-영업2,(제휴 최저가 자동 쿠폰)12110원 할인,NCPN0001211,플러스,22018.0
2025-08-01,e-영업2,(제휴 최저가 자동 쿠폰)11770원 할인,NCPN0001177,플러스,21400.0
2025-08-01,e-영업2,(제휴 최저가 자동 쿠폰)23450원 할인,NCPN0002345,플러스,21318.0
2025-08-01,e-영업1,(제휴 최저가 자동 쿠폰)23350원 할인,NCPN0002335,플러스,21227.0
2025-08-01,e-영업2,(제휴 최저가 자동 쿠폰)23230원 할인,NCPN0002323,플러스,21118.0
2025-08-01,e-영업2,(제휴 최저가 자동 쿠폰)11340원 할인,NCPN0001134,플러스,20618.0
2025-08-01,e-영업2,(제휴 최저가 자동 쿠폰)22610원 할인,NCPN0002261,플러스,20555.0
2025-08-01,e-영업2,(제휴 최저가 자동 쿠폰)7510원 할인,NCPN0000751,플러스,20482.0
2025-08-01,e-영업1,(제휴 최저가 자동 쿠폰)21840원 할인,NCPN0002184,플러스,19855.0
2025-08-01,e-영업1,(제휴 최저가 자동 쿠폰)21810원 할인,NCPN0002181,플러스,19827.0
2025-08-01,e-영업2,(제휴 최저가 자동 쿠폰)7210원 할인,NCPN0000721,플러스,19664.0
2025-08-01,e-영업2,(제휴 최저가 자동 쿠폰)7130원 할인,NCPN0000713,플러스,19445.0
2025-08-01,e-영업1,(제휴 최저가 자동 쿠폰)5210원 할인,NCPN0000521,플러스,18945.0
2025-08-01,e-영업1,(제휴 최저가 자동 쿠폰)20710원 할인,NCPN0002071,플러스,18827.0
2025-08-01,e-영업2,(제휴 최저가 자동 쿠폰)20710원 할인,NCPN0002071,플러스,18827.0
2025-08-01,e-영업1,(제휴 최저가 자동 쿠폰)4120원 할인,NCPN0000412,플러스,18727.0
2025-08-01,e-영업2,(제휴 최저가 자동 쿠폰)10210원 할인,NCPN0001021,플러스,18564.0
2025-08-01,e-영업2,(제휴 최저가 자동 쿠폰)6790원 할인,NCPN0000679,플러스,18518.0
2025-08-01,e-영업2,(제휴 최저가 자동 쿠폰)10090원 할인,NCPN0001009,플러스,18345.0
2025-08-01,e-영업2,(제휴 최저가 자동 쿠폰)10080원 할인,NCPN0001008,플러스,18327.0
2025-08-01,e-영업1,[제휴쿠폰] [L+DAY] 5% 플러스 쿠폰 (최대 3만원 할인),CPN1405660,플러스,18127.0
2025-08-01,e-영업2,(제휴 최저가 자동 쿠폰)19810원 할인,NCPN0001981,플러스,18009.0
2025-08-01,e-영업2,(제휴 최저가 자동 쿠폰)19760원 할인,NCPN0001976,플러스,17964.0
2025-08-01,e-영업1,(제휴 최저가 자동 쿠폰)19730원 할인,NCPN0001973,플러스,17936.0
2025-08-01,e-영업2,(제휴 최저가 자동 쿠폰)19730원 할인,NCPN0001973,플러스,17936.0
2025-08-01,e-영업2,(제휴 최저가 자동 쿠폰)19700원 할인,NCPN0001970,플러스,17909.0
2025-08-01,e-영업2,(제휴 최저가 자동 쿠폰)19630원 할인,NCPN0001963,플러스,17845.0
2025-08-01,e-영업2,(제휴 최저가 자동 쿠폰)9700원 할인,NCPN0000970,플러스,17636.0
2025-08-01,e-영업2,(제휴 최저가 자동 쿠폰)19360원 할인,NCPN0001936,플러스,17600.0
2025-08-01,e-영업2,(제휴 최저가 자동 쿠폰)9670원 할인,NCPN0000967,플러스,17582.0
2025-08-01,e-영업1,(제휴 최저가 자동 쿠폰)9600원 할인,NCPN0000960,플러스,17455.0
2025-08-01,e-영업2,(제휴 최저가 자동 쿠폰)9500원 할인,NCPN0000950,플러스,17273.0
2025-08-01,e-영업1,(제휴 최저가 자동 쿠폰)9410원 할인,NCPN0000941,플러스,17109.0
2025-08-01,e-영업2,(제휴 최저가 자동 쿠폰)9410원 할인,NCPN0000941,플러스,17109.0
2025-08-01,e-영업2,(제휴 최저가 자동 쿠폰)18670원 할인,NCPN0001867,플러스,16973.0
2025-08-01,e-영업2,(제휴 최저가 자동 쿠폰)18410원 할인,NCPN0001841,플러스,16736.0
2025-08-01,e-영업1,(제휴 최저가 자동 쿠폰)18250원 할인,NCPN0001825,플러스,16591.0
2025-08-01,e-영업2,(제휴 최저가 자동 쿠폰)18250원 할인,NCPN0001825,플러스,16591.0
2025-08-01,e-영업2,(제휴 최저가 자동 쿠폰)18230원 할인,NCPN0001823,플러스,16573.0
2025-08-01,e-영업2,(제휴 최저가 자동 쿠폰)18220원 할인,NCPN0001822,플러스,16564.0
2025-08-01,e-영업1,(제휴 최저가 자동 쿠폰)18180원 할인,NCPN0001818,플러스,16527.0
2025-08-01,e-영업2,(제휴 최저가 자동 쿠폰)18150원 할인,NCPN0001815,플러스,16500.0
2025-08-01,e-영업1,(제휴 최저가 자동 쿠폰)18140원 할인,NCPN0001814,플러스,16491.0
2025-08-01,e-영업1,(제휴 최저가 자동 쿠폰)17960원 할인,NCPN0001796,플러스,16327.0
2025-08-01,e-영업1,(제휴 최저가 자동 쿠폰)17700원 할인,NCPN0001770,플러스,16091.0
2025-08-01,e-영업2,(제휴 최저가 자동 쿠폰)5860원 할인,NCPN0000586,플러스,15982.0
2025-08-01,e-영업2,(제휴 최저가 자동 쿠폰)17440원 할인,NCPN0001744,플러스,15855.0
2025-08-01,e-영업1,(제휴 최저가 자동 쿠폰)17200원 할인,NCPN0001720,플러스,15636.0
2025-08-01,e-영업2,(제휴 최저가 자동 쿠폰)17100원 할인,NCPN0001710,플러스,15545.0
2025-08-01,e-영업1,(제휴 최저가 자동 쿠폰)16690원 할인,NCPN0001669,플러스,15173.0
2025-08-01,e-영업2,(제휴 최저가 자동 쿠폰)16680원 할인,NCPN0001668,플러스,15164.0
2025-08-01,e-영업1,(제휴 최저가 자동 쿠폰)16360원 할인,NCPN0001636,플러스,14873.0
2025-08-01,e-영업1,(제휴 최저가 자동 쿠폰)8100원 할인,NCPN0000810,플러스,14727.0
2025-08-01,e-영업2,(제휴 최저가 자동 쿠폰)16150원 할인,NCPN0001615,플러스,14682.0
2025-08-01,e-영업1,(제휴 최저가 자동 쿠폰)16120원 할인,NCPN0001612,플러스,14655.0
2025-08-01,e-영업1,(제휴 최저가 자동 쿠폰)15990원 할인,NCPN0001599,플러스,14536.0
2025-08-01,e-영업2,(제휴 최저가 자동 쿠폰)15990원 할인,NCPN0001599,플러스,14536.0
2025-08-01,e-영업1,(제휴 최저가 자동 쿠폰)15810원 할인,NCPN0001581,플러스,14373.0
2025-08-01,e-영업2,(제휴 최저가 자동 쿠폰)15790원 할인,NCPN0001579,플러스,14355.0
2025-08-01,e-영업2,(제휴 최저가 자동 쿠폰)15770원 할인,NCPN0001577,플러스,14336.0
2025-08-01,e-영업2,(제휴 최저가 자동 쿠폰)15650원 할인,NCPN0001565,플러스,14227.0
2025-08-01,e-영업2,(제휴 최저가 자동 쿠폰)7810원 할인,NCPN0000781,플러스,14200.0
2025-08-01,e-영업2,(제휴 최저가 자동 쿠폰)15510원 할인,NCPN0001551,플러스,14100.0
2025-08-01,e-영업1,(제휴 최저가 자동 쿠폰)15500원 할인,NCPN0001550,플러스,14091.0
2025-08-01,e-영업2,(제휴 최저가 자동 쿠폰)15040원 할인,NCPN0001504,플러스,13673.0
2025-08-01,e-영업1,(제휴 최저가 자동 쿠폰)15020원 할인,NCPN0001502,플러스,13655.0
2025-08-01,e-영업2,(제휴 최저가 자동 쿠폰)14910원 할인,NCPN0001491,플러스,13555.0
2025-08-01,e-영업2,(제휴 최저가 자동 쿠폰)7350원 할인,NCPN0000735,플러스,13364.0
2025-08-01,e-영업2,(제휴 최저가 자동 쿠폰)14310원 할인,NCPN0001431,플러스,13009.0
2025-08-01,e-영업2,(제휴 최저가 자동 쿠폰)7150원 할인,NCPN0000715,플러스,13000.0
2025-08-01,e-영업2,(제휴 최저가 자동 쿠폰)7120원 할인,NCPN0000712,플러스,12945.0
2025-08-01,e-영업2,(제휴 최저가 자동 쿠폰)14200원 할인,NCPN0001420,플러스,12909.0
2025-08-01,e-영업1,(제휴 최저가 자동 쿠폰)13970원 할인,NCPN0001397,플러스,12700.0
2025-08-01,e-영업1,(제휴 최저가 자동 쿠폰)3470원 할인,NCPN0000347,플러스,12618.0
2025-08-01,e-영업1,(제휴 최저가 자동 쿠폰)4610원 할인,NCPN0000461,플러스,12573.0
2025-08-01,e-영업1,(제휴 최저가 자동 쿠폰)13440원 할인,NCPN0001344,플러스,12218.0
2025-08-01,e-영업2,(제휴 최저가 자동 쿠폰)13440원 할인,NCPN0001344,플러스,12218.0
2025-08-01,e-영업2,(제휴 최저가 자동 쿠폰)4440원 할인,NCPN0000444,플러스,12109.0
2025-08-01,e-영업2,(제휴 최저가 자동 쿠폰)13230원 할인,NCPN0001323,플러스,12027.0
2025-08-01,e-영업1,(제휴 최저가 자동 쿠폰)6440원 할인,NCPN0000644,플러스,11709.0
2025-08-01,e-영업2,(제휴 최저가 자동 쿠폰)12880원 할인,NCPN0001288,플러스,11709.0
2025-08-01,e-영업2,(제휴 최저가 자동 쿠폰)12650원 할인,NCPN0001265,플러스,11500.0
2025-08-01,e-영업2,(제휴 최저가 자동 쿠폰)12600원 할인,NCPN0001260,플러스,11455.0
2025-08-01,e-영업1,(제휴 최저가 자동 쿠폰)12550원 할인,NCPN0001255,플러스,11409.0
2025-08-01,e-영업2,(제휴 최저가 자동 쿠폰)6230원 할인,NCPN0000623,플러스,11327.0
2025-08-01,e-영업2,(제휴 최저가 자동 쿠폰)6170원 할인,NCPN0000617,플러스,11218.0
2025-08-01,e-영업2,(제휴 최저가 자동 쿠폰)12240원 할인,NCPN0001224,플러스,11127.0
2025-08-01,e-영업2,(제휴 최저가 자동 쿠폰)12170원 할인,NCPN0001217,플러스,11064.0
2025-08-01,e-영업2,(제휴 최저가 자동 쿠폰)6030원 할인,NCPN0000603,플러스,10964.0
2025-08-01,e-영업2,(제휴 최저가 자동 쿠폰)5980원 할인,NCPN0000598,플러스,10873.0
2025-08-01,e-영업1,(제휴 최저가 자동 쿠폰)11450원 할인,NCPN0001145,플러스,10409.0
2025-08-01,e-영업1,(제휴 최저가 자동 쿠폰)3780원 할인,NCPN0000378,플러스,10309.0
2025-08-01,e-영업2,(제휴 최저가 자동 쿠폰)5630원 할인,NCPN0000563,플러스,10236.0
2025-08-01,e-영업1,(제휴 최저가 자동 쿠폰)11000원 할인,NCPN0001100,플러스,10000.0
2025-08-01,e-영업1,(제휴 최저가 자동 쿠폰)10930원 할인,NCPN0001093,플러스,9936.0
2025-08-01,e-영업2,(제휴 최저가 자동 쿠폰)10930원 할인,NCPN0001093,플러스,9936.0
2025-08-01,e-영업2,(제휴 최저가 자동 쿠폰)10880원 할인,NCPN0001088,플러스,9891.0
2025-08-01,e-영업1,(제휴 최저가 자동 쿠폰)10820원 할인,NCPN0001082,플러스,9836.0
2025-08-01,e-영업2,(제휴 최저가 자동 쿠폰)10700원 할인,NCPN0001070,플러스,9727.0
2025-08-01,e-영업1,(제휴 최저가 자동 쿠폰)10650원 할인,NCPN0001065,플러스,9682.0
2025-08-01,e-영업2,(제휴 최저가 자동 쿠폰)10600원 할인,NCPN0001060,플러스,9636.0
2025-08-01,e-영업1,(제휴 최저가 자동 쿠폰)10290원 할인,NCPN0001029,플러스,9355.0
2025-08-01,e-영업2,(제휴 최저가 자동 쿠폰)10110원 할인,NCPN0001011,플러스,9191.0
2025-08-01,e-영업1,(제휴 최저가 자동 쿠폰)10080원 할인,NCPN0001008,플러스,9164.0
2025-08-01,e-영업2,(제휴 최저가 자동 쿠폰)10060원 할인,NCPN0001006,플러스,9145.0
2025-08-01,e-영업2,(제휴 최저가 자동 쿠폰)5010원 할인,NCPN0000501,플러스,9109.0
2025-08-01,e-영업1,(제휴 최저가 자동 쿠폰)9950원 할인,NCPN0000995,플러스,9045.0
2025-08-01,e-영업2,(제휴 최저가 자동 쿠폰)9710원 할인,NCPN0000971,플러스,8827.0
2025-08-01,e-영업2,(제휴 최저가 자동 쿠폰)4610원 할인,NCPN0000461,플러스,8382.0
2025-08-01,e-영업2,(제휴 최저가 자동 쿠폰)9170원 할인,NCPN0000917,플러스,8336.0
2025-08-01,e-영업1,(제휴 최저가 자동 쿠폰)4570원 할인,NCPN0000457,플러스,8309.0
2025-08-01,e-영업2,(제휴 최저가 자동 쿠폰)9080원 할인,NCPN0000908,플러스,8255.0
2025-08-01,e-영업2,(제휴 최저가 자동 쿠폰)9050원 할인,NCPN0000905,플러스,8227.0
2025-08-01,e-영업1,(제휴 최저가 자동 쿠폰)9040원 할인,NCPN0000904,플러스,8218.0
2025-08-01,e-영업1,(제휴 최저가 자동 쿠폰)8980원 할인,NCPN0000898,플러스,8164.0
2025-08-01,e-영업2,(제휴 최저가 자동 쿠폰)8980원 할인,NCPN0000898,플러스,8164.0
2025-08-01,e-영업2,(제휴 최저가 자동 쿠폰)8970원 할인,NCPN0000897,플러스,8155.0
2025-08-01,e-영업1,(제휴 최저가 자동 쿠폰)8960원 할인,NCPN0000896,플러스,8145.0
2025-08-01,e-영업1,(제휴 최저가 자동 쿠폰)8920원 할인,NCPN0000892,플러스,8109.0
2025-08-01,e-영업2,(제휴 최저가 자동 쿠폰)8870원 할인,NCPN0000887,플러스,8064.0
2025-08-01,e-영업1,(제휴 최저가 자동 쿠폰)8830원 할인,NCPN0000883,플러스,8027.0
2025-08-01,e-영업2,(제휴 최저가 자동 쿠폰)8730원 할인,NCPN0000873,플러스,7936.0
2025-08-01,e-영업2,(제휴 최저가 자동 쿠폰)8590원 할인,NCPN0000859,플러스,7809.0
2025-08-01,e-영업2,(제휴 최저가 자동 쿠폰)8320원 할인,NCPN0000832,플러스,7564.0
2025-08-01,e-영업2,[제휴쿠폰] [OUTLET]PRE-FALL NEW ARRIVAL! 5%,CPN1424491,플러스,7482.0
2025-08-01,e-영업2,(제휴 최저가 자동 쿠폰)8090원 할인,NCPN0000809,플러스,7355.0
2025-08-01,e-영업2,(제휴 최저가 자동 쿠폰)8070원 할인,NCPN0000807,플러스,7336.0
2025-08-01,e-영업1,(제휴 최저가 자동 쿠폰)8020원 할인,NCPN0000802,플러스,7291.0
2025-08-01,e-영업2,(제휴 최저가 자동 쿠폰)7940원 할인,NCPN0000794,플러스,7218.0
2025-08-01,e-영업1,(제휴 최저가 자동 쿠폰)7930원 할인,NCPN0000793,플러스,7209.0
2025-08-01,e-영업2,[제휴쿠폰] [L+DAY] 5% 플러스 쿠폰 (최대 3만원 할인),CPN1405660,플러스,6945.0
2025-08-01,e-영업2,(제휴 최저가 자동 쿠폰)7500원 할인,NCPN0000750,플러스,6818.0
2025-08-01,e-영업1,(제휴 최저가 자동 쿠폰)3720원 할인,NCPN0000372,플러스,6764.0
2025-08-01,e-영업2,(제휴 최저가 자동 쿠폰)7410원 할인,NCPN0000741,플러스,6736.0
2025-08-01,e-영업2,(제휴 최저가 자동 쿠폰)7220원 할인,NCPN0000722,플러스,6564.0
2025-08-01,e-영업1,(제휴 최저가 자동 쿠폰)7210원 할인,NCPN0000721,플러스,6555.0
2025-08-01,e-영업1,(제휴 최저가 자동 쿠폰)7150원 할인,NCPN0000715,플러스,6500.0
2025-08-01,e-영업2,(제휴 최저가 자동 쿠폰)7140원 할인,NCPN0000714,플러스,6491.0
2025-08-01,e-영업1,(제휴 최저가 자동 쿠폰)7130원 할인,NCPN0000713,플러스,6482.0
2025-08-01,e-영업1,(제휴 최저가 자동 쿠폰)7090원 할인,NCPN0000709,플러스,6445.0
2025-08-01,e-영업1,(제휴 최저가 자동 쿠폰)7050원 할인,NCPN0000705,플러스,6409.0
2025-08-01,e-영업1,[제휴쿠폰] [슈퍼위크] 5% 플러스 쿠폰,CPN1431975,플러스,6309.0
2025-08-01,e-영업2,(제휴 최저가 자동 쿠폰)1130원 할인,NCPN0000113,플러스,6164.0
2025-08-01,e-영업2,(제휴 최저가 자동 쿠폰)6590원 할인,NCPN0000659,플러스,5991.0
2025-08-01,e-영업2,(제휴 최저가 자동 쿠폰)6330원 할인,NCPN0000633,플러스,5755.0
2025-08-01,e-영업2,(제휴 최저가 자동 쿠폰)6290원 할인,NCPN0000629,플러스,5718.0
2025-08-01,e-영업2,(제휴 최저가 자동 쿠폰)6180원 할인,NCPN0000618,플러스,5618.0
2025-08-01,e-영업1,(제휴 최저가 자동 쿠폰)6090원 할인,NCPN0000609,플러스,5536.0
2025-08-01,e-영업2,(제휴 최저가 자동 쿠폰)6060원 할인,NCPN0000606,플러스,5509.0
2025-08-01,e-영업1,(제휴 최저가 자동 쿠폰)6050원 할인,NCPN0000605,플러스,5500.0
2025-08-01,e-영업1,(제휴 최저가 자동 쿠폰)5980원 할인,NCPN0000598,플러스,5436.0
2025-08-01,e-영업2,(제휴 최저가 자동 쿠폰)5950원 할인,NCPN0000595,플러스,5409.0
2025-08-01,e-영업1,(제휴 최저가 자동 쿠폰)5860원 할인,NCPN0000586,플러스,5327.0
2025-08-01,e-영업2,(제휴 최저가 자동 쿠폰)5540원 할인,NCPN0000554,플러스,5036.0
2025-08-01,e-영업1,(제휴 최저가 자동 쿠폰)5330원 할인,NCPN0000533,플러스,4845.0
2025-08-01,e-영업1,(제휴 최저가 자동 쿠폰)2660원 할인,NCPN0000266,플러스,4836.0
2025-08-01,e-영업1,(제휴 최저가 자동 쿠폰)5310원 할인,NCPN0000531,플러스,4827.0
2025-08-01,e-영업2,(제휴 최저가 자동 쿠폰)5310원 할인,NCPN0000531,플러스,4827.0
2025-08-01,e-영업2,(제휴 최저가 자동 쿠폰)5150원 할인,NCPN0000515,플러스,4682.0
2025-08-01,e-영업4,네이버쇼핑 추가할인 (e-명품_대상: 입점업체),CPN407983,플러스,4655.0
2025-08-01,e-영업2,(제휴 최저가 자동 쿠폰)5080원 할인,NCPN0000508,플러스,4618.0
2025-08-01,e-영업2,(제휴 최저가 자동 쿠폰)4950원 할인,NCPN0000495,플러스,4500.0
2025-08-01,e-영업2,(제휴 최저가 자동 쿠폰)2460원 할인,NCPN0000246,플러스,4473.0
2025-08-01,e-영업1,(제휴 최저가 자동 쿠폰)4720원 할인,NCPN0000472,플러스,4291.0
2025-08-01,e-영업1,(제휴 최저가 자동 쿠폰)4590원 할인,NCPN0000459,플러스,4173.0
2025-08-01,e-영업2,(제휴 최저가 자동 쿠폰)4540원 할인,NCPN0000454,플러스,4127.0
2025-08-01,e-영업1,(제휴 최저가 자동 쿠폰)4330원 할인,NCPN0000433,플러스,3936.0
2025-08-01,e-영업1,(제휴 최저가 자동 쿠폰)4110원 할인,NCPN0000411,플러스,3736.0
2025-08-01,e-영업2,(제휴 최저가 자동 쿠폰)4110원 할인,NCPN0000411,플러스,3736.0
2025-08-01,e-영업1,(제휴 최저가 자동 쿠폰)3880원 할인,NCPN0000388,플러스,3527.0
2025-08-01,e-영업1,(제휴 최저가 자동 쿠폰)3820원 할인,NCPN0000382,플러스,3473.0
2025-08-01,e-영업2,(제휴 최저가 자동 쿠폰)3780원 할인,NCPN0000378,플러스,3436.0
2025-08-01,e-영업1,(제휴 최저가 자동 쿠폰)3290원 할인,NCPN0000329,플러스,2991.0
2025-08-01,e-영업1,(제휴 최저가 자동 쿠폰)3100원 할인,NCPN0000310,플러스,2818.0
2025-08-01,e-영업2,(제휴 최저가 자동 쿠폰)2350원 할인,NCPN0000235,플러스,2136.0
2025-08-01,e-영업1,(제휴 최저가 자동 쿠폰)2320원 할인,NCPN0000232,플러스,2109.0
2025-08-01,e-영업2,(제휴 최저가 자동 쿠폰)1530원 할인,NCPN0000153,플러스,1391.0
2025-08-01,e-영업1,(제휴 최저가 자동 쿠폰)690원 할인,NCPN0000069,플러스,1255.0
2025-08-01,e-영업2,(제휴 최저가 자동 쿠폰)1090원 할인,NCPN0000109,플러스,991.0
2025-08-01,e-영업1,(제휴 최저가 자동 쿠폰)870원 할인,NCPN0000087,플러스,791.0
2025-08-01,e-영업1,(제휴 최저가 자동 쿠폰)350원 할인,NCPN0000035,플러스,318.0
2025-08-01,e-영업2,(제휴 최저가 자동 쿠폰)10원 할인,NCPN0000001,플러스,-9.0
2025-08-01,e-영업2,(제휴 최저가 자동 쿠폰)1200원 할인,NCPN0000120,플러스,-1091.0
2025-08-01,e-영업2,(제휴 최저가 자동 쿠폰)4570원 할인,NCPN0000457,플러스,-4155.0
2025-08-01,e-영업2,(제휴 최저가 자동 쿠폰)6560원 할인,NCPN0000656,플러스,-5964.0
2025-08-01,e-영업2,(제휴 최저가 자동 쿠폰)9190원 할인,NCPN0000919,플러스,-8355.0
2025-08-01,e-영업2,(제휴 최저가 자동 쿠폰)10040원 할인,NCPN0001004,플러스,-9127.0
2025-08-01,e-영업2,(제휴 최저가 자동 쿠폰)11030원 할인,NCPN0001103,플러스,-10027.0
2025-08-01,e-영업1,(제휴 최저가 자동 쿠폰)12080원 할인,NCPN0001208,플러스,-10982.0
2025-08-01,e-영업2,(제휴 최저가 자동 쿠폰)13620원 할인,NCPN0001362,플러스,-12382.0
2025-08-01,e-영업1,[제휴쿠폰] [왓츠 인 마이 캐리어] 8% 플러스쿠폰,CPN1385975,플러스,-13964.0
2025-08-01,e-영업2,(제휴 최저가 자동 쿠폰)16670원 할인,NCPN0001667,플러스,-15155.0
2025-08-01,e-영업1,(제휴 최저가 자동 쿠폰)17440원 할인,NCPN0001744,플러스,-15855.0
2025-08-01,e-영업1,(제휴 최저가 자동 쿠폰)17600원 할인,NCPN0001760,플러스,-16000.0
2025-08-01,e-영업1,(제휴 최저가 자동 쿠폰)30390원 할인,NCPN0003039,플러스,-27627.0
2025-08-01,e-영업2,(제휴 최저가 자동 쿠폰)15060원 할인,NCPN0001506,플러스,-41073.0
2025-09-01,e-영업2,[제휴쿠폰] [OUTLET] 아울렛페스타 13%쿠폰,CPN1456273,일반,18996336.0
2025-09-01,e-영업2,[제휴쿠폰][OUTLET] 간절기 NEW IN! 13% 일반쿠폰,CPN1444951,일반,4780100.0
2025-09-01,e-영업1,[제휴쿠폰] [MEN] 위클리 세일 15% 스페셜 쿠폰,CPN1449154,일반,3336355.0
2025-09-01,e-영업2,[제휴쿠폰] [OUTLET] 오직 72시간만 열리는 72마켓 12% 쿠폰,CPN1465113,일반,2159582.0
2025-09-01,e-영업2,[제휴쿠폰] [PREMIUM OUTLET] 바버 아우터 대전 13%쿠폰,CPN1461098,일반,2036955.0
2025-09-01,e-영업2,[제휴쿠폰][OUTLET] 여름 최종가 시즌세일! 12%쿠폰,CPN1433129,일반,1779745.0
2025-09-01,e-영업2,[제휴쿠폰] [OUTLET BAG&ACC] 나를 위한 선물 13%쿠폰,CPN1461096,일반,1661609.0
2025-09-01,e-영업2,[제휴쿠폰] [OUTLET] 9월 맞이 슈퍼세일 12%쿠폰,CPN1441478,일반,1614509.0
2025-09-01,e-영업1,[제휴쿠폰] [WOMEN] 9월 인기 아이템 8% 쿠폰,CPN1449164,일반,970245.0
2025-09-01,e-영업2,[제휴쿠폰] [OUTLET] 가을 감성 포인트 아이템 12% 일반쿠폰,CPN1461093,일반,823545.0
2025-09-01,e-영업2,[제휴쿠폰] [OUTLETGOLF] 이글위크 12%쿠폰,CPN1461095,일반,717582.0
2025-09-01,e-영업1,[제휴전용] 12% 할인(IE),CPN703554,일반,653627.0
2025-09-01,e-영업2,[제휴쿠폰] [OUTLET] HOT BRAND WEEK 13%쿠폰,CPN1449116,일반,534345.0
2025-09-01,e-영업1,[제휴쿠폰] [TNGT] 서머 파이널 클리어런스 15% 쿠폰,CPN1441493,일반,457927.0
2025-09-01,e-영업2,[제휴쿠폰] [OUTLET MEN] 마에스트로/일꼬르소/티엔지티 13%,CPN1461091,일반,372900.0
2025-09-01,e-영업2,[제휴쿠폰] [OUTLET] 오직 72시간만 열리는 72마켓 12% 쿠폰,CPN1456221,일반,349209.0
2025-09-01,e-영업2,[제휴쿠폰] [OUTLET MEN] 파이널 클리어런스 12% 일반쿠폰,CPN1441483,일반,287736.0
2025-09-01,e-영업1,[제휴쿠폰] [ACC] 질스튜어트 주말 기간한정 13%쿠폰,CPN1465080,일반,61736.0
2025-09-01,e-영업2,[제휴쿠폰] [OUTLET]위켄드 아울렛 12%쿠폰,CPN1414910,일반,-8445.0
2025-09-01,e-영업2,[제휴쿠폰][OUTLET]PRE-FALL NEW ARRIVAL! 12%,CPN1424494,일반,-135545.0
2025-09-01,e-영업3,네이버쇼핑 추가할인 (e-명품_대상: 입점업체),CPN407983,플러스,16289327.0
2025-09-01,e-영업2,[제휴전용] 7%추가할인 (이월 남성),CPN409203,플러스,12599964.0
2025-09-01,e-영업2,[제휴전용] 9%추가할인 (이월 여성),CPN409202,플러스,10704382.0
2025-09-01,e-영업2,[제휴전용] 10%추가할인 (이월 ACC),CPN383518,플러스,10109027.0
2025-09-01,e-영업2,[제휴전용] 9%추가할인 (이월 남성),CPN409204,플러스,5069127.0
2025-09-01,e-영업2,[제휴전용] 7%추가할인 (이월 여성),CPN409201,플러스,3140118.0
2025-09-01,e-영업2,[제휴전용] 8%추가할인 (이월 골프),CPN383905,플러스,3083845.0
2025-09-01,e-영업2,[제휴전용] 8% 추가할인 (이월 골프),CPN514212,플러스,2164464.0
2025-09-01,e-영업2,[제휴전용] 8%추가할인 (이월 슈즈),CPN384029,플러스,2083891.0
2025-09-01,e-영업2,[제휴할인] 5%추가할인 (이월 남성),CPN383907,플러스,745255.0
2025-09-01,e-영업2,(제휴 최저가 자동 쿠폰)14200원 할인,NCPN0001420,플러스,529273.0
2025-09-01,e-영업2,(제휴 최저가 자동 쿠폰)25100원 할인,NCPN0002510,플러스,479182.0
2025-09-01,e-영업2,(제휴 최저가 자동 쿠폰)13430원 할인,NCPN0001343,플러스,415109.0
2025-09-01,e-영업2,(제휴 최저가 자동 쿠폰)17560원 할인,NCPN0001756,플러스,335236.0
2025-09-01,e-영업2,(제휴 최저가 자동 쿠폰)17750원 할인,NCPN0001775,플러스,306591.0
2025-09-01,e-영업2,(제휴 최저가 자동 쿠폰)22850원 할인,NCPN0002285,플러스,290818.0
2025-09-01,e-영업2,(제휴 최저가 자동 쿠폰)18140원 할인,NCPN0001814,플러스,280345.0
2025-09-01,e-영업2,(제휴 최저가 자동 쿠폰)16710원 할인,NCPN0001671,플러스,243055.0
2025-09-01,e-영업2,[제휴전용] 4%추가할인 (이월 여성),CPN384742,플러스,194218.0
2025-09-01,e-영업2,(제휴 최저가 자동 쿠폰)30160원 할인,NCPN0003016,플러스,191927.0
2025-09-01,e-영업2,(제휴 최저가 자동 쿠폰)18410원 할인,NCPN0001841,플러스,184100.0
2025-09-01,e-영업2,[제휴쿠폰] [슈퍼위크] 10% 플러스 쿠폰,CPN1431970,플러스,170382.0
2025-09-01,e-영업2,(제휴 최저가 자동 쿠폰)12480원 할인,NCPN0001248,플러스,170182.0
2025-09-01,e-영업1,(제휴 최저가 자동 쿠폰)29050원 할인,NCPN0002905,플러스,158455.0
2025-09-01,e-영업2,(제휴 최저가 자동 쿠폰)18180원 할인,NCPN0001818,플러스,148745.0
2025-09-01,e-영업2,[제휴쿠폰] [연휴의 모든 순간] 플러스쿠폰 6%,CPN1459393,플러스,146673.0
2025-09-01,e-영업2,(제휴 최저가 자동 쿠폰)10060원 할인,NCPN0001006,플러스,146327.0
2025-09-01,e-영업2,(제휴 최저가 자동 쿠폰)21520원 할인,NCPN0002152,플러스,136945.0
2025-09-01,e-영업1,(제휴 최저가 자동 쿠폰)37020원 할인,NCPN0003702,플러스,134618.0
2025-09-01,e-영업1,(제휴 최저가 자동 쿠폰)36340원 할인,NCPN0003634,플러스,132145.0
2025-09-01,e-영업2,(제휴 최저가 자동 쿠폰)16150원 할인,NCPN0001615,플러스,132136.0
2025-09-01,e-영업2,(제휴 최저가 자동 쿠폰)28760원 할인,NCPN0002876,플러스,130727.0
2025-09-01,e-영업2,(제휴 최저가 자동 쿠폰)20260원 할인,NCPN0002026,플러스,128927.0
2025-09-01,e-영업2,(제휴 최저가 자동 쿠폰)9960원 할인,NCPN0000996,플러스,126764.0
2025-09-01,e-영업2,(제휴 최저가 자동 쿠폰)17020원 할인,NCPN0001702,플러스,123782.0
2025-09-01,e-영업2,(제휴 최저가 자동 쿠폰)15040원 할인,NCPN0001504,플러스,123055.0
2025-09-01,e-영업2,(제휴 최저가 자동 쿠폰)18150원 할인,NCPN0001815,플러스,115500.0
2025-09-01,e-영업2,[제휴쿠폰] [추석 선물] 플러스 8% 쿠폰,CPN1464427,플러스,114764.0
2025-09-01,e-영업2,(제휴 최저가 자동 쿠폰)14660원 할인,NCPN0001466,플러스,106618.0
2025-09-01,e-영업1,(제휴 최저가 자동 쿠폰)23450원 할인,NCPN0002345,플러스,106591.0
2025-09-01,e-영업1,(제휴 최저가 자동 쿠폰)16710원 할인,NCPN0001671,플러스,106336.0
2025-09-01,e-영업2,(제휴 최저가 자동 쿠폰)15810원 할인,NCPN0001581,플러스,100609.0
2025-09-01,e-영업2,(제휴 최저가 자동 쿠폰)13810원 할인,NCPN0001381,플러스,100436.0
2025-09-01,e-영업1,(제휴 최저가 자동 쿠폰)9780원 할인,NCPN0000978,플러스,97800.0
2025-09-01,e-영업2,(제휴 최저가 자동 쿠폰)7130원 할인,NCPN0000713,플러스,97227.0
2025-09-01,e-영업1,[제휴쿠폰] [연휴의 모든 순간] 플러스쿠폰 6%,CPN1459393,플러스,94482.0
2025-09-01,e-영업2,(제휴 최저가 자동 쿠폰)14510원 할인,NCPN0001451,플러스,92336.0
2025-09-01,e-영업2,(제휴 최저가 자동 쿠폰)14320원 할인,NCPN0001432,플러스,91127.0
2025-09-01,e-영업2,(제휴 최저가 자동 쿠폰)16690원 할인,NCPN0001669,플러스,91036.0
2025-09-01,e-영업2,(제휴 최저가 자동 쿠폰)24960원 할인,NCPN0002496,플러스,90764.0
2025-09-01,e-영업2,(제휴 최저가 자동 쿠폰)19810원 할인,NCPN0001981,플러스,90045.0
2025-09-01,e-영업2,(제휴 최저가 자동 쿠폰)8960원 할인,NCPN0000896,플러스,89600.0
2025-09-01,e-영업2,(제휴 최저가 자동 쿠폰)16120원 할인,NCPN0001612,플러스,87927.0
2025-09-01,e-영업1,(제휴 최저가 자동 쿠폰)31800원 할인,NCPN0003180,플러스,86727.0
2025-09-01,e-영업2,(제휴 최저가 자동 쿠폰)15510원 할인,NCPN0001551,플러스,84600.0
2025-09-01,e-영업2,(제휴 최저가 자동 쿠폰)22610원 할인,NCPN0002261,플러스,82218.0
2025-09-01,e-영업2,(제휴 최저가 자동 쿠폰)10000원 할인,NCPN0001000,플러스,81818.0
2025-09-01,e-영업2,(제휴 최저가 자동 쿠폰)7450원 할인,NCPN0000745,플러스,81273.0
2025-09-01,e-영업2,[제휴쿠폰] [WEEKEND SALE] 플러스 5% 쿠폰,CPN1448609,플러스,80955.0
2025-09-01,e-영업2,(제휴 최저가 자동 쿠폰)8050원 할인,NCPN0000805,플러스,80500.0
2025-09-01,e-영업2,(제휴 최저가 자동 쿠폰)11000원 할인,NCPN0001100,플러스,80000.0
2025-09-01,e-영업1,(제휴 최저가 자동 쿠폰)4310원 할인,NCPN0000431,플러스,78364.0
2025-09-01,e-영업2,(제휴 최저가 자동 쿠폰)12230원 할인,NCPN0001223,플러스,77827.0
2025-09-01,e-영업2,(제휴 최저가 자동 쿠폰)27830원 할인,NCPN0002783,플러스,75900.0
2025-09-01,e-영업1,(제휴 최저가 자동 쿠폰)16530원 할인,NCPN0001653,플러스,75136.0
2025-09-01,e-영업2,(제휴 최저가 자동 쿠폰)19980원 할인,NCPN0001998,플러스,72655.0
2025-09-01,e-영업2,(제휴 최저가 자동 쿠폰)26440원 할인,NCPN0002644,플러스,72109.0
2025-09-01,e-영업2,(제휴 최저가 자동 쿠폰)26000원 할인,NCPN0002600,플러스,70909.0
2025-09-01,e-영업1,(제휴 최저가 자동 쿠폰)19360원 할인,NCPN0001936,플러스,70400.0
2025-09-01,e-영업2,(제휴 최저가 자동 쿠폰)12650원 할인,NCPN0001265,플러스,69000.0
2025-09-01,e-영업2,(제휴 최저가 자동 쿠폰)15060원 할인,NCPN0001506,플러스,68455.0
2025-09-01,e-영업2,(제휴 최저가 자동 쿠폰)18760원 할인,NCPN0001876,플러스,68218.0
2025-09-01,e-영업1,(제휴 최저가 자동 쿠폰)24960원 할인,NCPN0002496,플러스,68073.0
2025-09-01,e-영업2,(제휴 최저가 자동 쿠폰)11340원 할인,NCPN0001134,플러스,61855.0
2025-09-01,e-영업2,(제휴 최저가 자동 쿠폰)22570원 할인,NCPN0002257,플러스,61555.0
2025-09-01,e-영업2,(제휴 최저가 자동 쿠폰)33780원 할인,NCPN0003378,플러스,61418.0
2025-09-01,e-영업1,(제휴 최저가 자동 쿠폰)16590원 할인,NCPN0001659,플러스,60327.0
2025-09-01,e-영업2,(제휴 최저가 자동 쿠폰)10730원 할인,NCPN0001073,플러스,58527.0
2025-09-01,e-영업1,[제휴쿠폰] [추석 선물] 플러스 8% 쿠폰,CPN1464427,플러스,57818.0
2025-09-01,e-영업2,(제휴 최저가 자동 쿠폰)15760원 할인,NCPN0001576,플러스,57309.0
2025-09-01,e-영업2,(제휴 최저가 자동 쿠폰)12550원 할인,NCPN0001255,플러스,57045.0
2025-09-01,e-영업2,[제휴쿠폰] [WEEKEND SALE] 플러스 5% 쿠폰,CPN1455843,플러스,55491.0
2025-09-01,e-영업2,(제휴 최저가 자동 쿠폰)15220원 할인,NCPN0001522,플러스,55345.0
2025-09-01,e-영업1,(제휴 최저가 자동 쿠폰)20150원 할인,NCPN0002015,플러스,54955.0
2025-09-01,e-영업2,(제휴 최저가 자동 쿠폰)30020원 할인,NCPN0003002,플러스,54582.0
2025-09-01,e-영업2,(제휴 최저가 자동 쿠폰)19910원 할인,NCPN0001991,플러스,54300.0
2025-09-01,e-영업2,(제휴 최저가 자동 쿠폰)29550원 할인,NCPN0002955,플러스,53727.0
2025-09-01,e-영업2,(제휴 최저가 자동 쿠폰)6560원 할인,NCPN0000656,플러스,53673.0
2025-09-01,e-영업1,[제휴쿠폰] [슈퍼위크] 10% 플러스 쿠폰,CPN1431970,플러스,52800.0
2025-09-01,e-영업2,(제휴 최저가 자동 쿠폰)19350원 할인,NCPN0001935,플러스,52773.0
2025-09-01,e-영업2,(제휴 최저가 자동 쿠폰)14030원 할인,NCPN0001403,플러스,51018.0
2025-09-01,e-영업1,(제휴 최저가 자동 쿠폰)27730원 할인,NCPN0002773,플러스,50418.0
2025-09-01,e-영업2,(제휴 최저가 자동 쿠폰)18220원 할인,NCPN0001822,플러스,49691.0
2025-09-01,e-영업2,(제휴 최저가 자동 쿠폰)27070원 할인,NCPN0002707,플러스,49218.0
2025-09-01,e-영업2,(제휴 최저가 자동 쿠폰)10820원 할인,NCPN0001082,플러스,49182.0
2025-09-01,e-영업2,(제휴 최저가 자동 쿠폰)10740원 할인,NCPN0001074,플러스,48818.0
2025-09-01,e-영업2,(제휴 최저가 자동 쿠폰)26280원 할인,NCPN0002628,플러스,47782.0
2025-09-01,e-영업1,(제휴 최저가 자동 쿠폰)26000원 할인,NCPN0002600,플러스,47273.0
2025-09-01,e-영업2,[제휴쿠폰] [WEEKEND SALE] 플러스 5% 쿠폰,CPN1441089,플러스,47055.0
2025-09-01,e-영업1,(제휴 최저가 자동 쿠폰)51300원 할인,NCPN0005130,플러스,46636.0
2025-09-01,e-영업2,(제휴 최저가 자동 쿠폰)25290원 할인,NCPN0002529,플러스,45982.0
2025-09-01,e-영업1,(제휴 최저가 자동 쿠폰)25020원 할인,NCPN0002502,플러스,45491.0
2025-09-01,e-영업1,(제휴 최저가 자동 쿠폰)4540원 할인,NCPN0000454,플러스,45400.0
2025-09-01,e-영업2,(제휴 최저가 자동 쿠폰)16590원 할인,NCPN0001659,플러스,45245.0
2025-09-01,e-영업1,(제휴 최저가 자동 쿠폰)3720원 할인,NCPN0000372,플러스,43964.0
2025-09-01,e-영업2,(제휴 최저가 자동 쿠폰)16010원 할인,NCPN0001601,플러스,43664.0
2025-09-01,e-영업2,(제휴 최저가 자동 쿠폰)11950원 할인,NCPN0001195,플러스,43455.0
2025-09-01,e-영업2,(제휴 최저가 자동 쿠폰)23300원 할인,NCPN0002330,플러스,42364.0
2025-09-01,e-영업2,(제휴 최저가 자동 쿠폰)11490원 할인,NCPN0001149,플러스,41782.0
2025-09-01,e-영업2,(제휴 최저가 자동 쿠폰)45710원 할인,NCPN0004571,플러스,41555.0
2025-09-01,e-영업2,(제휴 최저가 자동 쿠폰)5030원 할인,NCPN0000503,플러스,41155.0
2025-09-01,e-영업2,(제휴 최저가 자동 쿠폰)8970원 할인,NCPN0000897,플러스,40773.0
2025-09-01,e-영업2,(제휴 최저가 자동 쿠폰)14910원 할인,NCPN0001491,플러스,40664.0
2025-09-01,e-영업2,(제휴 최저가 자동 쿠폰)8920원 할인,NCPN0000892,플러스,40545.0
2025-09-01,e-영업2,(제휴 최저가 자동 쿠폰)44140원 할인,NCPN0004414,플러스,40127.0
2025-09-01,e-영업2,(제휴 최저가 자동 쿠폰)14710원 할인,NCPN0001471,플러스,40118.0
2025-09-01,e-영업2,(제휴 최저가 자동 쿠폰)21840원 할인,NCPN0002184,플러스,39709.0
2025-09-01,e-영업1,(제휴 최저가 자동 쿠폰)6230원 할인,NCPN0000623,플러스,39645.0
2025-09-01,e-영업1,(제휴 최저가 자동 쿠폰)21490원 할인,NCPN0002149,플러스,39073.0
2025-09-01,e-영업2,(제휴 최저가 자동 쿠폰)21490원 할인,NCPN0002149,플러스,39073.0
2025-09-01,e-영업2,(제휴 최저가 자동 쿠폰)5330원 할인,NCPN0000533,플러스,38764.0
2025-09-01,e-영업2,[제휴쿠폰] [추석 선물] 플러스 5% 쿠폰,CPN1464431,플러스,38764.0
2025-09-01,e-영업2,(제휴 최저가 자동 쿠폰)7030원 할인,NCPN0000703,플러스,38345.0
2025-09-01,e-영업2,(제휴 최저가 자동 쿠폰)41890원 할인,NCPN0004189,플러스,38082.0
2025-09-01,e-영업1,(제휴 최저가 자동 쿠폰)13740원 할인,NCPN0001374,플러스,37473.0
2025-09-01,e-영업2,(제휴 최저가 자동 쿠폰)13620원 할인,NCPN0001362,플러스,37145.0
2025-09-01,e-영업2,(제휴 최저가 자동 쿠폰)40510원 할인,NCPN0004051,플러스,36827.0
2025-09-01,e-영업2,(제휴 최저가 자동 쿠폰)8070원 할인,NCPN0000807,플러스,36682.0
2025-09-01,e-영업2,(제휴 최저가 자동 쿠폰)20130원 할인,NCPN0002013,플러스,36600.0
2025-09-01,e-영업2,(제휴 최저가 자동 쿠폰)40130원 할인,NCPN0004013,플러스,36482.0
2025-09-01,e-영업1,(제휴 최저가 자동 쿠폰)20000원 할인,NCPN0002000,플러스,36364.0
2025-09-01,e-영업2,(제휴 최저가 자동 쿠폰)39910원 할인,NCPN0003991,플러스,36282.0
2025-09-01,e-영업2,(제휴 최저가 자동 쿠폰)9950원 할인,NCPN0000995,플러스,36182.0
2025-09-01,e-영업2,(제휴 최저가 자동 쿠폰)7930원 할인,NCPN0000793,플러스,36045.0
2025-09-01,e-영업2,(제휴 최저가 자동 쿠폰)5630원 할인,NCPN0000563,플러스,35827.0
2025-09-01,e-영업2,(제휴 최저가 자동 쿠폰)19560원 할인,NCPN0001956,플러스,35564.0
2025-09-01,e-영업1,(제휴 최저가 자동 쿠폰)19350원 할인,NCPN0001935,플러스,35182.0
2025-09-01,e-영업2,(제휴 최저가 자동 쿠폰)38450원 할인,NCPN0003845,플러스,34955.0
2025-09-01,e-영업2,(제휴 최저가 자동 쿠폰)9410원 할인,NCPN0000941,플러스,34218.0
2025-09-01,e-영업2,(제휴 최저가 자동 쿠폰)12300원 할인,NCPN0001230,플러스,33545.0
2025-09-01,e-영업2,(제휴 최저가 자동 쿠폰)36820원 할인,NCPN0003682,플러스,33473.0
2025-09-01,e-영업2,(제휴 최저가 자동 쿠폰)7340원 할인,NCPN0000734,플러스,33364.0
2025-09-01,e-영업2,(제휴 최저가 자동 쿠폰)18300원 할인,NCPN0001830,플러스,33273.0
2025-09-01,e-영업2,(제휴 최저가 자동 쿠폰)18280원 할인,NCPN0001828,플러스,33236.0
2025-09-01,e-영업2,(제휴 최저가 자동 쿠폰)12080원 할인,NCPN0001208,플러스,32945.0
2025-09-01,e-영업2,(제휴 최저가 자동 쿠폰)8990원 할인,NCPN0000899,플러스,32691.0
2025-09-01,e-영업1,(제휴 최저가 자동 쿠폰)8920원 할인,NCPN0000892,플러스,32436.0
2025-09-01,e-영업2,(제휴 최저가 자동 쿠폰)6970원 할인,NCPN0000697,플러스,31682.0
2025-09-01,e-영업1,[제휴쿠폰] [WEEKEND SALE] 플러스 5% 쿠폰,CPN1441089,플러스,31045.0
2025-09-01,e-영업2,(제휴 최저가 자동 쿠폰)34130원 할인,NCPN0003413,플러스,31027.0
2025-09-01,e-영업2,(제휴 최저가 자동 쿠폰)34060원 할인,NCPN0003406,플러스,30964.0
2025-09-01,e-영업2,(제휴 최저가 자동 쿠폰)8510원 할인,NCPN0000851,플러스,30945.0
2025-09-01,e-영업2,(제휴 최저가 자동 쿠폰)8470원 할인,NCPN0000847,플러스,30800.0
2025-09-01,e-영업2,(제휴 최저가 자동 쿠폰)33470원 할인,NCPN0003347,플러스,30427.0
2025-09-01,e-영업2,(제휴 최저가 자동 쿠폰)16680원 할인,NCPN0001668,플러스,30327.0
2025-09-01,e-영업2,(제휴 최저가 자동 쿠폰)16600원 할인,NCPN0001660,플러스,30182.0
2025-09-01,e-영업2,(제휴 최저가 자동 쿠폰)33110원 할인,NCPN0003311,플러스,30100.0
2025-09-01,e-영업2,(제휴 최저가 자동 쿠폰)11010원 할인,NCPN0001101,플러스,30027.0
2025-09-01,e-영업1,(제휴 최저가 자동 쿠폰)16360원 할인,NCPN0001636,플러스,29745.0
2025-09-01,e-영업2,(제휴 최저가 자동 쿠폰)10760원 할인,NCPN0001076,플러스,29345.0
2025-09-01,e-영업2,(제휴 최저가 자동 쿠폰)10720원 할인,NCPN0001072,플러스,29236.0
2025-09-01,e-영업2,(제휴 최저가 자동 쿠폰)10700원 할인,NCPN0001070,플러스,29182.0
2025-09-01,e-영업2,(제휴 최저가 자동 쿠폰)15990원 할인,NCPN0001599,플러스,29073.0
2025-09-01,e-영업2,(제휴 최저가 자동 쿠폰)10620원 할인,NCPN0001062,플러스,28964.0
2025-09-01,e-영업2,(제휴 최저가 자동 쿠폰)7950원 할인,NCPN0000795,플러스,28909.0
2025-09-01,e-영업2,(제휴 최저가 자동 쿠폰)15870원 할인,NCPN0001587,플러스,28855.0
2025-09-01,e-영업2,(제휴 최저가 자동 쿠폰)15790원 할인,NCPN0001579,플러스,28709.0
2025-09-01,e-영업1,(제휴 최저가 자동 쿠폰)4510원 할인,NCPN0000451,플러스,28700.0
2025-09-01,e-영업2,(제휴 최저가 자동 쿠폰)15770원 할인,NCPN0001577,플러스,28673.0
2025-09-01,e-영업2,(제휴 최저가 자동 쿠폰)30100원 할인,NCPN0003010,플러스,27364.0
2025-09-01,e-영업2,(제휴 최저가 자동 쿠폰)30060원 할인,NCPN0003006,플러스,27327.0
2025-09-01,e-영업1,(제휴 최저가 자동 쿠폰)15020원 할인,NCPN0001502,플러스,27309.0
2025-09-01,e-영업1,(제휴 최저가 자동 쿠폰)29510원 할인,NCPN0002951,플러스,26827.0
2025-09-01,e-영업2,(제휴 최저가 자동 쿠폰)29510원 할인,NCPN0002951,플러스,26827.0
2025-09-01,e-영업2,(제휴 최저가 자동 쿠폰)7350원 할인,NCPN0000735,플러스,26727.0
2025-09-01,e-영업2,(제휴 최저가 자동 쿠폰)9800원 할인,NCPN0000980,플러스,26727.0
2025-09-01,e-영업2,(제휴 최저가 자동 쿠폰)14690원 할인,NCPN0001469,플러스,26709.0
2025-09-01,e-영업1,[제휴쿠폰] [WEEKEND SALE] 플러스 5% 쿠폰,CPN1448609,플러스,26555.0
2025-09-01,e-영업2,(제휴 최저가 자동 쿠폰)14570원 할인,NCPN0001457,플러스,26491.0
2025-09-01,e-영업1,(제휴 최저가 자동 쿠폰)14540원 할인,NCPN0001454,플러스,26436.0
2025-09-01,e-영업2,(제휴 최저가 자동 쿠폰)14530원 할인,NCPN0001453,플러스,26418.0
2025-09-01,e-영업2,(제휴 최저가 자동 쿠폰)9670원 할인,NCPN0000967,플러스,26373.0
2025-09-01,e-영업1,(제휴 최저가 자동 쿠폰)28760원 할인,NCPN0002876,플러스,26145.0
2025-09-01,e-영업1,(제휴 최저가 자동 쿠폰)3570원 할인,NCPN0000357,플러스,25964.0
2025-09-01,e-영업2,(제휴 최저가 자동 쿠폰)14120원 할인,NCPN0001412,플러스,25673.0
2025-09-01,e-영업2,(제휴 최저가 자동 쿠폰)28010원 할인,NCPN0002801,플러스,25464.0
2025-09-01,e-영업2,(제휴 최저가 자동 쿠폰)13970원 할인,NCPN0001397,플러스,25400.0
2025-09-01,e-영업2,(제휴 최저가 자동 쿠폰)27800원 할인,NCPN0002780,플러스,25273.0
2025-09-01,e-영업2,(제휴 최저가 자동 쿠폰)27730원 할인,NCPN0002773,플러스,25209.0
2025-09-01,e-영업2,(제휴 최저가 자동 쿠폰)27550원 할인,NCPN0002755,플러스,25045.0
2025-09-01,e-영업2,(제휴 최저가 자동 쿠폰)9070원 할인,NCPN0000907,플러스,24736.0
2025-09-01,e-영업2,(제휴 최저가 자동 쿠폰)9010원 할인,NCPN0000901,플러스,24573.0
2025-09-01,e-영업2,(제휴 최저가 자동 쿠폰)13440원 할인,NCPN0001344,플러스,24436.0
2025-09-01,e-영업2,(제휴 최저가 자동 쿠폰)26710원 할인,NCPN0002671,플러스,24282.0
2025-09-01,e-영업1,(제휴 최저가 자동 쿠폰)26390원 할인,NCPN0002639,플러스,23991.0
2025-09-01,e-영업2,(제휴 최저가 자동 쿠폰)26390원 할인,NCPN0002639,플러스,23991.0
2025-09-01,e-영업2,(제휴 최저가 자동 쿠폰)26320원 할인,NCPN0002632,플러스,23927.0
2025-09-01,e-영업2,(제휴 최저가 자동 쿠폰)8730원 할인,NCPN0000873,플러스,23809.0
2025-09-01,e-영업2,(제휴 최저가 자동 쿠폰)25940원 할인,NCPN0002594,플러스,23582.0
2025-09-01,e-영업2,(제휴 최저가 자동 쿠폰)25850원 할인,NCPN0002585,플러스,23500.0
2025-09-01,e-영업2,(제휴 최저가 자동 쿠폰)12880원 할인,NCPN0001288,플러스,23418.0
2025-09-01,e-영업2,(제휴 최저가 자동 쿠폰)12770원 할인,NCPN0001277,플러스,23218.0
2025-09-01,e-영업2,(제휴 최저가 자동 쿠폰)5080원 할인,NCPN0000508,플러스,23091.0
2025-09-01,e-영업2,(제휴 최저가 자동 쿠폰)25020원 할인,NCPN0002502,플러스,22745.0
2025-09-01,e-영업2,(제휴 최저가 자동 쿠폰)24920원 할인,NCPN0002492,플러스,22655.0
2025-09-01,e-영업2,(제휴 최저가 자동 쿠폰)12430원 할인,NCPN0001243,플러스,22600.0
2025-09-01,e-영업2,(제휴 최저가 자동 쿠폰)24830원 할인,NCPN0002483,플러스,22573.0
2025-09-01,e-영업1,(제휴 최저가 자동 쿠폰)12330원 할인,NCPN0001233,플러스,22418.0
2025-09-01,e-영업1,(제휴 최저가 자동 쿠폰)12230원 할인,NCPN0001223,플러스,22236.0
2025-09-01,e-영업2,(제휴 최저가 자동 쿠폰)6090원 할인,NCPN0000609,플러스,22145.0
2025-09-01,e-영업2,(제휴 최저가 자동 쿠폰)12170원 할인,NCPN0001217,플러스,22127.0
2025-09-01,e-영업2,(제휴 최저가 자동 쿠폰)4860원 할인,NCPN0000486,플러스,22091.0
2025-09-01,e-영업2,(제휴 최저가 자동 쿠폰)8090원 할인,NCPN0000809,플러스,22064.0
2025-09-01,e-영업2,(제휴 최저가 자동 쿠폰)8060원 할인,NCPN0000806,플러스,21982.0
2025-09-01,e-영업2,(제휴 최저가 자동 쿠폰)24170원 할인,NCPN0002417,플러스,21973.0
2025-09-01,e-영업2,(제휴 최저가 자동 쿠폰)5930원 할인,NCPN0000593,플러스,21564.0
2025-09-01,e-영업1,(제휴 최저가 자동 쿠폰)23690원 할인,NCPN0002369,플러스,21536.0
2025-09-01,e-영업2,(제휴 최저가 자동 쿠폰)11770원 할인,NCPN0001177,플러스,21400.0
2025-09-01,e-영업2,(제휴 최저가 자동 쿠폰)5820원 할인,NCPN0000582,플러스,21164.0
2025-09-01,e-영업2,(제휴 최저가 자동 쿠폰)11620원 할인,NCPN0001162,플러스,21127.0
2025-09-01,e-영업1,(제휴 최저가 자동 쿠폰)23230원 할인,NCPN0002323,플러스,21118.0
2025-09-01,e-영업2,(제휴 최저가 자동 쿠폰)23230원 할인,NCPN0002323,플러스,21118.0
2025-09-01,e-영업2,(제휴 최저가 자동 쿠폰)22990원 할인,NCPN0002299,플러스,20900.0
2025-09-01,e-영업2,(제휴 최저가 자동 쿠폰)11450원 할인,NCPN0001145,플러스,20818.0
2025-09-01,e-영업1,(제휴 최저가 자동 쿠폰)22610원 할인,NCPN0002261,플러스,20555.0
2025-09-01,e-영업1,(제휴 최저가 자동 쿠폰)22570원 할인,NCPN0002257,플러스,20518.0
2025-09-01,e-영업1,(제휴 최저가 자동 쿠폰)7510원 할인,NCPN0000751,플러스,20482.0
2025-09-01,e-영업2,(제휴 최저가 자동 쿠폰)22530원 할인,NCPN0002253,플러스,20482.0
2025-09-01,e-영업2,(제휴 최저가 자동 쿠폰)7410원 할인,NCPN0000741,플러스,20209.0
2025-09-01,e-영업2,(제휴 최저가 자동 쿠폰)11030원 할인,NCPN0001103,플러스,20055.0
2025-09-01,e-영업2,(제휴 최저가 자동 쿠폰)21890원 할인,NCPN0002189,플러스,19900.0
2025-09-01,e-영업2,(제휴 최저가 자동 쿠폰)10930원 할인,NCPN0001093,플러스,19873.0
2025-09-01,e-영업2,(제휴 최저가 자동 쿠폰)4330원 할인,NCPN0000433,플러스,19682.0
2025-09-01,e-영업2,(제휴 최저가 자동 쿠폰)20450원 할인,NCPN0002045,플러스,18591.0
2025-09-01,e-영업1,(제휴 최저가 자동 쿠폰)10210원 할인,NCPN0001021,플러스,18564.0
2025-09-01,e-영업2,(제휴 최저가 자동 쿠폰)10210원 할인,NCPN0001021,플러스,18564.0
2025-09-01,e-영업2,(제휴 최저가 자동 쿠폰)6790원 할인,NCPN0000679,플러스,18518.0
2025-09-01,e-영업1,[제휴쿠폰] [추석 선물] 플러스 5% 쿠폰,CPN1464431,플러스,18455.0
2025-09-01,e-영업2,(제휴 최저가 자동 쿠폰)10080원 할인,NCPN0001008,플러스,18327.0
2025-09-01,e-영업2,(제휴 최저가 자동 쿠폰)10040원 할인,NCPN0001004,플러스,18255.0
2025-09-01,e-영업1,(제휴 최저가 자동 쿠폰)5010원 할인,NCPN0000501,플러스,18218.0
2025-09-01,e-영업2,(제휴 최저가 자동 쿠폰)20000원 할인,NCPN0002000,플러스,18182.0
2025-09-01,e-영업2,(제휴 최저가 자동 쿠폰)6640원 할인,NCPN0000664,플러스,18109.0
2025-09-01,e-영업1,(제휴 최저가 자동 쿠폰)19910원 할인,NCPN0001991,플러스,18100.0
2025-09-01,e-영업1,(제휴 최저가 자동 쿠폰)19870원 할인,NCPN0001987,플러스,18064.0
2025-09-01,e-영업2,(제휴 최저가 자동 쿠폰)19870원 할인,NCPN0001987,플러스,18064.0
2025-09-01,e-영업2,(제휴 최저가 자동 쿠폰)19760원 할인,NCPN0001976,플러스,17964.0
2025-09-01,e-영업2,(제휴 최저가 자동 쿠폰)19630원 할인,NCPN0001963,플러스,17845.0
2025-09-01,e-영업2,(제휴 최저가 자동 쿠폰)9700원 할인,NCPN0000970,플러스,17636.0
2025-09-01,e-영업2,(제휴 최저가 자동 쿠폰)19300원 할인,NCPN0001930,플러스,17545.0
2025-09-01,e-영업2,(제휴 최저가 자동 쿠폰)19240원 할인,NCPN0001924,플러스,17491.0
2025-09-01,e-영업1,(제휴 최저가 자동 쿠폰)19210원 할인,NCPN0001921,플러스,17464.0
2025-09-01,e-영업2,(제휴 최저가 자동 쿠폰)19210원 할인,NCPN0001921,플러스,17464.0
2025-09-01,e-영업1,(제휴 최저가 자동 쿠폰)19200원 할인,NCPN0001920,플러스,17455.0
2025-09-01,e-영업2,(제휴 최저가 자동 쿠폰)19200원 할인,NCPN0001920,플러스,17455.0
2025-09-01,e-영업1,(제휴 최저가 자동 쿠폰)18640원 할인,NCPN0001864,플러스,16945.0
2025-09-01,e-영업2,(제휴 최저가 자동 쿠폰)6180원 할인,NCPN0000618,플러스,16855.0
2025-09-01,e-영업2,(제휴 최저가 자동 쿠폰)9170원 할인,NCPN0000917,플러스,16673.0
2025-09-01,e-영업2,(제휴 최저가 자동 쿠폰)18230원 할인,NCPN0001823,플러스,16573.0
2025-09-01,e-영업1,(제휴 최저가 자동 쿠폰)18140원 할인,NCPN0001814,플러스,16491.0
2025-09-01,e-영업1,(제휴 최저가 자동 쿠폰)8990원 할인,NCPN0000899,플러스,16345.0
2025-09-01,e-영업1,(제휴 최저가 자동 쿠폰)17960원 할인,NCPN0001796,플러스,16327.0
2025-09-01,e-영업2,(제휴 최저가 자동 쿠폰)17960원 할인,NCPN0001796,플러스,16327.0
2025-09-01,e-영업1,(제휴 최저가 자동 쿠폰)5950원 할인,NCPN0000595,플러스,16227.0
2025-09-01,e-영업2,(제휴 최저가 자동 쿠폰)5950원 할인,NCPN0000595,플러스,16227.0
2025-09-01,e-영업2,(제휴 최저가 자동 쿠폰)17700원 할인,NCPN0001770,플러스,16091.0
2025-09-01,e-영업1,(제휴 최저가 자동 쿠폰)8830원 할인,NCPN0000883,플러스,16055.0
2025-09-01,e-영업2,(제휴 최저가 자동 쿠폰)17600원 할인,NCPN0001760,플러스,16000.0
2025-09-01,e-영업2,(제휴 최저가 자동 쿠폰)8680원 할인,NCPN0000868,플러스,15782.0
2025-09-01,e-영업2,(제휴 최저가 자동 쿠폰)17200원 할인,NCPN0001720,플러스,15636.0
2025-09-01,e-영업2,(제휴 최저가 자동 쿠폰)17100원 할인,NCPN0001710,플러스,15545.0
2025-09-01,e-영업2,(제휴 최저가 자동 쿠폰)5650원 할인,NCPN0000565,플러스,15409.0
2025-09-01,e-영업2,(제휴 최저가 자동 쿠폰)16860원 할인,NCPN0001686,플러스,15327.0
2025-09-01,e-영업2,(제휴 최저가 자동 쿠폰)16830원 할인,NCPN0001683,플러스,15300.0
2025-09-01,e-영업2,(제휴 최저가 자동 쿠폰)8270원 할인,NCPN0000827,플러스,15036.0
2025-09-01,e-영업2,(제휴 최저가 자동 쿠폰)5460원 할인,NCPN0000546,플러스,14891.0
2025-09-01,e-영업2,(제휴 최저가 자동 쿠폰)8040원 할인,NCPN0000804,플러스,14618.0
2025-09-01,e-영업2,(제휴 최저가 자동 쿠폰)3970원 할인,NCPN0000397,플러스,14436.0
2025-09-01,e-영업1,(제휴 최저가 자동 쿠폰)15760원 할인,NCPN0001576,플러스,14327.0
2025-09-01,e-영업2,(제휴 최저가 자동 쿠폰)15710원 할인,NCPN0001571,플러스,14282.0
2025-09-01,e-영업2,(제휴 최저가 자동 쿠폰)15640원 할인,NCPN0001564,플러스,14218.0
2025-09-01,e-영업1,[제휴쿠폰] [WEEKEND SALE] 플러스 5% 쿠폰,CPN1455843,플러스,14164.0
2025-09-01,e-영업1,(제휴 최저가 자동 쿠폰)15500원 할인,NCPN0001550,플러스,14091.0
2025-09-01,e-영업1,(제휴 최저가 자동 쿠폰)7550원 할인,NCPN0000755,플러스,13727.0
2025-09-01,e-영업1,(제휴 최저가 자동 쿠폰)15060원 할인,NCPN0001506,플러스,13691.0
2025-09-01,e-영업1,(제휴 최저가 자동 쿠폰)14770원 할인,NCPN0001477,플러스,13427.0
2025-09-01,e-영업2,(제휴 최저가 자동 쿠폰)14550원 할인,NCPN0001455,플러스,13227.0
2025-09-01,e-영업2,(제휴 최저가 자동 쿠폰)14540원 할인,NCPN0001454,플러스,13218.0
2025-09-01,e-영업2,(제휴 최저가 자동 쿠폰)4780원 할인,NCPN0000478,플러스,13036.0
2025-09-01,e-영업2,(제휴 최저가 자동 쿠폰)7150원 할인,NCPN0000715,플러스,13000.0
2025-09-01,e-영업2,[제휴쿠폰] [슈퍼위크] 5% 플러스 쿠폰,CPN1431975,플러스,12982.0
2025-09-01,e-영업1,(제휴 최저가 자동 쿠폰)14200원 할인,NCPN0001420,플러스,12909.0
2025-09-01,e-영업2,(제휴 최저가 자동 쿠폰)3470원 할인,NCPN0000347,플러스,12618.0
2025-09-01,e-영업2,(제휴 최저가 자동 쿠폰)6940원 할인,NCPN0000694,플러스,12618.0
2025-09-01,e-영업2,(제휴 최저가 자동 쿠폰)13740원 할인,NCPN0001374,플러스,12491.0
2025-09-01,e-영업2,(제휴 최저가 자동 쿠폰)4480원 할인,NCPN0000448,플러스,12218.0
2025-09-01,e-영업2,(제휴 최저가 자동 쿠폰)4470원 할인,NCPN0000447,플러스,12191.0
2025-09-01,e-영업2,(제휴 최저가 자동 쿠폰)13110원 할인,NCPN0001311,플러스,11918.0
2025-09-01,e-영업2,(제휴 최저가 자동 쿠폰)12890원 할인,NCPN0001289,플러스,11718.0
2025-09-01,e-영업2,(제휴 최저가 자동 쿠폰)12860원 할인,NCPN0001286,플러스,11691.0
2025-09-01,e-영업2,(제휴 최저가 자동 쿠폰)6410원 할인,NCPN0000641,플러스,11655.0
2025-09-01,e-영업1,(제휴 최저가 자동 쿠폰)12600원 할인,NCPN0001260,플러스,11455.0
2025-09-01,e-영업2,(제휴 최저가 자동 쿠폰)6290원 할인,NCPN0000629,플러스,11436.0
2025-09-01,e-영업2,(제휴 최저가 자동 쿠폰)12330원 할인,NCPN0001233,플러스,11209.0
2025-09-01,e-영업2,(제휴 최저가 자동 쿠폰)6130원 할인,NCPN0000613,플러스,11145.0
2025-09-01,e-영업1,(제휴 최저가 자동 쿠폰)12160원 할인,NCPN0001216,플러스,11055.0
2025-09-01,e-영업2,(제휴 최저가 자동 쿠폰)12130원 할인,NCPN0001213,플러스,11027.0
2025-09-01,e-영업2,(제휴 최저가 자동 쿠폰)6060원 할인,NCPN0000606,플러스,11018.0
2025-09-01,e-영업2,(제휴 최저가 자동 쿠폰)6050원 할인,NCPN0000605,플러스,11000.0
2025-09-01,e-영업1,(제휴 최저가 자동 쿠폰)11790원 할인,NCPN0001179,플러스,10718.0
2025-09-01,e-영업1,(제휴 최저가 자동 쿠폰)11770원 할인,NCPN0001177,플러스,10700.0
2025-09-01,e-영업1,(제휴 최저가 자동 쿠폰)11670원 할인,NCPN0001167,플러스,10609.0
2025-09-01,e-영업2,(제휴 최저가 자동 쿠폰)5700원 할인,NCPN0000570,플러스,10364.0
2025-09-01,e-영업1,(제휴 최저가 자동 쿠폰)11340원 할인,NCPN0001134,플러스,10309.0
2025-09-01,e-영업1,(제휴 최저가 자동 쿠폰)5630원 할인,NCPN0000563,플러스,10236.0
2025-09-01,e-영업1,(제휴 최저가 자동 쿠폰)5530원 할인,NCPN0000553,플러스,10055.0
2025-09-01,e-영업1,(제휴 최저가 자동 쿠폰)10820원 할인,NCPN0001082,플러스,9836.0
2025-09-01,e-영업2,(제휴 최저가 자동 쿠폰)10650원 할인,NCPN0001065,플러스,9682.0
2025-09-01,e-영업2,(제휴 최저가 자동 쿠폰)5230원 할인,NCPN0000523,플러스,9509.0
2025-09-01,e-영업2,(제휴 최저가 자동 쿠폰)10450원 할인,NCPN0001045,플러스,9500.0
2025-09-01,e-영업2,(제휴 최저가 자동 쿠폰)5130원 할인,NCPN0000513,플러스,9327.0
2025-09-01,e-영업2,(제휴 최저가 자동 쿠폰)10120원 할인,NCPN0001012,플러스,9200.0
2025-09-01,e-영업1,(제휴 최저가 자동 쿠폰)10080원 할인,NCPN0001008,플러스,9164.0
2025-09-01,e-영업2,(제휴 최저가 자동 쿠폰)10070원 할인,NCPN0001007,플러스,9155.0
2025-09-01,e-영업1,(제휴 최저가 자동 쿠폰)10050원 할인,NCPN0001005,플러스,9136.0
2025-09-01,e-영업2,(제휴 최저가 자동 쿠폰)10050원 할인,NCPN0001005,플러스,9136.0
2025-09-01,e-영업1,(제휴 최저가 자동 쿠폰)10040원 할인,NCPN0001004,플러스,9127.0
2025-09-01,e-영업2,(제휴 최저가 자동 쿠폰)9730원 할인,NCPN0000973,플러스,8845.0
2025-09-01,e-영업1,(제휴 최저가 자동 쿠폰)9710원 할인,NCPN0000971,플러스,8827.0
2025-09-01,e-영업2,(제휴 최저가 자동 쿠폰)9710원 할인,NCPN0000971,플러스,8827.0
2025-09-01,e-영업1,(제휴 최저가 자동 쿠폰)9600원 할인,NCPN0000960,플러스,8727.0
2025-09-01,e-영업2,(제휴 최저가 자동 쿠폰)9430원 할인,NCPN0000943,플러스,8573.0
2025-09-01,e-영업1,(제휴 최저가 자동 쿠폰)4620원 할인,NCPN0000462,플러스,8400.0
2025-09-01,e-영업2,(제휴 최저가 자동 쿠폰)9190원 할인,NCPN0000919,플러스,8355.0
2025-09-01,e-영업1,(제휴 최저가 자동 쿠폰)4570원 할인,NCPN0000457,플러스,8309.0
2025-09-01,e-영업2,(제휴 최저가 자동 쿠폰)9050원 할인,NCPN0000905,플러스,8227.0
2025-09-01,e-영업2,(제휴 최저가 자동 쿠폰)9040원 할인,NCPN0000904,플러스,8218.0
2025-09-01,e-영업2,(제휴 최저가 자동 쿠폰)9030원 할인,NCPN0000903,플러스,8209.0
2025-09-01,e-영업1,(제휴 최저가 자동 쿠폰)8980원 할인,NCPN0000898,플러스,8164.0
2025-09-01,e-영업2,(제휴 최저가 자동 쿠폰)8980원 할인,NCPN0000898,플러스,8164.0
2025-09-01,e-영업1,(제휴 최저가 자동 쿠폰)8960원 할인,NCPN0000896,플러스,8145.0
2025-09-01,e-영업2,(제휴 최저가 자동 쿠폰)4440원 할인,NCPN0000444,플러스,8073.0
2025-09-01,e-영업2,(제휴 최저가 자동 쿠폰)8870원 할인,NCPN0000887,플러스,8064.0
2025-09-01,e-영업1,(제휴 최저가 자동 쿠폰)8590원 할인,NCPN0000859,플러스,7809.0
2025-09-01,e-영업2,(제휴 최저가 자동 쿠폰)8550원 할인,NCPN0000855,플러스,7773.0
2025-09-01,e-영업2,(제휴 최저가 자동 쿠폰)8320원 할인,NCPN0000832,플러스,7564.0
2025-09-01,e-영업2,(제휴 최저가 자동 쿠폰)8240원 할인,NCPN0000824,플러스,7491.0
2025-09-01,e-영업1,(제휴 최저가 자동 쿠폰)4110원 할인,NCPN0000411,플러스,7473.0
2025-09-01,e-영업1,(제휴 최저가 자동 쿠폰)8100원 할인,NCPN0000810,플러스,7364.0
2025-09-01,e-영업2,(제휴 최저가 자동 쿠폰)8030원 할인,NCPN0000803,플러스,7300.0
2025-09-01,e-영업2,(제휴 최저가 자동 쿠폰)8020원 할인,NCPN0000802,플러스,7291.0
2025-09-01,e-영업1,(제휴 최저가 자동 쿠폰)7930원 할인,NCPN0000793,플러스,7209.0
2025-09-01,e-영업1,(제휴 최저가 자동 쿠폰)7610원 할인,NCPN0000761,플러스,6918.0
2025-09-01,e-영업2,(제휴 최저가 자동 쿠폰)7610원 할인,NCPN0000761,플러스,6918.0
2025-09-01,e-영업2,(제휴 최저가 자동 쿠폰)7550원 할인,NCPN0000755,플러스,6864.0
2025-09-01,e-영업2,(제휴 최저가 자동 쿠폰)7510원 할인,NCPN0000751,플러스,6827.0
2025-09-01,e-영업1,(제휴 최저가 자동 쿠폰)7310원 할인,NCPN0000731,플러스,6645.0
2025-09-01,e-영업2,(제휴 최저가 자동 쿠폰)7310원 할인,NCPN0000731,플러스,6645.0
2025-09-01,e-영업2,(제휴 최저가 자동 쿠폰)7240원 할인,NCPN0000724,플러스,6582.0
2025-09-01,e-영업2,(제휴 최저가 자동 쿠폰)7120원 할인,NCPN0000712,플러스,6473.0
2025-09-01,e-영업1,(제휴 최저가 자동 쿠폰)7090원 할인,NCPN0000709,플러스,6445.0
2025-09-01,e-영업2,(제휴 최저가 자동 쿠폰)7050원 할인,NCPN0000705,플러스,6409.0
2025-09-01,e-영업2,(제휴 최저가 자동 쿠폰)6920원 할인,NCPN0000692,플러스,6291.0
2025-09-01,e-영업1,(제휴 최저가 자동 쿠폰)6840원 할인,NCPN0000684,플러스,6218.0
2025-09-01,e-영업2,(제휴 최저가 자동 쿠폰)6480원 할인,NCPN0000648,플러스,5891.0
2025-09-01,e-영업2,(제휴 최저가 자동 쿠폰)6440원 할인,NCPN0000644,플러스,5855.0
2025-09-01,e-영업2,(제휴 최저가 자동 쿠폰)6230원 할인,NCPN0000623,플러스,5664.0
2025-09-01,e-영업2,(제휴 최저가 자동 쿠폰)6220원 할인,NCPN0000622,플러스,5655.0
2025-09-01,e-영업1,(제휴 최저가 자동 쿠폰)6090원 할인,NCPN0000609,플러스,5536.0
2025-09-01,e-영업2,(제휴 최저가 자동 쿠폰)5850원 할인,NCPN0000585,플러스,5318.0
2025-09-01,e-영업2,(제휴 최저가 자동 쿠폰)5840원 할인,NCPN0000584,플러스,5309.0
2025-09-01,e-영업2,(제휴 최저가 자동 쿠폰)5680원 할인,NCPN0000568,플러스,5164.0
2025-09-01,e-영업2,(제휴 최저가 자동 쿠폰)5540원 할인,NCPN0000554,플러스,5036.0
2025-09-01,e-영업2,(제휴 최저가 자동 쿠폰)5530원 할인,NCPN0000553,플러스,5027.0
2025-09-01,e-영업1,(제휴 최저가 자동 쿠폰)5450원 할인,NCPN0000545,플러스,4955.0
2025-09-01,e-영업2,(제휴 최저가 자동 쿠폰)5320원 할인,NCPN0000532,플러스,4836.0
2025-09-01,e-영업2,(제휴 최저가 자동 쿠폰)5310원 할인,NCPN0000531,플러스,4827.0
2025-09-01,e-영업2,(제휴 최저가 자동 쿠폰)5220원 할인,NCPN0000522,플러스,4745.0
2025-09-01,e-영업2,(제휴 최저가 자동 쿠폰)5110원 할인,NCPN0000511,플러스,4645.0
2025-09-01,e-영업2,(제휴 최저가 자동 쿠폰)4950원 할인,NCPN0000495,플러스,4500.0
2025-09-01,e-영업2,(제휴 최저가 자동 쿠폰)1200원 할인,NCPN0000120,플러스,4364.0
2025-09-01,e-영업1,(제휴 최저가 자동 쿠폰)2280원 할인,NCPN0000228,플러스,4145.0
2025-09-01,e-영업2,(제휴 최저가 자동 쿠폰)4540원 할인,NCPN0000454,플러스,4127.0
2025-09-01,e-영업2,(제휴 최저가 자동 쿠폰)4460원 할인,NCPN0000446,플러스,4055.0
2025-09-01,e-영업1,(제휴 최저가 자동 쿠폰)3820원 할인,NCPN0000382,플러스,3473.0
2025-09-01,e-영업1,(제휴 최저가 자동 쿠폰)3780원 할인,NCPN0000378,플러스,3436.0
2025-09-01,e-영업1,(제휴 최저가 자동 쿠폰)3410원 할인,NCPN0000341,플러스,3100.0
2025-09-01,e-영업2,(제휴 최저가 자동 쿠폰)3290원 할인,NCPN0000329,플러스,2991.0
2025-09-01,e-영업1,(제휴 최저가 자동 쿠폰)2860원 할인,NCPN0000286,플러스,2600.0
2025-09-01,e-영업1,(제휴 최저가 자동 쿠폰)2410원 할인,NCPN0000241,플러스,2191.0
2025-09-01,e-영업2,(제휴 최저가 자동 쿠폰)2320원 할인,NCPN0000232,플러스,2109.0
2025-09-01,e-영업1,(제휴 최저가 자동 쿠폰)1310원 할인,NCPN0000131,플러스,1191.0
2025-09-01,e-영업1,(제휴 최저가 자동 쿠폰)10원 할인,NCPN0000001,플러스,9.0
2025-09-01,e-영업2,(제휴 최저가 자동 쿠폰)10원 할인,NCPN0000001,플러스,9.0
2025-09-01,e-영업1,[제휴쿠폰] [슈퍼위크] 5% 플러스 쿠폰,CPN1431975,플러스,-1018.0
2025-09-01,e-영업2,(제휴 최저가 자동 쿠폰)7940원 할인,NCPN0000794,플러스,-7218.0
2025-09-01,e-영업2,(제휴 최저가 자동 쿠폰)13700원 할인,NCPN0001370,플러스,-12455.0
2025-09-01,e-영업1,[제휴전용] 10%추가할인 (골프/스포츠),CPN413857,플러스,-12509.0
2025-09-01,e-영업2,(제휴 최저가 자동 쿠폰)14370원 할인,NCPN0001437,플러스,-13064.0
2025-09-01,e-영업1,(제휴 최저가 자동 쿠폰)15510원 할인,NCPN0001551,플러스,-14100.0
2025-09-01,e-영업2,[제휴쿠폰] [브랜드페스타] 플러스쿠폰 10%,CPN1421210,플러스,-14627.0
2025-09-01,e-영업2,(제휴 최저가 자동 쿠폰)8830원 할인,NCPN0000883,플러스,-16055.0
2025-09-01,e-영업1,(제휴 최저가 자동 쿠폰)17700원 할인,NCPN0001770,플러스,-16091.0
2025-09-01,e-영업2,(제휴 최저가 자동 쿠폰)20210원 할인,NCPN0002021,플러스,-18373.0
2025-09-01,e-영업1,(제휴 최저가 자동 쿠폰)25850원 할인,NCPN0002585,플러스,-23500.0
2025-09-01,e-영업2,(제휴 최저가 자동 쿠폰)13480원 할인,NCPN0001348,플러스,-24509.0
2025-10-01,e-영업2,[제휴쿠폰] [OUTLET] 가을빅세일 13%쿠폰,CPN1484812,일반,50163509.0
2025-10-01,e-영업2,[제휴쿠폰][OUTLET] WEEKLY BEST 100 13% 일반쿠폰,CPN1489776,일반,16262982.0
2025-10-01,e-영업2,[제휴쿠폰][OUTLET WOMEN] 여성 전체 통합 13% 일반쿠폰,CPN1493287,일반,9540382.0
2025-10-01,e-영업2,[제휴쿠폰][OUTLET SECRET] 헤지스/닥스 황금연휴 준비 13%,CPN1472393,일반,8114873.0
2025-10-01,e-영업2,[제휴쿠폰][OUTLET] 미리 겨울 세일+ 기온별 옷차림 12% 일반쿠,CPN1499304,일반,6853027.0
2025-10-01,e-영업2,[제휴쿠폰][OUTLET] 남/여 지금 주목 해야하는 품목 베스트 13%,CPN1493288,일반,3032955.0
2025-10-01,e-영업2,[제휴쿠폰][OUTLET] FW ESSENTIALS 13% 일반쿠폰,CPN1499302,일반,2657209.0
2025-10-01,e-영업2,[제휴쿠폰] [OUTLET] 오직 72시간만 열리는 72마켓 12% 쿠폰,CPN1472435,일반,2339673.0
2025-10-01,e-영업2,[제휴쿠폰][PREMIUM OUTLET] 바버 브랜드위크 12%,CPN1472394,일반,1723818.0
2025-10-01,e-영업2,[제휴쿠폰][OUTLET] 황금연휴&일상 준비 헤지스&닥스 13%,CPN1472433,일반,1675082.0
2025-10-01,e-영업2,[OUTLET LUXURY] 수입 아우터 페스타 13% 일반쿠폰,CPN1493291,일반,1488991.0
2025-10-01,e-영업2,[제휴쿠폰][OUTLET WOMEN] 가을 데일리아이템 13% 쿠폰,CPN1472388,일반,1246355.0
2025-10-01,e-영업2,[제휴쿠폰][OUTLET WOMEN] 컨템포러리 FW 연휴특가전 13%,CPN1472399,일반,1141482.0
2025-10-01,e-영업2,[제휴쿠폰][OUTLET] 오직 72시간만 열리는 72마켓 12% 쿠폰,CPN1489774,일반,847773.0
2025-10-01,e-영업1,[제휴쿠폰][질스튜어트 뉴욕] L+SUPER WEEK 12% 스페셜 쿠폰,CPN1489845,일반,794091.0
2025-10-01,e-영업1,[제휴쿠폰] [질스튜어트 뉴욕] 돋보기 기념 12% 스페셜 쿠폰,CPN1472456,일반,763200.0
2025-10-01,e-영업2,[제휴쿠폰][OUTLET] 수입 브랜드 페스타 12%,CPN1472400,일반,722827.0
2025-10-01,e-영업1,[제휴쿠폰][일꼬르소] 이너 컬렉션 기념 12% 스페셜 쿠폰,CPN1489847,일반,719200.0
2025-10-01,e-영업2,[제휴쿠폰][OUTLET] 가을 트래블 & 위켄드룩 12%,CPN1472397,일반,631745.0
2025-10-01,e-영업2,[제휴쿠폰] [OUTLET MEN] 마에스트로/일꼬르소/티엔지티 13%쿠,CPN1472434,일반,524745.0
2025-10-01,e-영업2,[제휴쿠폰][OUTLET] 오직 72시간만 열리는 72마켓 12% 쿠폰,CPN1499297,일반,426555.0
2025-10-01,e-영업2,[제휴쿠폰][OUTLET SPORTS] 리복 인기브랜드전 13% 일반쿠폰,CPN1499303,일반,409973.0
2025-10-01,e-영업1,[제휴전용] 12% 할인(IE),CPN703554,일반,381182.0
2025-10-01,e-영업1,[제휴쿠폰][TNGT] 25SS 클리어런스 15% 쿠폰 (10월),CPN1489850,일반,271327.0
2025-10-01,e-영업2,[제휴쿠폰][OUTLET MEN&WOMEN]10월의 스테디셀러 13%,CPN1489773,일반,219982.0
2025-10-01,e-영업2,[제휴쿠폰][OUTLET SHOES] 브랜드 별 입문템 추천 12%,CPN1493289,일반,159473.0
2025-10-01,e-영업1,[제휴쿠폰] [WOMEN] 9월 인기 아이템 8% 쿠폰,CPN1449164,일반,157173.0
2025-10-01,e-영업2,[제휴쿠폰] [OUTLET]위켄드 아울렛 12%쿠폰,CPN1414910,일반,-43091.0
2025-10-01,e-영업2,[제휴쿠폰] [OUTLET MEN] 마에스트로/일꼬르소/티엔지티 13%,CPN1461091,일반,-43500.0
2025-10-01,e-영업2,[제휴쿠폰] [OUTLETGOLF] 이글위크 12%쿠폰,CPN1461095,일반,-81336.0
2025-10-01,e-영업2,[제휴쿠폰] [OUTLET BAG&ACC] 나를 위한 선물 13%쿠폰,CPN1461096,일반,-88991.0
2025-10-01,e-영업2,[제휴쿠폰] [OUTLET] 가을 감성 포인트 아이템 12% 일반쿠폰,CPN1461093,일반,-95982.0
2025-10-01,e-영업2,[제휴쿠폰] [PREMIUM OUTLET] 바버 아우터 대전 13%쿠폰,CPN1461098,일반,-283718.0
2025-10-01,e-영업2,[제휴쿠폰] [OUTLET] 아울렛페스타 13%쿠폰,CPN1456273,일반,-321236.0
2025-10-01,e-영업2,[제휴쿠폰] [OUTLET] 오직 72시간만 열리는 72마켓 12% 쿠폰,CPN1465113,일반,-579673.0
2025-10-01,e-영업2,[제휴전용] 9%추가할인 (이월 여성),CPN409202,플러스,21362282.0
2025-10-01,e-영업3,네이버쇼핑 추가할인 (e-명품_대상: 입점업체),CPN407983,플러스,16811218.0
2025-10-01,e-영업2,[제휴전용] 7%추가할인 (이월 남성),CPN409203,플러스,16296000.0
2025-10-01,e-영업2,[제휴전용] 10%추가할인 (이월 ACC),CPN383518,플러스,12030927.0
2025-10-01,e-영업2,[제휴전용] 7%추가할인 (이월 여성),CPN409201,플러스,8308855.0
2025-10-01,e-영업2,[제휴전용] 9%추가할인 (이월 남성),CPN409204,플러스,7593982.0
2025-10-01,e-영업2,[제휴전용] 8%추가할인 (이월 골프),CPN383905,플러스,4785264.0
2025-10-01,e-영업2,[제휴전용] 8% 추가할인 (이월 골프),CPN514212,플러스,4780391.0
2025-10-01,e-영업2,[제휴할인] 5%추가할인 (이월 남성),CPN383907,플러스,805800.0
2025-10-01,e-영업2,(제휴 최저가 자동 쿠폰)25100원 할인,NCPN0002510,플러스,730182.0
2025-10-01,e-영업2,[제휴전용] 8%추가할인 (이월 슈즈),CPN384029,플러스,682145.0
2025-10-01,e-영업2,[제휴쿠폰] [슈퍼위크] 10% 플러스 쿠폰 (최대 4만원 할인),CPN1488566,플러스,613400.0
2025-10-01,e-영업2,(제휴 최저가 자동 쿠폰)15040원 할인,NCPN0001504,플러스,519564.0
2025-10-01,e-영업1,[제휴쿠폰] [슈퍼위크] 10% 플러스 쿠폰 (최대 4만원 할인),CPN1488566,플러스,449064.0
2025-10-01,e-영업2,(제휴 최저가 자동 쿠폰)14200원 할인,NCPN0001420,플러스,438909.0
2025-10-01,e-영업2,[제휴전용] 4%추가할인 (이월 여성),CPN384742,플러스,403700.0
2025-10-01,e-영업2,(제휴 최저가 자동 쿠폰)17560원 할인,NCPN0001756,플러스,367164.0
2025-10-01,e-영업2,(제휴 최저가 자동 쿠폰)30160원 할인,NCPN0003016,플러스,329018.0
2025-10-01,e-영업2,[제휴쿠폰] [주말장터] 9% 플러스쿠폰,CPN1472366,플러스,323582.0
2025-10-01,e-영업2,(제휴 최저가 자동 쿠폰)25020원 할인,NCPN0002502,플러스,250200.0
2025-10-01,e-영업2,(제휴 최저가 자동 쿠폰)16680원 할인,NCPN0001668,플러스,242618.0
2025-10-01,e-영업2,(제휴 최저가 자동 쿠폰)17750원 할인,NCPN0001775,플러스,225909.0
2025-10-01,e-영업2,(제휴 최저가 자동 쿠폰)24830원 할인,NCPN0002483,플러스,203155.0
2025-10-01,e-영업2,(제휴 최저가 자동 쿠폰)18140원 할인,NCPN0001814,플러스,181400.0
2025-10-01,e-영업2,(제휴 최저가 자동 쿠폰)24920원 할인,NCPN0002492,플러스,181236.0
2025-10-01,e-영업2,(제휴 최저가 자동 쿠폰)11950원 할인,NCPN0001195,플러스,173818.0
2025-10-01,e-영업2,(제휴 최저가 자동 쿠폰)20710원 할인,NCPN0002071,플러스,150618.0
2025-10-01,e-영업2,(제휴 최저가 자동 쿠폰)15060원 할인,NCPN0001506,플러스,136909.0
2025-10-01,e-영업1,(제휴 최저가 자동 쿠폰)29970원 할인,NCPN0002997,플러스,136227.0
2025-10-01,e-영업2,(제휴 최저가 자동 쿠폰)44140원 할인,NCPN0004414,플러스,120382.0
2025-10-01,e-영업1,(제휴 최저가 자동 쿠폰)21890원 할인,NCPN0002189,플러스,119400.0
2025-10-01,e-영업1,(제휴 최저가 자동 쿠폰)24170원 할인,NCPN0002417,플러스,109864.0
2025-10-01,e-영업2,(제휴 최저가 자동 쿠폰)19760원 할인,NCPN0001976,플러스,107782.0
2025-10-01,e-영업2,(제휴 최저가 자동 쿠폰)27830원 할인,NCPN0002783,플러스,101200.0
2025-10-01,e-영업2,(제휴 최저가 자동 쿠폰)13810원 할인,NCPN0001381,플러스,100436.0
2025-10-01,e-영업2,(제휴 최저가 자동 쿠폰)27550원 할인,NCPN0002755,플러스,100182.0
2025-10-01,e-영업1,(제휴 최저가 자동 쿠폰)35080원 할인,NCPN0003508,플러스,95673.0
2025-10-01,e-영업2,(제휴 최저가 자동 쿠폰)13110원 할인,NCPN0001311,플러스,95345.0
2025-10-01,e-영업2,(제휴 최저가 자동 쿠폰)19980원 할인,NCPN0001998,플러스,90818.0
2025-10-01,e-영업2,(제휴 최저가 자동 쿠폰)19700원 할인,NCPN0001970,플러스,89545.0
2025-10-01,e-영업2,(제휴 최저가 자동 쿠폰)19560원 할인,NCPN0001956,플러스,88909.0
2025-10-01,e-영업2,(제휴 최저가 자동 쿠폰)6480원 할인,NCPN0000648,플러스,88364.0
2025-10-01,e-영업2,(제휴 최저가 자동 쿠폰)9700원 할인,NCPN0000970,플러스,88182.0
2025-10-01,e-영업2,(제휴 최저가 자동 쿠폰)15990원 할인,NCPN0001599,플러스,87218.0
2025-10-01,e-영업2,(제휴 최저가 자동 쿠폰)13430원 할인,NCPN0001343,플러스,85464.0
2025-10-01,e-영업2,(제휴 최저가 자동 쿠폰)21490원 할인,NCPN0002149,플러스,78145.0
2025-10-01,e-영업1,(제휴 최저가 자동 쿠폰)17100원 할인,NCPN0001710,플러스,77727.0
2025-10-01,e-영업2,(제휴 최저가 자동 쿠폰)17100원 할인,NCPN0001710,플러스,77727.0
2025-10-01,e-영업2,(제휴 최저가 자동 쿠폰)8320원 할인,NCPN0000832,플러스,75636.0
2025-10-01,e-영업1,(제휴 최저가 자동 쿠폰)27730원 할인,NCPN0002773,플러스,75627.0
2025-10-01,e-영업2,[제휴쿠폰][WEEKEND SALE] 플러스 5% 쿠폰,CPN1507681,플러스,74464.0
2025-10-01,e-영업2,(제휴 최저가 자동 쿠폰)16150원 할인,NCPN0001615,플러스,73409.0
2025-10-01,e-영업2,(제휴 최저가 자동 쿠폰)16120원 할인,NCPN0001612,플러스,73273.0
2025-10-01,e-영업2,(제휴 최저가 자동 쿠폰)20000원 할인,NCPN0002000,플러스,72727.0
2025-10-01,e-영업2,(제휴 최저가 자동 쿠폰)12770원 할인,NCPN0001277,플러스,69655.0
2025-10-01,e-영업2,(제휴 최저가 자동 쿠폰)10760원 할인,NCPN0001076,플러스,68473.0
2025-10-01,e-영업1,(제휴 최저가 자동 쿠폰)5010원 할인,NCPN0000501,플러스,68318.0
2025-10-01,e-영업1,(제휴 최저가 자동 쿠폰)36700원 할인,NCPN0003670,플러스,66727.0
2025-10-01,e-영업2,(제휴 최저가 자동 쿠폰)18230원 할인,NCPN0001823,플러스,66291.0
2025-10-01,e-영업2,(제휴 최저가 자동 쿠폰)14570원 할인,NCPN0001457,플러스,66227.0
2025-10-01,e-영업1,(제휴 최저가 자동 쿠폰)18150원 할인,NCPN0001815,플러스,66000.0
2025-10-01,e-영업2,(제휴 최저가 자동 쿠폰)10000원 할인,NCPN0001000,플러스,63636.0
2025-10-01,e-영업2,(제휴 최저가 자동 쿠폰)22850원 할인,NCPN0002285,플러스,62318.0
2025-10-01,e-영업2,(제휴 최저가 자동 쿠폰)22570원 할인,NCPN0002257,플러스,61555.0
2025-10-01,e-영업2,(제휴 최저가 자동 쿠폰)33780원 할인,NCPN0003378,플러스,61418.0
2025-10-01,e-영업2,(제휴 최저가 자동 쿠폰)16420원 할인,NCPN0001642,플러스,59709.0
2025-10-01,e-영업2,(제휴 최저가 자동 쿠폰)12160원 할인,NCPN0001216,플러스,55273.0
2025-10-01,e-영업2,(제휴 최저가 자동 쿠폰)10060원 할인,NCPN0001006,플러스,54873.0
2025-10-01,e-영업2,(제휴 최저가 자동 쿠폰)15020원 할인,NCPN0001502,플러스,54618.0
2025-10-01,e-영업1,(제휴 최저가 자동 쿠폰)19980원 할인,NCPN0001998,플러스,54491.0
2025-10-01,e-영업2,(제휴 최저가 자동 쿠폰)14690원 할인,NCPN0001469,플러스,53418.0
2025-10-01,e-영업2,(제휴 최저가 자동 쿠폰)14530원 할인,NCPN0001453,플러스,52836.0
2025-10-01,e-영업2,(제휴 최저가 자동 쿠폰)19360원 할인,NCPN0001936,플러스,52800.0
2025-10-01,e-영업2,(제휴 최저가 자동 쿠폰)19200원 할인,NCPN0001920,플러스,52364.0
2025-10-01,e-영업2,(제휴 최저가 자동 쿠폰)18760원 할인,NCPN0001876,플러스,51164.0
2025-10-01,e-영업2,(제휴 최저가 자동 쿠폰)28010원 할인,NCPN0002801,플러스,50927.0
2025-10-01,e-영업2,(제휴 최저가 자동 쿠폰)13970원 할인,NCPN0001397,플러스,50800.0
2025-10-01,e-영업2,(제휴 최저가 자동 쿠폰)18410원 할인,NCPN0001841,플러스,50209.0
2025-10-01,e-영업2,(제휴 최저가 자동 쿠폰)13700원 할인,NCPN0001370,플러스,49818.0
2025-10-01,e-영업2,(제휴 최저가 자동 쿠폰)10880원 할인,NCPN0001088,플러스,49455.0
2025-10-01,e-영업2,(제휴 최저가 자동 쿠폰)5320원 할인,NCPN0000532,플러스,48364.0
2025-10-01,e-영업2,(제휴 최저가 자동 쿠폰)17450원 할인,NCPN0001745,플러스,47591.0
2025-10-01,e-영업2,(제휴 최저가 자동 쿠폰)26000원 할인,NCPN0002600,플러스,47273.0
2025-10-01,e-영업2,(제휴 최저가 자동 쿠폰)12650원 할인,NCPN0001265,플러스,46000.0
2025-10-01,e-영업2,(제휴 최저가 자동 쿠폰)16860원 할인,NCPN0001686,플러스,45982.0
2025-10-01,e-영업2,(제휴 최저가 자동 쿠폰)10090원 할인,NCPN0001009,플러스,45864.0
2025-10-01,e-영업2,(제휴 최저가 자동 쿠폰)12600원 할인,NCPN0001260,플러스,45818.0
2025-10-01,e-영업2,(제휴 최저가 자동 쿠폰)16690원 할인,NCPN0001669,플러스,45518.0
2025-10-01,e-영업2,(제휴 최저가 자동 쿠폰)9800원 할인,NCPN0000980,플러스,44545.0
2025-10-01,e-영업2,(제휴 최저가 자동 쿠폰)12230원 할인,NCPN0001223,플러스,44473.0
2025-10-01,e-영업2,(제휴 최저가 자동 쿠폰)8040원 할인,NCPN0000804,플러스,43855.0
2025-10-01,e-영업2,(제휴 최저가 자동 쿠폰)16010원 할인,NCPN0001601,플러스,43664.0
2025-10-01,e-영업2,(제휴 최저가 자동 쿠폰)5950원 할인,NCPN0000595,플러스,43273.0
2025-10-01,e-영업1,[제휴쿠폰] [주말장터] 9% 플러스쿠폰,CPN1472366,플러스,42864.0
2025-10-01,e-영업2,(제휴 최저가 자동 쿠폰)15650원 할인,NCPN0001565,플러스,42682.0
2025-10-01,e-영업2,(제휴 최저가 자동 쿠폰)15510원 할인,NCPN0001551,플러스,42300.0
2025-10-01,e-영업1,(제휴 최저가 자동 쿠폰)11490원 할인,NCPN0001149,플러스,41782.0
2025-10-01,e-영업2,(제휴 최저가 자동 쿠폰)9010원 할인,NCPN0000901,플러스,40955.0
2025-10-01,e-영업2,(제휴 최저가 자동 쿠폰)44380원 할인,NCPN0004438,플러스,40345.0
2025-10-01,e-영업1,(제휴 최저가 자동 쿠폰)21490원 할인,NCPN0002149,플러스,39073.0
2025-10-01,e-영업1,(제휴 최저가 자동 쿠폰)14200원 할인,NCPN0001420,플러스,38727.0
2025-10-01,e-영업2,(제휴 최저가 자동 쿠폰)10630원 할인,NCPN0001063,플러스,38655.0
2025-10-01,e-영업2,(제휴 최저가 자동 쿠폰)41890원 할인,NCPN0004189,플러스,38082.0
2025-10-01,e-영업2,(제휴 최저가 자동 쿠폰)41420원 할인,NCPN0004142,플러스,37655.0
2025-10-01,e-영업2,(제휴 최저가 자동 쿠폰)41230원 할인,NCPN0004123,플러스,37482.0
2025-10-01,e-영업2,(제휴 최저가 자동 쿠폰)41090원 할인,NCPN0004109,플러스,37355.0
2025-10-01,e-영업2,(제휴 최저가 자동 쿠폰)20440원 할인,NCPN0002044,플러스,37164.0
2025-10-01,e-영업2,(제휴 최저가 자동 쿠폰)10210원 할인,NCPN0001021,플러스,37127.0
2025-10-01,e-영업2,(제휴 최저가 자동 쿠폰)20260원 할인,NCPN0002026,플러스,36836.0
2025-10-01,e-영업2,(제휴 최저가 자동 쿠폰)13480원 할인,NCPN0001348,플러스,36764.0
2025-10-01,e-영업2,(제휴 최저가 자동 쿠폰)40340원 할인,NCPN0004034,플러스,36673.0
2025-10-01,e-영업2,(제휴 최저가 자동 쿠폰)13440원 할인,NCPN0001344,플러스,36655.0
2025-10-01,e-영업1,[제휴쿠폰] [추석 선물] 플러스 8% 쿠폰,CPN1464427,플러스,36464.0
2025-10-01,e-영업2,(제휴 최저가 자동 쿠폰)39910원 할인,NCPN0003991,플러스,36282.0
2025-10-01,e-영업2,(제휴 최저가 자동 쿠폰)39490원 할인,NCPN0003949,플러스,35900.0
2025-10-01,e-영업2,(제휴 최저가 자동 쿠폰)19590원 할인,NCPN0001959,플러스,35618.0
2025-10-01,e-영업2,(제휴 최저가 자동 쿠폰)12890원 할인,NCPN0001289,플러스,35155.0
2025-10-01,e-영업2,(제휴 최저가 자동 쿠폰)12880원 할인,NCPN0001288,플러스,35127.0
2025-10-01,e-영업2,(제휴 최저가 자동 쿠폰)19300원 할인,NCPN0001930,플러스,35091.0
2025-10-01,e-영업2,(제휴 최저가 자동 쿠폰)19240원 할인,NCPN0001924,플러스,34982.0
2025-10-01,e-영업2,(제휴 최저가 자동 쿠폰)12660원 할인,NCPN0001266,플러스,34527.0
2025-10-01,e-영업2,(제휴 최저가 자동 쿠폰)12640원 할인,NCPN0001264,플러스,34473.0
2025-10-01,e-영업2,(제휴 최저가 자동 쿠폰)18700원 할인,NCPN0001870,플러스,34000.0
2025-10-01,e-영업2,(제휴 최저가 자동 쿠폰)18480원 할인,NCPN0001848,플러스,33600.0
2025-10-01,e-영업1,(제휴 최저가 자동 쿠폰)36340원 할인,NCPN0003634,플러스,33036.0
2025-10-01,e-영업2,(제휴 최저가 자동 쿠폰)9080원 할인,NCPN0000908,플러스,33018.0
2025-10-01,e-영업2,(제휴 최저가 자동 쿠폰)17960원 할인,NCPN0001796,플러스,32655.0
2025-10-01,e-영업1,(제휴 최저가 자동 쿠폰)11770원 할인,NCPN0001177,플러스,32100.0
2025-10-01,e-영업2,(제휴 최저가 자동 쿠폰)34900원 할인,NCPN0003490,플러스,31727.0
2025-10-01,e-영업1,[제휴쿠폰] [WEEKEND SALE] 플러스 5% 쿠폰,CPN1498740,플러스,31209.0
2025-10-01,e-영업2,(제휴 최저가 자동 쿠폰)34130원 할인,NCPN0003413,플러스,31027.0
2025-10-01,e-영업2,[제휴쿠폰] [슈퍼위크] 5% 플러스 쿠폰 (최대 4만원 할인),CPN1488604,플러스,31009.0
2025-10-01,e-영업2,(제휴 최저가 자동 쿠폰)33860원 할인,NCPN0003386,플러스,30782.0
2025-10-01,e-영업2,(제휴 최저가 자동 쿠폰)16830원 할인,NCPN0001683,플러스,30600.0
2025-10-01,e-영업2,(제휴 최저가 자동 쿠폰)5540원 할인,NCPN0000554,플러스,30218.0
2025-10-01,e-영업2,(제휴 최저가 자동 쿠폰)6640원 할인,NCPN0000664,플러스,30182.0
2025-10-01,e-영업2,(제휴 최저가 자동 쿠폰)16600원 할인,NCPN0001660,플러스,30182.0
2025-10-01,e-영업1,(제휴 최저가 자동 쿠폰)16530원 할인,NCPN0001653,플러스,30055.0
2025-10-01,e-영업2,(제휴 최저가 자동 쿠폰)16360원 할인,NCPN0001636,플러스,29745.0
2025-10-01,e-영업2,[제휴쿠폰] [주말장터] 5% 플러스쿠폰,CPN1472349,플러스,29727.0
2025-10-01,e-영업1,(제휴 최저가 자동 쿠폰)10730원 할인,NCPN0001073,플러스,29264.0
2025-10-01,e-영업1,(제휴 최저가 자동 쿠폰)10700원 할인,NCPN0001070,플러스,29182.0
2025-10-01,e-영업2,(제휴 최저가 자동 쿠폰)15760원 할인,NCPN0001576,플러스,28655.0
2025-10-01,e-영업2,(제휴 최저가 자동 쿠폰)31330원 할인,NCPN0003133,플러스,28482.0
2025-10-01,e-영업2,(제휴 최저가 자동 쿠폰)10050원 할인,NCPN0001005,플러스,27409.0
2025-10-01,e-영업2,(제휴 최저가 자동 쿠폰)30050원 할인,NCPN0003005,플러스,27318.0
2025-10-01,e-영업2,(제휴 최저가 자동 쿠폰)9780원 할인,NCPN0000978,플러스,26673.0
2025-10-01,e-영업2,(제휴 최저가 자동 쿠폰)29280원 할인,NCPN0002928,플러스,26618.0
2025-10-01,e-영업1,(제휴 최저가 자동 쿠폰)29050원 할인,NCPN0002905,플러스,26409.0
2025-10-01,e-영업2,(제휴 최저가 자동 쿠폰)14510원 할인,NCPN0001451,플러스,26382.0
2025-10-01,e-영업2,(제휴 최저가 자동 쿠폰)28760원 할인,NCPN0002876,플러스,26145.0
2025-10-01,e-영업2,(제휴 최저가 자동 쿠폰)14120원 할인,NCPN0001412,플러스,25673.0
2025-10-01,e-영업2,(제휴 최저가 자동 쿠폰)14030원 할인,NCPN0001403,플러스,25509.0
2025-10-01,e-영업2,(제휴 최저가 자동 쿠폰)9170원 할인,NCPN0000917,플러스,25009.0
2025-10-01,e-영업2,(제휴 최저가 자동 쿠폰)8980원 할인,NCPN0000898,플러스,24491.0
2025-10-01,e-영업2,(제휴 최저가 자동 쿠폰)8970원 할인,NCPN0000897,플러스,24464.0
2025-10-01,e-영업1,(제휴 최저가 자동 쿠폰)26830원 할인,NCPN0002683,플러스,24391.0
2025-10-01,e-영업2,(제휴 최저가 자동 쿠폰)26710원 할인,NCPN0002671,플러스,24282.0
2025-10-01,e-영업2,(제휴 최저가 자동 쿠폰)26660원 할인,NCPN0002666,플러스,24236.0
2025-10-01,e-영업2,(제휴 최저가 자동 쿠폰)8830원 할인,NCPN0000883,플러스,24082.0
2025-10-01,e-영업2,(제휴 최저가 자동 쿠폰)13170원 할인,NCPN0001317,플러스,23945.0
2025-10-01,e-영업2,(제휴 최저가 자동 쿠폰)26300원 할인,NCPN0002630,플러스,23909.0
2025-10-01,e-영업1,(제휴 최저가 자동 쿠폰)26000원 할인,NCPN0002600,플러스,23636.0
2025-10-01,e-영업1,(제휴 최저가 자동 쿠폰)25940원 할인,NCPN0002594,플러스,23582.0
2025-10-01,e-영업2,(제휴 최저가 자동 쿠폰)12860원 할인,NCPN0001286,플러스,23382.0
2025-10-01,e-영업1,(제휴 최저가 자동 쿠폰)25100원 할인,NCPN0002510,플러스,22818.0
2025-10-01,e-영업1,(제휴 최저가 자동 쿠폰)25020원 할인,NCPN0002502,플러스,22745.0
2025-10-01,e-영업2,(제휴 최저가 자동 쿠폰)24960원 할인,NCPN0002496,플러스,22691.0
2025-10-01,e-영업2,(제휴 최저가 자동 쿠폰)12300원 할인,NCPN0001230,플러스,22364.0
2025-10-01,e-영업2,(제휴 최저가 자동 쿠폰)12270원 할인,NCPN0001227,플러스,22309.0
2025-10-01,e-영업2,(제휴 최저가 자동 쿠폰)8050원 할인,NCPN0000805,플러스,21955.0
2025-10-01,e-영업2,(제휴 최저가 자동 쿠폰)7950원 할인,NCPN0000795,플러스,21682.0
2025-10-01,e-영업2,(제휴 최저가 자동 쿠폰)23550원 할인,NCPN0002355,플러스,21409.0
2025-10-01,e-영업1,(제휴 최저가 자동 쿠폰)11740원 할인,NCPN0001174,플러스,21345.0
2025-10-01,e-영업2,(제휴 최저가 자동 쿠폰)23450원 할인,NCPN0002345,플러스,21318.0
2025-10-01,e-영업1,(제휴 최저가 자동 쿠폰)3900원 할인,NCPN0000390,플러스,21273.0
2025-10-01,e-영업2,(제휴 최저가 자동 쿠폰)23370원 할인,NCPN0002337,플러스,21245.0
2025-10-01,e-영업2,(제휴 최저가 자동 쿠폰)23300원 할인,NCPN0002330,플러스,21182.0
2025-10-01,e-영업1,(제휴 최저가 자동 쿠폰)23270원 할인,NCPN0002327,플러스,21155.0
2025-10-01,e-영업1,(제휴 최저가 자동 쿠폰)23230원 할인,NCPN0002323,플러스,21118.0
2025-10-01,e-영업2,(제휴 최저가 자동 쿠폰)11450원 할인,NCPN0001145,플러스,20818.0
2025-10-01,e-영업2,(제휴 최저가 자동 쿠폰)22790원 할인,NCPN0002279,플러스,20718.0
2025-10-01,e-영업2,(제휴 최저가 자동 쿠폰)22610원 할인,NCPN0002261,플러스,20555.0
2025-10-01,e-영업1,(제휴 최저가 자동 쿠폰)22570원 할인,NCPN0002257,플러스,20518.0
2025-10-01,e-영업1,(제휴 최저가 자동 쿠폰)4510원 할인,NCPN0000451,플러스,20500.0
2025-10-01,e-영업2,(제휴 최저가 자동 쿠폰)4470원 할인,NCPN0000447,플러스,20318.0
2025-10-01,e-영업2,(제휴 최저가 자동 쿠폰)11030원 할인,NCPN0001103,플러스,20055.0
2025-10-01,e-영업2,(제휴 최저가 자동 쿠폰)11010원 할인,NCPN0001101,플러스,20018.0
2025-10-01,e-영업2,(제휴 최저가 자동 쿠폰)10930원 할인,NCPN0001093,플러스,19873.0
2025-10-01,e-영업2,(제휴 최저가 자동 쿠폰)21810원 할인,NCPN0002181,플러스,19827.0
2025-10-01,e-영업2,(제휴 최저가 자동 쿠폰)21520원 할인,NCPN0002152,플러스,19564.0
2025-10-01,e-영업2,(제휴 최저가 자동 쿠폰)10740원 할인,NCPN0001074,플러스,19527.0
2025-10-01,e-영업2,(제휴 최저가 자동 쿠폰)7150원 할인,NCPN0000715,플러스,19500.0
2025-10-01,e-영업2,(제휴 최저가 자동 쿠폰)20520원 할인,NCPN0002052,플러스,18655.0
2025-10-01,e-영업1,(제휴 최저가 자동 쿠폰)20430원 할인,NCPN0002043,플러스,18573.0
2025-10-01,e-영업2,(제휴 최저가 자동 쿠폰)10130원 할인,NCPN0001013,플러스,18418.0
2025-10-01,e-영업2,(제휴 최저가 자동 쿠폰)10110원 할인,NCPN0001011,플러스,18382.0
2025-10-01,e-영업2,(제휴 최저가 자동 쿠폰)20210원 할인,NCPN0002021,플러스,18373.0
2025-10-01,e-영업2,(제휴 최저가 자동 쿠폰)10070원 할인,NCPN0001007,플러스,18309.0
2025-10-01,e-영업2,(제휴 최저가 자동 쿠폰)19970원 할인,NCPN0001997,플러스,18155.0
2025-10-01,e-영업1,(제휴 최저가 자동 쿠폰)6640원 할인,NCPN0000664,플러스,18109.0
2025-10-01,e-영업1,(제휴 최저가 자동 쿠폰)19810원 할인,NCPN0001981,플러스,18009.0
2025-10-01,e-영업2,(제휴 최저가 자동 쿠폰)19810원 할인,NCPN0001981,플러스,18009.0
2025-10-01,e-영업1,(제휴 최저가 자동 쿠폰)9900원 할인,NCPN0000990,플러스,18000.0
2025-10-01,e-영업2,(제휴 최저가 자동 쿠폰)19730원 할인,NCPN0001973,플러스,17936.0
2025-10-01,e-영업2,(제휴 최저가 자동 쿠폰)6560원 할인,NCPN0000656,플러스,17891.0
2025-10-01,e-영업1,(제휴 최저가 자동 쿠폰)9700원 할인,NCPN0000970,플러스,17636.0
2025-10-01,e-영업1,(제휴 최저가 자동 쿠폰)19360원 할인,NCPN0001936,플러스,17600.0
2025-10-01,e-영업1,(제휴 최저가 자동 쿠폰)18670원 할인,NCPN0001867,플러스,16973.0
2025-10-01,e-영업1,(제휴 최저가 자동 쿠폰)6130원 할인,NCPN0000613,플러스,16718.0
2025-10-01,e-영업2,(제휴 최저가 자동 쿠폰)18310원 할인,NCPN0001831,플러스,16645.0
2025-10-01,e-영업2,(제휴 최저가 자동 쿠폰)6090원 할인,NCPN0000609,플러스,16609.0
2025-10-01,e-영업1,(제휴 최저가 자동 쿠폰)18250원 할인,NCPN0001825,플러스,16591.0
2025-10-01,e-영업2,(제휴 최저가 자동 쿠폰)18250원 할인,NCPN0001825,플러스,16591.0
2025-10-01,e-영업2,(제휴 최저가 자동 쿠폰)18220원 할인,NCPN0001822,플러스,16564.0
2025-10-01,e-영업2,(제휴 최저가 자동 쿠폰)9070원 할인,NCPN0000907,플러스,16491.0
2025-10-01,e-영업2,(제휴 최저가 자동 쿠폰)9040원 할인,NCPN0000904,플러스,16436.0
2025-10-01,e-영업2,(제휴 최저가 자동 쿠폰)8960원 할인,NCPN0000896,플러스,16291.0
2025-10-01,e-영업2,(제휴 최저가 자동 쿠폰)4460원 할인,NCPN0000446,플러스,16218.0
2025-10-01,e-영업2,(제휴 최저가 자동 쿠폰)8920원 할인,NCPN0000892,플러스,16218.0
2025-10-01,e-영업2,(제휴 최저가 자동 쿠폰)17700원 할인,NCPN0001770,플러스,16091.0
2025-10-01,e-영업2,(제휴 최저가 자동 쿠폰)17600원 할인,NCPN0001760,플러스,16000.0
2025-10-01,e-영업1,(제휴 최저가 자동 쿠폰)17560원 할인,NCPN0001756,플러스,15964.0
2025-10-01,e-영업2,(제휴 최저가 자동 쿠폰)5840원 할인,NCPN0000584,플러스,15927.0
2025-10-01,e-영업2,(제휴 최저가 자동 쿠폰)5820원 할인,NCPN0000582,플러스,15873.0
2025-10-01,e-영업2,(제휴 최저가 자동 쿠폰)17440원 할인,NCPN0001744,플러스,15855.0
2025-10-01,e-영업2,(제휴 최저가 자동 쿠폰)8680원 할인,NCPN0000868,플러스,15782.0
2025-10-01,e-영업1,(제휴 최저가 자동 쿠폰)17200원 할인,NCPN0001720,플러스,15636.0
2025-10-01,e-영업2,(제휴 최저가 자동 쿠폰)17200원 할인,NCPN0001720,플러스,15636.0
2025-10-01,e-영업1,(제휴 최저가 자동 쿠폰)16830원 할인,NCPN0001683,플러스,15300.0
2025-10-01,e-영업1,(제휴 최저가 자동 쿠폰)16680원 할인,NCPN0001668,플러스,15164.0
2025-10-01,e-영업2,(제휴 최저가 자동 쿠폰)5480원 할인,NCPN0000548,플러스,14945.0
2025-10-01,e-영업2,(제휴 최저가 자동 쿠폰)8060원 할인,NCPN0000806,플러스,14655.0
2025-10-01,e-영업1,(제휴 최저가 자동 쿠폰)16010원 할인,NCPN0001601,플러스,14555.0
2025-10-01,e-영업2,(제휴 최저가 자동 쿠폰)5330원 할인,NCPN0000533,플러스,14536.0
2025-10-01,e-영업2,(제휴 최저가 자동 쿠폰)7930원 할인,NCPN0000793,플러스,14418.0
2025-10-01,e-영업1,(제휴 최저가 자동 쿠폰)15790원 할인,NCPN0001579,플러스,14355.0
2025-10-01,e-영업2,(제휴 최저가 자동 쿠폰)15790원 할인,NCPN0001579,플러스,14355.0
2025-10-01,e-영업2,(제휴 최저가 자동 쿠폰)7810원 할인,NCPN0000781,플러스,14200.0
2025-10-01,e-영업2,(제휴 최저가 자동 쿠폰)15500원 할인,NCPN0001550,플러스,14091.0
2025-10-01,e-영업1,[제휴쿠폰][WEEKEND SALE] 플러스 5% 쿠폰,CPN1507681,플러스,13927.0
2025-10-01,e-영업2,(제휴 최저가 자동 쿠폰)15220원 할인,NCPN0001522,플러스,13836.0
2025-10-01,e-영업2,(제휴 최저가 자동 쿠폰)14910원 할인,NCPN0001491,플러스,13555.0
2025-10-01,e-영업2,(제휴 최저가 자동 쿠폰)14770원 할인,NCPN0001477,플러스,13427.0
2025-10-01,e-영업2,(제휴 최저가 자동 쿠폰)14540원 할인,NCPN0001454,플러스,13218.0
2025-10-01,e-영업2,(제휴 최저가 자동 쿠폰)14370원 할인,NCPN0001437,플러스,13064.0
2025-10-01,e-영업2,(제휴 최저가 자동 쿠폰)14320원 할인,NCPN0001432,플러스,13018.0
2025-10-01,e-영업2,(제휴 최저가 자동 쿠폰)14310원 할인,NCPN0001431,플러스,13009.0
2025-10-01,e-영업2,(제휴 최저가 자동 쿠폰)6940원 할인,NCPN0000694,플러스,12618.0
2025-10-01,e-영업2,(제휴 최저가 자동 쿠폰)13740원 할인,NCPN0001374,플러스,12491.0
2025-10-01,e-영업2,[제휴쿠폰] [WEEKEND SALE] 플러스 5% 쿠폰,CPN1498740,플러스,12482.0
2025-10-01,e-영업1,(제휴 최저가 자동 쿠폰)13700원 할인,NCPN0001370,플러스,12455.0
2025-10-01,e-영업1,(제휴 최저가 자동 쿠폰)13620원 할인,NCPN0001362,플러스,12382.0
2025-10-01,e-영업1,(제휴 최저가 자동 쿠폰)12890원 할인,NCPN0001289,플러스,11718.0
2025-10-01,e-영업1,(제휴 최저가 자동 쿠폰)12880원 할인,NCPN0001288,플러스,11709.0
2025-10-01,e-영업2,(제휴 최저가 자동 쿠폰)12550원 할인,NCPN0001255,플러스,11409.0
2025-10-01,e-영업2,(제휴 최저가 자동 쿠폰)4180원 할인,NCPN0000418,플러스,11400.0
2025-10-01,e-영업2,(제휴 최저가 자동 쿠폰)12480원 할인,NCPN0001248,플러스,11345.0
2025-10-01,e-영업2,(제휴 최저가 자동 쿠폰)12330원 할인,NCPN0001233,플러스,11209.0
2025-10-01,e-영업2,(제휴 최저가 자동 쿠폰)12240원 할인,NCPN0001224,플러스,11127.0
2025-10-01,e-영업1,(제휴 최저가 자동 쿠폰)12170원 할인,NCPN0001217,플러스,11064.0
2025-10-01,e-영업2,(제휴 최저가 자동 쿠폰)12170원 할인,NCPN0001217,플러스,11064.0
2025-10-01,e-영업2,(제휴 최저가 자동 쿠폰)12110원 할인,NCPN0001211,플러스,11009.0
2025-10-01,e-영업1,(제휴 최저가 자동 쿠폰)6050원 할인,NCPN0000605,플러스,11000.0
2025-10-01,e-영업2,(제휴 최저가 자동 쿠폰)12080원 할인,NCPN0001208,플러스,10982.0
2025-10-01,e-영업2,(제휴 최저가 자동 쿠폰)6030원 할인,NCPN0000603,플러스,10964.0
2025-10-01,e-영업2,(제휴 최저가 자동 쿠폰)11790원 할인,NCPN0001179,플러스,10718.0
2025-10-01,e-영업2,(제휴 최저가 자동 쿠폰)5890원 할인,NCPN0000589,플러스,10709.0
2025-10-01,e-영업2,(제휴 최저가 자동 쿠폰)11740원 할인,NCPN0001174,플러스,10673.0
2025-10-01,e-영업1,(제휴 최저가 자동 쿠폰)11620원 할인,NCPN0001162,플러스,10564.0
2025-10-01,e-영업2,(제휴 최저가 자동 쿠폰)11340원 할인,NCPN0001134,플러스,10309.0
2025-10-01,e-영업2,(제휴 최저가 자동 쿠폰)11040원 할인,NCPN0001104,플러스,10036.0
2025-10-01,e-영업1,(제휴 최저가 자동 쿠폰)11030원 할인,NCPN0001103,플러스,10027.0
2025-10-01,e-영업2,(제휴 최저가 자동 쿠폰)10990원 할인,NCPN0001099,플러스,9991.0
2025-10-01,e-영업1,(제휴 최저가 자동 쿠폰)5450원 할인,NCPN0000545,플러스,9909.0
2025-10-01,e-영업2,(제휴 최저가 자동 쿠폰)10820원 할인,NCPN0001082,플러스,9836.0
2025-10-01,e-영업1,(제휴 최저가 자동 쿠폰)10740원 할인,NCPN0001074,플러스,9764.0
2025-10-01,e-영업2,(제휴 최저가 자동 쿠폰)10650원 할인,NCPN0001065,플러스,9682.0
2025-10-01,e-영업2,(제휴 최저가 자동 쿠폰)5310원 할인,NCPN0000531,플러스,9655.0
2025-10-01,e-영업1,(제휴 최저가 자동 쿠폰)10210원 할인,NCPN0001021,플러스,9282.0
2025-10-01,e-영업2,(제휴 최저가 자동 쿠폰)10040원 할인,NCPN0001004,플러스,9127.0
2025-10-01,e-영업2,(제휴 최저가 자동 쿠폰)9960원 할인,NCPN0000996,플러스,9055.0
2025-10-01,e-영업2,(제휴 최저가 자동 쿠폰)9950원 할인,NCPN0000995,플러스,9045.0
2025-10-01,e-영업2,(제휴 최저가 자동 쿠폰)4880원 할인,NCPN0000488,플러스,8873.0
2025-10-01,e-영업1,(제휴 최저가 자동 쿠폰)9730원 할인,NCPN0000973,플러스,8845.0
2025-10-01,e-영업2,(제휴 최저가 자동 쿠폰)9710원 할인,NCPN0000971,플러스,8827.0
2025-10-01,e-영업2,(제휴 최저가 자동 쿠폰)9600원 할인,NCPN0000960,플러스,8727.0
2025-10-01,e-영업1,(제휴 최저가 자동 쿠폰)9430원 할인,NCPN0000943,플러스,8573.0
2025-10-01,e-영업2,(제휴 최저가 자동 쿠폰)9430원 할인,NCPN0000943,플러스,8573.0
2025-10-01,e-영업2,(제휴 최저가 자동 쿠폰)9410원 할인,NCPN0000941,플러스,8555.0
2025-10-01,e-영업2,(제휴 최저가 자동 쿠폰)4610원 할인,NCPN0000461,플러스,8382.0
2025-10-01,e-영업2,(제휴 최저가 자동 쿠폰)4590원 할인,NCPN0000459,플러스,8345.0
2025-10-01,e-영업1,(제휴 최저가 자동 쿠폰)9040원 할인,NCPN0000904,플러스,8218.0
2025-10-01,e-영업1,(제휴 최저가 자동 쿠폰)9030원 할인,NCPN0000903,플러스,8209.0
2025-10-01,e-영업2,[제휴쿠폰] [추석 선물] 플러스 8% 쿠폰,CPN1464427,플러스,8182.0
2025-10-01,e-영업1,(제휴 최저가 자동 쿠폰)8990원 할인,NCPN0000899,플러스,8173.0
2025-10-01,e-영업2,(제휴 최저가 자동 쿠폰)8990원 할인,NCPN0000899,플러스,8173.0
2025-10-01,e-영업2,(제휴 최저가 자동 쿠폰)8800원 할인,NCPN0000880,플러스,8000.0
2025-10-01,e-영업2,(제휴 최저가 자동 쿠폰)8730원 할인,NCPN0000873,플러스,7936.0
2025-10-01,e-영업1,(제휴 최저가 자동 쿠폰)4330원 할인,NCPN0000433,플러스,7873.0
2025-10-01,e-영업2,(제휴 최저가 자동 쿠폰)4310원 할인,NCPN0000431,플러스,7836.0
2025-10-01,e-영업2,(제휴 최저가 자동 쿠폰)8590원 할인,NCPN0000859,플러스,7809.0
2025-10-01,e-영업1,[제휴쿠폰] [주말장터] 5% 플러스쿠폰,CPN1472349,플러스,7745.0
2025-10-01,e-영업2,(제휴 최저가 자동 쿠폰)8510원 할인,NCPN0000851,플러스,7736.0
2025-10-01,e-영업2,(제휴 최저가 자동 쿠폰)8090원 할인,NCPN0000809,플러스,7355.0
2025-10-01,e-영업2,(제휴 최저가 자동 쿠폰)8070원 할인,NCPN0000807,플러스,7336.0
2025-10-01,e-영업1,(제휴 최저가 자동 쿠폰)7950원 할인,NCPN0000795,플러스,7227.0
2025-10-01,e-영업1,(제휴 최저가 자동 쿠폰)7930원 할인,NCPN0000793,플러스,7209.0
2025-10-01,e-영업1,(제휴 최저가 자동 쿠폰)7610원 할인,NCPN0000761,플러스,6918.0
2025-10-01,e-영업1,(제휴 최저가 자동 쿠폰)7510원 할인,NCPN0000751,플러스,6827.0
2025-10-01,e-영업2,(제휴 최저가 자동 쿠폰)7510원 할인,NCPN0000751,플러스,6827.0
2025-10-01,e-영업2,(제휴 최저가 자동 쿠폰)7500원 할인,NCPN0000750,플러스,6818.0
2025-10-01,e-영업1,(제휴 최저가 자동 쿠폰)3720원 할인,NCPN0000372,플러스,6764.0
2025-10-01,e-영업2,(제휴 최저가 자동 쿠폰)7350원 할인,NCPN0000735,플러스,6682.0
2025-10-01,e-영업2,(제휴 최저가 자동 쿠폰)7340원 할인,NCPN0000734,플러스,6673.0
2025-10-01,e-영업2,(제휴 최저가 자동 쿠폰)7310원 할인,NCPN0000731,플러스,6645.0
2025-10-01,e-영업2,(제휴 최저가 자동 쿠폰)7220원 할인,NCPN0000722,플러스,6564.0
2025-10-01,e-영업1,(제휴 최저가 자동 쿠폰)7210원 할인,NCPN0000721,플러스,6555.0
2025-10-01,e-영업1,(제휴 최저가 자동 쿠폰)7130원 할인,NCPN0000713,플러스,6482.0
2025-10-01,e-영업2,(제휴 최저가 자동 쿠폰)7130원 할인,NCPN0000713,플러스,6482.0
2025-10-01,e-영업2,(제휴 최저가 자동 쿠폰)6990원 할인,NCPN0000699,플러스,6355.0
2025-10-01,e-영업2,(제휴 최저가 자동 쿠폰)6790원 할인,NCPN0000679,플러스,6173.0
2025-10-01,e-영업2,(제휴 최저가 자동 쿠폰)6440원 할인,NCPN0000644,플러스,5855.0
2025-10-01,e-영업2,(제휴 최저가 자동 쿠폰)6230원 할인,NCPN0000623,플러스,5664.0
2025-10-01,e-영업1,(제휴 최저가 자동 쿠폰)6060원 할인,NCPN0000606,플러스,5509.0
2025-10-01,e-영업2,(제휴 최저가 자동 쿠폰)5930원 할인,NCPN0000593,플러스,5391.0
2025-10-01,e-영업2,(제휴 최저가 자동 쿠폰)5630원 할인,NCPN0000563,플러스,5118.0
2025-10-01,e-영업2,[제휴쿠폰] [추석 선물] 플러스 5% 쿠폰,CPN1464431,플러스,5055.0
2025-10-01,e-영업1,(제휴 최저가 자동 쿠폰)5540원 할인,NCPN0000554,플러스,5036.0
2025-10-01,e-영업2,(제휴 최저가 자동 쿠폰)5230원 할인,NCPN0000523,플러스,4755.0
2025-10-01,e-영업2,(제휴 최저가 자동 쿠폰)5030원 할인,NCPN0000503,플러스,4573.0
2025-10-01,e-영업2,(제휴 최저가 자동 쿠폰)5010원 할인,NCPN0000501,플러스,4555.0
2025-10-01,e-영업1,[제휴쿠폰] [추석 선물] 플러스 5% 쿠폰,CPN1464431,플러스,4509.0
2025-10-01,e-영업2,(제휴 최저가 자동 쿠폰)4860원 할인,NCPN0000486,플러스,4418.0
2025-10-01,e-영업2,(제휴 최저가 자동 쿠폰)4540원 할인,NCPN0000454,플러스,4127.0
2025-10-01,e-영업2,(제휴 최저가 자동 쿠폰)4330원 할인,NCPN0000433,플러스,3936.0
2025-10-01,e-영업2,(제휴 최저가 자동 쿠폰)4210원 할인,NCPN0000421,플러스,3827.0
2025-10-01,e-영업2,(제휴 최저가 자동 쿠폰)3900원 할인,NCPN0000390,플러스,3545.0
2025-10-01,e-영업2,(제휴 최저가 자동 쿠폰)3880원 할인,NCPN0000388,플러스,3527.0
2025-10-01,e-영업1,(제휴 최저가 자동 쿠폰)3820원 할인,NCPN0000382,플러스,3473.0
2025-10-01,e-영업2,(제휴 최저가 자동 쿠폰)3820원 할인,NCPN0000382,플러스,3473.0
2025-10-01,e-영업2,(제휴 최저가 자동 쿠폰)1090원 할인,NCPN0000109,플러스,2973.0
2025-10-01,e-영업2,(제휴 최저가 자동 쿠폰)1530원 할인,NCPN0000153,플러스,2782.0
2025-10-01,e-영업1,(제휴 최저가 자동 쿠폰)2280원 할인,NCPN0000228,플러스,2073.0
2025-10-01,e-영업2,(제휴 최저가 자동 쿠폰)1990원 할인,NCPN0000199,플러스,1809.0
2025-10-01,e-영업2,(제휴 최저가 자동 쿠폰)610원 할인,NCPN0000061,플러스,1109.0
2025-10-01,e-영업1,(제휴 최저가 자동 쿠폰)730원 할인,NCPN0000073,플러스,664.0
2025-10-01,e-영업1,(제휴 최저가 자동 쿠폰)10원 할인,NCPN0000001,플러스,9.0
2025-10-01,e-영업2,(제휴 최저가 자동 쿠폰)5650원 할인,NCPN0000565,플러스,-5136.0
2025-10-01,e-영업1,(제휴 최저가 자동 쿠폰)6230원 할인,NCPN0000623,플러스,-5664.0
2025-10-01,e-영업2,(제휴 최저가 자동 쿠폰)6970원 할인,NCPN0000697,플러스,-12673.0
2025-10-01,e-영업2,(제휴 최저가 자동 쿠폰)14660원 할인,NCPN0001466,플러스,-13327.0
2025-10-01,e-영업2,(제휴 최저가 자동 쿠폰)16590원 할인,NCPN0001659,플러스,-15082.0
2025-10-01,e-영업2,(제휴 최저가 자동 쿠폰)17020원 할인,NCPN0001702,플러스,-15473.0
2025-10-01,e-영업2,(제휴 최저가 자동 쿠폰)11000원 할인,NCPN0001100,플러스,-20000.0
2025-10-01,e-영업1,(제휴 최저가 자동 쿠폰)23450원 할인,NCPN0002345,플러스,-21318.0
2025-10-01,e-영업1,[제휴쿠폰] [연휴의 모든 순간] 플러스쿠폰 6%,CPN1459393,플러스,-21782.0
2025-10-01,e-영업2,(제휴 최저가 자동 쿠폰)25850원 할인,NCPN0002585,플러스,-23500.0
2025-10-01,e-영업2,[제휴쿠폰] [연휴의 모든 순간] 플러스쿠폰 6%,CPN1459393,플러스,-24591.0
2025-10-01,e-영업2,(제휴 최저가 자동 쿠폰)27070원 할인,NCPN0002707,플러스,-24609.0
2025-10-01,e-영업2,(제휴 최저가 자동 쿠폰)16710원 할인,NCPN0001671,플러스,-45573.0
2025-11-01,e-영업2,[제휴쿠폰][OUTLET] 미리 겨울 세일+ 기온별 옷차림 12% 일반쿠,CPN1499304,일반,2031345.0
2025-11-01,e-영업1,[제휴쿠폰] [블랙프라이데이] 일반쿠폰 10%,CPN1532694,일반,747955.0
2025-11-01,e-영업2,[제휴쿠폰][OUTLET] FW ESSENTIALS 13% 일반쿠폰,CPN1499302,일반,666991.0
2025-11-01,e-영업1,[제휴전용] 12% 할인(IE),CPN703554,일반,284882.0
2025-11-01,e-영업2,[제휴쿠폰] [블랙프라이데이] 일반쿠폰 10%,CPN1532694,일반,173909.0
2025-11-01,e-영업2,[제휴쿠폰][OUTLET SPORTS] 리복 인기브랜드전 13% 일반쿠폰,CPN1499303,일반,70327.0
2025-11-01,e-영업2,[제휴쿠폰] [OUTLET] 아울렛페스타 13%쿠폰,CPN1456273,일반,-9518.0
2025-11-01,e-영업2,[제휴쿠폰][OUTLET] 오직 72시간만 열리는 72마켓 12% 쿠폰,CPN1499297,일반,-10618.0
2025-11-01,e-영업2,[제휴쿠폰][OUTLET SHOES] 브랜드 별 입문템 추천 12%,CPN1493289,일반,-19782.0
2025-11-01,e-영업2,[제휴쿠폰][OUTLET WOMEN] 가을 데일리아이템 13% 쿠폰,CPN1472388,일반,-23082.0
2025-11-01,e-영업1,[제휴쿠폰][일꼬르소] 이너 컬렉션 기념 12% 스페셜 쿠폰,CPN1489847,일반,-30255.0
2025-11-01,e-영업1,[제휴쿠폰][TNGT] 25SS 클리어런스 15% 쿠폰 (10월),CPN1489850,일반,-41955.0
2025-11-01,e-영업1,[제휴쿠폰] [질스튜어트 뉴욕] 돋보기 기념 12% 스페셜 쿠폰,CPN1472456,일반,-45818.0
2025-11-01,e-영업1,[제휴쿠폰][질스튜어트 뉴욕] L+SUPER WEEK 12% 스페셜 쿠폰,CPN1489845,일반,-108000.0
2025-11-01,e-영업2,[제휴쿠폰] [OUTLET] 가을빅세일 13%쿠폰,CPN1484812,일반,-147836.0
2025-11-01,e-영업2,[제휴쿠폰][OUTLET WOMEN] 여성 전체 통합 13% 일반쿠폰,CPN1493287,일반,-292618.0
2025-11-01,e-영업2,[제휴쿠폰][OUTLET] WEEKLY BEST 100 13% 일반쿠폰,CPN1489776,일반,-1306618.0
2025-11-01,e-영업2,[제휴전용] 7%추가할인 (이월 남성),CPN409203,플러스,23841491.0
2025-11-01,e-영업2,[제휴전용] 9%추가할인 (이월 여성),CPN409202,플러스,14811391.0
2025-11-01,e-영업3,네이버쇼핑 추가할인 (e-명품_대상: 입점업체),CPN407983,플러스,14269264.0
2025-11-01,e-영업2,[제휴전용] 10%추가할인 (이월 ACC),CPN383518,플러스,9844900.0
2025-11-01,e-영업2,[제휴전용] 7%추가할인 (이월 여성),CPN409201,플러스,9557655.0
2025-11-01,e-영업2,[제휴전용] 9%추가할인 (이월 남성),CPN409204,플러스,6317564.0
2025-11-01,e-영업2,[제휴전용] 8%추가할인 (이월 골프),CPN383905,플러스,2912964.0
2025-11-01,e-영업2,[제휴전용] 8% 추가할인 (이월 골프),CPN514212,플러스,2680764.0
2025-11-01,e-영업2,[제휴쿠폰][BLACK WEEKEND] 플러스 9% 쿠폰,CPN1514690,플러스,1476136.0
2025-11-01,e-영업1,[제휴쿠폰] [블랙프라이데이] 플러스쿠폰 10%,CPN1532690,플러스,955582.0
2025-11-01,e-영업2,[제휴전용] 8%추가할인 (이월 슈즈),CPN384029,플러스,902764.0
2025-11-01,e-영업2,[제휴할인] 5%추가할인 (이월 남성),CPN383907,플러스,701027.0
2025-11-01,e-영업2,[제휴쿠폰] [블랙프라이데이] 플러스쿠폰 10%,CPN1532690,플러스,606418.0
2025-11-01,e-영업1,[제휴쿠폰][BLACK WEEKEND] 플러스 9% 쿠폰,CPN1514690,플러스,579373.0
2025-11-01,e-영업2,(제휴 최저가 자동 쿠폰)18140원 할인,NCPN0001814,플러스,577182.0
2025-11-01,e-영업2,(제휴 최저가 자동 쿠폰)25100원 할인,NCPN0002510,플러스,502000.0
2025-11-01,e-영업2,[제휴전용] 4%추가할인 (이월 여성),CPN384742,플러스,461264.0
2025-11-01,e-영업2,(제휴 최저가 자동 쿠폰)17750원 할인,NCPN0001775,플러스,371136.0
2025-11-01,e-영업1,(제휴 최저가 자동 쿠폰)35080원 할인,NCPN0003508,플러스,350800.0
2025-11-01,e-영업1,(제휴 최저가 자동 쿠폰)17100원 할인,NCPN0001710,플러스,310909.0
2025-11-01,e-영업2,(제휴 최저가 자동 쿠폰)9960원 할인,NCPN0000996,플러스,298800.0
2025-11-01,e-영업2,(제휴 최저가 자동 쿠폰)17560원 할인,NCPN0001756,플러스,287345.0
2025-11-01,e-영업2,(제휴 최저가 자동 쿠폰)19700원 할인,NCPN0001970,플러스,286545.0
2025-11-01,e-영업1,[제휴쿠폰] [WINTER WEEKEND] 플러스 7% 쿠폰,CPN1540955,플러스,249636.0
2025-11-01,e-영업2,(제휴 최저가 자동 쿠폰)15040원 할인,NCPN0001504,플러스,205091.0
2025-11-01,e-영업1,[제휴쿠폰][블랙위크] 10% 플러스 쿠폰 (최대 3만원 할인),CPN1519316,플러스,202991.0
2025-11-01,e-영업2,(제휴 최저가 자동 쿠폰)22850원 할인,NCPN0002285,플러스,186955.0
2025-11-01,e-영업1,(제휴 최저가 자동 쿠폰)36700원 할인,NCPN0003670,플러스,166818.0
2025-11-01,e-영업2,(제휴 최저가 자동 쿠폰)24920원 할인,NCPN0002492,플러스,158582.0
2025-11-01,e-영업1,(제휴 최저가 자동 쿠폰)18150원 할인,NCPN0001815,플러스,148500.0
2025-11-01,e-영업2,(제휴 최저가 자동 쿠폰)39490원 할인,NCPN0003949,플러스,143600.0
2025-11-01,e-영업2,(제휴 최저가 자동 쿠폰)16600원 할인,NCPN0001660,플러스,135818.0
2025-11-01,e-영업2,(제휴 최저가 자동 쿠폰)36340원 할인,NCPN0003634,플러스,99109.0
2025-11-01,e-영업2,[제휴쿠폰][블랙위크] 10% 플러스 쿠폰 (최대 3만원 할인),CPN1519316,플러스,96973.0
2025-11-01,e-영업2,(제휴 최저가 자동 쿠폰)52370원 할인,NCPN0005237,플러스,95218.0
2025-11-01,e-영업1,(제휴 최저가 자동 쿠폰)14910원 할인,NCPN0001491,플러스,94882.0
2025-11-01,e-영업2,(제휴 최저가 자동 쿠폰)34130원 할인,NCPN0003413,플러스,93082.0
2025-11-01,e-영업2,[제휴쿠폰] [블랙프라이데이] 플러스쿠폰 5%,CPN1532682,플러스,90027.0
2025-11-01,e-영업2,(제휴 최저가 자동 쿠폰)19300원 할인,NCPN0001930,플러스,87727.0
2025-11-01,e-영업2,(제휴 최저가 자동 쿠폰)30390원 할인,NCPN0003039,플러스,82882.0
2025-11-01,e-영업2,(제휴 최저가 자동 쿠폰)8970원 할인,NCPN0000897,플러스,81545.0
2025-11-01,e-영업2,(제휴 최저가 자동 쿠폰)12480원 할인,NCPN0001248,플러스,79418.0
2025-11-01,e-영업2,(제휴 최저가 자동 쿠폰)17450원 할인,NCPN0001745,플러스,79318.0
2025-11-01,e-영업2,(제휴 최저가 자동 쿠폰)16680원 할인,NCPN0001668,플러스,75818.0
2025-11-01,e-영업2,(제휴 최저가 자동 쿠폰)20710원 할인,NCPN0002071,플러스,75309.0
2025-11-01,e-영업2,(제휴 최저가 자동 쿠폰)41230원 할인,NCPN0004123,플러스,74964.0
2025-11-01,e-영업2,(제휴 최저가 자동 쿠폰)13620원 할인,NCPN0001362,플러스,74291.0
2025-11-01,e-영업2,(제휴 최저가 자동 쿠폰)15060원 할인,NCPN0001506,플러스,68455.0
2025-11-01,e-영업2,(제휴 최저가 자동 쿠폰)9040원 할인,NCPN0000904,플러스,65745.0
2025-11-01,e-영업1,(제휴 최저가 자동 쿠폰)17440원 할인,NCPN0001744,플러스,63418.0
2025-11-01,e-영업2,[제휴쿠폰] [WINTER WEEKEND] 플러스 7% 쿠폰,CPN1540955,플러스,59582.0
2025-11-01,e-영업1,(제휴 최저가 자동 쿠폰)31800원 할인,NCPN0003180,플러스,57818.0
2025-11-01,e-영업2,(제휴 최저가 자동 쿠폰)20520원 할인,NCPN0002052,플러스,55964.0
2025-11-01,e-영업2,(제휴 최저가 자동 쿠폰)30160원 할인,NCPN0003016,플러스,54836.0
2025-11-01,e-영업2,(제휴 최저가 자동 쿠폰)19870원 할인,NCPN0001987,플러스,54191.0
2025-11-01,e-영업2,(제휴 최저가 자동 쿠폰)9730원 할인,NCPN0000973,플러스,53073.0
2025-11-01,e-영업1,[제휴쿠폰] [블랙프라이데이] 플러스쿠폰 5%,CPN1532682,플러스,52345.0
2025-11-01,e-영업2,(제휴 최저가 자동 쿠폰)28760원 할인,NCPN0002876,플러스,52291.0
2025-11-01,e-영업1,[제휴쿠폰][블랙위크] 7% 플러스 쿠폰 (최대 3만원 할인),CPN1519319,플러스,51609.0
2025-11-01,e-영업2,(제휴 최저가 자동 쿠폰)27550원 할인,NCPN0002755,플러스,50091.0
2025-11-01,e-영업2,(제휴 최저가 자동 쿠폰)17440원 할인,NCPN0001744,플러스,47564.0
2025-11-01,e-영업2,(제휴 최저가 자동 쿠폰)17200원 할인,NCPN0001720,플러스,46909.0
2025-11-01,e-영업2,(제휴 최저가 자동 쿠폰)17100원 할인,NCPN0001710,플러스,46636.0
2025-11-01,e-영업2,(제휴 최저가 자동 쿠폰)49320원 할인,NCPN0004932,플러스,44836.0
2025-11-01,e-영업1,(제휴 최저가 자동 쿠폰)12170원 할인,NCPN0001217,플러스,44255.0
2025-11-01,e-영업1,(제휴 최저가 자동 쿠폰)16120원 할인,NCPN0001612,플러스,43964.0
2025-11-01,e-영업2,(제휴 최저가 자동 쿠폰)24170원 할인,NCPN0002417,플러스,43945.0
2025-11-01,e-영업2,(제휴 최저가 자동 쿠폰)15650원 할인,NCPN0001565,플러스,42682.0
2025-11-01,e-영업2,[제휴쿠폰][블랙위크] 7% 플러스 쿠폰 (최대 3만원 할인),CPN1519319,플러스,42555.0
2025-11-01,e-영업2,(제휴 최저가 자동 쿠폰)23300원 할인,NCPN0002330,플러스,42364.0
2025-11-01,e-영업2,(제휴 최저가 자동 쿠폰)15500원 할인,NCPN0001550,플러스,42273.0
2025-11-01,e-영업2,(제휴 최저가 자동 쿠폰)45460원 할인,NCPN0004546,플러스,41327.0
2025-11-01,e-영업1,(제휴 최저가 자동 쿠폰)44380원 할인,NCPN0004438,플러스,40345.0
2025-11-01,e-영업2,(제휴 최저가 자동 쿠폰)43520원 할인,NCPN0004352,플러스,39564.0
2025-11-01,e-영업1,(제휴 최저가 자동 쿠폰)10720원 할인,NCPN0001072,플러스,38982.0
2025-11-01,e-영업2,(제휴 최저가 자동 쿠폰)7030원 할인,NCPN0000703,플러스,38345.0
2025-11-01,e-영업2,(제휴 최저가 자동 쿠폰)13740원 할인,NCPN0001374,플러스,37473.0
2025-11-01,e-영업1,(제휴 최저가 자동 쿠폰)20520원 할인,NCPN0002052,플러스,37309.0
2025-11-01,e-영업1,(제휴 최저가 자동 쿠폰)5110원 할인,NCPN0000511,플러스,37164.0
2025-11-01,e-영업2,(제휴 최저가 자동 쿠폰)40510원 할인,NCPN0004051,플러스,36827.0
2025-11-01,e-영업1,(제휴 최저가 자동 쿠폰)19910원 할인,NCPN0001991,플러스,36200.0
2025-11-01,e-영업2,(제휴 최저가 자동 쿠폰)19730원 할인,NCPN0001973,플러스,35873.0
2025-11-01,e-영업1,(제휴 최저가 자동 쿠폰)19700원 할인,NCPN0001970,플러스,35818.0
2025-11-01,e-영업1,(제휴 최저가 자동 쿠폰)19210원 할인,NCPN0001921,플러스,34927.0
2025-11-01,e-영업2,(제휴 최저가 자동 쿠폰)19200원 할인,NCPN0001920,플러스,34909.0
2025-11-01,e-영업2,(제휴 최저가 자동 쿠폰)18700원 할인,NCPN0001870,플러스,34000.0
2025-11-01,e-영업1,(제휴 최저가 자동 쿠폰)12430원 할인,NCPN0001243,플러스,33900.0
2025-11-01,e-영업1,(제휴 최저가 자동 쿠폰)18640원 할인,NCPN0001864,플러스,33891.0
2025-11-01,e-영업1,(제휴 최저가 자동 쿠폰)37020원 할인,NCPN0003702,플러스,33655.0
2025-11-01,e-영업2,(제휴 최저가 자동 쿠폰)37020원 할인,NCPN0003702,플러스,33655.0
2025-11-01,e-영업2,(제휴 최저가 자동 쿠폰)36820원 할인,NCPN0003682,플러스,33473.0
2025-11-01,e-영업1,(제휴 최저가 자동 쿠폰)18250원 할인,NCPN0001825,플러스,33182.0
2025-11-01,e-영업1,(제휴 최저가 자동 쿠폰)36340원 할인,NCPN0003634,플러스,33036.0
2025-11-01,e-영업1,(제휴 최저가 자동 쿠폰)8830원 할인,NCPN0000883,플러스,32109.0
2025-11-01,e-영업2,(제휴 최저가 자동 쿠폰)35080원 할인,NCPN0003508,플러스,31891.0
2025-11-01,e-영업2,(제휴 최저가 자동 쿠폰)34170원 할인,NCPN0003417,플러스,31064.0
2025-11-01,e-영업2,(제휴 최저가 자동 쿠폰)17020원 할인,NCPN0001702,플러스,30945.0
2025-11-01,e-영업2,(제휴 최저가 자동 쿠폰)16690원 할인,NCPN0001669,플러스,30345.0
2025-11-01,e-영업2,(제휴 최저가 자동 쿠폰)33110원 할인,NCPN0003311,플러스,30100.0
2025-11-01,e-영업1,(제휴 최저가 자동 쿠폰)11000원 할인,NCPN0001100,플러스,30000.0
2025-11-01,e-영업2,(제휴 최저가 자동 쿠폰)32000원 할인,NCPN0003200,플러스,29091.0
2025-11-01,e-영업1,(제휴 최저가 자동 쿠폰)7930원 할인,NCPN0000793,플러스,28836.0
2025-11-01,e-영업2,(제휴 최저가 자동 쿠폰)15760원 할인,NCPN0001576,플러스,28655.0
2025-11-01,e-영업2,(제휴 최저가 자동 쿠폰)15710원 할인,NCPN0001571,플러스,28564.0
2025-11-01,e-영업2,(제휴 최저가 자동 쿠폰)30060원 할인,NCPN0003006,플러스,27327.0
2025-11-01,e-영업2,(제휴 최저가 자동 쿠폰)7500원 할인,NCPN0000750,플러스,27273.0
2025-11-01,e-영업2,(제휴 최저가 자동 쿠폰)14910원 할인,NCPN0001491,플러스,27109.0
2025-11-01,e-영업2,(제휴 최저가 자동 쿠폰)29550원 할인,NCPN0002955,플러스,26864.0
2025-11-01,e-영업1,(제휴 최저가 자동 쿠폰)14770원 할인,NCPN0001477,플러스,26855.0
2025-11-01,e-영업2,(제휴 최저가 자동 쿠폰)14200원 할인,NCPN0001420,플러스,25818.0
2025-11-01,e-영업2,(제휴 최저가 자동 쿠폰)7090원 할인,NCPN0000709,플러스,25782.0
2025-11-01,e-영업1,(제휴 최저가 자동 쿠폰)5630원 할인,NCPN0000563,플러스,25591.0
2025-11-01,e-영업2,(제휴 최저가 자동 쿠폰)28020원 할인,NCPN0002802,플러스,25473.0
2025-11-01,e-영업2,(제휴 최저가 자동 쿠폰)27730원 할인,NCPN0002773,플러스,25209.0
2025-11-01,e-영업1,(제휴 최저가 자동 쿠폰)13620원 할인,NCPN0001362,플러스,24764.0
2025-11-01,e-영업2,(제휴 최저가 자동 쿠폰)26830원 할인,NCPN0002683,플러스,24391.0
2025-11-01,e-영업2,(제휴 최저가 자동 쿠폰)26660원 할인,NCPN0002666,플러스,24236.0
2025-11-01,e-영업2,(제휴 최저가 자동 쿠폰)26440원 할인,NCPN0002644,플러스,24036.0
2025-11-01,e-영업1,(제휴 최저가 자동 쿠폰)26320원 할인,NCPN0002632,플러스,23927.0
2025-11-01,e-영업2,(제휴 최저가 자동 쿠폰)26300원 할인,NCPN0002630,플러스,23909.0
2025-11-01,e-영업2,(제휴 최저가 자동 쿠폰)26280원 할인,NCPN0002628,플러스,23891.0
2025-11-01,e-영업1,(제휴 최저가 자동 쿠폰)26000원 할인,NCPN0002600,플러스,23636.0
2025-11-01,e-영업2,(제휴 최저가 자동 쿠폰)25940원 할인,NCPN0002594,플러스,23582.0
2025-11-01,e-영업1,(제휴 최저가 자동 쿠폰)12600원 할인,NCPN0001260,플러스,22909.0
2025-11-01,e-영업2,(제휴 최저가 자동 쿠폰)24960원 할인,NCPN0002496,플러스,22691.0
2025-11-01,e-영업1,(제휴 최저가 자동 쿠폰)12240원 할인,NCPN0001224,플러스,22255.0
2025-11-01,e-영업1,(제휴 최저가 자동 쿠폰)24170원 할인,NCPN0002417,플러스,21973.0
2025-11-01,e-영업1,(제휴 최저가 자동 쿠폰)12080원 할인,NCPN0001208,플러스,21964.0
2025-11-01,e-영업2,(제휴 최저가 자동 쿠폰)11950원 할인,NCPN0001195,플러스,21727.0
2025-11-01,e-영업2,(제휴 최저가 자동 쿠폰)23550원 할인,NCPN0002355,플러스,21409.0
2025-11-01,e-영업1,(제휴 최저가 자동 쿠폰)23450원 할인,NCPN0002345,플러스,21318.0
2025-11-01,e-영업1,(제휴 최저가 자동 쿠폰)11490원 할인,NCPN0001149,플러스,20891.0
2025-11-01,e-영업2,(제휴 최저가 자동 쿠폰)11450원 할인,NCPN0001145,플러스,20818.0
2025-11-01,e-영업2,(제휴 최저가 자동 쿠폰)22790원 할인,NCPN0002279,플러스,20718.0
2025-11-01,e-영업2,(제휴 최저가 자동 쿠폰)11340원 할인,NCPN0001134,플러스,20618.0
2025-11-01,e-영업2,(제휴 최저가 자동 쿠폰)22610원 할인,NCPN0002261,플러스,20555.0
2025-11-01,e-영업1,(제휴 최저가 자동 쿠폰)11030원 할인,NCPN0001103,플러스,20055.0
2025-11-01,e-영업1,(제휴 최저가 자동 쿠폰)7310원 할인,NCPN0000731,플러스,19936.0
2025-11-01,e-영업2,(제휴 최저가 자동 쿠폰)21840원 할인,NCPN0002184,플러스,19855.0
2025-11-01,e-영업1,(제휴 최저가 자동 쿠폰)10760원 할인,NCPN0001076,플러스,19564.0
2025-11-01,e-영업1,(제휴 최저가 자동 쿠폰)21520원 할인,NCPN0002152,플러스,19564.0
2025-11-01,e-영업2,(제휴 최저가 자동 쿠폰)21520원 할인,NCPN0002152,플러스,19564.0
2025-11-01,e-영업2,(제휴 최저가 자동 쿠폰)21490원 할인,NCPN0002149,플러스,19536.0
2025-11-01,e-영업2,(제휴 최저가 자동 쿠폰)7150원 할인,NCPN0000715,플러스,19500.0
2025-11-01,e-영업1,(제휴 최저가 자동 쿠폰)7050원 할인,NCPN0000705,플러스,19227.0
2025-11-01,e-영업2,(제휴 최저가 자동 쿠폰)20490원 할인,NCPN0002049,플러스,18627.0
2025-11-01,e-영업2,(제휴 최저가 자동 쿠폰)20430원 할인,NCPN0002043,플러스,18573.0
2025-11-01,e-영업1,(제휴 최저가 자동 쿠폰)10210원 할인,NCPN0001021,플러스,18564.0
2025-11-01,e-영업1,(제휴 최저가 자동 쿠폰)10130원 할인,NCPN0001013,플러스,18418.0
2025-11-01,e-영업2,(제휴 최저가 자동 쿠폰)20260원 할인,NCPN0002026,플러스,18418.0
2025-11-01,e-영업1,(제휴 최저가 자동 쿠폰)20150원 할인,NCPN0002015,플러스,18318.0
2025-11-01,e-영업1,(제휴 최저가 자동 쿠폰)9950원 할인,NCPN0000995,플러스,18091.0
2025-11-01,e-영업2,[제휴쿠폰][블랙위크] 5% 플러스 쿠폰 (최대 3만원 할인),CPN1519353,플러스,18055.0
2025-11-01,e-영업1,(제휴 최저가 자동 쿠폰)19590원 할인,NCPN0001959,플러스,17809.0
2025-11-01,e-영업2,(제휴 최저가 자동 쿠폰)19560원 할인,NCPN0001956,플러스,17782.0
2025-11-01,e-영업2,(제휴 최저가 자동 쿠폰)19360원 할인,NCPN0001936,플러스,17600.0
2025-11-01,e-영업2,(제휴 최저가 자동 쿠폰)19240원 할인,NCPN0001924,플러스,17491.0
2025-11-01,e-영업2,(제휴 최저가 자동 쿠폰)18640원 할인,NCPN0001864,플러스,16945.0
2025-11-01,e-영업2,(제휴 최저가 자동 쿠폰)18480원 할인,NCPN0001848,플러스,16800.0
2025-11-01,e-영업2,(제휴 최저가 자동 쿠폰)18410원 할인,NCPN0001841,플러스,16736.0
2025-11-01,e-영업1,(제휴 최저가 자동 쿠폰)6130원 할인,NCPN0000613,플러스,16718.0
2025-11-01,e-영업1,(제휴 최저가 자동 쿠폰)18280원 할인,NCPN0001828,플러스,16618.0
2025-11-01,e-영업1,(제휴 최저가 자동 쿠폰)18180원 할인,NCPN0001818,플러스,16527.0
2025-11-01,e-영업2,(제휴 최저가 자동 쿠폰)18180원 할인,NCPN0001818,플러스,16527.0
2025-11-01,e-영업1,(제휴 최저가 자동 쿠폰)9070원 할인,NCPN0000907,플러스,16491.0
2025-11-01,e-영업1,(제휴 최저가 자동 쿠폰)17960원 할인,NCPN0001796,플러스,16327.0
2025-11-01,e-영업2,(제휴 최저가 자동 쿠폰)17960원 할인,NCPN0001796,플러스,16327.0
2025-11-01,e-영업1,(제휴 최저가 자동 쿠폰)17750원 할인,NCPN0001775,플러스,16136.0
2025-11-01,e-영업1,(제휴 최저가 자동 쿠폰)17020원 할인,NCPN0001702,플러스,15473.0
2025-11-01,e-영업2,(제휴 최저가 자동 쿠폰)16830원 할인,NCPN0001683,플러스,15300.0
2025-11-01,e-영업2,(제휴 최저가 자동 쿠폰)16670원 할인,NCPN0001667,플러스,15155.0
2025-11-01,e-영업2,(제휴 최저가 자동 쿠폰)16590원 할인,NCPN0001659,플러스,15082.0
2025-11-01,e-영업2,(제휴 최저가 자동 쿠폰)8270원 할인,NCPN0000827,플러스,15036.0
2025-11-01,e-영업2,(제휴 최저가 자동 쿠폰)16420원 할인,NCPN0001642,플러스,14927.0
2025-11-01,e-영업1,(제휴 최저가 자동 쿠폰)8090원 할인,NCPN0000809,플러스,14709.0
2025-11-01,e-영업2,(제휴 최저가 자동 쿠폰)16150원 할인,NCPN0001615,플러스,14682.0
2025-11-01,e-영업2,(제휴 최저가 자동 쿠폰)16120원 할인,NCPN0001612,플러스,14655.0
2025-11-01,e-영업2,(제휴 최저가 자동 쿠폰)15810원 할인,NCPN0001581,플러스,14373.0
2025-11-01,e-영업2,(제휴 최저가 자동 쿠폰)7610원 할인,NCPN0000761,플러스,13836.0
2025-11-01,e-영업2,(제휴 최저가 자동 쿠폰)15220원 할인,NCPN0001522,플러스,13836.0
2025-11-01,e-영업1,(제휴 최저가 자동 쿠폰)7550원 할인,NCPN0000755,플러스,13727.0
2025-11-01,e-영업1,(제휴 최저가 자동 쿠폰)7450원 할인,NCPN0000745,플러스,13545.0
2025-11-01,e-영업2,(제휴 최저가 자동 쿠폰)14770원 할인,NCPN0001477,플러스,13427.0
2025-11-01,e-영업2,(제휴 최저가 자동 쿠폰)14710원 할인,NCPN0001471,플러스,13373.0
2025-11-01,e-영업2,(제휴 최저가 자동 쿠폰)14540원 할인,NCPN0001454,플러스,13218.0
2025-11-01,e-영업1,(제휴 최저가 자동 쿠폰)14370원 할인,NCPN0001437,플러스,13064.0
2025-11-01,e-영업2,(제휴 최저가 자동 쿠폰)14370원 할인,NCPN0001437,플러스,13064.0
2025-11-01,e-영업2,(제휴 최저가 자동 쿠폰)14030원 할인,NCPN0001403,플러스,12755.0
2025-11-01,e-영업2,(제휴 최저가 자동 쿠폰)13700원 할인,NCPN0001370,플러스,12455.0
2025-11-01,e-영업1,(제휴 최저가 자동 쿠폰)4330원 할인,NCPN0000433,플러스,11809.0
2025-11-01,e-영업2,(제휴 최저가 자동 쿠폰)12890원 할인,NCPN0001289,플러스,11718.0
2025-11-01,e-영업1,(제휴 최저가 자동 쿠폰)12860원 할인,NCPN0001286,플러스,11691.0
2025-11-01,e-영업1,(제휴 최저가 자동 쿠폰)12650원 할인,NCPN0001265,플러스,11500.0
2025-11-01,e-영업1,(제휴 최저가 자동 쿠폰)6180원 할인,NCPN0000618,플러스,11236.0
2025-11-01,e-영업1,(제휴 최저가 자동 쿠폰)12270원 할인,NCPN0001227,플러스,11155.0
2025-11-01,e-영업2,(제휴 최저가 자동 쿠폰)12270원 할인,NCPN0001227,플러스,11155.0
2025-11-01,e-영업2,(제휴 최저가 자동 쿠폰)12230원 할인,NCPN0001223,플러스,11118.0
2025-11-01,e-영업2,(제휴 최저가 자동 쿠폰)12170원 할인,NCPN0001217,플러스,11064.0
2025-11-01,e-영업2,[제휴쿠폰][WEEKEND SALE] 플러스 5% 쿠폰,CPN1507681,플러스,11036.0
2025-11-01,e-영업1,(제휴 최저가 자동 쿠폰)12110원 할인,NCPN0001211,플러스,11009.0
2025-11-01,e-영업2,(제휴 최저가 자동 쿠폰)5950원 할인,NCPN0000595,플러스,10818.0
2025-11-01,e-영업2,(제휴 최저가 자동 쿠폰)11770원 할인,NCPN0001177,플러스,10700.0
2025-11-01,e-영업1,(제휴 최저가 자동 쿠폰)11670원 할인,NCPN0001167,플러스,10609.0
2025-11-01,e-영업1,(제휴 최저가 자동 쿠폰)5680원 할인,NCPN0000568,플러스,10327.0
2025-11-01,e-영업2,(제휴 최저가 자동 쿠폰)5630원 할인,NCPN0000563,플러스,10236.0
2025-11-01,e-영업1,(제휴 최저가 자동 쿠폰)5480원 할인,NCPN0000548,플러스,9964.0
2025-11-01,e-영업1,(제휴 최저가 자동 쿠폰)10740원 할인,NCPN0001074,플러스,9764.0
2025-11-01,e-영업2,(제휴 최저가 자동 쿠폰)10720원 할인,NCPN0001072,플러스,9745.0
2025-11-01,e-영업2,(제휴 최저가 자동 쿠폰)3570원 할인,NCPN0000357,플러스,9736.0
2025-11-01,e-영업1,(제휴 최저가 자동 쿠폰)10630원 할인,NCPN0001063,플러스,9664.0
2025-11-01,e-영업1,(제휴 최저가 자동 쿠폰)10600원 할인,NCPN0001060,플러스,9636.0
2025-11-01,e-영업1,(제휴 최저가 자동 쿠폰)3470원 할인,NCPN0000347,플러스,9464.0
2025-11-01,e-영업2,(제휴 최저가 자동 쿠폰)10090원 할인,NCPN0001009,플러스,9173.0
2025-11-01,e-영업1,(제휴 최저가 자동 쿠폰)10070원 할인,NCPN0001007,플러스,9155.0
2025-11-01,e-영업1,(제휴 최저가 자동 쿠폰)10000원 할인,NCPN0001000,플러스,9091.0
2025-11-01,e-영업1,(제휴 최저가 자동 쿠폰)9960원 할인,NCPN0000996,플러스,9055.0
2025-11-01,e-영업2,(제휴 최저가 자동 쿠폰)9780원 할인,NCPN0000978,플러스,8891.0
2025-11-01,e-영업2,(제휴 최저가 자동 쿠폰)4880원 할인,NCPN0000488,플러스,8873.0
2025-11-01,e-영업1,(제휴 최저가 자동 쿠폰)9730원 할인,NCPN0000973,플러스,8845.0
2025-11-01,e-영업2,(제휴 최저가 자동 쿠폰)9700원 할인,NCPN0000970,플러스,8818.0
2025-11-01,e-영업2,(제휴 최저가 자동 쿠폰)9670원 할인,NCPN0000967,플러스,8791.0
2025-11-01,e-영업2,(제휴 최저가 자동 쿠폰)4780원 할인,NCPN0000478,플러스,8691.0
2025-11-01,e-영업1,(제휴 최저가 자동 쿠폰)9060원 할인,NCPN0000906,플러스,8236.0
2025-11-01,e-영업1,(제휴 최저가 자동 쿠폰)9040원 할인,NCPN0000904,플러스,8218.0
2025-11-01,e-영업2,[제휴쿠폰][BLACK WEEKEND] 플러스 5% 쿠폰,CPN1514694,플러스,8191.0
2025-11-01,e-영업1,(제휴 최저가 자동 쿠폰)8990원 할인,NCPN0000899,플러스,8173.0
2025-11-01,e-영업1,(제휴 최저가 자동 쿠폰)8920원 할인,NCPN0000892,플러스,8109.0
2025-11-01,e-영업2,(제휴 최저가 자동 쿠폰)8830원 할인,NCPN0000883,플러스,8027.0
2025-11-01,e-영업2,(제휴 최저가 자동 쿠폰)8590원 할인,NCPN0000859,플러스,7809.0
2025-11-01,e-영업1,(제휴 최저가 자동 쿠폰)8320원 할인,NCPN0000832,플러스,7564.0
2025-11-01,e-영업1,(제휴 최저가 자동 쿠폰)8270원 할인,NCPN0000827,플러스,7518.0
2025-11-01,e-영업1,(제휴 최저가 자동 쿠폰)8030원 할인,NCPN0000803,플러스,7300.0
2025-11-01,e-영업2,(제휴 최저가 자동 쿠폰)8020원 할인,NCPN0000802,플러스,7291.0
2025-11-01,e-영업1,(제휴 최저가 자동 쿠폰)7950원 할인,NCPN0000795,플러스,7227.0
2025-11-01,e-영업1,(제휴 최저가 자동 쿠폰)3900원 할인,NCPN0000390,플러스,7091.0
2025-11-01,e-영업1,(제휴 최저가 자동 쿠폰)7610원 할인,NCPN0000761,플러스,6918.0
2025-11-01,e-영업2,(제휴 최저가 자동 쿠폰)3770원 할인,NCPN0000377,플러스,6855.0
2025-11-01,e-영업1,[제휴전용] 10%추가할인 (골프/스포츠),CPN413857,플러스,6791.0
2025-11-01,e-영업1,(제휴 최저가 자동 쿠폰)7220원 할인,NCPN0000722,플러스,6564.0
2025-11-01,e-영업2,(제휴 최저가 자동 쿠폰)7210원 할인,NCPN0000721,플러스,6555.0
2025-11-01,e-영업2,(제휴 최저가 자동 쿠폰)6940원 할인,NCPN0000694,플러스,6309.0
2025-11-01,e-영업1,(제휴 최저가 자동 쿠폰)6920원 할인,NCPN0000692,플러스,6291.0
2025-11-01,e-영업2,(제휴 최저가 자동 쿠폰)6640원 할인,NCPN0000664,플러스,6036.0
2025-11-01,e-영업1,(제휴 최저가 자동 쿠폰)3290원 할인,NCPN0000329,플러스,5982.0
2025-11-01,e-영업1,(제휴 최저가 자동 쿠폰)6170원 할인,NCPN0000617,플러스,5609.0
2025-11-01,e-영업2,(제휴 최저가 자동 쿠폰)6170원 할인,NCPN0000617,플러스,5609.0
2025-11-01,e-영업2,(제휴 최저가 자동 쿠폰)6130원 할인,NCPN0000613,플러스,5573.0
2025-11-01,e-영업1,(제휴 최저가 자동 쿠폰)6060원 할인,NCPN0000606,플러스,5509.0
2025-11-01,e-영업1,(제휴 최저가 자동 쿠폰)5890원 할인,NCPN0000589,플러스,5355.0
2025-11-01,e-영업1,(제휴 최저가 자동 쿠폰)5830원 할인,NCPN0000583,플러스,5300.0
2025-11-01,e-영업2,(제휴 최저가 자동 쿠폰)5830원 할인,NCPN0000583,플러스,5300.0
2025-11-01,e-영업2,(제휴 최저가 자동 쿠폰)5330원 할인,NCPN0000533,플러스,4845.0
2025-11-01,e-영업2,(제휴 최저가 자동 쿠폰)5310원 할인,NCPN0000531,플러스,4827.0
2025-11-01,e-영업1,[제휴쿠폰][블랙위크] 5% 플러스 쿠폰 (최대 3만원 할인),CPN1519353,플러스,4791.0
2025-11-01,e-영업1,(제휴 최저가 자동 쿠폰)5230원 할인,NCPN0000523,플러스,4755.0
2025-11-01,e-영업1,(제휴 최저가 자동 쿠폰)5210원 할인,NCPN0000521,플러스,4736.0
2025-11-01,e-영업2,(제휴 최저가 자동 쿠폰)5030원 할인,NCPN0000503,플러스,4573.0
2025-11-01,e-영업2,(제휴 최저가 자동 쿠폰)5020원 할인,NCPN0000502,플러스,4564.0
2025-11-01,e-영업1,(제휴 최저가 자동 쿠폰)5010원 할인,NCPN0000501,플러스,4555.0
2025-11-01,e-영업1,(제휴 최저가 자동 쿠폰)4860원 할인,NCPN0000486,플러스,4418.0
2025-11-01,e-영업2,(제휴 최저가 자동 쿠폰)4860원 할인,NCPN0000486,플러스,4418.0
2025-11-01,e-영업2,(제휴 최저가 자동 쿠폰)1200원 할인,NCPN0000120,플러스,4364.0
2025-11-01,e-영업1,(제휴 최저가 자동 쿠폰)4570원 할인,NCPN0000457,플러스,4155.0
2025-11-01,e-영업1,(제휴 최저가 자동 쿠폰)4510원 할인,NCPN0000451,플러스,4100.0
2025-11-01,e-영업2,(제휴 최저가 자동 쿠폰)4460원 할인,NCPN0000446,플러스,4055.0
2025-11-01,e-영업2,(제휴 최저가 자동 쿠폰)4330원 할인,NCPN0000433,플러스,3936.0
2025-11-01,e-영업1,(제휴 최저가 자동 쿠폰)4210원 할인,NCPN0000421,플러스,3827.0
2025-11-01,e-영업1,(제휴 최저가 자동 쿠폰)1990원 할인,NCPN0000199,플러스,3618.0
2025-11-01,e-영업2,(제휴 최저가 자동 쿠폰)3970원 할인,NCPN0000397,플러스,3609.0
2025-11-01,e-영업2,(제휴 최저가 자동 쿠폰)3900원 할인,NCPN0000390,플러스,3545.0
2025-11-01,e-영업1,(제휴 최저가 자동 쿠폰)3720원 할인,NCPN0000372,플러스,3382.0
2025-11-01,e-영업1,[제휴쿠폰][BLACK WEEKEND] 플러스 5% 쿠폰,CPN1514694,플러스,3273.0
2025-11-01,e-영업1,(제휴 최저가 자동 쿠폰)3410원 할인,NCPN0000341,플러스,3100.0
2025-11-01,e-영업1,[제휴쿠폰][WEEKEND SALE] 플러스 5% 쿠폰,CPN1507681,플러스,3082.0
2025-11-01,e-영업1,(제휴 최저가 자동 쿠폰)2280원 할인,NCPN0000228,플러스,2073.0
2025-11-01,e-영업2,(제휴 최저가 자동 쿠폰)2280원 할인,NCPN0000228,플러스,2073.0
2025-11-01,e-영업1,(제휴 최저가 자동 쿠폰)1200원 할인,NCPN0000120,플러스,1091.0
2025-11-01,e-영업2,(제휴 최저가 자동 쿠폰)730원 할인,NCPN0000073,플러스,664.0
2025-11-01,e-영업2,(제휴 최저가 자동 쿠폰)610원 할인,NCPN0000061,플러스,555.0
2025-11-01,e-영업2,[제휴쿠폰] [WEEKEND SALE] 플러스 5% 쿠폰,CPN1236603,플러스,-5509.0
2025-11-01,e-영업2,(제휴 최저가 자동 쿠폰)8320원 할인,NCPN0000832,플러스,-7564.0
2025-11-01,e-영업1,(제휴 최저가 자동 쿠폰)9030원 할인,NCPN0000903,플러스,-8209.0
2025-11-01,e-영업2,(제휴 최저가 자동 쿠폰)12600원 할인,NCPN0001260,플러스,-11455.0
2025-11-01,e-영업2,(제휴 최저가 자동 쿠폰)15770원 할인,NCPN0001577,플러스,-14336.0
2025-11-01,e-영업2,(제휴 최저가 자동 쿠폰)24830원 할인,NCPN0002483,플러스,-22573.0
2025-11-01,e-영업1,[제휴쿠폰] [WEEKEND SALE] 플러스 5% 쿠폰,CPN1498740,플러스,-28555.0
2025-12-01,e-영업2,[제휴쿠폰][OUTLET] 아울렛 WINTER AWARDS 13%일반쿠폰,CPN1563769,일반,11654527.0
2025-12-01,e-영업2,[제휴쿠폰][OUTLET]WEEKLY BEST 100 13% 일반쿠폰,CPN1570567,일반,11100382.0
2025-12-01,e-영업2,[제휴쿠폰][OUTLET] MERRY-아울렛MAS 라스트핫딜! 13%쿠폰,CPN1570569,일반,9002373.0
2025-12-01,e-영업2,[제휴쿠폰][OUTLET] YEAR END SEASON OFF 13%쿠폰,CPN1554882,일반,5628891.0
2025-12-01,e-영업2,"[제휴쿠폰][OUTLET] 프리미엄 아울렛, 여성 선물 추천! 13%쿠폰",CPN1563767,일반,4927491.0
2025-12-01,e-영업2,[제휴쿠폰] [OUTLET 통합] 헤지스&닥스 따뜻한 연말을 부탁해,CPN1547332,일반,4454891.0
2025-12-01,e-영업2,[제휴쿠폰] [OUTLET] 남녀컨템 윈터 컬렉션 13% 쿠폰,CPN1547326,일반,4285982.0
2025-12-01,e-영업2,[제휴쿠폰][OUTLET] 바네사브루노 BRAND WEEK 13%쿠폰,CPN1554878,일반,1798009.0
2025-12-01,e-영업2,[제휴쿠폰][OUTLET MEN] 윈터세일 13% 일반쿠폰,CPN1554876,일반,1738000.0
2025-12-01,e-영업2,[제휴쿠폰][OUTLET] 아울렛 베스트100 13% 쿠폰,CPN1554883,일반,1089300.0
2025-12-01,e-영업2,[제휴쿠폰][OUTLET] 남녀 위클리 베스트 13% 일반쿠폰,CPN1563762,일반,929064.0
2025-12-01,e-영업2,[제휴쿠폰][프리미엄아울렛] 바버 인기 브랜드전 13%,CPN1570565,일반,846600.0
2025-12-01,e-영업2,[제휴쿠폰][OUTLET] ALLEGRI SEASON OFF 13% 일반,CPN1554879,일반,795018.0
2025-12-01,e-영업2,[제휴쿠폰] [OUTLET] 티톤브로스 10% 일반쿠폰,CPN1547325,일반,499082.0
2025-12-01,e-영업2,[제휴쿠폰][OUTLET] 오직 72시간만 열리는 72마켓 12% 쿠폰,CPN1570566,일반,410373.0
2025-12-01,e-영업2,[제휴쿠폰][OUTLET] 지금 사야 할 겨울 아이템 12%쿠폰,CPN1554880,일반,312527.0
2025-12-01,e-영업2,[제휴쿠폰] [OUTLETMEN] BRAND WEEK 13% 일반쿠폰,CPN1547330,일반,267045.0
2025-12-01,e-영업2,[제휴쿠폰] [SHOES] 겨울을 따뜻하게 해줄 12월 슈즈 특가,CPN1547329,일반,117564.0
2025-12-01,e-영업2,[제휴쿠폰][아울렛남성] EVERYDAY HOLIDAY 13% 일반쿠폰,CPN1563764,일반,31200.0
2025-12-01,e-영업2,[제휴쿠폰] [OUTLET 슈즈] KEEN BRAND WEEK 13% 일,CPN1563761,일반,14036.0
2025-12-01,e-영업2,[제휴쿠폰] [블랙프라이데이] 일반쿠폰 10%,CPN1532694,일반,-23727.0
2025-12-01,e-영업1,[제휴쿠폰] [블랙프라이데이] 일반쿠폰 10%,CPN1532694,일반,-77827.0
2025-12-01,e-영업2,[제휴쿠폰][OUTLET] 미리 겨울 세일+ 기온별 옷차림 12% 일반쿠,CPN1499304,일반,-99273.0
2025-12-01,e-영업2,[제휴전용] 7%추가할인 (이월 남성),CPN409203,플러스,19505000.0
2025-12-01,e-영업2,[제휴전용] 9%추가할인 (이월 여성),CPN409202,플러스,13180145.0
2025-12-01,e-영업3,네이버쇼핑 추가할인 (e-명품_대상: 입점업체),CPN407983,플러스,12235236.0
2025-12-01,e-영업2,[제휴전용] 10%추가할인 (이월 ACC),CPN383518,플러스,10003291.0
2025-12-01,e-영업2,[제휴전용] 7%추가할인 (이월 여성),CPN409201,플러스,9449618.0
2025-12-01,e-영업2,[제휴전용] 9%추가할인 (이월 남성),CPN409204,플러스,6938991.0
2025-12-01,e-영업2,[제휴전용] 8%추가할인 (이월 골프),CPN383905,플러스,2557827.0
2025-12-01,e-영업2,[제휴전용] 8% 추가할인 (이월 골프),CPN514212,플러스,2365909.0
2025-12-01,e-영업2,(제휴 최저가 자동 쿠폰)25100원 할인,NCPN0002510,플러스,1004000.0
2025-12-01,e-영업2,[제휴할인] 5%추가할인 (이월 남성),CPN383907,플러스,934473.0
2025-12-01,e-영업2,(제휴 최저가 자동 쿠폰)17560원 할인,NCPN0001756,플러스,766255.0
2025-12-01,e-영업1,(제휴 최저가 자동 쿠폰)9800원 할인,NCPN0000980,플러스,641455.0
2025-12-01,e-영업2,[제휴쿠폰] [랭킹세일] 플러스쿠폰 10%,CPN1567729,플러스,594227.0
2025-12-01,e-영업2,(제휴 최저가 자동 쿠폰)30160원 할인,NCPN0003016,플러스,575782.0
2025-12-01,e-영업1,[제휴쿠폰] [랭킹세일] 플러스쿠폰 10%,CPN1567729,플러스,560318.0
2025-12-01,e-영업1,(제휴 최저가 자동 쿠폰)8830원 할인,NCPN0000883,플러스,489664.0
2025-12-01,e-영업2,(제휴 최저가 자동 쿠폰)15040원 할인,NCPN0001504,플러스,464873.0
2025-12-01,e-영업2,(제휴 최저가 자동 쿠폰)20000원 할인,NCPN0002000,플러스,381818.0
2025-12-01,e-영업1,(제휴 최저가 자동 쿠폰)14910원 할인,NCPN0001491,플러스,379527.0
2025-12-01,e-영업2,[제휴전용] 4%추가할인 (이월 여성),CPN384742,플러스,327918.0
2025-12-01,e-영업2,[제휴쿠폰][MERRY WEEKEND SALE] 플러스 9% 쿠폰,CPN1564643,플러스,234964.0
2025-12-01,e-영업2,(제휴 최저가 자동 쿠폰)14200원 할인,NCPN0001420,플러스,180727.0
2025-12-01,e-영업2,(제휴 최저가 자동 쿠폰)15650원 할인,NCPN0001565,플러스,170727.0
2025-12-01,e-영업1,(제휴 최저가 자동 쿠폰)19980원 할인,NCPN0001998,플러스,163473.0
2025-12-01,e-영업2,(제휴 최저가 자동 쿠폰)11450원 할인,NCPN0001145,플러스,156136.0
2025-12-01,e-영업2,(제휴 최저가 자동 쿠폰)16600원 할인,NCPN0001660,플러스,150909.0
2025-12-01,e-영업2,(제휴 최저가 자동 쿠폰)32000원 할인,NCPN0003200,플러스,145455.0
2025-12-01,e-영업2,[제휴전용] 8%추가할인 (이월 슈즈),CPN384029,플러스,143055.0
2025-12-01,e-영업1,(제휴 최저가 자동 쿠폰)10650원 할인,NCPN0001065,플러스,116182.0
2025-12-01,e-영업2,(제휴 최저가 자동 쿠폰)18140원 할인,NCPN0001814,플러스,115436.0
2025-12-01,e-영업2,(제휴 최저가 자동 쿠폰)17960원 할인,NCPN0001796,플러스,97964.0
2025-12-01,e-영업1,(제휴 최저가 자동 쿠폰)26440원 할인,NCPN0002644,플러스,96145.0
2025-12-01,e-영업1,(제휴 최저가 자동 쿠폰)5860원 할인,NCPN0000586,플러스,95891.0
2025-12-01,e-영업2,(제휴 최저가 자동 쿠폰)34900원 할인,NCPN0003490,플러스,95182.0
2025-12-01,e-영업1,(제휴 최저가 자동 쿠폰)34120원 할인,NCPN0003412,플러스,93055.0
2025-12-01,e-영업1,[제휴쿠폰][MERRY WEEKEND SALE] 플러스 9% 쿠폰,CPN1564643,플러스,92464.0
2025-12-01,e-영업2,(제휴 최저가 자동 쿠폰)20130원 할인,NCPN0002013,플러스,91500.0
2025-12-01,e-영업2,(제휴 최저가 자동 쿠폰)13620원 할인,NCPN0001362,플러스,86673.0
2025-12-01,e-영업1,(제휴 최저가 자동 쿠폰)8510원 할인,NCPN0000851,플러스,85100.0
2025-12-01,e-영업2,(제휴 최저가 자동 쿠폰)18700원 할인,NCPN0001870,플러스,85000.0
2025-12-01,e-영업2,(제휴 최저가 자동 쿠폰)23230원 할인,NCPN0002323,플러스,84473.0
2025-12-01,e-영업1,(제휴 최저가 자동 쿠폰)92910원 할인,NCPN0009291,플러스,84464.0
2025-12-01,e-영업2,(제휴 최저가 자동 쿠폰)26830원 할인,NCPN0002683,플러스,73173.0
2025-12-01,e-영업2,(제휴 최저가 자동 쿠폰)6090원 할인,NCPN0000609,플러스,71973.0
2025-12-01,e-영업1,[제휴쿠폰] [L+DAY] 10% 플러스 쿠폰 (최대 3만원 할인),CPN1553136,플러스,70827.0
2025-12-01,e-영업2,(제휴 최저가 자동 쿠폰)7030원 할인,NCPN0000703,플러스,70300.0
2025-12-01,e-영업1,[제휴쿠폰] [랭킹세일] 플러스쿠폰 6%,CPN1567732,플러스,68555.0
2025-12-01,e-영업2,(제휴 최저가 자동 쿠폰)10630원 할인,NCPN0001063,플러스,67645.0
2025-12-01,e-영업2,(제휴 최저가 자동 쿠폰)18260원 할인,NCPN0001826,플러스,66400.0
2025-12-01,e-영업2,(제휴 최저가 자동 쿠폰)17750원 할인,NCPN0001775,플러스,64545.0
2025-12-01,e-영업1,(제휴 최저가 자동 쿠폰)10120원 할인,NCPN0001012,플러스,64400.0
2025-12-01,e-영업1,(제휴 최저가 자동 쿠폰)23450원 할인,NCPN0002345,플러스,63955.0
2025-12-01,e-영업2,(제휴 최저가 자동 쿠폰)23360원 할인,NCPN0002336,플러스,63709.0
2025-12-01,e-영업1,(제휴 최저가 자동 쿠폰)20450원 할인,NCPN0002045,플러스,55773.0
2025-12-01,e-영업2,[제휴쿠폰] [랭킹세일] 플러스쿠폰 6%,CPN1567732,플러스,54509.0
2025-12-01,e-영업1,[제휴쿠폰][L+DAY] 7% 플러스 쿠폰 (최대 3만원 할인),CPN1553137,플러스,53645.0
2025-12-01,e-영업2,(제휴 최저가 자동 쿠폰)19630원 할인,NCPN0001963,플러스,53536.0
2025-12-01,e-영업1,(제휴 최저가 자동 쿠폰)7310원 할인,NCPN0000731,플러스,53164.0
2025-12-01,e-영업1,(제휴 최저가 자동 쿠폰)9730원 할인,NCPN0000973,플러스,53073.0
2025-12-01,e-영업2,(제휴 최저가 자동 쿠폰)9730원 할인,NCPN0000973,플러스,53073.0
2025-12-01,e-영업1,(제휴 최저가 자동 쿠폰)29140원 할인,NCPN0002914,플러스,52982.0
2025-12-01,e-영업2,(제휴 최저가 자동 쿠폰)11340원 할인,NCPN0001134,플러스,51545.0
2025-12-01,e-영업1,(제휴 최저가 자동 쿠폰)9040원 할인,NCPN0000904,플러스,49309.0
2025-12-01,e-영업1,(제휴 최저가 자동 쿠폰)26830원 할인,NCPN0002683,플러스,48782.0
2025-12-01,e-영업1,(제휴 최저가 자동 쿠폰)25940원 할인,NCPN0002594,플러스,47164.0
2025-12-01,e-영업2,(제휴 최저가 자동 쿠폰)51580원 할인,NCPN0005158,플러스,46891.0
2025-12-01,e-영업2,[제휴쿠폰][WEEKEND SALE] 플러스 5% 쿠폰,CPN1549614,플러스,46673.0
2025-12-01,e-영업2,(제휴 최저가 자동 쿠폰)17020원 할인,NCPN0001702,플러스,46418.0
2025-12-01,e-영업1,(제휴 최저가 자동 쿠폰)16950원 할인,NCPN0001695,플러스,46227.0
2025-12-01,e-영업1,(제휴 최저가 자동 쿠폰)25290원 할인,NCPN0002529,플러스,45982.0
2025-12-01,e-영업2,(제휴 최저가 자동 쿠폰)12480원 할인,NCPN0001248,플러스,45382.0
2025-12-01,e-영업2,(제휴 최저가 자동 쿠폰)9950원 할인,NCPN0000995,플러스,45227.0
2025-12-01,e-영업1,(제휴 최저가 자동 쿠폰)15810원 할인,NCPN0001581,플러스,43118.0
2025-12-01,e-영업2,(제휴 최저가 자동 쿠폰)15760원 할인,NCPN0001576,플러스,42982.0
2025-12-01,e-영업1,[제휴쿠폰][WEEKEND SALE] 플러스 5% 쿠폰,CPN1549614,플러스,42545.0
2025-12-01,e-영업2,(제휴 최저가 자동 쿠폰)23350원 할인,NCPN0002335,플러스,42455.0
2025-12-01,e-영업2,(제휴 최저가 자동 쿠폰)23300원 할인,NCPN0002330,플러스,42364.0
2025-12-01,e-영업1,(제휴 최저가 자동 쿠폰)4600원 할인,NCPN0000460,플러스,41818.0
2025-12-01,e-영업1,(제휴 최저가 자동 쿠폰)44140원 할인,NCPN0004414,플러스,40127.0
2025-12-01,e-영업2,(제휴 최저가 자동 쿠폰)7140원 할인,NCPN0000714,플러스,38945.0
2025-12-01,e-영업1,(제휴 최저가 자동 쿠폰)7030원 할인,NCPN0000703,플러스,38345.0
2025-12-01,e-영업2,(제휴 최저가 자동 쿠폰)13810원 할인,NCPN0001381,플러스,37664.0
2025-12-01,e-영업1,(제휴 최저가 자동 쿠폰)8240원 할인,NCPN0000824,플러스,37455.0
2025-12-01,e-영업2,(제휴 최저가 자동 쿠폰)40510원 할인,NCPN0004051,플러스,36827.0
2025-12-01,e-영업2,(제휴 최저가 자동 쿠폰)20210원 할인,NCPN0002021,플러스,36745.0
2025-12-01,e-영업1,(제휴 최저가 자동 쿠폰)20150원 할인,NCPN0002015,플러스,36636.0
2025-12-01,e-영업2,(제휴 최저가 자동 쿠폰)39910원 할인,NCPN0003991,플러스,36282.0
2025-12-01,e-영업2,(제휴 최저가 자동 쿠폰)38840원 할인,NCPN0003884,플러스,35309.0
2025-12-01,e-영업2,(제휴 최저가 자동 쿠폰)38450원 할인,NCPN0003845,플러스,34955.0
2025-12-01,e-영업1,(제휴 최저가 자동 쿠폰)5480원 할인,NCPN0000548,플러스,34873.0
2025-12-01,e-영업2,[제휴쿠폰][WEEKEND SALE] 플러스 5% 쿠폰,CPN1557069,플러스,34464.0
2025-12-01,e-영업2,(제휴 최저가 자동 쿠폰)12430원 할인,NCPN0001243,플러스,33900.0
2025-12-01,e-영업2,[제휴전용] 5%추가할인 (이월 스포츠),CPN425515,플러스,33809.0
2025-12-01,e-영업2,(제휴 최저가 자동 쿠폰)36840원 할인,NCPN0003684,플러스,33491.0
2025-12-01,e-영업2,(제휴 최저가 자동 쿠폰)6130원 할인,NCPN0000613,플러스,33436.0
2025-12-01,e-영업2,(제휴 최저가 자동 쿠폰)36780원 할인,NCPN0003678,플러스,33436.0
2025-12-01,e-영업2,[제휴쿠폰] [WINTER WEEKEND] 플러스 7% 쿠폰,CPN1540955,플러스,32391.0
2025-12-01,e-영업2,(제휴 최저가 자동 쿠폰)8830원 할인,NCPN0000883,플러스,32109.0
2025-12-01,e-영업2,(제휴 최저가 자동 쿠폰)17440원 할인,NCPN0001744,플러스,31709.0
2025-12-01,e-영업2,(제휴 최저가 자동 쿠폰)17200원 할인,NCPN0001720,플러스,31273.0
2025-12-01,e-영업2,(제휴 최저가 자동 쿠폰)17100원 할인,NCPN0001710,플러스,31091.0
2025-12-01,e-영업1,(제휴 최저가 자동 쿠폰)34170원 할인,NCPN0003417,플러스,31064.0
2025-12-01,e-영업2,(제휴 최저가 자동 쿠폰)34170원 할인,NCPN0003417,플러스,31064.0
2025-12-01,e-영업2,(제휴 최저가 자동 쿠폰)34130원 할인,NCPN0003413,플러스,31027.0
2025-12-01,e-영업2,(제휴 최저가 자동 쿠폰)34120원 할인,NCPN0003412,플러스,31018.0
2025-12-01,e-영업1,(제휴 최저가 자동 쿠폰)34060원 할인,NCPN0003406,플러스,30964.0
2025-12-01,e-영업1,(제휴 최저가 자동 쿠폰)16550원 할인,NCPN0001655,플러스,30091.0
2025-12-01,e-영업1,(제휴 최저가 자동 쿠폰)4720원 할인,NCPN0000472,플러스,30036.0
2025-12-01,e-영업1,[제휴쿠폰][WEEKEND SALE] 플러스 5% 쿠폰,CPN1557069,플러스,29636.0
2025-12-01,e-영업1,(제휴 최저가 자동 쿠폰)31800원 할인,NCPN0003180,플러스,28909.0
2025-12-01,e-영업2,(제휴 최저가 자동 쿠폰)31710원 할인,NCPN0003171,플러스,28827.0
2025-12-01,e-영업2,(제휴 최저가 자동 쿠폰)15710원 할인,NCPN0001571,플러스,28564.0
2025-12-01,e-영업2,(제휴 최저가 자동 쿠폰)31330원 할인,NCPN0003133,플러스,28482.0
2025-12-01,e-영업1,(제휴 최저가 자동 쿠폰)31220원 할인,NCPN0003122,플러스,28382.0
2025-12-01,e-영업2,[제휴쿠폰][L+DAY] 7% 플러스 쿠폰 (최대 3만원 할인),CPN1553137,플러스,28373.0
2025-12-01,e-영업2,(제휴 최저가 자동 쿠폰)30390원 할인,NCPN0003039,플러스,27627.0
2025-12-01,e-영업2,(제휴 최저가 자동 쿠폰)15060원 할인,NCPN0001506,플러스,27382.0
2025-12-01,e-영업2,(제휴 최저가 자동 쿠폰)30100원 할인,NCPN0003010,플러스,27364.0
2025-12-01,e-영업2,(제휴 최저가 자동 쿠폰)10000원 할인,NCPN0001000,플러스,27273.0
2025-12-01,e-영업2,(제휴 최저가 자동 쿠폰)30000원 할인,NCPN0003000,플러스,27273.0
2025-12-01,e-영업2,[제휴쿠폰] [L+DAY] 10% 플러스 쿠폰 (최대 3만원 할인),CPN1553136,플러스,27273.0
2025-12-01,e-영업2,(제휴 최저가 자동 쿠폰)7350원 할인,NCPN0000735,플러스,26727.0
2025-12-01,e-영업2,(제휴 최저가 자동 쿠폰)29050원 할인,NCPN0002905,플러스,26409.0
2025-12-01,e-영업1,(제휴 최저가 자동 쿠폰)14310원 할인,NCPN0001431,플러스,26018.0
2025-12-01,e-영업2,(제휴 최저가 자동 쿠폰)7150원 할인,NCPN0000715,플러스,26000.0
2025-12-01,e-영업2,(제휴 최저가 자동 쿠폰)13970원 할인,NCPN0001397,플러스,25400.0
2025-12-01,e-영업1,(제휴 최저가 자동 쿠폰)6920원 할인,NCPN0000692,플러스,25164.0
2025-12-01,e-영업2,(제휴 최저가 자동 쿠폰)13740원 할인,NCPN0001374,플러스,24982.0
2025-12-01,e-영업2,(제휴 최저가 자동 쿠폰)27070원 할인,NCPN0002707,플러스,24609.0
2025-12-01,e-영업2,[제휴쿠폰][MERRY WEEKEND SALE] 플러스 5% 쿠폰,CPN1564634,플러스,24155.0
2025-12-01,e-영업2,(제휴 최저가 자동 쿠폰)26320원 할인,NCPN0002632,플러스,23927.0
2025-12-01,e-영업2,(제휴 최저가 자동 쿠폰)26000원 할인,NCPN0002600,플러스,23636.0
2025-12-01,e-영업2,(제휴 최저가 자동 쿠폰)25840원 할인,NCPN0002584,플러스,23491.0
2025-12-01,e-영업1,(제휴 최저가 자동 쿠폰)25100원 할인,NCPN0002510,플러스,22818.0
2025-12-01,e-영업2,(제휴 최저가 자동 쿠폰)25020원 할인,NCPN0002502,플러스,22745.0
2025-12-01,e-영업2,(제휴 최저가 자동 쿠폰)24960원 할인,NCPN0002496,플러스,22691.0
2025-12-01,e-영업2,(제휴 최저가 자동 쿠폰)12330원 할인,NCPN0001233,플러스,22418.0
2025-12-01,e-영업2,(제휴 최저가 자동 쿠폰)12110원 할인,NCPN0001211,플러스,22018.0
2025-12-01,e-영업1,(제휴 최저가 자동 쿠폰)24170원 할인,NCPN0002417,플러스,21973.0
2025-12-01,e-영업2,(제휴 최저가 자동 쿠폰)12080원 할인,NCPN0001208,플러스,21964.0
2025-12-01,e-영업1,(제휴 최저가 자동 쿠폰)8040원 할인,NCPN0000804,플러스,21927.0
2025-12-01,e-영업2,(제휴 최저가 자동 쿠폰)23450원 할인,NCPN0002345,플러스,21318.0
2025-12-01,e-영업1,(제휴 최저가 자동 쿠폰)23230원 할인,NCPN0002323,플러스,21118.0
2025-12-01,e-영업2,(제휴 최저가 자동 쿠폰)22990원 할인,NCPN0002299,플러스,20900.0
2025-12-01,e-영업2,(제휴 최저가 자동 쿠폰)22850원 할인,NCPN0002285,플러스,20773.0
2025-12-01,e-영업2,(제휴 최저가 자동 쿠폰)22530원 할인,NCPN0002253,플러스,20482.0
2025-12-01,e-영업2,(제휴 최저가 자동 쿠폰)3470원 할인,NCPN0000347,플러스,18927.0
2025-12-01,e-영업2,(제휴 최저가 자동 쿠폰)10090원 할인,NCPN0001009,플러스,18345.0
2025-12-01,e-영업2,(제휴 최저가 자동 쿠폰)19970원 할인,NCPN0001997,플러스,18155.0
2025-12-01,e-영업2,(제휴 최저가 자동 쿠폰)9960원 할인,NCPN0000996,플러스,18109.0
2025-12-01,e-영업2,(제휴 최저가 자동 쿠폰)19910원 할인,NCPN0001991,플러스,18100.0
2025-12-01,e-영업2,(제휴 최저가 자동 쿠폰)19870원 할인,NCPN0001987,플러스,18064.0
2025-12-01,e-영업2,(제휴 최저가 자동 쿠폰)19760원 할인,NCPN0001976,플러스,17964.0
2025-12-01,e-영업2,(제휴 최저가 자동 쿠폰)19730원 할인,NCPN0001973,플러스,17936.0
2025-12-01,e-영업2,(제휴 최저가 자동 쿠폰)19590원 할인,NCPN0001959,플러스,17809.0
2025-12-01,e-영업1,(제휴 최저가 자동 쿠폰)19360원 할인,NCPN0001936,플러스,17600.0
2025-12-01,e-영업2,(제휴 최저가 자동 쿠폰)19240원 할인,NCPN0001924,플러스,17491.0
2025-12-01,e-영업2,(제휴 최저가 자동 쿠폰)18640원 할인,NCPN0001864,플러스,16945.0
2025-12-01,e-영업2,(제휴 최저가 자동 쿠폰)18410원 할인,NCPN0001841,플러스,16736.0
2025-12-01,e-영업2,(제휴 최저가 자동 쿠폰)18310원 할인,NCPN0001831,플러스,16645.0
2025-12-01,e-영업1,(제휴 최저가 자동 쿠폰)18280원 할인,NCPN0001828,플러스,16618.0
2025-12-01,e-영업2,(제휴 최저가 자동 쿠폰)18280원 할인,NCPN0001828,플러스,16618.0
2025-12-01,e-영업1,(제휴 최저가 자동 쿠폰)18260원 할인,NCPN0001826,플러스,16600.0
2025-12-01,e-영업1,(제휴 최저가 자동 쿠폰)17700원 할인,NCPN0001770,플러스,16091.0
2025-12-01,e-영업2,(제휴 최저가 자동 쿠폰)17700원 할인,NCPN0001770,플러스,16091.0
2025-12-01,e-영업2,(제휴 최저가 자동 쿠폰)16860원 할인,NCPN0001686,플러스,15327.0
2025-12-01,e-영업2,(제휴 최저가 자동 쿠폰)16670원 할인,NCPN0001667,플러스,15155.0
2025-12-01,e-영업2,(제휴 최저가 자동 쿠폰)16380원 할인,NCPN0001638,플러스,14891.0
2025-12-01,e-영업2,(제휴 최저가 자동 쿠폰)8020원 할인,NCPN0000802,플러스,14582.0
2025-12-01,e-영업2,(제휴 최저가 자동 쿠폰)16010원 할인,NCPN0001601,플러스,14555.0
2025-12-01,e-영업1,(제휴 최저가 자동 쿠폰)15790원 할인,NCPN0001579,플러스,14355.0
2025-12-01,e-영업2,(제휴 최저가 자동 쿠폰)15500원 할인,NCPN0001550,플러스,14091.0
2025-12-01,e-영업2,(제휴 최저가 자동 쿠폰)14660원 할인,NCPN0001466,플러스,13327.0
2025-12-01,e-영업2,(제휴 최저가 자동 쿠폰)14540원 할인,NCPN0001454,플러스,13218.0
2025-12-01,e-영업2,(제휴 최저가 자동 쿠폰)7210원 할인,NCPN0000721,플러스,13109.0
2025-12-01,e-영업1,(제휴 최저가 자동 쿠폰)14120원 할인,NCPN0001412,플러스,12836.0
2025-12-01,e-영업1,(제휴 최저가 자동 쿠폰)13970원 할인,NCPN0001397,플러스,12700.0
2025-12-01,e-영업1,(제휴 최저가 자동 쿠폰)3470원 할인,NCPN0000347,플러스,12618.0
2025-12-01,e-영업2,(제휴 최저가 자동 쿠폰)13480원 할인,NCPN0001348,플러스,12255.0
2025-12-01,e-영업1,(제휴 최저가 자동 쿠폰)4480원 할인,NCPN0000448,플러스,12218.0
2025-12-01,e-영업1,(제휴 최저가 자동 쿠폰)4460원 할인,NCPN0000446,플러스,12164.0
2025-12-01,e-영업2,(제휴 최저가 자동 쿠폰)13170원 할인,NCPN0001317,플러스,11973.0
2025-12-01,e-영업1,(제휴 최저가 자동 쿠폰)6580원 할인,NCPN0000658,플러스,11964.0
2025-12-01,e-영업2,(제휴 최저가 자동 쿠폰)6560원 할인,NCPN0000656,플러스,11927.0
2025-12-01,e-영업2,(제휴 최저가 자동 쿠폰)13110원 할인,NCPN0001311,플러스,11918.0
2025-12-01,e-영업2,(제휴 최저가 자동 쿠폰)12890원 할인,NCPN0001289,플러스,11718.0
2025-12-01,e-영업1,(제휴 최저가 자동 쿠폰)12660원 할인,NCPN0001266,플러스,11509.0
2025-12-01,e-영업2,(제휴 최저가 자동 쿠폰)12600원 할인,NCPN0001260,플러스,11455.0
2025-12-01,e-영업1,(제휴 최저가 자동 쿠폰)12430원 할인,NCPN0001243,플러스,11300.0
2025-12-01,e-영업1,(제휴 최저가 자동 쿠폰)12240원 할인,NCPN0001224,플러스,11127.0
2025-12-01,e-영업2,(제휴 최저가 자동 쿠폰)12240원 할인,NCPN0001224,플러스,11127.0
2025-12-01,e-영업1,(제휴 최저가 자동 쿠폰)5950원 할인,NCPN0000595,플러스,10818.0
2025-12-01,e-영업1,(제휴 최저가 자동 쿠폰)11770원 할인,NCPN0001177,플러스,10700.0
2025-12-01,e-영업2,(제휴 최저가 자동 쿠폰)11770원 할인,NCPN0001177,플러스,10700.0
2025-12-01,e-영업1,(제휴 최저가 자동 쿠폰)11670원 할인,NCPN0001167,플러스,10609.0
2025-12-01,e-영업2,(제휴 최저가 자동 쿠폰)11490원 할인,NCPN0001149,플러스,10445.0
2025-12-01,e-영업1,(제휴 최저가 자동 쿠폰)3820원 할인,NCPN0000382,플러스,10418.0
2025-12-01,e-영업2,(제휴 최저가 자동 쿠폰)5630원 할인,NCPN0000563,플러스,10236.0
2025-12-01,e-영업1,(제휴 최저가 자동 쿠폰)11080원 할인,NCPN0001108,플러스,10073.0
2025-12-01,e-영업1,(제휴 최저가 자동 쿠폰)11000원 할인,NCPN0001100,플러스,10000.0
2025-12-01,e-영업2,(제휴 최저가 자동 쿠폰)11000원 할인,NCPN0001100,플러스,10000.0
2025-12-01,e-영업2,(제휴 최저가 자동 쿠폰)10760원 할인,NCPN0001076,플러스,9782.0
2025-12-01,e-영업1,(제휴 최저가 자동 쿠폰)10740원 할인,NCPN0001074,플러스,9764.0
2025-12-01,e-영업2,(제휴 최저가 자동 쿠폰)10730원 할인,NCPN0001073,플러스,9755.0
2025-12-01,e-영업1,(제휴 최저가 자동 쿠폰)10700원 할인,NCPN0001070,플러스,9727.0
2025-12-01,e-영업1,(제휴 최저가 자동 쿠폰)5320원 할인,NCPN0000532,플러스,9673.0
2025-12-01,e-영업1,(제휴 최저가 자동 쿠폰)5310원 할인,NCPN0000531,플러스,9655.0
2025-12-01,e-영업2,(제휴 최저가 자동 쿠폰)5310원 할인,NCPN0000531,플러스,9655.0
2025-12-01,e-영업1,(제휴 최저가 자동 쿠폰)10450원 할인,NCPN0001045,플러스,9500.0
2025-12-01,e-영업1,(제휴 최저가 자동 쿠폰)5080원 할인,NCPN0000508,플러스,9236.0
2025-12-01,e-영업2,(제휴 최저가 자동 쿠폰)10110원 할인,NCPN0001011,플러스,9191.0
2025-12-01,e-영업1,(제휴 최저가 자동 쿠폰)10050원 할인,NCPN0001005,플러스,9136.0
2025-12-01,e-영업1,(제휴 최저가 자동 쿠폰)5010원 할인,NCPN0000501,플러스,9109.0
2025-12-01,e-영업2,(제휴 최저가 자동 쿠폰)9710원 할인,NCPN0000971,플러스,8827.0
2025-12-01,e-영업2,(제휴 최저가 자동 쿠폰)9670원 할인,NCPN0000967,플러스,8791.0
2025-12-01,e-영업1,(제휴 최저가 자동 쿠폰)4540원 할인,NCPN0000454,플러스,8255.0
2025-12-01,e-영업1,(제휴 최저가 자동 쿠폰)9080원 할인,NCPN0000908,플러스,8255.0
2025-12-01,e-영업2,(제휴 최저가 자동 쿠폰)9080원 할인,NCPN0000908,플러스,8255.0
2025-12-01,e-영업2,(제휴 최저가 자동 쿠폰)9040원 할인,NCPN0000904,플러스,8218.0
2025-12-01,e-영업2,(제휴 최저가 자동 쿠폰)8920원 할인,NCPN0000892,플러스,8109.0
2025-12-01,e-영업2,(제휴 최저가 자동 쿠폰)4330원 할인,NCPN0000433,플러스,7873.0
2025-12-01,e-영업2,(제휴 최저가 자동 쿠폰)8470원 할인,NCPN0000847,플러스,7700.0
2025-12-01,e-영업2,(제휴 최저가 자동 쿠폰)8320원 할인,NCPN0000832,플러스,7564.0
2025-12-01,e-영업2,(제휴 최저가 자동 쿠폰)8240원 할인,NCPN0000824,플러스,7491.0
2025-12-01,e-영업1,(제휴 최저가 자동 쿠폰)8060원 할인,NCPN0000806,플러스,7327.0
2025-12-01,e-영업2,(제휴 최저가 자동 쿠폰)7930원 할인,NCPN0000793,플러스,7209.0
2025-12-01,e-영업1,(제휴 최저가 자동 쿠폰)7510원 할인,NCPN0000751,플러스,6827.0
2025-12-01,e-영업1,(제휴 최저가 자동 쿠폰)7500원 할인,NCPN0000750,플러스,6818.0
2025-12-01,e-영업1,(제휴 최저가 자동 쿠폰)7140원 할인,NCPN0000714,플러스,6491.0
2025-12-01,e-영업2,(제휴 최저가 자동 쿠폰)7090원 할인,NCPN0000709,플러스,6445.0
2025-12-01,e-영업1,(제휴 최저가 자동 쿠폰)6990원 할인,NCPN0000699,플러스,6355.0
2025-12-01,e-영업2,(제휴 최저가 자동 쿠폰)6940원 할인,NCPN0000694,플러스,6309.0
2025-12-01,e-영업2,(제휴 최저가 자동 쿠폰)6840원 할인,NCPN0000684,플러스,6218.0
2025-12-01,e-영업2,(제휴 최저가 자동 쿠폰)6590원 할인,NCPN0000659,플러스,5991.0
2025-12-01,e-영업1,(제휴 최저가 자동 쿠폰)3290원 할인,NCPN0000329,플러스,5982.0
2025-12-01,e-영업1,[제휴쿠폰][MERRY WEEKEND SALE] 플러스 5% 쿠폰,CPN1564634,플러스,5882.0
2025-12-01,e-영업1,(제휴 최저가 자동 쿠폰)6230원 할인,NCPN0000623,플러스,5664.0
2025-12-01,e-영업1,(제휴 최저가 자동 쿠폰)5850원 할인,NCPN0000585,플러스,5318.0
2025-12-01,e-영업2,(제휴 최저가 자동 쿠폰)5680원 할인,NCPN0000568,플러스,5164.0
2025-12-01,e-영업2,(제휴 최저가 자동 쿠폰)5540원 할인,NCPN0000554,플러스,5036.0
2025-12-01,e-영업2,(제휴 최저가 자동 쿠폰)5230원 할인,NCPN0000523,플러스,4755.0
2025-12-01,e-영업1,(제휴 최저가 자동 쿠폰)5210원 할인,NCPN0000521,플러스,4736.0
2025-12-01,e-영업2,(제휴 최저가 자동 쿠폰)5210원 할인,NCPN0000521,플러스,4736.0
2025-12-01,e-영업1,(제휴 최저가 자동 쿠폰)5110원 할인,NCPN0000511,플러스,4645.0
2025-12-01,e-영업1,(제휴 최저가 자동 쿠폰)4950원 할인,NCPN0000495,플러스,4500.0
2025-12-01,e-영업2,(제휴 최저가 자동 쿠폰)4880원 할인,NCPN0000488,플러스,4436.0
2025-12-01,e-영업1,(제휴 최저가 자동 쿠폰)4620원 할인,NCPN0000462,플러스,4200.0
2025-12-01,e-영업1,(제휴 최저가 자동 쿠폰)4610원 할인,NCPN0000461,플러스,4191.0
2025-12-01,e-영업2,[제휴쿠폰] [L+DAY] 5% 플러스 쿠폰 (최대 3만원 할인),CPN1553140,플러스,4191.0
2025-12-01,e-영업2,(제휴 최저가 자동 쿠폰)4380원 할인,NCPN0000438,플러스,3982.0
2025-12-01,e-영업1,(제휴 최저가 자동 쿠폰)1990원 할인,NCPN0000199,플러스,3618.0
2025-12-01,e-영업2,(제휴 최저가 자동 쿠폰)3900원 할인,NCPN0000390,플러스,3545.0
2025-12-01,e-영업1,[제휴쿠폰] [L+DAY] 5% 플러스 쿠폰 (최대 3만원 할인),CPN1553140,플러스,3527.0
2025-12-01,e-영업2,(제휴 최저가 자동 쿠폰)3780원 할인,NCPN0000378,플러스,3436.0
2025-12-01,e-영업2,(제휴 최저가 자동 쿠폰)3750원 할인,NCPN0000375,플러스,3409.0
2025-12-01,e-영업1,(제휴 최저가 자동 쿠폰)3720원 할인,NCPN0000372,플러스,3382.0
2025-12-01,e-영업2,(제휴 최저가 자동 쿠폰)3100원 할인,NCPN0000310,플러스,2818.0
2025-12-01,e-영업1,(제휴 최저가 자동 쿠폰)2810원 할인,NCPN0000281,플러스,2555.0
2025-12-01,e-영업2,(제휴 최저가 자동 쿠폰)2350원 할인,NCPN0000235,플러스,2136.0
2025-12-01,e-영업2,(제휴 최저가 자동 쿠폰)2090원 할인,NCPN0000209,플러스,1900.0
2025-12-01,e-영업2,(제휴 최저가 자동 쿠폰)1270원 할인,NCPN0000127,플러스,1155.0
2025-12-01,e-영업1,[제휴전용] 10%추가할인 (골프/스포츠),CPN413857,플러스,1045.0
2025-12-01,e-영업2,(제휴 최저가 자동 쿠폰)1130원 할인,NCPN0000113,플러스,1027.0
2025-12-01,e-영업1,(제휴 최저가 자동 쿠폰)10원 할인,NCPN0000001,플러스,36.0
2025-12-01,e-영업1,(제휴 최저가 자동 쿠폰)20원 할인,NCPN0000002,플러스,18.0
2025-12-01,e-영업2,(제휴 최저가 자동 쿠폰)10원 할인,NCPN0000001,플러스,9.0
2025-12-01,e-영업2,(제휴 최저가 자동 쿠폰)4860원 할인,NCPN0000486,플러스,-4418.0
2025-12-01,e-영업1,(제휴 최저가 자동 쿠폰)5680원 할인,NCPN0000568,플러스,-5164.0
2025-12-01,e-영업1,(제휴 최저가 자동 쿠폰)7220원 할인,NCPN0000722,플러스,-6564.0
2025-12-01,e-영업1,[제휴쿠폰] [블랙프라이데이] 플러스쿠폰 5%,CPN1532682,플러스,-9700.0
2025-12-01,e-영업2,[제휴쿠폰] [블랙프라이데이] 플러스쿠폰 5%,CPN1532682,플러스,-15845.0
2025-12-01,e-영업2,(제휴 최저가 자동 쿠폰)27550원 할인,NCPN0002755,플러스,-25045.0
2025-12-01,e-영업2,(제휴 최저가 자동 쿠폰)27730원 할인,NCPN0002773,플러스,-25209.0
2025-12-01,e-영업2,(제휴 최저가 자동 쿠폰)28760원 할인,NCPN0002876,플러스,-26145.0
2025-12-01,e-영업2,(제휴 최저가 자동 쿠폰)36340원 할인,NCPN0003634,플러스,-33036.0
2025-12-01,e-영업1,(제휴 최저가 자동 쿠폰)19910원 할인,NCPN0001991,플러스,-36200.0
2025-12-01,e-영업1,(제휴 최저가 자동 쿠폰)35080원 할인,NCPN0003508,플러스,-63782.0
2025-12-01,e-영업1,[제휴쿠폰] [WINTER WEEKEND] 플러스 7% 쿠폰,CPN1540955,플러스,-64864.0
2025-12-01,e-영업2,[제휴쿠폰] [블랙프라이데이] 플러스쿠폰 10%,CPN1532690,플러스,-97818.0
2025-12-01,e-영업1,[제휴쿠폰] [블랙프라이데이] 플러스쿠폰 10%,CPN1532690,플러스,-201209.0
2026-01-01,e-영업2,[제휴쿠폰] [OUTLET] 티톤브로스 10% 일반쿠폰,CPN1547325,일반,-21391.0
2026-01-01,e-영업2,[제휴쿠폰][OUTLET] 남녀 위클리 베스트 13% 일반쿠폰,CPN1563762,일반,-21427.0
2026-01-01,e-영업2,[제휴쿠폰][OUTLET WOMEN] 여성 전체 통합 13% 일반쿠폰,CPN1493287,일반,-66100.0
2026-01-01,e-영업2,"[제휴쿠폰][OUTLET] 프리미엄 아울렛, 여성 선물 추천! 13%쿠폰",CPN1563767,일반,-95800.0
2026-01-01,e-영업2,[제휴쿠폰][OUTLET] 오직 72시간만 열리는 72마켓 12% 쿠폰,CPN1570566,일반,-120309.0
2026-01-01,e-영업2,[제휴쿠폰][OUTLET] 아울렛 WINTER AWARDS 13%일반쿠폰,CPN1563769,일반,-122945.0
2026-01-01,e-영업2,[제휴쿠폰][OUTLET] YEAR END SEASON OFF 13%쿠폰,CPN1554882,일반,-131536.0
2026-01-01,e-영업2,[제휴쿠폰][OUTLET] MERRY-아울렛MAS 라스트핫딜! 13%쿠폰,CPN1570569,일반,-1875109.0
2026-01-01,e-영업2,[제휴쿠폰][OUTLET]WEEKLY BEST 100 13% 일반쿠폰,CPN1570567,일반,-1981036.0
2026-01-01,e-영업2,[제휴전용] 9%추가할인 (이월 여성),CPN409202,플러스,8380091.0
2026-01-01,e-영업2,[제휴전용] 10%추가할인 (이월 ACC),CPN383518,플러스,8174691.0
2026-01-01,e-영업2,[제휴전용] 7%추가할인 (이월 여성),CPN409201,플러스,7691727.0
2026-01-01,e-영업2,[제휴전용] 7%추가할인 (이월 남성),CPN409203,플러스,6710527.0
2026-01-01,e-영업2,[제휴전용] 9%추가할인 (이월 남성),CPN409204,플러스,5980864.0
2026-01-01,e-영업3,네이버쇼핑 추가할인 (e-명품_대상: 입점업체),CPN407983,플러스,5301336.0
2026-01-01,e-영업2,[제휴전용] 8%추가할인 (이월 골프),CPN383905,플러스,1805464.0
2026-01-01,e-영업2,[제휴전용] 8%추가할인 (이월 슈즈),CPN384029,플러스,1361300.0
2026-01-01,e-영업2,[제휴전용] 8% 추가할인 (이월 골프),CPN514212,플러스,1358900.0
2026-01-01,e-영업1,(제휴 최저가 자동 쿠폰)92910원 할인,NCPN0009291,플러스,1013564.0
2026-01-01,e-영업2,(제휴 최저가 자동 쿠폰)25100원 할인,NCPN0002510,플러스,889909.0
2026-01-01,e-영업2,(제휴 최저가 자동 쿠폰)17020원 할인,NCPN0001702,플러스,866473.0
2026-01-01,e-영업2,[제휴할인] 5%추가할인 (이월 남성),CPN383907,플러스,629536.0
2026-01-01,e-영업2,(제휴 최저가 자동 쿠폰)21520원 할인,NCPN0002152,플러스,606473.0
2026-01-01,e-영업2,[제휴쿠폰][윈터슈퍼세일] 10% 플러스쿠폰,CPN1598837,플러스,494418.0
2026-01-01,e-영업2,(제휴 최저가 자동 쿠폰)16690원 할인,NCPN0001669,플러스,470355.0
2026-01-01,e-영업1,(제휴 최저가 자동 쿠폰)31710원 할인,NCPN0003171,플러스,461236.0
2026-01-01,e-영업2,(제휴 최저가 자동 쿠폰)17750원 할인,NCPN0001775,플러스,419545.0
2026-01-01,e-영업2,(제휴 최저가 자동 쿠폰)16120원 할인,NCPN0001612,플러스,395673.0
2026-01-01,e-영업1,(제휴 최저가 자동 쿠폰)13170원 할인,NCPN0001317,플러스,395100.0
2026-01-01,e-영업2,(제휴 최저가 자동 쿠폰)23690원 할인,NCPN0002369,플러스,366118.0
2026-01-01,e-영업1,(제휴 최저가 자동 쿠폰)34170원 할인,NCPN0003417,플러스,341700.0
2026-01-01,e-영업2,(제휴 최저가 자동 쿠폰)40510원 할인,NCPN0004051,플러스,331445.0
2026-01-01,e-영업2,[제휴전용] 5%추가할인 (이월 스포츠),CPN425515,플러스,319336.0
2026-01-01,e-영업2,(제휴 최저가 자동 쿠폰)15650원 할인,NCPN0001565,플러스,298773.0
2026-01-01,e-영업2,(제휴 최저가 자동 쿠폰)13620원 할인,NCPN0001362,플러스,272400.0
2026-01-01,e-영업2,(제휴 최저가 자동 쿠폰)19630원 할인,NCPN0001963,플러스,267682.0
2026-01-01,e-영업1,[제휴쿠폰][윈터슈퍼세일] 10% 플러스쿠폰,CPN1598837,플러스,262782.0
2026-01-01,e-영업2,[제휴전용] 4%추가할인 (이월 여성),CPN384742,플러스,241973.0
2026-01-01,e-영업1,(제휴 최저가 자동 쿠폰)26000원 할인,NCPN0002600,플러스,236364.0
2026-01-01,e-영업1,(제휴 최저가 자동 쿠폰)52370원 할인,NCPN0005237,플러스,190436.0
2026-01-01,e-영업2,(제휴 최저가 자동 쿠폰)15220원 할인,NCPN0001522,플러스,166036.0
2026-01-01,e-영업1,(제휴 최저가 자동 쿠폰)44380원 할인,NCPN0004438,플러스,161382.0
2026-01-01,e-영업2,(제휴 최저가 자동 쿠폰)17700원 할인,NCPN0001770,플러스,144818.0
2026-01-01,e-영업2,(제휴 최저가 자동 쿠폰)19810원 할인,NCPN0001981,플러스,144073.0
2026-01-01,e-영업2,(제휴 최저가 자동 쿠폰)15040원 할인,NCPN0001504,플러스,136727.0
2026-01-01,e-영업2,(제휴 최저가 자동 쿠폰)11450원 할인,NCPN0001145,플러스,135318.0
2026-01-01,e-영업2,(제휴 최저가 자동 쿠폰)12330원 할인,NCPN0001233,플러스,134509.0
2026-01-01,e-영업2,(제휴 최저가 자동 쿠폰)45940원 할인,NCPN0004594,플러스,125291.0
2026-01-01,e-영업2,(제휴 최저가 자동 쿠폰)34170원 할인,NCPN0003417,플러스,124255.0
2026-01-01,e-영업2,(제휴 최저가 자동 쿠폰)34130원 할인,NCPN0003413,플러스,124109.0
2026-01-01,e-영업2,(제휴 최저가 자동 쿠폰)15060원 할인,NCPN0001506,플러스,123218.0
2026-01-01,e-영업2,(제휴 최저가 자동 쿠폰)19590원 할인,NCPN0001959,플러스,106855.0
2026-01-01,e-영업1,(제휴 최저가 자동 쿠폰)8830원 할인,NCPN0000883,플러스,96327.0
2026-01-01,e-영업2,(제휴 최저가 자동 쿠폰)8830원 할인,NCPN0000883,플러스,96327.0
2026-01-01,e-영업2,(제휴 최저가 자동 쿠폰)20710원 할인,NCPN0002071,플러스,94136.0
2026-01-01,e-영업2,(제휴 최저가 자동 쿠폰)16600원 할인,NCPN0001660,플러스,90545.0
2026-01-01,e-영업2,[제휴쿠폰][L+DAY] 10% 플러스 쿠폰 (최대 3만원 할인),CPN1590220,플러스,88064.0
2026-01-01,e-영업1,(제휴 최저가 자동 쿠폰)45460원 할인,NCPN0004546,플러스,82655.0
2026-01-01,e-영업2,(제휴 최저가 자동 쿠폰)12430원 할인,NCPN0001243,플러스,79100.0
2026-01-01,e-영업2,(제휴 최저가 자동 쿠폰)17360원 할인,NCPN0001736,플러스,78909.0
2026-01-01,e-영업2,(제휴 최저가 자동 쿠폰)3290원 할인,NCPN0000329,플러스,77764.0
2026-01-01,e-영업2,(제휴 최저가 자동 쿠폰)27830원 할인,NCPN0002783,플러스,75900.0
2026-01-01,e-영업2,(제휴 최저가 자동 쿠폰)27730원 할인,NCPN0002773,플러스,75627.0
2026-01-01,e-영업2,(제휴 최저가 자동 쿠폰)26660원 할인,NCPN0002666,플러스,72709.0
2026-01-01,e-영업1,(제휴 최저가 자동 쿠폰)15810원 할인,NCPN0001581,플러스,71864.0
2026-01-01,e-영업1,(제휴 최저가 자동 쿠폰)26320원 할인,NCPN0002632,플러스,71782.0
2026-01-01,e-영업1,(제휴 최저가 자동 쿠폰)8730원 할인,NCPN0000873,플러스,71427.0
2026-01-01,e-영업1,[제휴쿠폰][L+DAY] 10% 플러스 쿠폰 (최대 3만원 할인),CPN1590220,플러스,68709.0
2026-01-01,e-영업2,(제휴 최저가 자동 쿠폰)10740원 할인,NCPN0001074,플러스,68345.0
2026-01-01,e-영업2,(제휴 최저가 자동 쿠폰)24960원 할인,NCPN0002496,플러스,68073.0
2026-01-01,e-영업2,(제휴 최저가 자동 쿠폰)10630원 할인,NCPN0001063,플러스,67645.0
2026-01-01,e-영업1,(제휴 최저가 자동 쿠폰)6130원 할인,NCPN0000613,플러스,66873.0
2026-01-01,e-영업2,(제휴 최저가 자동 쿠폰)73450원 할인,NCPN0007345,플러스,66773.0
2026-01-01,e-영업1,(제휴 최저가 자동 쿠폰)14570원 할인,NCPN0001457,플러스,66227.0
2026-01-01,e-영업2,(제휴 최저가 자동 쿠폰)14320원 할인,NCPN0001432,플러스,65091.0
2026-01-01,e-영업1,(제휴 최저가 자동 쿠폰)11770원 할인,NCPN0001177,플러스,64200.0
2026-01-01,e-영업2,(제휴 최저가 자동 쿠폰)13740원 할인,NCPN0001374,플러스,62455.0
2026-01-01,e-영업2,(제휴 최저가 자동 쿠폰)13430원 할인,NCPN0001343,플러스,61045.0
2026-01-01,e-영업1,[제휴쿠폰] [WEEKEND SALE] 플러스 5% 쿠폰,CPN1577514,플러스,59873.0
2026-01-01,e-영업1,(제휴 최저가 자동 쿠폰)21890원 할인,NCPN0002189,플러스,59700.0
2026-01-01,e-영업2,(제휴 최저가 자동 쿠폰)21490원 할인,NCPN0002149,플러스,58609.0
2026-01-01,e-영업2,(제휴 최저가 자동 쿠폰)7030원 할인,NCPN0000703,플러스,57518.0
2026-01-01,e-영업1,(제휴 최저가 자동 쿠폰)20130원 할인,NCPN0002013,플러스,54900.0
2026-01-01,e-영업2,(제휴 최저가 자동 쿠폰)19560원 할인,NCPN0001956,플러스,53345.0
2026-01-01,e-영업2,(제휴 최저가 자동 쿠폰)28020원 할인,NCPN0002802,플러스,50945.0
2026-01-01,e-영업1,(제휴 최저가 자동 쿠폰)9040원 할인,NCPN0000904,플러스,49309.0
2026-01-01,e-영업1,(제휴 최저가 자동 쿠폰)27070원 할인,NCPN0002707,플러스,49218.0
2026-01-01,e-영업2,(제휴 최저가 자동 쿠폰)26830원 할인,NCPN0002683,플러스,48782.0
2026-01-01,e-영업1,(제휴 최저가 자동 쿠폰)53640원 할인,NCPN0005364,플러스,48764.0
2026-01-01,e-영업2,(제휴 최저가 자동 쿠폰)53560원 할인,NCPN0005356,플러스,48691.0
2026-01-01,e-영업2,(제휴 최저가 자동 쿠폰)26280원 할인,NCPN0002628,플러스,47782.0
2026-01-01,e-영업1,(제휴 최저가 자동 쿠폰)17360원 할인,NCPN0001736,플러스,47345.0
2026-01-01,e-영업2,(제휴 최저가 자동 쿠폰)12890원 할인,NCPN0001289,플러스,46873.0
2026-01-01,e-영업2,(제휴 최저가 자동 쿠폰)16860원 할인,NCPN0001686,플러스,45982.0
2026-01-01,e-영업2,(제휴 최저가 자동 쿠폰)50250원 할인,NCPN0005025,플러스,45682.0
2026-01-01,e-영업2,(제휴 최저가 자동 쿠폰)9780원 할인,NCPN0000978,플러스,44455.0
2026-01-01,e-영업2,(제휴 최저가 자동 쿠폰)3750원 할인,NCPN0000375,플러스,44318.0
2026-01-01,e-영업2,(제휴 최저가 자동 쿠폰)9730원 할인,NCPN0000973,플러스,44227.0
2026-01-01,e-영업2,(제휴 최저가 자동 쿠폰)12160원 할인,NCPN0001216,플러스,44218.0
2026-01-01,e-영업1,(제휴 최저가 자동 쿠폰)15790원 할인,NCPN0001579,플러스,43064.0
2026-01-01,e-영업2,[제휴쿠폰][윈터슈퍼세일] 6% 플러스쿠폰,CPN1598835,플러스,41318.0
2026-01-01,e-영업2,(제휴 최저가 자동 쿠폰)22610원 할인,NCPN0002261,플러스,41109.0
2026-01-01,e-영업2,(제휴 최저가 자동 쿠폰)22570원 할인,NCPN0002257,플러스,41036.0
2026-01-01,e-영업2,(제휴 최저가 자동 쿠폰)44380원 할인,NCPN0004438,플러스,40345.0
2026-01-01,e-영업2,(제휴 최저가 자동 쿠폰)8870원 할인,NCPN0000887,플러스,40318.0
2026-01-01,e-영업2,[제휴쿠폰] [WEEKEND SALE] 플러스 5% 쿠폰,CPN1577514,플러스,40309.0
2026-01-01,e-영업2,(제휴 최저가 자동 쿠폰)10990원 할인,NCPN0001099,플러스,39964.0
2026-01-01,e-영업2,(제휴 최저가 자동 쿠폰)7130원 할인,NCPN0000713,플러스,38891.0
2026-01-01,e-영업2,(제휴 최저가 자동 쿠폰)10650원 할인,NCPN0001065,플러스,38727.0
2026-01-01,e-영업2,(제휴 최저가 자동 쿠폰)14120원 할인,NCPN0001412,플러스,38509.0
2026-01-01,e-영업1,(제휴 최저가 자동 쿠폰)41420원 할인,NCPN0004142,플러스,37655.0
2026-01-01,e-영업2,(제휴 최저가 자동 쿠폰)41230원 할인,NCPN0004123,플러스,37482.0
2026-01-01,e-영업2,(제휴 최저가 자동 쿠폰)10090원 할인,NCPN0001009,플러스,36691.0
2026-01-01,e-영업1,[제휴쿠폰][윈터슈퍼세일] 6% 플러스쿠폰,CPN1598835,플러스,36364.0
2026-01-01,e-영업2,(제휴 최저가 자동 쿠폰)9950원 할인,NCPN0000995,플러스,36182.0
2026-01-01,e-영업1,(제휴 최저가 자동 쿠폰)19560원 할인,NCPN0001956,플러스,35564.0
2026-01-01,e-영업2,(제휴 최저가 자동 쿠폰)19350원 할인,NCPN0001935,플러스,35182.0
2026-01-01,e-영업2,(제휴 최저가 자동 쿠폰)18640원 할인,NCPN0001864,플러스,33891.0
2026-01-01,e-영업2,(제휴 최저가 자동 쿠폰)18480원 할인,NCPN0001848,플러스,33600.0
2026-01-01,e-영업1,(제휴 최저가 자동 쿠폰)18410원 할인,NCPN0001841,플러스,33473.0
2026-01-01,e-영업2,(제휴 최저가 자동 쿠폰)36780원 할인,NCPN0003678,플러스,33436.0
2026-01-01,e-영업2,(제휴 최저가 자동 쿠폰)36700원 할인,NCPN0003670,플러스,33364.0
2026-01-01,e-영업1,[제휴쿠폰][WEEKEND SALE] 플러스 5% 쿠폰,CPN1605705,플러스,32818.0
2026-01-01,e-영업2,(제휴 최저가 자동 쿠폰)8920원 할인,NCPN0000892,플러스,32436.0
2026-01-01,e-영업2,(제휴 최저가 자동 쿠폰)17600원 할인,NCPN0001760,플러스,32000.0
2026-01-01,e-영업2,(제휴 최저가 자동 쿠폰)17560원 할인,NCPN0001756,플러스,31927.0
2026-01-01,e-영업2,(제휴 최저가 자동 쿠폰)34120원 할인,NCPN0003412,플러스,31018.0
2026-01-01,e-영업2,(제휴 최저가 자동 쿠폰)33780원 할인,NCPN0003378,플러스,30709.0
2026-01-01,e-영업2,(제휴 최저가 자동 쿠폰)33470원 할인,NCPN0003347,플러스,30427.0
2026-01-01,e-영업2,(제휴 최저가 자동 쿠폰)33300원 할인,NCPN0003330,플러스,30273.0
2026-01-01,e-영업1,(제휴 최저가 자동 쿠폰)33090원 할인,NCPN0003309,플러스,30082.0
2026-01-01,e-영업2,(제휴 최저가 자동 쿠폰)11030원 할인,NCPN0001103,플러스,30082.0
2026-01-01,e-영업1,(제휴 최저가 자동 쿠폰)4720원 할인,NCPN0000472,플러스,30036.0
2026-01-01,e-영업1,(제휴 최저가 자동 쿠폰)8240원 할인,NCPN0000824,플러스,29964.0
2026-01-01,e-영업1,(제휴 최저가 자동 쿠폰)16420원 할인,NCPN0001642,플러스,29855.0
2026-01-01,e-영업1,(제휴 최저가 자동 쿠폰)10820원 할인,NCPN0001082,플러스,29509.0
2026-01-01,e-영업2,(제휴 최저가 자동 쿠폰)7930원 할인,NCPN0000793,플러스,28836.0
2026-01-01,e-영업2,(제휴 최저가 자동 쿠폰)15810원 할인,NCPN0001581,플러스,28745.0
2026-01-01,e-영업2,(제휴 최저가 자동 쿠폰)31330원 할인,NCPN0003133,플러스,28482.0
2026-01-01,e-영업2,(제휴 최저가 자동 쿠폰)6090원 할인,NCPN0000609,플러스,27682.0
2026-01-01,e-영업1,(제휴 최저가 자동 쿠폰)7500원 할인,NCPN0000750,플러스,27273.0
2026-01-01,e-영업1,(제휴 최저가 자동 쿠폰)29970원 할인,NCPN0002997,플러스,27245.0
2026-01-01,e-영업2,(제휴 최저가 자동 쿠폰)29970원 할인,NCPN0002997,플러스,27245.0
2026-01-01,e-영업2,(제휴 최저가 자동 쿠폰)5890원 할인,NCPN0000589,플러스,26773.0
2026-01-01,e-영업2,(제휴 최저가 자동 쿠폰)14690원 할인,NCPN0001469,플러스,26709.0
2026-01-01,e-영업1,(제휴 최저가 자동 쿠폰)29140원 할인,NCPN0002914,플러스,26491.0
2026-01-01,e-영업2,(제휴 최저가 자동 쿠폰)9670원 할인,NCPN0000967,플러스,26373.0
2026-01-01,e-영업1,(제휴 최저가 자동 쿠폰)28760원 할인,NCPN0002876,플러스,26145.0
2026-01-01,e-영업2,(제휴 최저가 자동 쿠폰)28010원 할인,NCPN0002801,플러스,25464.0
2026-01-01,e-영업1,(제휴 최저가 자동 쿠폰)27800원 할인,NCPN0002780,플러스,25273.0
2026-01-01,e-영업1,(제휴 최저가 자동 쿠폰)27550원 할인,NCPN0002755,플러스,25045.0
2026-01-01,e-영업2,(제휴 최저가 자동 쿠폰)13110원 할인,NCPN0001311,플러스,23836.0
2026-01-01,e-영업1,(제휴 최저가 자동 쿠폰)8680원 할인,NCPN0000868,플러스,23673.0
2026-01-01,e-영업1,(제휴 최저가 자동 쿠폰)25940원 할인,NCPN0002594,플러스,23582.0
2026-01-01,e-영업2,(제휴 최저가 자동 쿠폰)25850원 할인,NCPN0002585,플러스,23500.0
2026-01-01,e-영업2,(제휴 최저가 자동 쿠폰)12770원 할인,NCPN0001277,플러스,23218.0
2026-01-01,e-영업2,(제휴 최저가 자동 쿠폰)12650원 할인,NCPN0001265,플러스,23000.0
2026-01-01,e-영업1,(제휴 최저가 자동 쿠폰)12640원 할인,NCPN0001264,플러스,22982.0
2026-01-01,e-영업1,(제휴 최저가 자동 쿠폰)25100원 할인,NCPN0002510,플러스,22818.0
2026-01-01,e-영업1,(제휴 최저가 자동 쿠폰)12430원 할인,NCPN0001243,플러스,22600.0
2026-01-01,e-영업2,(제휴 최저가 자동 쿠폰)12270원 할인,NCPN0001227,플러스,22309.0
2026-01-01,e-영업1,(제휴 최저가 자동 쿠폰)8100원 할인,NCPN0000810,플러스,22091.0
2026-01-01,e-영업1,(제휴 최저가 자동 쿠폰)24170원 할인,NCPN0002417,플러스,21973.0
2026-01-01,e-영업2,(제휴 최저가 자동 쿠폰)24170원 할인,NCPN0002417,플러스,21973.0
2026-01-01,e-영업2,(제휴 최저가 자동 쿠폰)23510원 할인,NCPN0002351,플러스,21373.0
2026-01-01,e-영업2,(제휴 최저가 자동 쿠폰)23350원 할인,NCPN0002335,플러스,21227.0
2026-01-01,e-영업2,(제휴 최저가 자동 쿠폰)23300원 할인,NCPN0002330,플러스,21182.0
2026-01-01,e-영업2,(제휴 최저가 자동 쿠폰)23230원 할인,NCPN0002323,플러스,21118.0
2026-01-01,e-영업2,(제휴 최저가 자동 쿠폰)22850원 할인,NCPN0002285,플러스,20773.0
2026-01-01,e-영업1,(제휴 최저가 자동 쿠폰)22790원 할인,NCPN0002279,플러스,20718.0
2026-01-01,e-영업2,(제휴 최저가 자동 쿠폰)11340원 할인,NCPN0001134,플러스,20618.0
2026-01-01,e-영업1,(제휴 최저가 자동 쿠폰)22610원 할인,NCPN0002261,플러스,20555.0
2026-01-01,e-영업2,(제휴 최저가 자동 쿠폰)22530원 할인,NCPN0002253,플러스,20482.0
2026-01-01,e-영업2,(제휴 최저가 자동 쿠폰)11040원 할인,NCPN0001104,플러스,20073.0
2026-01-01,e-영업1,(제휴 최저가 자동 쿠폰)10930원 할인,NCPN0001093,플러스,19873.0
2026-01-01,e-영업2,(제휴 최저가 자동 쿠폰)7090원 할인,NCPN0000709,플러스,19336.0
2026-01-01,e-영업1,(제휴 최저가 자동 쿠폰)10630원 할인,NCPN0001063,플러스,19327.0
2026-01-01,e-영업2,(제휴 최저가 자동 쿠폰)20830원 할인,NCPN0002083,플러스,18936.0
2026-01-01,e-영업2,(제휴 최저가 자동 쿠폰)20520원 할인,NCPN0002052,플러스,18655.0
2026-01-01,e-영업1,(제휴 최저가 자동 쿠폰)20440원 할인,NCPN0002044,플러스,18582.0
2026-01-01,e-영업2,(제휴 최저가 자동 쿠폰)20430원 할인,NCPN0002043,플러스,18573.0
2026-01-01,e-영업2,(제휴 최저가 자동 쿠폰)10210원 할인,NCPN0001021,플러스,18564.0
2026-01-01,e-영업1,[제휴쿠폰] [WEEKEND SALE] 플러스 5% 쿠폰,CPN1592666,플러스,18545.0
2026-01-01,e-영업1,(제휴 최저가 자동 쿠폰)20000원 할인,NCPN0002000,플러스,18182.0
2026-01-01,e-영업2,(제휴 최저가 자동 쿠폰)20000원 할인,NCPN0002000,플러스,18182.0
2026-01-01,e-영업2,(제휴 최저가 자동 쿠폰)19980원 할인,NCPN0001998,플러스,18164.0
2026-01-01,e-영업2,(제휴 최저가 자동 쿠폰)9960원 할인,NCPN0000996,플러스,18109.0
2026-01-01,e-영업1,(제휴 최저가 자동 쿠폰)19910원 할인,NCPN0001991,플러스,18100.0
2026-01-01,e-영업2,(제휴 최저가 자동 쿠폰)19910원 할인,NCPN0001991,플러스,18100.0
2026-01-01,e-영업2,(제휴 최저가 자동 쿠폰)19760원 할인,NCPN0001976,플러스,17964.0
2026-01-01,e-영업2,(제휴 최저가 자동 쿠폰)19360원 할인,NCPN0001936,플러스,17600.0
2026-01-01,e-영업2,(제휴 최저가 자동 쿠폰)19210원 할인,NCPN0001921,플러스,17464.0
2026-01-01,e-영업2,(제휴 최저가 자동 쿠폰)19200원 할인,NCPN0001920,플러스,17455.0
2026-01-01,e-영업2,(제휴 최저가 자동 쿠폰)9430원 할인,NCPN0000943,플러스,17145.0
2026-01-01,e-영업1,(제휴 최저가 자동 쿠폰)18700원 할인,NCPN0001870,플러스,17000.0
2026-01-01,e-영업1,(제휴 최저가 자동 쿠폰)18640원 할인,NCPN0001864,플러스,16945.0
2026-01-01,e-영업2,(제휴 최저가 자동 쿠폰)9270원 할인,NCPN0000927,플러스,16855.0
2026-01-01,e-영업2,(제휴 최저가 자동 쿠폰)18410원 할인,NCPN0001841,플러스,16736.0
2026-01-01,e-영업2,(제휴 최저가 자동 쿠폰)18310원 할인,NCPN0001831,플러스,16645.0
2026-01-01,e-영업2,(제휴 최저가 자동 쿠폰)18280원 할인,NCPN0001828,플러스,16618.0
2026-01-01,e-영업2,(제휴 최저가 자동 쿠폰)9080원 할인,NCPN0000908,플러스,16509.0
2026-01-01,e-영업1,(제휴 최저가 자동 쿠폰)9070원 할인,NCPN0000907,플러스,16491.0
2026-01-01,e-영업2,(제휴 최저가 자동 쿠폰)8980원 할인,NCPN0000898,플러스,16327.0
2026-01-01,e-영업2,(제휴 최저가 자동 쿠폰)17960원 할인,NCPN0001796,플러스,16327.0
2026-01-01,e-영업1,(제휴 최저가 자동 쿠폰)17700원 할인,NCPN0001770,플러스,16091.0
2026-01-01,e-영업1,(제휴 최저가 자동 쿠폰)17450원 할인,NCPN0001745,플러스,15864.0
2026-01-01,e-영업1,(제휴 최저가 자동 쿠폰)17440원 할인,NCPN0001744,플러스,15855.0
2026-01-01,e-영업1,(제휴 최저가 자동 쿠폰)17020원 할인,NCPN0001702,플러스,15473.0
2026-01-01,e-영업1,(제휴 최저가 자동 쿠폰)16950원 할인,NCPN0001695,플러스,15409.0
2026-01-01,e-영업1,(제휴 최저가 자동 쿠폰)16860원 할인,NCPN0001686,플러스,15327.0
2026-01-01,e-영업2,(제휴 최저가 자동 쿠폰)16830원 할인,NCPN0001683,플러스,15300.0
2026-01-01,e-영업1,(제휴 최저가 자동 쿠폰)16710원 할인,NCPN0001671,플러스,15191.0
2026-01-01,e-영업1,(제휴 최저가 자동 쿠폰)16680원 할인,NCPN0001668,플러스,15164.0
2026-01-01,e-영업2,(제휴 최저가 자동 쿠폰)8270원 할인,NCPN0000827,플러스,15036.0
2026-01-01,e-영업2,(제휴 최저가 자동 쿠폰)16360원 할인,NCPN0001636,플러스,14873.0
2026-01-01,e-영업2,(제휴 최저가 자동 쿠폰)8070원 할인,NCPN0000807,플러스,14673.0
2026-01-01,e-영업2,(제휴 최저가 자동 쿠폰)16010원 할인,NCPN0001601,플러스,14555.0
2026-01-01,e-영업2,(제휴 최저가 자동 쿠폰)15790원 할인,NCPN0001579,플러스,14355.0
2026-01-01,e-영업2,(제휴 최저가 자동 쿠폰)15770원 할인,NCPN0001577,플러스,14336.0
2026-01-01,e-영업1,(제휴 최저가 자동 쿠폰)15710원 할인,NCPN0001571,플러스,14282.0
2026-01-01,e-영업1,(제휴 최저가 자동 쿠폰)15510원 할인,NCPN0001551,플러스,14100.0
2026-01-01,e-영업2,(제휴 최저가 자동 쿠폰)15510원 할인,NCPN0001551,플러스,14100.0
2026-01-01,e-영업1,(제휴 최저가 자동 쿠폰)15220원 할인,NCPN0001522,플러스,13836.0
2026-01-01,e-영업2,(제휴 최저가 자동 쿠폰)14910원 할인,NCPN0001491,플러스,13555.0
2026-01-01,e-영업2,(제휴 최저가 자동 쿠폰)3720원 할인,NCPN0000372,플러스,13527.0
2026-01-01,e-영업2,(제휴 최저가 자동 쿠폰)14770원 할인,NCPN0001477,플러스,13427.0
2026-01-01,e-영업1,(제휴 최저가 자동 쿠폰)14710원 할인,NCPN0001471,플러스,13373.0
2026-01-01,e-영업2,(제휴 최저가 자동 쿠폰)14710원 할인,NCPN0001471,플러스,13373.0
2026-01-01,e-영업1,(제휴 최저가 자동 쿠폰)7310원 할인,NCPN0000731,플러스,13291.0
2026-01-01,e-영업2,(제휴 최저가 자동 쿠폰)14570원 할인,NCPN0001457,플러스,13245.0
2026-01-01,e-영업2,(제휴 최저가 자동 쿠폰)14510원 할인,NCPN0001451,플러스,13191.0
2026-01-01,e-영업1,(제휴 최저가 자동 쿠폰)14370원 할인,NCPN0001437,플러스,13064.0
2026-01-01,e-영업1,(제휴 최저가 자동 쿠폰)14310원 할인,NCPN0001431,플러스,13009.0
2026-01-01,e-영업2,(제휴 최저가 자동 쿠폰)14200원 할인,NCPN0001420,플러스,12909.0
2026-01-01,e-영업2,(제휴 최저가 자동 쿠폰)14030원 할인,NCPN0001403,플러스,12755.0
2026-01-01,e-영업1,(제휴 최저가 자동 쿠폰)13970원 할인,NCPN0001397,플러스,12700.0
2026-01-01,e-영업2,(제휴 최저가 자동 쿠폰)13970원 할인,NCPN0001397,플러스,12700.0
2026-01-01,e-영업1,(제휴 최저가 자동 쿠폰)13700원 할인,NCPN0001370,플러스,12455.0
2026-01-01,e-영업1,(제휴 최저가 자동 쿠폰)13620원 할인,NCPN0001362,플러스,12382.0
2026-01-01,e-영업2,(제휴 최저가 자동 쿠폰)13480원 할인,NCPN0001348,플러스,12255.0
2026-01-01,e-영업1,(제휴 최저가 자동 쿠폰)6640원 할인,NCPN0000664,플러스,12073.0
2026-01-01,e-영업2,[제휴쿠폰] [WEEKEND SALE] 플러스 5% 쿠폰,CPN1592666,플러스,12009.0
2026-01-01,e-영업4,[블랙앤화이트 외부 고객 10% 플러스할인쿠폰],CPN1584047,플러스,12000.0
2026-01-01,e-영업2,(제휴 최저가 자동 쿠폰)12860원 할인,NCPN0001286,플러스,11691.0
2026-01-01,e-영업1,(제휴 최저가 자동 쿠폰)6330원 할인,NCPN0000633,플러스,11509.0
2026-01-01,e-영업2,(제휴 최저가 자동 쿠폰)12660원 할인,NCPN0001266,플러스,11509.0
2026-01-01,e-영업1,(제휴 최저가 자동 쿠폰)12650원 할인,NCPN0001265,플러스,11500.0
2026-01-01,e-영업2,[제휴쿠폰] [WEEKEND SALE] 플러스 5% 쿠폰,CPN1585934,플러스,11418.0
2026-01-01,e-영업2,(제휴 최저가 자동 쿠폰)6220원 할인,NCPN0000622,플러스,11309.0
2026-01-01,e-영업2,[제휴쿠폰][WEEKEND SALE] 플러스 5% 쿠폰,CPN1605705,플러스,11264.0
2026-01-01,e-영업1,(제휴 최저가 자동 쿠폰)4110원 할인,NCPN0000411,플러스,11209.0
2026-01-01,e-영업2,(제휴 최저가 자동 쿠폰)12300원 할인,NCPN0001230,플러스,11182.0
2026-01-01,e-영업2,(제휴 최저가 자동 쿠폰)12230원 할인,NCPN0001223,플러스,11118.0
2026-01-01,e-영업2,(제휴 최저가 자동 쿠폰)12080원 할인,NCPN0001208,플러스,10982.0
2026-01-01,e-영업2,(제휴 최저가 자동 쿠폰)11950원 할인,NCPN0001195,플러스,10864.0
2026-01-01,e-영업2,(제휴 최저가 자동 쿠폰)5950원 할인,NCPN0000595,플러스,10818.0
2026-01-01,e-영업2,(제휴 최저가 자동 쿠폰)11770원 할인,NCPN0001177,플러스,10700.0
2026-01-01,e-영업1,(제휴 최저가 자동 쿠폰)11490원 할인,NCPN0001149,플러스,10445.0
2026-01-01,e-영업2,(제휴 최저가 자동 쿠폰)11010원 할인,NCPN0001101,플러스,10009.0
2026-01-01,e-영업1,(제휴 최저가 자동 쿠폰)11000원 할인,NCPN0001100,플러스,10000.0
2026-01-01,e-영업2,(제휴 최저가 자동 쿠폰)10820원 할인,NCPN0001082,플러스,9836.0
2026-01-01,e-영업2,(제휴 최저가 자동 쿠폰)10760원 할인,NCPN0001076,플러스,9782.0
2026-01-01,e-영업2,(제휴 최저가 자동 쿠폰)10730원 할인,NCPN0001073,플러스,9755.0
2026-01-01,e-영업1,(제휴 최저가 자동 쿠폰)3570원 할인,NCPN0000357,플러스,9736.0
2026-01-01,e-영업1,[제휴쿠폰][L+DAY] 7% 플러스 쿠폰 (최대 3만원 할인),CPN1590223,플러스,9691.0
2026-01-01,e-영업2,(제휴 최저가 자동 쿠폰)5310원 할인,NCPN0000531,플러스,9655.0
2026-01-01,e-영업1,[제휴쿠폰] [WEEKEND SALE] 플러스 5% 쿠폰,CPN1585934,플러스,9309.0
2026-01-01,e-영업1,(제휴 최저가 자동 쿠폰)10110원 할인,NCPN0001011,플러스,9191.0
2026-01-01,e-영업2,(제휴 최저가 자동 쿠폰)10070원 할인,NCPN0001007,플러스,9155.0
2026-01-01,e-영업1,(제휴 최저가 자동 쿠폰)10040원 할인,NCPN0001004,플러스,9127.0
2026-01-01,e-영업2,(제휴 최저가 자동 쿠폰)10000원 할인,NCPN0001000,플러스,9091.0
2026-01-01,e-영업2,(제휴 최저가 자동 쿠폰)9970원 할인,NCPN0000997,플러스,9064.0
2026-01-01,e-영업1,(제휴 최저가 자동 쿠폰)9900원 할인,NCPN0000990,플러스,9000.0
2026-01-01,e-영업1,(제휴 최저가 자동 쿠폰)9710원 할인,NCPN0000971,플러스,8827.0
2026-01-01,e-영업2,(제휴 최저가 자동 쿠폰)9700원 할인,NCPN0000970,플러스,8818.0
2026-01-01,e-영업1,(제휴 최저가 자동 쿠폰)9430원 할인,NCPN0000943,플러스,8573.0
2026-01-01,e-영업2,(제휴 최저가 자동 쿠폰)9410원 할인,NCPN0000941,플러스,8555.0
2026-01-01,e-영업1,(제휴 최저가 자동 쿠폰)9270원 할인,NCPN0000927,플러스,8427.0
2026-01-01,e-영업1,(제휴 최저가 자동 쿠폰)9170원 할인,NCPN0000917,플러스,8336.0
2026-01-01,e-영업2,(제휴 최저가 자동 쿠폰)9170원 할인,NCPN0000917,플러스,8336.0
2026-01-01,e-영업2,(제휴 최저가 자동 쿠폰)9040원 할인,NCPN0000904,플러스,8218.0
2026-01-01,e-영업2,(제휴 최저가 자동 쿠폰)9020원 할인,NCPN0000902,플러스,8200.0
2026-01-01,e-영업2,(제휴 최저가 자동 쿠폰)9010원 할인,NCPN0000901,플러스,8191.0
2026-01-01,e-영업1,(제휴 최저가 자동 쿠폰)8990원 할인,NCPN0000899,플러스,8173.0
2026-01-01,e-영업2,(제휴 최저가 자동 쿠폰)8990원 할인,NCPN0000899,플러스,8173.0
2026-01-01,e-영업2,(제휴 최저가 자동 쿠폰)8960원 할인,NCPN0000896,플러스,8145.0
2026-01-01,e-영업2,(제휴 최저가 자동 쿠폰)4470원 할인,NCPN0000447,플러스,8127.0
2026-01-01,e-영업2,(제휴 최저가 자동 쿠폰)8730원 할인,NCPN0000873,플러스,7936.0
2026-01-01,e-영업1,(제휴 최저가 자동 쿠폰)8590원 할인,NCPN0000859,플러스,7809.0
2026-01-01,e-영업2,(제휴 최저가 자동 쿠폰)8550원 할인,NCPN0000855,플러스,7773.0
2026-01-01,e-영업1,(제휴 최저가 자동 쿠폰)8510원 할인,NCPN0000851,플러스,7736.0
2026-01-01,e-영업1,(제휴 최저가 자동 쿠폰)8270원 할인,NCPN0000827,플러스,7518.0
2026-01-01,e-영업2,(제휴 최저가 자동 쿠폰)8240원 할인,NCPN0000824,플러스,7491.0
2026-01-01,e-영업2,(제휴 최저가 자동 쿠폰)4110원 할인,NCPN0000411,플러스,7473.0
2026-01-01,e-영업1,(제휴 최저가 자동 쿠폰)8090원 할인,NCPN0000809,플러스,7355.0
2026-01-01,e-영업2,(제휴 최저가 자동 쿠폰)8050원 할인,NCPN0000805,플러스,7318.0
2026-01-01,e-영업2,(제휴 최저가 자동 쿠폰)8020원 할인,NCPN0000802,플러스,7291.0
2026-01-01,e-영업1,(제휴 최저가 자동 쿠폰)7930원 할인,NCPN0000793,플러스,7209.0
2026-01-01,e-영업1,(제휴 최저가 자동 쿠폰)3720원 할인,NCPN0000372,플러스,6764.0
2026-01-01,e-영업1,(제휴 최저가 자동 쿠폰)7240원 할인,NCPN0000724,플러스,6582.0
2026-01-01,e-영업2,(제휴 최저가 자동 쿠폰)7150원 할인,NCPN0000715,플러스,6500.0
2026-01-01,e-영업1,(제휴 최저가 자동 쿠폰)7130원 할인,NCPN0000713,플러스,6482.0
2026-01-01,e-영업1,(제휴 최저가 자동 쿠폰)7090원 할인,NCPN0000709,플러스,6445.0
2026-01-01,e-영업1,(제휴 최저가 자동 쿠폰)7050원 할인,NCPN0000705,플러스,6409.0
2026-01-01,e-영업1,(제휴 최저가 자동 쿠폰)2280원 할인,NCPN0000228,플러스,6218.0
2026-01-01,e-영업2,(제휴 최저가 자동 쿠폰)3410원 할인,NCPN0000341,플러스,6200.0
2026-01-01,e-영업1,(제휴 최저가 자동 쿠폰)6790원 할인,NCPN0000679,플러스,6173.0
2026-01-01,e-영업2,(제휴 최저가 자동 쿠폰)6560원 할인,NCPN0000656,플러스,5964.0
2026-01-01,e-영업1,(제휴 최저가 자동 쿠폰)6440원 할인,NCPN0000644,플러스,5855.0
2026-01-01,e-영업1,(제휴 최저가 자동 쿠폰)6220원 할인,NCPN0000622,플러스,5655.0
2026-01-01,e-영업2,(제휴 최저가 자동 쿠폰)6180원 할인,NCPN0000618,플러스,5618.0
2026-01-01,e-영업1,(제휴 최저가 자동 쿠폰)6170원 할인,NCPN0000617,플러스,5609.0
2026-01-01,e-영업1,(제휴 최저가 자동 쿠폰)1200원 할인,NCPN0000120,플러스,5455.0
2026-01-01,e-영업1,(제휴 최저가 자동 쿠폰)5930원 할인,NCPN0000593,플러스,5391.0
2026-01-01,e-영업1,(제휴 최저가 자동 쿠폰)5840원 할인,NCPN0000584,플러스,5309.0
2026-01-01,e-영업1,(제휴 최저가 자동 쿠폰)2810원 할인,NCPN0000281,플러스,5109.0
2026-01-01,e-영업2,(제휴 최저가 자동 쿠폰)2810원 할인,NCPN0000281,플러스,5109.0
2026-01-01,e-영업2,(제휴 최저가 자동 쿠폰)5540원 할인,NCPN0000554,플러스,5036.0
2026-01-01,e-영업2,(제휴 최저가 자동 쿠폰)5330원 할인,NCPN0000533,플러스,4845.0
2026-01-01,e-영업2,(제휴 최저가 자동 쿠폰)5320원 할인,NCPN0000532,플러스,4836.0
2026-01-01,e-영업2,(제휴 최저가 자동 쿠폰)5230원 할인,NCPN0000523,플러스,4755.0
2026-01-01,e-영업1,(제휴 최저가 자동 쿠폰)5080원 할인,NCPN0000508,플러스,4618.0
2026-01-01,e-영업2,(제휴 최저가 자동 쿠폰)5010원 할인,NCPN0000501,플러스,4555.0
2026-01-01,e-영업2,(제휴 최저가 자동 쿠폰)4600원 할인,NCPN0000460,플러스,4182.0
2026-01-01,e-영업1,(제휴 최저가 자동 쿠폰)4590원 할인,NCPN0000459,플러스,4173.0
2026-01-01,e-영업1,(제휴 최저가 자동 쿠폰)4570원 할인,NCPN0000457,플러스,4155.0
2026-01-01,e-영업1,(제휴 최저가 자동 쿠폰)4560원 할인,NCPN0000456,플러스,4145.0
2026-01-01,e-영업1,(제휴 최저가 자동 쿠폰)4540원 할인,NCPN0000454,플러스,4127.0
2026-01-01,e-영업2,(제휴 최저가 자동 쿠폰)4330원 할인,NCPN0000433,플러스,3936.0
2026-01-01,e-영업1,(제휴 최저가 자동 쿠폰)4010원 할인,NCPN0000401,플러스,3645.0
2026-01-01,e-영업2,(제휴 최저가 자동 쿠폰)3570원 할인,NCPN0000357,플러스,3245.0
2026-01-01,e-영업1,(제휴 최저가 자동 쿠폰)1010원 할인,NCPN0000101,플러스,2755.0
2026-01-01,e-영업2,(제휴 최저가 자동 쿠폰)2610원 할인,NCPN0000261,플러스,2373.0
2026-01-01,e-영업1,(제휴 최저가 자동 쿠폰)810원 할인,NCPN0000081,플러스,2209.0
2026-01-01,e-영업2,(제휴 최저가 자동 쿠폰)2410원 할인,NCPN0000241,플러스,2191.0
2026-01-01,e-영업1,(제휴 최저가 자동 쿠폰)1870원 할인,NCPN0000187,플러스,1700.0
2026-01-01,e-영업2,(제휴 최저가 자동 쿠폰)1090원 할인,NCPN0000109,플러스,991.0
2026-01-01,e-영업1,(제휴 최저가 자동 쿠폰)10120원 할인,NCPN0001012,플러스,-9200.0
2026-01-01,e-영업1,[제휴쿠폰] [랭킹세일] 플러스쿠폰 6%,CPN1567732,플러스,-9391.0
2026-01-01,e-영업1,(제휴 최저가 자동 쿠폰)11670원 할인,NCPN0001167,플러스,-10609.0
2026-01-01,e-영업1,[제휴쿠폰] [랭킹세일] 플러스쿠폰 10%,CPN1567729,플러스,-10673.0
2026-01-01,e-영업2,(제휴 최저가 자동 쿠폰)12480원 할인,NCPN0001248,플러스,-11345.0
2026-01-01,e-영업2,(제휴 최저가 자동 쿠폰)13810원 할인,NCPN0001381,플러스,-12555.0
2026-01-01,e-영업2,[제휴쿠폰] [랭킹세일] 플러스쿠폰 6%,CPN1567732,플러스,-19800.0
2026-01-01,e-영업1,(제휴 최저가 자동 쿠폰)34060원 할인,NCPN0003406,플러스,-30964.0
2026-01-01,e-영업2,[제휴쿠폰] [랭킹세일] 플러스쿠폰 10%,CPN1567729,플러스,-135118.0
2026-02-01,e-영업2,[제휴쿠폰][OUTLET] HAZZYS&DAKS FINAL SALE 12,CPN1619187,일반,8145955.0
2026-02-01,e-영업2,[제휴쿠폰][OUTLET MEN] 파이널 클리어런스 13% 쿠폰,CPN1619199,일반,7321536.0
2026-02-01,e-영업2,[제휴쿠폰][OUTLET] FINAL SALE 12% 일반쿠폰,CPN1610384,일반,4076209.0
2026-02-01,e-영업2,[제휴쿠폰][OUTLET WOMEN] 설 맞이 BIG SALE 13%,CPN1619183,일반,3726573.0
2026-02-01,e-영업2,[제휴쿠폰][OUTLET] HAZZYS&DAKS 파이널세일 12%쿠폰,CPN1618221,일반,3002991.0
2026-02-01,e-영업2,[OUTLET BAG&ACC] 반값대전 13% 쿠폰,CPN1610395,일반,2945491.0
2026-02-01,e-영업2,[제휴쿠폰][OUTLETMEN] 마음을 전하는 선물 13% 쿠폰,CPN1610397,일반,2508327.0
2026-02-01,e-영업2,[제휴쿠폰][OUTLET] 설 선물대전 12% 쿠폰,CPN1619197,일반,2035500.0
2026-02-01,e-영업2,[제휴쿠폰][OUTLET] REFRESH WEEK 12% ,CPN1619211,일반,1652391.0
2026-02-01,e-영업2,[제휴쿠폰][OUTLET MEN&WOMEN] 헤지스&닥스 WEEK! 12,CPN1619203,일반,1472545.0
2026-02-01,e-영업2,[제휴쿠폰][OUTLET BAG&ACC] 설레는 설 빅세일 13% 쿠폰,CPN1619195,일반,1295500.0
2026-02-01,e-영업2,[제휴쿠폰] [OUTLET 남성&여성졸업&설 선물 준비 12%쿠폰,CPN1610388,일반,989245.0
2026-02-01,e-영업2,[제휴쿠폰][OUTLET WOMEN] 겨울 추가 SALE 12% 쿠폰,CPN1610389,일반,964418.0
2026-02-01,e-영업2,[제휴쿠폰][OUTLET] 바버 브랜드 위크 12% ,CPN1619206,일반,731955.0
2026-02-01,e-영업2,[제휴쿠폰]OUTLET] 품격 있는 아울렛 설 특가 12%,CPN1618222,일반,705227.0
2026-02-01,e-영업2,[제휴쿠폰] [OUTLET] 바네사브루노 브랜드위크 12%쿠폰,CPN1610387,일반,545218.0
2026-02-01,e-영업2,[제휴쿠폰][아울렛골프] 진심을 담은 프리미엄 기프트 컬렉션 13%,CPN1619198,일반,462191.0
2026-02-01,e-영업2,[제휴쿠폰][OUTLET] 질스튜어트뉴욕 BRAND WEEK 12% 쿠폰,CPN1619191,일반,403736.0
2026-02-01,e-영업2,[제휴쿠폰][OUTLET SHOES] 미리 만나보는 SS시즌 베스트12%,CPN1619204,일반,389027.0
2026-02-01,e-영업2,[제휴쿠폰][OUTLET] 수입 브랜드 페스타 12% ,CPN1619209,일반,349000.0
2026-02-01,e-영업2,[제휴쿠폰][OUTLET] MD가 제안하는 데일리 코디 12% 쿠폰,CPN1619193,일반,325136.0
2026-02-01,e-영업2,"[제휴쿠폰][OUTLET] 슈즈로 전하는 마음, 선물추천 12% 일반쿠폰",CPN1610382,일반,324155.0
2026-02-01,e-영업2,[제휴쿠폰] [OUTLET] 진짜 최종! FW 클리어런스 세일 12%쿠폰,CPN1610386,일반,307273.0
2026-02-01,e-영업2,[제휴쿠폰][OUTLET] REEBOK BRAND WEEK 12% ,CPN1619205,일반,283773.0
2026-02-01,e-영업2,[제휴쿠폰]신규 입고! 프리미엄 아우터 WEEK 12% 쿠폰,CPN1610394,일반,156791.0
2026-02-01,e-영업2,[제휴쿠폰][OUTLET] 수입 아우터 페스타 12% 쿠폰,CPN1610391,일반,135564.0
2026-02-01,e-영업2,[제휴쿠폰][OUTLET] 설렘가득 설 선물 12% 쿠폰,CPN1610396,일반,115264.0
2026-02-01,e-영업2,[제휴쿠폰][OUTLET] WEEKLY BEST 100 12% 쿠폰,CPN1610390,일반,104345.0
2026-02-01,e-영업1,[제휴전용] 12% 할인(IE),CPN703554,일반,81245.0
2026-02-01,e-영업2,[제휴쿠폰][ALLEGRI]알레그리 NEW ITEM SALE 12% 쿠폰,CPN1610398,일반,49964.0
2026-02-01,e-영업2,[제휴쿠폰][OUTLET SHOES] 콜한 데일리 아이템 추천 12%,CPN1619185,일반,10436.0
2026-02-01,e-영업2,[제휴전용] 10%추가할인 (이월 ACC),CPN383518,플러스,8660836.0
2026-02-01,e-영업2,[제휴전용] 9%추가할인 (이월 여성),CPN409202,플러스,7675391.0
2026-02-01,e-영업2,[제휴전용] 9%추가할인 (이월 남성),CPN409204,플러스,7170618.0
2026-02-01,e-영업2,[제휴전용] 7%추가할인 (이월 여성),CPN409201,플러스,6486518.0
2026-02-01,e-영업2,[제휴전용] 7%추가할인 (이월 남성),CPN409203,플러스,2429500.0
2026-02-01,e-영업3,네이버쇼핑 추가할인 (e-명품_대상: 입점업체),CPN407983,플러스,2209118.0
2026-02-01,e-영업2,[제휴전용] 8%추가할인 (이월 골프),CPN383905,플러스,1056082.0
2026-02-01,e-영업2,(제휴 최저가 자동 쿠폰)25100원 할인,NCPN0002510,플러스,958364.0
2026-02-01,e-영업2,[제휴전용] 8% 추가할인 (이월 골프),CPN514212,플러스,951518.0
2026-02-01,e-영업1,(제휴 최저가 자동 쿠폰)92910원 할인,NCPN0009291,플러스,422318.0
2026-02-01,e-영업2,(제휴 최저가 자동 쿠폰)53560원 할인,NCPN0005356,플러스,389527.0
2026-02-01,e-영업2,(제휴 최저가 자동 쿠폰)13430원 할인,NCPN0001343,플러스,378482.0
2026-02-01,e-영업2,[제휴쿠폰][설 맞이] 플러스 10% 쿠폰,CPN1612449,플러스,352473.0
2026-02-01,e-영업2,(제휴 최저가 자동 쿠폰)11340원 할인,NCPN0001134,플러스,350509.0
2026-02-01,e-영업1,(제휴 최저가 자동 쿠폰)52370원 할인,NCPN0005237,플러스,333264.0
2026-02-01,e-영업2,(제휴 최저가 자동 쿠폰)15650원 할인,NCPN0001565,플러스,327227.0
2026-02-01,e-영업2,[제휴쿠폰][브랜드 페스타] 10% 플러스 쿠폰 (최대 3만원),CPN1628002,플러스,293091.0
2026-02-01,e-영업1,(제휴 최저가 자동 쿠폰)14320원 할인,NCPN0001432,플러스,286400.0
2026-02-01,e-영업1,(제휴 최저가 자동 쿠폰)34170원 할인,NCPN0003417,플러스,279573.0
2026-02-01,e-영업2,[제휴전용] 5%추가할인 (이월 스포츠),CPN425515,플러스,276273.0
2026-02-01,e-영업2,(제휴 최저가 자동 쿠폰)21520원 할인,NCPN0002152,플러스,254327.0
2026-02-01,e-영업1,(제휴 최저가 자동 쿠폰)8270원 할인,NCPN0000827,플러스,248100.0
2026-02-01,e-영업2,(제휴 최저가 자동 쿠폰)17020원 할인,NCPN0001702,플러스,232091.0
2026-02-01,e-영업2,(제휴 최저가 자동 쿠폰)17750원 할인,NCPN0001775,플러스,225909.0
2026-02-01,e-영업2,(제휴 최저가 자동 쿠폰)10740원 할인,NCPN0001074,플러스,224564.0
2026-02-01,e-영업2,(제휴 최저가 자동 쿠폰)16120원 할인,NCPN0001612,플러스,205164.0
2026-02-01,e-영업2,(제휴 최저가 자동 쿠폰)34130원 할인,NCPN0003413,플러스,186164.0
2026-02-01,e-영업2,(제휴 최저가 자동 쿠폰)16360원 할인,NCPN0001636,플러스,178473.0
2026-02-01,e-영업1,(제휴 최저가 자동 쿠폰)31800원 할인,NCPN0003180,플러스,173455.0
2026-02-01,e-영업2,(제휴 최저가 자동 쿠폰)11450원 할인,NCPN0001145,플러스,166545.0
2026-02-01,e-영업2,(제휴 최저가 자동 쿠폰)15220원 할인,NCPN0001522,플러스,152200.0
2026-02-01,e-영업2,(제휴 최저가 자동 쿠폰)7120원 할인,NCPN0000712,플러스,148873.0
2026-02-01,e-영업2,[제휴전용] 8%추가할인 (이월 슈즈),CPN384029,플러스,141264.0
2026-02-01,e-영업2,(제휴 최저가 자동 쿠폰)15760원 할인,NCPN0001576,플러스,128945.0
2026-02-01,e-영업1,[제휴쿠폰][설 맞이] 플러스 10% 쿠폰,CPN1612449,플러스,128045.0
2026-02-01,e-영업2,(제휴 최저가 자동 쿠폰)19360원 할인,NCPN0001936,플러스,123200.0
2026-02-01,e-영업1,(제휴 최저가 자동 쿠폰)9040원 할인,NCPN0000904,플러스,115055.0
2026-02-01,e-영업2,(제휴 최저가 자동 쿠폰)12080원 할인,NCPN0001208,플러스,109818.0
2026-02-01,e-영업2,(제휴 최저가 자동 쿠폰)17200원 할인,NCPN0001720,플러스,109455.0
2026-02-01,e-영업2,(제휴 최저가 자동 쿠폰)9080원 할인,NCPN0000908,플러스,107309.0
2026-02-01,e-영업1,(제휴 최저가 자동 쿠폰)38450원 할인,NCPN0003845,플러스,104864.0
2026-02-01,e-영업1,(제휴 최저가 자동 쿠폰)36820원 할인,NCPN0003682,플러스,100418.0
2026-02-01,e-영업2,(제휴 최저가 자동 쿠폰)21490원 할인,NCPN0002149,플러스,97682.0
2026-02-01,e-영업2,(제휴 최저가 자동 쿠폰)33470원 할인,NCPN0003347,플러스,91282.0
2026-02-01,e-영업1,(제휴 최저가 자동 쿠폰)23690원 할인,NCPN0002369,플러스,86145.0
2026-02-01,e-영업2,(제휴 최저가 자동 쿠폰)13110원 할인,NCPN0001311,플러스,83427.0
2026-02-01,e-영업1,(제휴 최저가 자동 쿠폰)22790원 할인,NCPN0002279,플러스,82873.0
2026-02-01,e-영업2,(제휴 최저가 자동 쿠폰)22570원 할인,NCPN0002257,플러스,82073.0
2026-02-01,e-영업2,(제휴 최저가 자동 쿠폰)17560원 할인,NCPN0001756,플러스,79818.0
2026-02-01,e-영업2,(제휴 최저가 자동 쿠폰)43520원 할인,NCPN0004352,플러스,79127.0
2026-02-01,e-영업2,(제휴 최저가 자동 쿠폰)14320원 할인,NCPN0001432,플러스,78109.0
2026-02-01,e-영업2,(제휴 최저가 자동 쿠폰)27830원 할인,NCPN0002783,플러스,75900.0
2026-02-01,e-영업2,(제휴 최저가 자동 쿠폰)27730원 할인,NCPN0002773,플러스,75627.0
2026-02-01,e-영업2,(제휴 최저가 자동 쿠폰)41420원 할인,NCPN0004142,플러스,75309.0
2026-02-01,e-영업2,(제휴 최저가 자동 쿠폰)13620원 할인,NCPN0001362,플러스,74291.0
2026-02-01,e-영업2,(제휴 최저가 자동 쿠폰)16150원 할인,NCPN0001615,플러스,73409.0
2026-02-01,e-영업2,(제휴 최저가 자동 쿠폰)10040원 할인,NCPN0001004,플러스,73018.0
2026-02-01,e-영업2,(제휴 최저가 자동 쿠폰)19910원 할인,NCPN0001991,플러스,72400.0
2026-02-01,e-영업2,(제휴 최저가 자동 쿠폰)19350원 할인,NCPN0001935,플러스,70364.0
2026-02-01,e-영업2,(제휴 최저가 자동 쿠폰)19300원 할인,NCPN0001930,플러스,70182.0
2026-02-01,e-영업1,[제휴쿠폰][브랜드 페스타] 5% 플러스 쿠폰 (최대 3만원),CPN1627999,플러스,67482.0
2026-02-01,e-영업2,(제휴 최저가 자동 쿠폰)8960원 할인,NCPN0000896,플러스,65164.0
2026-02-01,e-영업2,(제휴 최저가 자동 쿠폰)34120원 할인,NCPN0003412,플러스,62036.0
2026-02-01,e-영업1,(제휴 최저가 자동 쿠폰)12860원 할인,NCPN0001286,플러스,58455.0
2026-02-01,e-영업2,(제휴 최저가 자동 쿠폰)31870원 할인,NCPN0003187,플러스,57945.0
2026-02-01,e-영업2,(제휴 최저가 자동 쿠폰)10600원 할인,NCPN0001060,플러스,57818.0
2026-02-01,e-영업2,(제휴 최저가 자동 쿠폰)12480원 할인,NCPN0001248,플러스,56727.0
2026-02-01,e-영업2,(제휴 최저가 자동 쿠폰)15500원 할인,NCPN0001550,플러스,56364.0
2026-02-01,e-영업2,(제휴 최저가 자동 쿠폰)20520원 할인,NCPN0002052,플러스,55964.0
2026-02-01,e-영업1,(제휴 최저가 자동 쿠폰)20450원 할인,NCPN0002045,플러스,55773.0
2026-02-01,e-영업2,(제휴 최저가 자동 쿠폰)20260원 할인,NCPN0002026,플러스,55255.0
2026-02-01,e-영업2,(제휴 최저가 자동 쿠폰)30160원 할인,NCPN0003016,플러스,54836.0
2026-02-01,e-영업2,(제휴 최저가 자동 쿠폰)30020원 할인,NCPN0003002,플러스,54582.0
2026-02-01,e-영업2,(제휴 최저가 자동 쿠폰)19700원 할인,NCPN0001970,플러스,53727.0
2026-02-01,e-영업2,(제휴 최저가 자동 쿠폰)11490원 할인,NCPN0001149,플러스,52227.0
2026-02-01,e-영업2,(제휴 최저가 자동 쿠폰)18760원 할인,NCPN0001876,플러스,51164.0
2026-02-01,e-영업1,[제휴쿠폰][브랜드 페스타] 10% 플러스 쿠폰 (최대 3만원),CPN1628002,플러스,51127.0
2026-02-01,e-영업2,(제휴 최저가 자동 쿠폰)18700원 할인,NCPN0001870,플러스,51000.0
2026-02-01,e-영업2,(제휴 최저가 자동 쿠폰)28020원 할인,NCPN0002802,플러스,50945.0
2026-02-01,e-영업1,(제휴 최저가 자동 쿠폰)27800원 할인,NCPN0002780,플러스,50545.0
2026-02-01,e-영업2,[제휴쿠폰][브랜드 페스타] 5% 플러스 쿠폰 (최대 3만원),CPN1627999,플러스,49964.0
2026-02-01,e-영업2,(제휴 최저가 자동 쿠폰)9040원 할인,NCPN0000904,플러스,49309.0
2026-02-01,e-영업1,(제휴 최저가 자동 쿠폰)27070원 할인,NCPN0002707,플러스,49218.0
2026-02-01,e-영업1,(제휴 최저가 자동 쿠폰)26710원 할인,NCPN0002671,플러스,48564.0
2026-02-01,e-영업2,(제휴 최저가 자동 쿠폰)26300원 할인,NCPN0002630,플러스,47818.0
2026-02-01,e-영업2,(제휴 최저가 자동 쿠폰)25940원 할인,NCPN0002594,플러스,47164.0
2026-02-01,e-영업2,(제휴 최저가 자동 쿠폰)12880원 할인,NCPN0001288,플러스,46836.0
2026-02-01,e-영업2,(제휴 최저가 자동 쿠폰)17100원 할인,NCPN0001710,플러스,46636.0
2026-02-01,e-영업2,(제휴 최저가 자동 쿠폰)16710원 할인,NCPN0001671,플러스,45573.0
2026-02-01,e-영업2,(제휴 최저가 자동 쿠폰)16690원 할인,NCPN0001669,플러스,45518.0
2026-02-01,e-영업1,(제휴 최저가 자동 쿠폰)24960원 할인,NCPN0002496,플러스,45382.0
2026-02-01,e-영업2,(제휴 최저가 자동 쿠폰)24960원 할인,NCPN0002496,플러스,45382.0
2026-02-01,e-영업2,(제휴 최저가 자동 쿠폰)49320원 할인,NCPN0004932,플러스,44836.0
2026-02-01,e-영업2,(제휴 최저가 자동 쿠폰)8030원 할인,NCPN0000803,플러스,43800.0
2026-02-01,e-영업1,(제휴 최저가 자동 쿠폰)4330원 할인,NCPN0000433,플러스,43300.0
2026-02-01,e-영업2,(제휴 최저가 자동 쿠폰)23690원 할인,NCPN0002369,플러스,43073.0
2026-02-01,e-영업2,(제휴 최저가 자동 쿠폰)14910원 할인,NCPN0001491,플러스,40664.0
2026-02-01,e-영업2,(제휴 최저가 자동 쿠폰)44380원 할인,NCPN0004438,플러스,40345.0
2026-02-01,e-영업2,(제휴 최저가 자동 쿠폰)44140원 할인,NCPN0004414,플러스,40127.0
2026-02-01,e-영업2,(제휴 최저가 자동 쿠폰)11030원 할인,NCPN0001103,플러스,40109.0
2026-02-01,e-영업2,(제휴 최저가 자동 쿠폰)21840원 할인,NCPN0002184,플러스,39709.0
2026-02-01,e-영업2,(제휴 최저가 자동 쿠폰)14200원 할인,NCPN0001420,플러스,38727.0
2026-02-01,e-영업1,(제휴 최저가 자동 쿠폰)20710원 할인,NCPN0002071,플러스,37655.0
2026-02-01,e-영업1,(제휴 최저가 자동 쿠폰)13740원 할인,NCPN0001374,플러스,37473.0
2026-02-01,e-영업1,(제휴 최저가 자동 쿠폰)40510원 할인,NCPN0004051,플러스,36827.0
2026-02-01,e-영업2,(제휴 최저가 자동 쿠폰)20210원 할인,NCPN0002021,플러스,36745.0
2026-02-01,e-영업2,(제휴 최저가 자동 쿠폰)10080원 할인,NCPN0001008,플러스,36655.0
2026-02-01,e-영업1,(제휴 최저가 자동 쿠폰)20150원 할인,NCPN0002015,플러스,36636.0
2026-02-01,e-영업2,(제휴 최저가 자동 쿠폰)39910원 할인,NCPN0003991,플러스,36282.0
2026-02-01,e-영업1,(제휴 최저가 자동 쿠폰)13170원 할인,NCPN0001317,플러스,35918.0
2026-02-01,e-영업2,(제휴 최저가 자동 쿠폰)9670원 할인,NCPN0000967,플러스,35164.0
2026-02-01,e-영업2,(제휴 최저가 자동 쿠폰)12860원 할인,NCPN0001286,플러스,35073.0
2026-02-01,e-영업2,(제휴 최저가 자동 쿠폰)19240원 할인,NCPN0001924,플러스,34982.0
2026-02-01,e-영업2,(제휴 최저가 자동 쿠폰)19210원 할인,NCPN0001921,플러스,34927.0
2026-02-01,e-영업4,[블랙앤화이트 외부 고객 10% 플러스할인쿠폰],CPN1584047,플러스,34727.0
2026-02-01,e-영업1,(제휴 최저가 자동 쿠폰)12650원 할인,NCPN0001265,플러스,34500.0
2026-02-01,e-영업2,(제휴 최저가 자동 쿠폰)12650원 할인,NCPN0001265,플러스,34500.0
2026-02-01,e-영업2,(제휴 최저가 자동 쿠폰)12430원 할인,NCPN0001243,플러스,33900.0
2026-02-01,e-영업2,(제휴 최저가 자동 쿠폰)18310원 할인,NCPN0001831,플러스,33291.0
2026-02-01,e-영업2,(제휴 최저가 자동 쿠폰)18280원 할인,NCPN0001828,플러스,33236.0
2026-02-01,e-영업1,(제휴 최저가 자동 쿠폰)18220원 할인,NCPN0001822,플러스,33127.0
2026-02-01,e-영업1,(제휴 최저가 자동 쿠폰)36340원 할인,NCPN0003634,플러스,33036.0
2026-02-01,e-영업2,(제휴 최저가 자동 쿠폰)36340원 할인,NCPN0003634,플러스,33036.0
2026-02-01,e-영업1,(제휴 최저가 자동 쿠폰)12110원 할인,NCPN0001211,플러스,33027.0
2026-02-01,e-영업2,(제휴 최저가 자동 쿠폰)9020원 할인,NCPN0000902,플러스,32800.0
2026-02-01,e-영업2,(제휴 최저가 자동 쿠폰)8980원 할인,NCPN0000898,플러스,32655.0
2026-02-01,e-영업2,(제휴 최저가 자동 쿠폰)17960원 할인,NCPN0001796,플러스,32655.0
2026-02-01,e-영업2,(제휴 최저가 자동 쿠폰)7090원 할인,NCPN0000709,플러스,32227.0
2026-02-01,e-영업2,(제휴 최저가 자동 쿠폰)11790원 할인,NCPN0001179,플러스,32155.0
2026-02-01,e-영업1,(제휴 최저가 자동 쿠폰)35080원 할인,NCPN0003508,플러스,31891.0
2026-02-01,e-영업2,(제휴 최저가 자동 쿠폰)11670원 할인,NCPN0001167,플러스,31827.0
2026-02-01,e-영업2,(제휴 최저가 자동 쿠폰)17360원 할인,NCPN0001736,플러스,31564.0
2026-02-01,e-영업2,(제휴 최저가 자동 쿠폰)34170원 할인,NCPN0003417,플러스,31064.0
2026-02-01,e-영업1,(제휴 최저가 자동 쿠폰)16690원 할인,NCPN0001669,플러스,30345.0
2026-02-01,e-영업2,(제휴 최저가 자동 쿠폰)16670원 할인,NCPN0001667,플러스,30309.0
2026-02-01,e-영업2,[제휴쿠폰][WEEKEND SALE] 플러스 5% 쿠폰,CPN1619225,플러스,30027.0
2026-02-01,e-영업2,(제휴 최저가 자동 쿠폰)10990원 할인,NCPN0001099,플러스,29973.0
2026-02-01,e-영업2,(제휴 최저가 자동 쿠폰)16420원 할인,NCPN0001642,플러스,29855.0
2026-02-01,e-영업2,(제휴 최저가 자동 쿠폰)16380원 할인,NCPN0001638,플러스,29782.0
2026-02-01,e-영업2,(제휴 최저가 자동 쿠폰)8060원 할인,NCPN0000806,플러스,29309.0
2026-02-01,e-영업2,(제휴 최저가 자동 쿠폰)6410원 할인,NCPN0000641,플러스,29136.0
2026-02-01,e-영업2,(제휴 최저가 자동 쿠폰)15990원 할인,NCPN0001599,플러스,29073.0
2026-02-01,e-영업1,(제휴 최저가 자동 쿠폰)15770원 할인,NCPN0001577,플러스,28673.0
2026-02-01,e-영업2,(제휴 최저가 자동 쿠폰)31330원 할인,NCPN0003133,플러스,28482.0
2026-02-01,e-영업1,(제휴 최저가 자동 쿠폰)15640원 할인,NCPN0001564,플러스,28436.0
2026-02-01,e-영업2,(제휴 최저가 자동 쿠폰)15510원 할인,NCPN0001551,플러스,28200.0
2026-02-01,e-영업2,[제휴쿠폰][L+DAY] 10% 플러스 쿠폰 (최대 5만원 할인),CPN1609941,플러스,27945.0
2026-02-01,e-영업2,(제휴 최저가 자동 쿠폰)10110원 할인,NCPN0001011,플러스,27573.0
2026-02-01,e-영업1,(제휴 최저가 자동 쿠폰)30060원 할인,NCPN0003006,플러스,27327.0
2026-02-01,e-영업1,(제휴 최저가 자동 쿠폰)15020원 할인,NCPN0001502,플러스,27309.0
2026-02-01,e-영업1,[제휴쿠폰][L+DAY] 5% 플러스 쿠폰 (최대 3만원 할인),CPN1609942,플러스,27273.0
2026-02-01,e-영업2,(제휴 최저가 자동 쿠폰)9950원 할인,NCPN0000995,플러스,27136.0
2026-02-01,e-영업2,(제휴 최저가 자동 쿠폰)29510원 할인,NCPN0002951,플러스,26827.0
2026-02-01,e-영업2,(제휴 최저가 자동 쿠폰)9780원 할인,NCPN0000978,플러스,26673.0
2026-02-01,e-영업2,(제휴 최저가 자동 쿠폰)14570원 할인,NCPN0001457,플러스,26491.0
2026-02-01,e-영업1,(제휴 최저가 자동 쿠폰)14550원 할인,NCPN0001455,플러스,26455.0
2026-02-01,e-영업1,(제휴 최저가 자동 쿠폰)29050원 할인,NCPN0002905,플러스,26409.0
2026-02-01,e-영업2,(제휴 최저가 자동 쿠폰)28760원 할인,NCPN0002876,플러스,26145.0
2026-02-01,e-영업2,(제휴 최저가 자동 쿠폰)14120원 할인,NCPN0001412,플러스,25673.0
2026-02-01,e-영업2,(제휴 최저가 자동 쿠폰)27800원 할인,NCPN0002780,플러스,25273.0
2026-02-01,e-영업1,(제휴 최저가 자동 쿠폰)27730원 할인,NCPN0002773,플러스,25209.0
2026-02-01,e-영업2,(제휴 최저가 자동 쿠폰)27550원 할인,NCPN0002755,플러스,25045.0
2026-02-01,e-영업2,(제휴 최저가 자동 쿠폰)13740원 할인,NCPN0001374,플러스,24982.0
2026-02-01,e-영업2,(제휴 최저가 자동 쿠폰)13480원 할인,NCPN0001348,플러스,24509.0
2026-02-01,e-영업2,(제휴 최저가 자동 쿠폰)26660원 할인,NCPN0002666,플러스,24236.0
2026-02-01,e-영업2,(제휴 최저가 자동 쿠폰)13230원 할인,NCPN0001323,플러스,24055.0
2026-02-01,e-영업2,[제휴할인] 5%추가할인 (이월 남성),CPN383907,플러스,23436.0
2026-02-01,e-영업2,(제휴 최저가 자동 쿠폰)24830원 할인,NCPN0002483,플러스,22573.0
2026-02-01,e-영업2,[제휴쿠폰][설 맞이] 플러스 5% 쿠폰,CPN1612441,플러스,22300.0
2026-02-01,e-영업2,(제휴 최저가 자동 쿠폰)12130원 할인,NCPN0001213,플러스,22055.0
2026-02-01,e-영업1,[제휴쿠폰][L+DAY] 10% 플러스 쿠폰 (최대 5만원 할인),CPN1609941,플러스,21973.0
2026-02-01,e-영업1,(제휴 최저가 자동 쿠폰)5980원 할인,NCPN0000598,플러스,21745.0
2026-02-01,e-영업2,(제휴 최저가 자동 쿠폰)11950원 할인,NCPN0001195,플러스,21727.0
2026-02-01,e-영업2,(제휴 최저가 자동 쿠폰)23550원 할인,NCPN0002355,플러스,21409.0
2026-02-01,e-영업2,(제휴 최저가 자동 쿠폰)23510원 할인,NCPN0002351,플러스,21373.0
2026-02-01,e-영업1,(제휴 최저가 자동 쿠폰)23480원 할인,NCPN0002348,플러스,21345.0
2026-02-01,e-영업2,(제휴 최저가 자동 쿠폰)11740원 할인,NCPN0001174,플러스,21345.0
2026-02-01,e-영업2,(제휴 최저가 자동 쿠폰)11620원 할인,NCPN0001162,플러스,21127.0
2026-02-01,e-영업2,(제휴 최저가 자동 쿠폰)23230원 할인,NCPN0002323,플러스,21118.0
2026-02-01,e-영업1,(제휴 최저가 자동 쿠폰)22990원 할인,NCPN0002299,플러스,20900.0
2026-02-01,e-영업1,(제휴 최저가 자동 쿠폰)22850원 할인,NCPN0002285,플러스,20773.0
2026-02-01,e-영업2,(제휴 최저가 자동 쿠폰)22610원 할인,NCPN0002261,플러스,20555.0
2026-02-01,e-영업1,(제휴 최저가 자동 쿠폰)5540원 할인,NCPN0000554,플러스,20145.0
2026-02-01,e-영업2,[제휴쿠폰][WEEKEND SALE] 플러스 5% 쿠폰,CPN1619220,플러스,20127.0
2026-02-01,e-영업2,(제휴 최저가 자동 쿠폰)11000원 할인,NCPN0001100,플러스,20000.0
2026-02-01,e-영업2,(제휴 최저가 자동 쿠폰)21890원 할인,NCPN0002189,플러스,19900.0
2026-02-01,e-영업2,(제휴 최저가 자동 쿠폰)10820원 할인,NCPN0001082,플러스,19673.0
2026-02-01,e-영업2,(제휴 최저가 자동 쿠폰)10730원 할인,NCPN0001073,플러스,19509.0
2026-02-01,e-영업2,(제휴 최저가 자동 쿠폰)7150원 할인,NCPN0000715,플러스,19500.0
2026-02-01,e-영업1,(제휴 최저가 자동 쿠폰)10720원 할인,NCPN0001072,플러스,19491.0
2026-02-01,e-영업1,(제휴 최저가 자동 쿠폰)10630원 할인,NCPN0001063,플러스,19327.0
2026-02-01,e-영업2,(제휴 최저가 자동 쿠폰)7030원 할인,NCPN0000703,플러스,19173.0
2026-02-01,e-영업2,(제휴 최저가 자동 쿠폰)20450원 할인,NCPN0002045,플러스,18591.0
2026-02-01,e-영업2,(제휴 최저가 자동 쿠폰)20430원 할인,NCPN0002043,플러스,18573.0
2026-02-01,e-영업1,[제휴쿠폰][설 맞이] 플러스 5% 쿠폰,CPN1612441,플러스,18473.0
2026-02-01,e-영업2,(제휴 최저가 자동 쿠폰)20150원 할인,NCPN0002015,플러스,18318.0
2026-02-01,e-영업2,(제휴 최저가 자동 쿠폰)10070원 할인,NCPN0001007,플러스,18309.0
2026-02-01,e-영업2,(제휴 최저가 자동 쿠폰)20130원 할인,NCPN0002013,플러스,18300.0
2026-02-01,e-영업2,(제휴 최저가 자동 쿠폰)10050원 할인,NCPN0001005,플러스,18273.0
2026-02-01,e-영업1,(제휴 최저가 자동 쿠폰)5010원 할인,NCPN0000501,플러스,18218.0
2026-02-01,e-영업2,(제휴 최저가 자동 쿠폰)20000원 할인,NCPN0002000,플러스,18182.0
2026-02-01,e-영업2,(제휴 최저가 자동 쿠폰)9960원 할인,NCPN0000996,플러스,18109.0
2026-02-01,e-영업2,[제휴쿠폰][WEEKEND SALE] 플러스 5% 쿠폰,CPN1605705,플러스,18045.0
2026-02-01,e-영업2,(제휴 최저가 자동 쿠폰)19810원 할인,NCPN0001981,플러스,18009.0
2026-02-01,e-영업2,(제휴 최저가 자동 쿠폰)19730원 할인,NCPN0001973,플러스,17936.0
2026-02-01,e-영업1,(제휴 최저가 자동 쿠폰)19630원 할인,NCPN0001963,플러스,17845.0
2026-02-01,e-영업2,(제휴 최저가 자동 쿠폰)19590원 할인,NCPN0001959,플러스,17809.0
2026-02-01,e-영업1,(제휴 최저가 자동 쿠폰)9670원 할인,NCPN0000967,플러스,17582.0
2026-02-01,e-영업1,(제휴 최저가 자동 쿠폰)19210원 할인,NCPN0001921,플러스,17464.0
2026-02-01,e-영업2,(제휴 최저가 자동 쿠폰)19080원 할인,NCPN0001908,플러스,17345.0
2026-02-01,e-영업2,(제휴 최저가 자동 쿠폰)18640원 할인,NCPN0001864,플러스,16945.0
2026-02-01,e-영업2,(제휴 최저가 자동 쿠폰)18410원 할인,NCPN0001841,플러스,16736.0
2026-02-01,e-영업2,(제휴 최저가 자동 쿠폰)18240원 할인,NCPN0001824,플러스,16582.0
2026-02-01,e-영업2,(제휴 최저가 자동 쿠폰)18140원 할인,NCPN0001814,플러스,16491.0
2026-02-01,e-영업2,(제휴 최저가 자동 쿠폰)8970원 할인,NCPN0000897,플러스,16309.0
2026-02-01,e-영업1,(제휴 최저가 자동 쿠폰)17700원 할인,NCPN0001770,플러스,16091.0
2026-02-01,e-영업2,(제휴 최저가 자동 쿠폰)17700원 할인,NCPN0001770,플러스,16091.0
2026-02-01,e-영업2,(제휴 최저가 자동 쿠폰)17660원 할인,NCPN0001766,플러스,16055.0
2026-02-01,e-영업1,(제휴 최저가 자동 쿠폰)17360원 할인,NCPN0001736,플러스,15782.0
2026-02-01,e-영업2,(제휴 최저가 자동 쿠폰)8470원 할인,NCPN0000847,플러스,15400.0
2026-02-01,e-영업2,(제휴 최저가 자동 쿠폰)16860원 할인,NCPN0001686,플러스,15327.0
2026-02-01,e-영업2,(제휴 최저가 자동 쿠폰)16830원 할인,NCPN0001683,플러스,15300.0
2026-02-01,e-영업2,(제휴 최저가 자동 쿠폰)4180원 할인,NCPN0000418,플러스,15200.0
2026-02-01,e-영업1,(제휴 최저가 자동 쿠폰)16530원 할인,NCPN0001653,플러스,15027.0
2026-02-01,e-영업2,(제휴 최저가 자동 쿠폰)16530원 할인,NCPN0001653,플러스,15027.0
2026-02-01,e-영업1,(제휴 최저가 자동 쿠폰)3290원 할인,NCPN0000329,플러스,14955.0
2026-02-01,e-영업1,(제휴 최저가 자동 쿠폰)16010원 할인,NCPN0001601,플러스,14555.0
2026-02-01,e-영업1,(제휴 최저가 자동 쿠폰)15990원 할인,NCPN0001599,플러스,14536.0
2026-02-01,e-영업1,(제휴 최저가 자동 쿠폰)15650원 할인,NCPN0001565,플러스,14227.0
2026-02-01,e-영업1,(제휴 최저가 자동 쿠폰)15500원 할인,NCPN0001550,플러스,14091.0
2026-02-01,e-영업2,(제휴 최저가 자동 쿠폰)7610원 할인,NCPN0000761,플러스,13836.0
2026-02-01,e-영업2,(제휴 최저가 자동 쿠폰)15020원 할인,NCPN0001502,플러스,13655.0
2026-02-01,e-영업1,(제휴 최저가 자동 쿠폰)7410원 할인,NCPN0000741,플러스,13473.0
2026-02-01,e-영업1,(제휴 최저가 자동 쿠폰)14710원 할인,NCPN0001471,플러스,13373.0
2026-02-01,e-영업2,(제휴 최저가 자동 쿠폰)14710원 할인,NCPN0001471,플러스,13373.0
2026-02-01,e-영업1,(제휴 최저가 자동 쿠폰)14660원 할인,NCPN0001466,플러스,13327.0
2026-02-01,e-영업1,(제휴 최저가 자동 쿠폰)14510원 할인,NCPN0001451,플러스,13191.0
2026-02-01,e-영업2,(제휴 최저가 자동 쿠폰)14510원 할인,NCPN0001451,플러스,13191.0
2026-02-01,e-영업1,(제휴 최저가 자동 쿠폰)7210원 할인,NCPN0000721,플러스,13109.0
2026-02-01,e-영업2,(제휴 최저가 자동 쿠폰)14370원 할인,NCPN0001437,플러스,13064.0
2026-02-01,e-영업1,(제휴 최저가 자동 쿠폰)4720원 할인,NCPN0000472,플러스,12873.0
2026-02-01,e-영업2,(제휴 최저가 자동 쿠폰)14030원 할인,NCPN0001403,플러스,12755.0
2026-02-01,e-영업2,(제휴 최저가 자동 쿠폰)13970원 할인,NCPN0001397,플러스,12700.0
2026-02-01,e-영업1,(제휴 최저가 자동 쿠폰)13700원 할인,NCPN0001370,플러스,12455.0
2026-02-01,e-영업2,(제휴 최저가 자동 쿠폰)13700원 할인,NCPN0001370,플러스,12455.0
2026-02-01,e-영업1,(제휴 최저가 자동 쿠폰)13620원 할인,NCPN0001362,플러스,12382.0
2026-02-01,e-영업2,(제휴 최저가 자동 쿠폰)4460원 할인,NCPN0000446,플러스,12164.0
2026-02-01,e-영업1,(제휴 최저가 자동 쿠폰)6480원 할인,NCPN0000648,플러스,11782.0
2026-02-01,e-영업2,(제휴 최저가 자동 쿠폰)6440원 할인,NCPN0000644,플러스,11709.0
2026-02-01,e-영업2,(제휴 최저가 자동 쿠폰)12660원 할인,NCPN0001266,플러스,11509.0
2026-02-01,e-영업1,(제휴 최저가 자동 쿠폰)12640원 할인,NCPN0001264,플러스,11491.0
2026-02-01,e-영업1,(제휴 최저가 자동 쿠폰)12550원 할인,NCPN0001255,플러스,11409.0
2026-02-01,e-영업2,(제휴 최저가 자동 쿠폰)12550원 할인,NCPN0001255,플러스,11409.0
2026-02-01,e-영업2,(제휴 최저가 자동 쿠폰)6220원 할인,NCPN0000622,플러스,11309.0
2026-02-01,e-영업1,(제휴 최저가 자동 쿠폰)12330원 할인,NCPN0001233,플러스,11209.0
2026-02-01,e-영업1,(제휴 최저가 자동 쿠폰)12270원 할인,NCPN0001227,플러스,11155.0
2026-02-01,e-영업2,(제휴 최저가 자동 쿠폰)12240원 할인,NCPN0001224,플러스,11127.0
2026-02-01,e-영업1,(제휴 최저가 자동 쿠폰)12230원 할인,NCPN0001223,플러스,11118.0
2026-02-01,e-영업2,(제휴 최저가 자동 쿠폰)12230원 할인,NCPN0001223,플러스,11118.0
2026-02-01,e-영업1,(제휴 최저가 자동 쿠폰)12160원 할인,NCPN0001216,플러스,11055.0
2026-02-01,e-영업2,(제휴 최저가 자동 쿠폰)12110원 할인,NCPN0001211,플러스,11009.0
2026-02-01,e-영업2,(제휴 최저가 자동 쿠폰)5930원 할인,NCPN0000593,플러스,10782.0
2026-02-01,e-영업2,(제휴 최저가 자동 쿠폰)5890원 할인,NCPN0000589,플러스,10709.0
2026-02-01,e-영업1,(제휴 최저가 자동 쿠폰)11770원 할인,NCPN0001177,플러스,10700.0
2026-02-01,e-영업2,(제휴 최저가 자동 쿠폰)5860원 할인,NCPN0000586,플러스,10655.0
2026-02-01,e-영업1,(제휴 최저가 자동 쿠폰)11620원 할인,NCPN0001162,플러스,10564.0
2026-02-01,e-영업1,(제휴 최저가 자동 쿠폰)11450원 할인,NCPN0001145,플러스,10409.0
2026-02-01,e-영업1,(제휴 최저가 자동 쿠폰)5680원 할인,NCPN0000568,플러스,10327.0
2026-02-01,e-영업1,(제휴 최저가 자동 쿠폰)11080원 할인,NCPN0001108,플러스,10073.0
2026-02-01,e-영업1,(제휴 최저가 자동 쿠폰)10990원 할인,NCPN0001099,플러스,9991.0
2026-02-01,e-영업1,(제휴 최저가 자동 쿠폰)10820원 할인,NCPN0001082,플러스,9836.0
2026-02-01,e-영업1,(제휴 최저가 자동 쿠폰)10740원 할인,NCPN0001074,플러스,9764.0
2026-02-01,e-영업2,(제휴 최저가 자동 쿠폰)10720원 할인,NCPN0001072,플러스,9745.0
2026-02-01,e-영업2,(제휴 최저가 자동 쿠폰)10650원 할인,NCPN0001065,플러스,9682.0
2026-02-01,e-영업1,(제휴 최저가 자동 쿠폰)10600원 할인,NCPN0001060,플러스,9636.0
2026-02-01,e-영업1,(제휴 최저가 자동 쿠폰)10120원 할인,NCPN0001012,플러스,9200.0
2026-02-01,e-영업2,(제휴 최저가 자동 쿠폰)10090원 할인,NCPN0001009,플러스,9173.0
2026-02-01,e-영업1,(제휴 최저가 자동 쿠폰)10070원 할인,NCPN0001007,플러스,9155.0
2026-02-01,e-영업1,(제휴 최저가 자동 쿠폰)10040원 할인,NCPN0001004,플러스,9127.0
2026-02-01,e-영업1,(제휴 최저가 자동 쿠폰)10000원 할인,NCPN0001000,플러스,9091.0
2026-02-01,e-영업2,(제휴 최저가 자동 쿠폰)10000원 할인,NCPN0001000,플러스,9091.0
2026-02-01,e-영업2,(제휴 최저가 자동 쿠폰)9970원 할인,NCPN0000997,플러스,9064.0
2026-02-01,e-영업1,(제휴 최저가 자동 쿠폰)9950원 할인,NCPN0000995,플러스,9045.0
2026-02-01,e-영업1,(제휴 최저가 자동 쿠폰)9900원 할인,NCPN0000990,플러스,9000.0
2026-02-01,e-영업2,(제휴 최저가 자동 쿠폰)9730원 할인,NCPN0000973,플러스,8845.0
2026-02-01,e-영업2,(제휴 최저가 자동 쿠폰)9600원 할인,NCPN0000960,플러스,8727.0
2026-02-01,e-영업2,(제휴 최저가 자동 쿠폰)9270원 할인,NCPN0000927,플러스,8427.0
2026-02-01,e-영업1,(제휴 최저가 자동 쿠폰)9190원 할인,NCPN0000919,플러스,8355.0
2026-02-01,e-영업1,(제휴 최저가 자동 쿠폰)9170원 할인,NCPN0000917,플러스,8336.0
2026-02-01,e-영업2,(제휴 최저가 자동 쿠폰)9010원 할인,NCPN0000901,플러스,8191.0
2026-02-01,e-영업1,(제휴 최저가 자동 쿠폰)8960원 할인,NCPN0000896,플러스,8145.0
2026-02-01,e-영업2,(제휴 최저가 자동 쿠폰)8920원 할인,NCPN0000892,플러스,8109.0
2026-02-01,e-영업1,(제휴 최저가 자동 쿠폰)8830원 할인,NCPN0000883,플러스,8027.0
2026-02-01,e-영업2,(제휴 최저가 자동 쿠폰)8680원 할인,NCPN0000868,플러스,7891.0
2026-02-01,e-영업2,(제휴 최저가 자동 쿠폰)8590원 할인,NCPN0000859,플러스,7809.0
2026-02-01,e-영업2,(제휴 최저가 자동 쿠폰)8510원 할인,NCPN0000851,플러스,7736.0
2026-02-01,e-영업2,(제휴 최저가 자동 쿠폰)8320원 할인,NCPN0000832,플러스,7564.0
2026-02-01,e-영업2,(제휴 최저가 자동 쿠폰)8270원 할인,NCPN0000827,플러스,7518.0
2026-02-01,e-영업1,[제휴쿠폰][WEEKEND SALE] 플러스 5% 쿠폰,CPN1619220,플러스,7382.0
2026-02-01,e-영업2,(제휴 최저가 자동 쿠폰)8100원 할인,NCPN0000810,플러스,7364.0
2026-02-01,e-영업2,(제휴 최저가 자동 쿠폰)3970원 할인,NCPN0000397,플러스,7218.0
2026-02-01,e-영업2,(제휴 최저가 자동 쿠폰)7940원 할인,NCPN0000794,플러스,7218.0
2026-02-01,e-영업1,(제휴 최저가 자동 쿠폰)7930원 할인,NCPN0000793,플러스,7209.0
2026-02-01,e-영업1,(제휴 최저가 자동 쿠폰)7810원 할인,NCPN0000781,플러스,7100.0
2026-02-01,e-영업2,(제휴 최저가 자동 쿠폰)7510원 할인,NCPN0000751,플러스,6827.0
2026-02-01,e-영업2,(제휴 최저가 자동 쿠폰)7410원 할인,NCPN0000741,플러스,6736.0
2026-02-01,e-영업2,(제휴 최저가 자동 쿠폰)7310원 할인,NCPN0000731,플러스,6645.0
2026-02-01,e-영업1,(제휴 최저가 자동 쿠폰)7220원 할인,NCPN0000722,플러스,6564.0
2026-02-01,e-영업1,(제휴 최저가 자동 쿠폰)7150원 할인,NCPN0000715,플러스,6500.0
2026-02-01,e-영업1,(제휴 최저가 자동 쿠폰)7050원 할인,NCPN0000705,플러스,6409.0
2026-02-01,e-영업1,(제휴 최저가 자동 쿠폰)6790원 할인,NCPN0000679,플러스,6173.0
2026-02-01,e-영업1,(제휴 최저가 자동 쿠폰)6640원 할인,NCPN0000664,플러스,6036.0
2026-02-01,e-영업2,(제휴 최저가 자동 쿠폰)6590원 할인,NCPN0000659,플러스,5991.0
2026-02-01,e-영업1,(제휴 최저가 자동 쿠폰)6580원 할인,NCPN0000658,플러스,5982.0
2026-02-01,e-영업2,(제휴 최저가 자동 쿠폰)6580원 할인,NCPN0000658,플러스,5982.0
2026-02-01,e-영업2,(제휴 최저가 자동 쿠폰)5950원 할인,NCPN0000595,플러스,5409.0
2026-02-01,e-영업1,(제휴 최저가 자동 쿠폰)5890원 할인,NCPN0000589,플러스,5355.0
2026-02-01,e-영업1,(제휴 최저가 자동 쿠폰)5860원 할인,NCPN0000586,플러스,5327.0
2026-02-01,e-영업2,(제휴 최저가 자동 쿠폰)5680원 할인,NCPN0000568,플러스,5164.0
2026-02-01,e-영업2,(제휴 최저가 자동 쿠폰)5540원 할인,NCPN0000554,플러스,5036.0
2026-02-01,e-영업2,(제휴 최저가 자동 쿠폰)5530원 할인,NCPN0000553,플러스,5027.0
2026-02-01,e-영업2,(제휴 최저가 자동 쿠폰)5310원 할인,NCPN0000531,플러스,4827.0
2026-02-01,e-영업2,(제휴 최저가 자동 쿠폰)2610원 할인,NCPN0000261,플러스,4745.0
2026-02-01,e-영업2,(제휴 최저가 자동 쿠폰)5020원 할인,NCPN0000502,플러스,4564.0
2026-02-01,e-영업1,(제휴 최저가 자동 쿠폰)1200원 할인,NCPN0000120,플러스,4364.0
2026-02-01,e-영업1,(제휴 최저가 자동 쿠폰)4510원 할인,NCPN0000451,플러스,4100.0
2026-02-01,e-영업2,(제휴 최저가 자동 쿠폰)4380원 할인,NCPN0000438,플러스,3982.0
2026-02-01,e-영업2,(제휴 최저가 자동 쿠폰)4210원 할인,NCPN0000421,플러스,3827.0
2026-02-01,e-영업2,(제휴 최저가 자동 쿠폰)3980원 할인,NCPN0000398,플러스,3618.0
2026-02-01,e-영업2,(제휴 최저가 자동 쿠폰)3900원 할인,NCPN0000390,플러스,3545.0
2026-02-01,e-영업2,(제휴 최저가 자동 쿠폰)3880원 할인,NCPN0000388,플러스,3527.0
2026-02-01,e-영업1,(제휴 최저가 자동 쿠폰)1910원 할인,NCPN0000191,플러스,3473.0
2026-02-01,e-영업1,(제휴 최저가 자동 쿠폰)3720원 할인,NCPN0000372,플러스,3382.0
2026-02-01,e-영업2,(제휴 최저가 자동 쿠폰)3410원 할인,NCPN0000341,플러스,3100.0
2026-02-01,e-영업2,[제휴쿠폰][L+DAY] 5% 플러스 쿠폰 (최대 3만원 할인),CPN1609942,플러스,2464.0
2026-02-01,e-영업2,(제휴 최저가 자동 쿠폰)2500원 할인,NCPN0000250,플러스,2273.0
2026-02-01,e-영업1,(제휴 최저가 자동 쿠폰)2410원 할인,NCPN0000241,플러스,2191.0
2026-02-01,e-영업2,(제휴 최저가 자동 쿠폰)2410원 할인,NCPN0000241,플러스,2191.0
2026-02-01,e-영업2,(제휴 최저가 자동 쿠폰)2350원 할인,NCPN0000235,플러스,2136.0
2026-02-01,e-영업2,(제휴 최저가 자동 쿠폰)1090원 할인,NCPN0000109,플러스,1982.0
2026-02-01,e-영업2,(제휴 최저가 자동 쿠폰)1200원 할인,NCPN0000120,플러스,1091.0
2026-02-01,e-영업2,(제휴 최저가 자동 쿠폰)1130원 할인,NCPN0000113,플러스,1027.0
2026-02-01,e-영업2,(제휴 최저가 자동 쿠폰)1010원 할인,NCPN0000101,플러스,918.0
2026-02-01,e-영업2,(제휴 최저가 자동 쿠폰)10원 할인,NCPN0000001,플러스,9.0
2026-02-01,e-영업2,(제휴 최저가 자동 쿠폰)5320원 할인,NCPN0000532,플러스,-4836.0
2026-02-01,e-영업2,(제휴 최저가 자동 쿠폰)8240원 할인,NCPN0000824,플러스,-7491.0
2026-02-01,e-영업2,(제휴 최저가 자동 쿠폰)9700원 할인,NCPN0000970,플러스,-8818.0
2026-02-01,e-영업1,(제휴 최저가 자동 쿠폰)10930원 할인,NCPN0001093,플러스,-9936.0
2026-02-01,e-영업2,(제휴 최저가 자동 쿠폰)12160원 할인,NCPN0001216,플러스,-11055.0
2026-02-01,e-영업2,[제휴쿠폰][윈터슈퍼세일] 6% 플러스쿠폰,CPN1598835,플러스,-11745.0
2026-02-01,e-영업1,(제휴 최저가 자동 쿠폰)19910원 할인,NCPN0001991,플러스,-18100.0
2026-02-01,e-영업1,[제휴쿠폰][윈터슈퍼세일] 6% 플러스쿠폰,CPN1598835,플러스,-18182.0
2026-02-01,e-영업1,(제휴 최저가 자동 쿠폰)27550원 할인,NCPN0002755,플러스,-25045.0
2026-02-01,e-영업1,(제휴 최저가 자동 쿠폰)31710원 할인,NCPN0003171,플러스,-28827.0
2026-02-01,e-영업1,[제휴쿠폰][윈터슈퍼세일] 10% 플러스쿠폰,CPN1598837,플러스,-30455.0
2026-02-01,e-영업2,(제휴 최저가 자동 쿠폰)36700원 할인,NCPN0003670,플러스,-33364.0
2026-02-01,e-영업2,(제휴 최저가 자동 쿠폰)41230원 할인,NCPN0004123,플러스,-37482.0
2026-02-01,e-영업2,[제휴쿠폰][윈터슈퍼세일] 10% 플러스쿠폰,CPN1598837,플러스,-97909.0
2026-03-01,e-영업2,[제휴쿠폰][OUTLET WOMEN] 스프링 데일리룩 12%,CPN1643255,일반,3518664.0
2026-03-01,e-영업1,[제휴전용] 12% 할인(IE),CPN703554,일반,263200.0
2026-03-01,e-영업2,[제휴쿠폰][OUTLET SHOES] 미리 만나보는 SS시즌 베스트12%,CPN1619204,일반,-10864.0
2026-03-01,e-영업2,[제휴쿠폰][OUTLET] 바버 브랜드 위크 12% ,CPN1619206,일반,-21773.0
2026-03-01,e-영업2,[제휴쿠폰][OUTLET] 수입 브랜드 페스타 12% ,CPN1619209,일반,-31527.0
2026-03-01,e-영업2,[제휴쿠폰][OUTLET MEN&WOMEN] 헤지스&닥스 WEEK! 12,CPN1619203,일반,-36582.0
2026-03-01,e-영업2,[제휴쿠폰][OUTLET WOMEN] 설 맞이 BIG SALE 13%,CPN1619183,일반,-49473.0
2026-03-01,e-영업2,[제휴쿠폰][OUTLET] 설 선물대전 12% 쿠폰,CPN1619197,일반,-64255.0
2026-03-01,e-영업2,[제휴쿠폰][OUTLET] REFRESH WEEK 12% ,CPN1619211,일반,-141536.0
2026-03-01,e-영업2,[제휴쿠폰][OUTLET] HAZZYS&DAKS FINAL SALE 12,CPN1619187,일반,-197273.0
2026-03-01,e-영업2,[제휴쿠폰][OUTLET MEN] 파이널 클리어런스 13% 쿠폰,CPN1619199,일반,-508182.0
2026-03-01,e-영업2,[제휴전용] 9%추가할인 (이월 여성),CPN409202,플러스,14553636.0
2026-03-01,e-영업2,[제휴전용] 9%추가할인 (이월 남성),CPN409204,플러스,12347836.0
2026-03-01,e-영업2,[제휴전용] 10%추가할인 (이월 ACC),CPN383518,플러스,11058764.0
2026-03-01,e-영업2,[제휴전용] 7%추가할인 (이월 여성),CPN409201,플러스,9171645.0
2026-03-01,e-영업2,[제휴쿠폰][온도로 입는 봄] 플러스쿠폰 8% (최대 3만원 할인),CPN1646230,플러스,2568827.0
2026-03-01,e-영업2,[제휴전용] 7%추가할인 (이월 남성),CPN409203,플러스,2381045.0
2026-03-01,e-영업2,[제휴전용] 8%추가할인 (이월 골프),CPN383905,플러스,2093455.0
2026-03-01,e-영업2,[제휴전용] 8% 추가할인 (이월 골프),CPN514212,플러스,1784255.0
2026-03-01,e-영업2,(제휴 최저가 자동 쿠폰)25100원 할인,NCPN0002510,플러스,1300636.0
2026-03-01,e-영업2,(제휴 최저가 자동 쿠폰)15650원 할인,NCPN0001565,플러스,981682.0
2026-03-01,e-영업2,(제휴 최저가 자동 쿠폰)17750원 할인,NCPN0001775,플러스,677727.0
2026-03-01,e-영업1,[제휴쿠폰][온도로 입는 봄] 플러스쿠폰 8% (최대 3만원 할인),CPN1646230,플러스,553200.0
2026-03-01,e-영업2,(제휴 최저가 자동 쿠폰)12080원 할인,NCPN0001208,플러스,505164.0
2026-03-01,e-영업2,(제휴 최저가 자동 쿠폰)16670원 할인,NCPN0001667,플러스,469791.0
2026-03-01,e-영업2,(제휴 최저가 자동 쿠폰)15060원 할인,NCPN0001506,플러스,424418.0
2026-03-01,e-영업2,(제휴 최저가 자동 쿠폰)53560원 할인,NCPN0005356,플러스,389527.0
2026-03-01,e-영업2,[제휴할인] 5%추가할인 (이월 남성),CPN383907,플러스,343436.0
2026-03-01,e-영업2,[제휴전용] 5%추가할인 (이월 스포츠),CPN425515,플러스,325964.0
2026-03-01,e-영업2,(제휴 최저가 자동 쿠폰)14910원 할인,NCPN0001491,플러스,325309.0
2026-03-01,e-영업3,네이버쇼핑 추가할인 (e-명품_대상: 입점업체),CPN407983,플러스,304355.0
2026-03-01,e-영업2,(제휴 최저가 자동 쿠폰)41230원 할인,NCPN0004123,플러스,299855.0
2026-03-01,e-영업2,(제휴 최저가 자동 쿠폰)19360원 할인,NCPN0001936,플러스,299200.0
2026-03-01,e-영업2,[제휴전용] 8%추가할인 (이월 슈즈),CPN384029,플러스,298909.0
2026-03-01,e-영업2,(제휴 최저가 자동 쿠폰)15790원 할인,NCPN0001579,플러스,287091.0
2026-03-01,e-영업2,(제휴 최저가 자동 쿠폰)12480원 할인,NCPN0001248,플러스,283636.0
2026-03-01,e-영업1,(제휴 최저가 자동 쿠폰)14770원 할인,NCPN0001477,플러스,268545.0
2026-03-01,e-영업2,(제휴 최저가 자동 쿠폰)13430원 할인,NCPN0001343,플러스,256391.0
2026-03-01,e-영업1,(제휴 최저가 자동 쿠폰)8270원 할인,NCPN0000827,플러스,248100.0
2026-03-01,e-영업1,(제휴 최저가 자동 쿠폰)38450원 할인,NCPN0003845,플러스,244682.0
2026-03-01,e-영업2,(제휴 최저가 자동 쿠폰)11450원 할인,NCPN0001145,플러스,229000.0
2026-03-01,e-영업2,(제휴 최저가 자동 쿠폰)17960원 할인,NCPN0001796,플러스,228582.0
2026-03-01,e-영업4,[블랙앤화이트 외부 고객 10% 플러스할인쿠폰],CPN1584047,플러스,200182.0
2026-03-01,e-영업1,(제휴 최저가 자동 쿠폰)21520원 할인,NCPN0002152,플러스,195636.0
2026-03-01,e-영업2,[제휴쿠폰][L+DAY] 10% 플러스 쿠폰 (최대 3만원 할인),CPN1635794,플러스,193855.0
2026-03-01,e-영업2,(제휴 최저가 자동 쿠폰)52370원 할인,NCPN0005237,플러스,190436.0
2026-03-01,e-영업2,[제휴쿠폰][WEEKEND SALE] 플러스 7% 쿠폰,CPN1638308,플러스,186655.0
2026-03-01,e-영업2,(제휴 최저가 자동 쿠폰)17560원 할인,NCPN0001756,플러스,175600.0
2026-03-01,e-영업2,(제휴 최저가 자동 쿠폰)30050원 할인,NCPN0003005,플러스,163909.0
2026-03-01,e-영업2,(제휴 최저가 자동 쿠폰)10730원 할인,NCPN0001073,플러스,156073.0
2026-03-01,e-영업1,(제휴 최저가 자동 쿠폰)8070원 할인,NCPN0000807,플러스,154064.0
2026-03-01,e-영업2,(제휴 최저가 자동 쿠폰)9410원 할인,NCPN0000941,플러스,153982.0
2026-03-01,e-영업2,(제휴 최저가 자동 쿠폰)8060원 할인,NCPN0000806,플러스,153873.0
2026-03-01,e-영업2,(제휴 최저가 자동 쿠폰)8510원 할인,NCPN0000851,플러스,146991.0
2026-03-01,e-영업2,(제휴 최저가 자동 쿠폰)22990원 할인,NCPN0002299,플러스,146300.0
2026-03-01,e-영업2,(제휴 최저가 자동 쿠폰)14550원 할인,NCPN0001455,플러스,145500.0
2026-03-01,e-영업2,[제휴쿠폰][브랜드 페스타] 10% 플러스 쿠폰 (최대 3만원),CPN1628002,플러스,141718.0
2026-03-01,e-영업2,(제휴 최저가 자동 쿠폰)10760원 할인,NCPN0001076,플러스,136945.0
2026-03-01,e-영업2,(제휴 최저가 자동 쿠폰)21490원 할인,NCPN0002149,플러스,136755.0
2026-03-01,e-영업2,(제휴 최저가 자동 쿠폰)49320원 할인,NCPN0004932,플러스,134509.0
2026-03-01,e-영업1,(제휴 최저가 자동 쿠폰)36820원 할인,NCPN0003682,플러스,133891.0
2026-03-01,e-영업2,(제휴 최저가 자동 쿠폰)7610원 할인,NCPN0000761,플러스,124527.0
2026-03-01,e-영업2,(제휴 최저가 자동 쿠폰)8870원 할인,NCPN0000887,플러스,120955.0
2026-03-01,e-영업1,(제휴 최저가 자동 쿠폰)18700원 할인,NCPN0001870,플러스,119000.0
2026-03-01,e-영업2,(제휴 최저가 자동 쿠폰)15760원 할인,NCPN0001576,플러스,114618.0
2026-03-01,e-영업2,(제휴 최저가 자동 쿠폰)12600원 할인,NCPN0001260,플러스,114545.0
2026-03-01,e-영업2,(제휴 최저가 자동 쿠폰)12240원 할인,NCPN0001224,플러스,111273.0
2026-03-01,e-영업2,(제휴 최저가 자동 쿠폰)20210원 할인,NCPN0002021,플러스,110236.0
2026-03-01,e-영업1,(제휴 최저가 자동 쿠폰)30060원 할인,NCPN0003006,플러스,109309.0
2026-03-01,e-영업2,(제휴 최저가 자동 쿠폰)16120원 할인,NCPN0001612,플러스,102582.0
2026-03-01,e-영업2,(제휴 최저가 자동 쿠폰)28010원 할인,NCPN0002801,플러스,101855.0
2026-03-01,e-영업1,(제휴 최저가 자동 쿠폰)37020원 할인,NCPN0003702,플러스,100964.0
2026-03-01,e-영업2,(제휴 최저가 자동 쿠폰)36840원 할인,NCPN0003684,플러스,100473.0
2026-03-01,e-영업1,(제휴 최저가 자동 쿠폰)27070원 할인,NCPN0002707,플러스,98436.0
2026-03-01,e-영업2,(제휴 최저가 자동 쿠폰)25940원 할인,NCPN0002594,플러스,94327.0
2026-03-01,e-영업1,[제휴쿠폰][WEEKEND SALE] 플러스 7% 쿠폰,CPN1638308,플러스,92991.0
2026-03-01,e-영업2,(제휴 최저가 자동 쿠폰)19730원 할인,NCPN0001973,플러스,89682.0
2026-03-01,e-영업2,(제휴 최저가 자동 쿠폰)8960원 할인,NCPN0000896,플러스,89600.0
2026-03-01,e-영업2,(제휴 최저가 자동 쿠폰)12270원 할인,NCPN0001227,플러스,89236.0
2026-03-01,e-영업2,(제휴 최저가 자동 쿠폰)10650원 할인,NCPN0001065,플러스,87136.0
2026-03-01,e-영업1,(제휴 최저가 자동 쿠폰)31800원 할인,NCPN0003180,플러스,86727.0
2026-03-01,e-영업1,(제휴 최저가 자동 쿠폰)23690원 할인,NCPN0002369,플러스,86145.0
2026-03-01,e-영업2,(제휴 최저가 자동 쿠폰)15510원 할인,NCPN0001551,플러스,84600.0
2026-03-01,e-영업2,(제휴 최저가 자동 쿠폰)13110원 할인,NCPN0001311,플러스,83427.0
2026-03-01,e-영업2,(제휴 최저가 자동 쿠폰)18280원 할인,NCPN0001828,플러스,83091.0
2026-03-01,e-영업2,(제휴 최저가 자동 쿠폰)18140원 할인,NCPN0001814,플러스,82455.0
2026-03-01,e-영업2,(제휴 최저가 자동 쿠폰)30060원 할인,NCPN0003006,플러스,81982.0
2026-03-01,e-영업2,(제휴 최저가 자동 쿠폰)30020원 할인,NCPN0003002,플러스,81873.0
2026-03-01,e-영업2,(제휴 최저가 자동 쿠폰)21530원 할인,NCPN0002153,플러스,78291.0
2026-03-01,e-영업2,(제휴 최저가 자동 쿠폰)17200원 할인,NCPN0001720,플러스,78182.0
2026-03-01,e-영업2,(제휴 최저가 자동 쿠폰)41890원 할인,NCPN0004189,플러스,76164.0
2026-03-01,e-영업2,(제휴 최저가 자동 쿠폰)27830원 할인,NCPN0002783,플러스,75900.0
2026-03-01,e-영업2,(제휴 최저가 자동 쿠폰)16680원 할인,NCPN0001668,플러스,75818.0
2026-03-01,e-영업2,(제휴 최저가 자동 쿠폰)5540원 할인,NCPN0000554,플러스,75545.0
2026-03-01,e-영업1,[제휴쿠폰][WEEKEND SALE] 플러스 5% 쿠폰,CPN1645372,플러스,75409.0
2026-03-01,e-영업2,(제휴 최저가 자동 쿠폰)5150원 할인,NCPN0000515,플러스,74909.0
2026-03-01,e-영업1,(제휴 최저가 자동 쿠폰)20490원 할인,NCPN0002049,플러스,74509.0
2026-03-01,e-영업2,(제휴 최저가 자동 쿠폰)9080원 할인,NCPN0000908,플러스,74291.0
2026-03-01,e-영업2,(제휴 최저가 자동 쿠폰)26710원 할인,NCPN0002671,플러스,72845.0
2026-03-01,e-영업2,(제휴 최저가 자동 쿠폰)11340원 할인,NCPN0001134,플러스,72164.0
2026-03-01,e-영업2,(제휴 최저가 자동 쿠폰)26280원 할인,NCPN0002628,플러스,71673.0
2026-03-01,e-영업1,(제휴 최저가 자동 쿠폰)15760원 할인,NCPN0001576,플러스,71636.0
2026-03-01,e-영업1,(제휴 최저가 자동 쿠폰)38840원 할인,NCPN0003884,플러스,70618.0
2026-03-01,e-영업1,(제휴 최저가 자동 쿠폰)12880원 할인,NCPN0001288,플러스,70255.0
2026-03-01,e-영업2,(제휴 최저가 자동 쿠폰)12880원 할인,NCPN0001288,플러스,70255.0
2026-03-01,e-영업1,(제휴 최저가 자동 쿠폰)24170원 할인,NCPN0002417,플러스,65918.0
2026-03-01,e-영업1,(제휴 최저가 자동 쿠폰)14320원 할인,NCPN0001432,플러스,65091.0
2026-03-01,e-영업1,(제휴 최저가 자동 쿠폰)8920원 할인,NCPN0000892,플러스,64873.0
2026-03-01,e-영업2,(제휴 최저가 자동 쿠폰)23690원 할인,NCPN0002369,플러스,64609.0
2026-03-01,e-영업2,(제휴 최저가 자동 쿠폰)23550원 할인,NCPN0002355,플러스,64227.0
2026-03-01,e-영업2,(제휴 최저가 자동 쿠폰)34900원 할인,NCPN0003490,플러스,63455.0
2026-03-01,e-영업1,(제휴 최저가 자동 쿠폰)34170원 할인,NCPN0003417,플러스,62127.0
2026-03-01,e-영업2,(제휴 최저가 자동 쿠폰)13620원 할인,NCPN0001362,플러스,61909.0
2026-03-01,e-영업2,(제휴 최저가 자동 쿠폰)33780원 할인,NCPN0003378,플러스,61418.0
2026-03-01,e-영업2,(제휴 최저가 자동 쿠폰)16860원 할인,NCPN0001686,플러스,61309.0
2026-03-01,e-영업1,[제휴쿠폰][WEEKEND SALE] 플러스 5% 쿠폰,CPN1653353,플러스,61173.0
2026-03-01,e-영업2,(제휴 최저가 자동 쿠폰)16550원 할인,NCPN0001655,플러스,60182.0
2026-03-01,e-영업2,(제휴 최저가 자동 쿠폰)13170원 할인,NCPN0001317,플러스,59864.0
2026-03-01,e-영업2,(제휴 최저가 자동 쿠폰)15990원 할인,NCPN0001599,플러스,58145.0
2026-03-01,e-영업2,(제휴 최저가 자동 쿠폰)9040원 할인,NCPN0000904,플러스,57527.0
2026-03-01,e-영업2,(제휴 최저가 자동 쿠폰)9010원 할인,NCPN0000901,플러스,57336.0
2026-03-01,e-영업2,(제휴 최저가 자동 쿠폰)12110원 할인,NCPN0001211,플러스,55045.0
2026-03-01,e-영업1,(제휴 최저가 자동 쿠폰)10040원 할인,NCPN0001004,플러스,54764.0
2026-03-01,e-영업2,(제휴 최저가 자동 쿠폰)29970원 할인,NCPN0002997,플러스,54491.0
2026-03-01,e-영업2,(제휴 최저가 자동 쿠폰)19910원 할인,NCPN0001991,플러스,54300.0
2026-03-01,e-영업1,[제휴쿠폰][L+DAY] 10% 플러스 쿠폰 (최대 3만원 할인),CPN1635794,플러스,53764.0
2026-03-01,e-영업1,(제휴 최저가 자동 쿠폰)29550원 할인,NCPN0002955,플러스,53727.0
2026-03-01,e-영업2,(제휴 최저가 자동 쿠폰)14690원 할인,NCPN0001469,플러스,53418.0
2026-03-01,e-영업2,(제휴 최저가 자동 쿠폰)9780원 할인,NCPN0000978,플러스,53345.0
2026-03-01,e-영업2,(제휴 최저가 자동 쿠폰)19350원 할인,NCPN0001935,플러스,52773.0
2026-03-01,e-영업2,(제휴 최저가 자동 쿠폰)14510원 할인,NCPN0001451,플러스,52764.0
2026-03-01,e-영업2,(제휴 최저가 자동 쿠폰)19210원 할인,NCPN0001921,플러스,52391.0
2026-03-01,e-영업2,(제휴 최저가 자동 쿠폰)19080원 할인,NCPN0001908,플러스,52036.0
2026-03-01,e-영업2,[제휴쿠폰][WEEKEND SALE] 플러스 5% 쿠폰,CPN1653353,플러스,51900.0
2026-03-01,e-영업2,(제휴 최저가 자동 쿠폰)9430원 할인,NCPN0000943,플러스,51436.0
2026-03-01,e-영업2,(제휴 최저가 자동 쿠폰)14120원 할인,NCPN0001412,플러스,51345.0
2026-03-01,e-영업2,(제휴 최저가 자동 쿠폰)13970원 할인,NCPN0001397,플러스,50800.0
2026-03-01,e-영업2,(제휴 최저가 자동 쿠폰)18250원 할인,NCPN0001825,플러스,49773.0
2026-03-01,e-영업1,(제휴 최저가 자동 쿠폰)54620원 할인,NCPN0005462,플러스,49655.0
2026-03-01,e-영업2,(제휴 최저가 자동 쿠폰)13480원 할인,NCPN0001348,플러스,49018.0
2026-03-01,e-영업2,(제휴 최저가 자동 쿠폰)26660원 할인,NCPN0002666,플러스,48473.0
2026-03-01,e-영업2,(제휴 최저가 자동 쿠폰)26320원 할인,NCPN0002632,플러스,47855.0
2026-03-01,e-영업1,(제휴 최저가 자동 쿠폰)26300원 할인,NCPN0002630,플러스,47818.0
2026-03-01,e-영업2,(제휴 최저가 자동 쿠폰)26000원 할인,NCPN0002600,플러스,47273.0
2026-03-01,e-영업1,(제휴 최저가 자동 쿠폰)25940원 할인,NCPN0002594,플러스,47164.0
2026-03-01,e-영업2,(제휴 최저가 자동 쿠폰)16950원 할인,NCPN0001695,플러스,46227.0
2026-03-01,e-영업1,(제휴 최저가 자동 쿠폰)25100원 할인,NCPN0002510,플러스,45636.0
2026-03-01,e-영업2,(제휴 최저가 자동 쿠폰)16690원 할인,NCPN0001669,플러스,45518.0
2026-03-01,e-영업1,(제휴 최저가 자동 쿠폰)24960원 할인,NCPN0002496,플러스,45382.0
2026-03-01,e-영업2,(제휴 최저가 자동 쿠폰)16600원 할인,NCPN0001660,플러스,45273.0
2026-03-01,e-영업2,(제휴 최저가 자동 쿠폰)12330원 할인,NCPN0001233,플러스,44836.0
2026-03-01,e-영업2,(제휴 최저가 자동 쿠폰)16360원 할인,NCPN0001636,플러스,44618.0
2026-03-01,e-영업2,[제휴쿠폰][온도로 입는 봄] 플러스쿠폰 5% (최대 3만원),CPN1646225,플러스,44373.0
2026-03-01,e-영업2,(제휴 최저가 자동 쿠폰)16150원 할인,NCPN0001615,플러스,44045.0
2026-03-01,e-영업2,(제휴 최저가 자동 쿠폰)15810원 할인,NCPN0001581,플러스,43118.0
2026-03-01,e-영업2,(제휴 최저가 자동 쿠폰)23370원 할인,NCPN0002337,플러스,42491.0
2026-03-01,e-영업2,(제휴 최저가 자동 쿠폰)23270원 할인,NCPN0002327,플러스,42309.0
2026-03-01,e-영업2,(제휴 최저가 자동 쿠폰)9270원 할인,NCPN0000927,플러스,42136.0
2026-03-01,e-영업1,(제휴 최저가 자동 쿠폰)22790원 할인,NCPN0002279,플러스,41436.0
2026-03-01,e-영업2,(제휴 최저가 자동 쿠폰)22790원 할인,NCPN0002279,플러스,41436.0
2026-03-01,e-영업1,(제휴 최저가 자동 쿠폰)9040원 할인,NCPN0000904,플러스,41091.0
2026-03-01,e-영업2,(제휴 최저가 자동 쿠폰)22570원 할인,NCPN0002257,플러스,41036.0
2026-03-01,e-영업2,(제휴 최저가 자동 쿠폰)45020원 할인,NCPN0004502,플러스,40927.0
2026-03-01,e-영업2,(제휴 최저가 자동 쿠폰)8980원 할인,NCPN0000898,플러스,40818.0
2026-03-01,e-영업2,(제휴 최저가 자동 쿠폰)11030원 할인,NCPN0001103,플러스,40109.0
2026-03-01,e-영업2,(제휴 최저가 자동 쿠폰)21890원 할인,NCPN0002189,플러스,39800.0
2026-03-01,e-영업2,(제휴 최저가 자동 쿠폰)14570원 할인,NCPN0001457,플러스,39736.0
2026-03-01,e-영업1,(제휴 최저가 자동 쿠폰)43520원 할인,NCPN0004352,플러스,39564.0
2026-03-01,e-영업2,(제휴 최저가 자동 쿠폰)21520원 할인,NCPN0002152,플러스,39127.0
2026-03-01,e-영업2,(제휴 최저가 자동 쿠폰)14310원 할인,NCPN0001431,플러스,39027.0
2026-03-01,e-영업1,(제휴 최저가 자동 쿠폰)10630원 할인,NCPN0001063,플러스,38655.0
2026-03-01,e-영업1,(제휴 최저가 자동 쿠폰)14030원 할인,NCPN0001403,플러스,38264.0
2026-03-01,e-영업1,(제휴 최저가 자동 쿠폰)20710원 할인,NCPN0002071,플러스,37655.0
2026-03-01,e-영업2,(제휴 최저가 자동 쿠폰)41090원 할인,NCPN0004109,플러스,37355.0
2026-03-01,e-영업1,(제휴 최저가 자동 쿠폰)20260원 할인,NCPN0002026,플러스,36836.0
2026-03-01,e-영업1,(제휴 최저가 자동 쿠폰)40510원 할인,NCPN0004051,플러스,36827.0
2026-03-01,e-영업2,(제휴 최저가 자동 쿠폰)13440원 할인,NCPN0001344,플러스,36655.0
2026-03-01,e-영업2,(제휴 최저가 자동 쿠폰)40130원 할인,NCPN0004013,플러스,36482.0
2026-03-01,e-영업2,(제휴 최저가 자동 쿠폰)20000원 할인,NCPN0002000,플러스,36364.0
2026-03-01,e-영업1,(제휴 최저가 자동 쿠폰)9960원 할인,NCPN0000996,플러스,36218.0
2026-03-01,e-영업2,(제휴 최저가 자동 쿠폰)19870원 할인,NCPN0001987,플러스,36127.0
2026-03-01,e-영업1,(제휴 최저가 자동 쿠폰)39630원 할인,NCPN0003963,플러스,36027.0
2026-03-01,e-영업2,(제휴 최저가 자동 쿠폰)39490원 할인,NCPN0003949,플러스,35900.0
2026-03-01,e-영업1,(제휴 최저가 자동 쿠폰)19300원 할인,NCPN0001930,플러스,35091.0
2026-03-01,e-영업2,(제휴 최저가 자동 쿠폰)12860원 할인,NCPN0001286,플러스,35073.0
2026-03-01,e-영업1,(제휴 최저가 자동 쿠폰)12770원 할인,NCPN0001277,플러스,34827.0
2026-03-01,e-영업2,(제휴 최저가 자동 쿠폰)12660원 할인,NCPN0001266,플러스,34527.0
2026-03-01,e-영업2,(제휴 최저가 자동 쿠폰)12650원 할인,NCPN0001265,플러스,34500.0
2026-03-01,e-영업2,(제휴 최저가 자동 쿠폰)37660원 할인,NCPN0003766,플러스,34236.0
2026-03-01,e-영업1,(제휴 최저가 자동 쿠폰)18640원 할인,NCPN0001864,플러스,33891.0
2026-03-01,e-영업1,(제휴 최저가 자동 쿠폰)18300원 할인,NCPN0001830,플러스,33273.0
2026-03-01,e-영업2,(제휴 최저가 자동 쿠폰)18300원 할인,NCPN0001830,플러스,33273.0
2026-03-01,e-영업1,(제휴 최저가 자동 쿠폰)18250원 할인,NCPN0001825,플러스,33182.0
2026-03-01,e-영업2,(제휴 최저가 자동 쿠폰)36380원 할인,NCPN0003638,플러스,33073.0
2026-03-01,e-영업1,(제휴 최저가 자동 쿠폰)18150원 할인,NCPN0001815,플러스,33000.0
2026-03-01,e-영업1,(제휴 최저가 자동 쿠폰)8970원 할인,NCPN0000897,플러스,32618.0
2026-03-01,e-영업1,(제휴 최저가 자동 쿠폰)8960원 할인,NCPN0000896,플러스,32582.0
2026-03-01,e-영업2,(제휴 최저가 자동 쿠폰)17700원 할인,NCPN0001770,플러스,32182.0
2026-03-01,e-영업2,(제휴 최저가 자동 쿠폰)17660원 할인,NCPN0001766,플러스,32109.0
2026-03-01,e-영업2,(제휴 최저가 자동 쿠폰)11670원 할인,NCPN0001167,플러스,31827.0
2026-03-01,e-영업1,(제휴 최저가 자동 쿠폰)17200원 할인,NCPN0001720,플러스,31273.0
2026-03-01,e-영업2,(제휴 최저가 자동 쿠폰)34130원 할인,NCPN0003413,플러스,31027.0
2026-03-01,e-영업1,(제휴 최저가 자동 쿠폰)34120원 할인,NCPN0003412,플러스,31018.0
2026-03-01,e-영업2,(제휴 최저가 자동 쿠폰)34120원 할인,NCPN0003412,플러스,31018.0
2026-03-01,e-영업1,(제휴 최저가 자동 쿠폰)17020원 할인,NCPN0001702,플러스,30945.0
2026-03-01,e-영업2,[제휴쿠폰][브랜드 페스타] 5% 플러스 쿠폰 (최대 3만원),CPN1627999,플러스,30327.0
2026-03-01,e-영업1,(제휴 최저가 자동 쿠폰)33300원 할인,NCPN0003330,플러스,30273.0
2026-03-01,e-영업2,(제휴 최저가 자동 쿠폰)11080원 할인,NCPN0001108,플러스,30218.0
2026-03-01,e-영업2,(제휴 최저가 자동 쿠폰)33090원 할인,NCPN0003309,플러스,30082.0
2026-03-01,e-영업2,(제휴 최저가 자동 쿠폰)8100원 할인,NCPN0000810,플러스,29455.0
2026-03-01,e-영업1,(제휴 최저가 자동 쿠폰)16120원 할인,NCPN0001612,플러스,29309.0
2026-03-01,e-영업2,(제휴 최저가 자동 쿠폰)32000원 할인,NCPN0003200,플러스,29091.0
2026-03-01,e-영업2,(제휴 최저가 자동 쿠폰)31870원 할인,NCPN0003187,플러스,28973.0
2026-03-01,e-영업1,(제휴 최저가 자동 쿠폰)31330원 할인,NCPN0003133,플러스,28482.0
2026-03-01,e-영업2,(제휴 최저가 자동 쿠폰)4460원 할인,NCPN0000446,플러스,28382.0
2026-03-01,e-영업2,(제휴 최저가 자동 쿠폰)6060원 할인,NCPN0000606,플러스,27545.0
2026-03-01,e-영업2,(제휴 최저가 자동 쿠폰)10070원 할인,NCPN0001007,플러스,27464.0
2026-03-01,e-영업2,(제휴 최저가 자동 쿠폰)30160원 할인,NCPN0003016,플러스,27418.0
2026-03-01,e-영업1,(제휴 최저가 자동 쿠폰)15040원 할인,NCPN0001504,플러스,27345.0
2026-03-01,e-영업2,(제휴 최저가 자동 쿠폰)15040원 할인,NCPN0001504,플러스,27345.0
2026-03-01,e-영업1,(제휴 최저가 자동 쿠폰)30050원 할인,NCPN0003005,플러스,27318.0
2026-03-01,e-영업2,(제휴 최저가 자동 쿠폰)9960원 할인,NCPN0000996,플러스,27164.0
2026-03-01,e-영업1,(제휴 최저가 자동 쿠폰)7450원 할인,NCPN0000745,플러스,27091.0
2026-03-01,e-영업2,(제휴 최저가 자동 쿠폰)14710원 할인,NCPN0001471,플러스,26745.0
2026-03-01,e-영업2,(제휴 최저가 자동 쿠폰)9800원 할인,NCPN0000980,플러스,26727.0
2026-03-01,e-영업2,(제휴 최저가 자동 쿠폰)29240원 할인,NCPN0002924,플러스,26582.0
2026-03-01,e-영업2,(제휴 최저가 자동 쿠폰)9730원 할인,NCPN0000973,플러스,26536.0
2026-03-01,e-영업1,(제휴 최저가 자동 쿠폰)29140원 할인,NCPN0002914,플러스,26491.0
2026-03-01,e-영업2,(제휴 최저가 자동 쿠폰)9710원 할인,NCPN0000971,플러스,26482.0
2026-03-01,e-영업2,(제휴 최저가 자동 쿠폰)29050원 할인,NCPN0002905,플러스,26409.0
2026-03-01,e-영업2,(제휴 최저가 자동 쿠폰)9670원 할인,NCPN0000967,플러스,26373.0
2026-03-01,e-영업2,(제휴 최저가 자동 쿠폰)7210원 할인,NCPN0000721,플러스,26218.0
2026-03-01,e-영업1,(제휴 최저가 자동 쿠폰)28760원 할인,NCPN0002876,플러스,26145.0
2026-03-01,e-영업2,(제휴 최저가 자동 쿠폰)28760원 할인,NCPN0002876,플러스,26145.0
2026-03-01,e-영업2,(제휴 최저가 자동 쿠폰)14200원 할인,NCPN0001420,플러스,25818.0
2026-03-01,e-영업2,(제휴 최저가 자동 쿠폰)27550원 할인,NCPN0002755,플러스,25045.0
2026-03-01,e-영업1,(제휴 최저가 자동 쿠폰)9030원 할인,NCPN0000903,플러스,24627.0
2026-03-01,e-영업2,(제휴 최저가 자동 쿠폰)8990원 할인,NCPN0000899,플러스,24518.0
2026-03-01,e-영업2,(제휴 최저가 자동 쿠폰)26830원 할인,NCPN0002683,플러스,24391.0
2026-03-01,e-영업2,(제휴 최저가 자동 쿠폰)8920원 할인,NCPN0000892,플러스,24327.0
2026-03-01,e-영업2,[제휴쿠폰][WEEKEND SALE] 플러스 5% 쿠폰,CPN1645372,플러스,23755.0
2026-03-01,e-영업2,(제휴 최저가 자동 쿠폰)25840원 할인,NCPN0002584,플러스,23491.0
2026-03-01,e-영업2,(제휴 최저가 자동 쿠폰)12770원 할인,NCPN0001277,플러스,23218.0
2026-03-01,e-영업2,(제휴 최저가 자동 쿠폰)12550원 할인,NCPN0001255,플러스,22818.0
2026-03-01,e-영업2,(제휴 최저가 자동 쿠폰)25020원 할인,NCPN0002502,플러스,22745.0
2026-03-01,e-영업2,(제휴 최저가 자동 쿠폰)24960원 할인,NCPN0002496,플러스,22691.0
2026-03-01,e-영업2,(제휴 최저가 자동 쿠폰)12430원 할인,NCPN0001243,플러스,22600.0
2026-03-01,e-영업2,(제휴 최저가 자동 쿠폰)12170원 할인,NCPN0001217,플러스,22127.0
2026-03-01,e-영업2,(제휴 최저가 자동 쿠폰)12130원 할인,NCPN0001213,플러스,22055.0
2026-03-01,e-영업2,(제휴 최저가 자동 쿠폰)11790원 할인,NCPN0001179,플러스,21436.0
2026-03-01,e-영업1,(제휴 최저가 자동 쿠폰)23360원 할인,NCPN0002336,플러스,21236.0
2026-03-01,e-영업1,(제휴 최저가 자동 쿠폰)22990원 할인,NCPN0002299,플러스,20900.0
2026-03-01,e-영업1,(제휴 최저가 자동 쿠폰)11450원 할인,NCPN0001145,플러스,20818.0
2026-03-01,e-영업2,(제휴 최저가 자동 쿠폰)22850원 할인,NCPN0002285,플러스,20773.0
2026-03-01,e-영업2,(제휴 최저가 자동 쿠폰)5480원 할인,NCPN0000548,플러스,19927.0
2026-03-01,e-영업1,(제휴 최저가 자동 쿠폰)21810원 할인,NCPN0002181,플러스,19827.0
2026-03-01,e-영업1,(제휴 최저가 자동 쿠폰)7050원 할인,NCPN0000705,플러스,19227.0
2026-03-01,e-영업2,(제휴 최저가 자동 쿠폰)20710원 할인,NCPN0002071,플러스,18827.0
2026-03-01,e-영업2,(제휴 최저가 자동 쿠폰)20490원 할인,NCPN0002049,플러스,18627.0
2026-03-01,e-영업2,(제휴 최저가 자동 쿠폰)20440원 할인,NCPN0002044,플러스,18582.0
2026-03-01,e-영업2,(제휴 최저가 자동 쿠폰)10210원 할인,NCPN0001021,플러스,18564.0
2026-03-01,e-영업2,(제휴 최저가 자동 쿠폰)20260원 할인,NCPN0002026,플러스,18418.0
2026-03-01,e-영업1,(제휴 최저가 자동 쿠폰)10090원 할인,NCPN0001009,플러스,18345.0
2026-03-01,e-영업2,(제휴 최저가 자동 쿠폰)10080원 할인,NCPN0001008,플러스,18327.0
2026-03-01,e-영업1,(제휴 최저가 자동 쿠폰)20130원 할인,NCPN0002013,플러스,18300.0
2026-03-01,e-영업2,(제휴 최저가 자동 쿠폰)10060원 할인,NCPN0001006,플러스,18291.0
2026-03-01,e-영업2,(제휴 최저가 자동 쿠폰)19970원 할인,NCPN0001997,플러스,18155.0
2026-03-01,e-영업1,(제휴 최저가 자동 쿠폰)6640원 할인,NCPN0000664,플러스,18109.0
2026-03-01,e-영업1,[제휴쿠폰][브랜드 페스타] 10% 플러스 쿠폰 (최대 3만원),CPN1628002,플러스,18009.0
2026-03-01,e-영업2,(제휴 최저가 자동 쿠폰)19630원 할인,NCPN0001963,플러스,17845.0
2026-03-01,e-영업1,(제휴 최저가 자동 쿠폰)19360원 할인,NCPN0001936,플러스,17600.0
2026-03-01,e-영업2,(제휴 최저가 자동 쿠폰)9600원 할인,NCPN0000960,플러스,17455.0
2026-03-01,e-영업1,(제휴 최저가 자동 쿠폰)19080원 할인,NCPN0001908,플러스,17345.0
2026-03-01,e-영업1,(제휴 최저가 자동 쿠폰)9500원 할인,NCPN0000950,플러스,17273.0
2026-03-01,e-영업2,(제휴 최저가 자동 쿠폰)18670원 할인,NCPN0001867,플러스,16973.0
2026-03-01,e-영업2,(제휴 최저가 자동 쿠폰)18640원 할인,NCPN0001864,플러스,16945.0
2026-03-01,e-영업2,(제휴 최저가 자동 쿠폰)18480원 할인,NCPN0001848,플러스,16800.0
2026-03-01,e-영업1,(제휴 최저가 자동 쿠폰)18410원 할인,NCPN0001841,플러스,16736.0
2026-03-01,e-영업1,(제휴 최저가 자동 쿠폰)18140원 할인,NCPN0001814,플러스,16491.0
2026-03-01,e-영업2,(제휴 최저가 자동 쿠폰)9020원 할인,NCPN0000902,플러스,16400.0
2026-03-01,e-영업1,(제휴 최저가 자동 쿠폰)17750원 할인,NCPN0001775,플러스,16136.0
2026-03-01,e-영업2,(제휴 최저가 자동 쿠폰)17100원 할인,NCPN0001710,플러스,15545.0
2026-03-01,e-영업2,(제휴 최저가 자동 쿠폰)17020원 할인,NCPN0001702,플러스,15473.0
2026-03-01,e-영업2,(제휴 최저가 자동 쿠폰)8470원 할인,NCPN0000847,플러스,15400.0
2026-03-01,e-영업1,(제휴 최저가 자동 쿠폰)16550원 할인,NCPN0001655,플러스,15045.0
2026-03-01,e-영업2,(제휴 최저가 자동 쿠폰)16530원 할인,NCPN0001653,플러스,15027.0
2026-03-01,e-영업1,(제휴 최저가 자동 쿠폰)16420원 할인,NCPN0001642,플러스,14927.0
2026-03-01,e-영업2,(제휴 최저가 자동 쿠폰)16380원 할인,NCPN0001638,플러스,14891.0
2026-03-01,e-영업1,(제휴 최저가 자동 쿠폰)8090원 할인,NCPN0000809,플러스,14709.0
2026-03-01,e-영업1,(제휴 최저가 자동 쿠폰)8050원 할인,NCPN0000805,플러스,14636.0
2026-03-01,e-영업2,(제휴 최저가 자동 쿠폰)15870원 할인,NCPN0001587,플러스,14427.0
2026-03-01,e-영업1,(제휴 최저가 자동 쿠폰)15770원 할인,NCPN0001577,플러스,14336.0
2026-03-01,e-영업2,(제휴 최저가 자동 쿠폰)15710원 할인,NCPN0001571,플러스,14282.0
2026-03-01,e-영업1,(제휴 최저가 자동 쿠폰)15640원 할인,NCPN0001564,플러스,14218.0
2026-03-01,e-영업2,(제휴 최저가 자동 쿠폰)5210원 할인,NCPN0000521,플러스,14209.0
2026-03-01,e-영업1,(제휴 최저가 자동 쿠폰)15220원 할인,NCPN0001522,플러스,13836.0
2026-03-01,e-영업2,(제휴 최저가 자동 쿠폰)14770원 할인,NCPN0001477,플러스,13427.0
2026-03-01,e-영업2,(제휴 최저가 자동 쿠폰)7220원 할인,NCPN0000722,플러스,13127.0
2026-03-01,e-영업1,(제휴 최저가 자동 쿠폰)14200원 할인,NCPN0001420,플러스,12909.0
2026-03-01,e-영업1,(제휴 최저가 자동 쿠폰)6940원 할인,NCPN0000694,플러스,12618.0
2026-03-01,e-영업2,(제휴 최저가 자동 쿠폰)13810원 할인,NCPN0001381,플러스,12555.0
2026-03-01,e-영업1,(제휴 최저가 자동 쿠폰)13740원 할인,NCPN0001374,플러스,12491.0
2026-03-01,e-영업2,(제휴 최저가 자동 쿠폰)6770원 할인,NCPN0000677,플러스,12309.0
2026-03-01,e-영업1,(제휴 최저가 자동 쿠폰)4480원 할인,NCPN0000448,플러스,12218.0
2026-03-01,e-영업1,[제휴쿠폰][온도로 입는 봄] 플러스쿠폰 5% (최대 3만원),CPN1646225,플러스,11745.0
2026-03-01,e-영업1,(제휴 최저가 자동 쿠폰)12890원 할인,NCPN0001289,플러스,11718.0
2026-03-01,e-영업2,(제휴 최저가 자동 쿠폰)6410원 할인,NCPN0000641,플러스,11655.0
2026-03-01,e-영업2,(제휴 최저가 자동 쿠폰)12640원 할인,NCPN0001264,플러스,11491.0
2026-03-01,e-영업1,(제휴 최저가 자동 쿠폰)12430원 할인,NCPN0001243,플러스,11300.0
2026-03-01,e-영업2,(제휴 최저가 자동 쿠폰)6180원 할인,NCPN0000618,플러스,11236.0
2026-03-01,e-영업1,(제휴 최저가 자동 쿠폰)12330원 할인,NCPN0001233,플러스,11209.0
2026-03-01,e-영업1,(제휴 최저가 자동 쿠폰)12300원 할인,NCPN0001230,플러스,11182.0
2026-03-01,e-영업1,(제휴 최저가 자동 쿠폰)12270원 할인,NCPN0001227,플러스,11155.0
2026-03-01,e-영업1,(제휴 최저가 자동 쿠폰)6130원 할인,NCPN0000613,플러스,11145.0
2026-03-01,e-영업1,(제휴 최저가 자동 쿠폰)12240원 할인,NCPN0001224,플러스,11127.0
2026-03-01,e-영업2,(제휴 최저가 자동 쿠폰)12160원 할인,NCPN0001216,플러스,11055.0
2026-03-01,e-영업1,(제휴 최저가 자동 쿠폰)11740원 할인,NCPN0001174,플러스,10673.0
2026-03-01,e-영업2,(제휴 최저가 자동 쿠폰)11740원 할인,NCPN0001174,플러스,10673.0
2026-03-01,e-영업1,(제휴 최저가 자동 쿠폰)5850원 할인,NCPN0000585,플러스,10636.0
2026-03-01,e-영업2,(제휴 최저가 자동 쿠폰)11620원 할인,NCPN0001162,플러스,10564.0
2026-03-01,e-영업2,(제휴 최저가 자동 쿠폰)5680원 할인,NCPN0000568,플러스,10327.0
2026-03-01,e-영업2,(제휴 최저가 자동 쿠폰)11040원 할인,NCPN0001104,플러스,10036.0
2026-03-01,e-영업2,(제휴 최저가 자동 쿠폰)10990원 할인,NCPN0001099,플러스,9991.0
2026-03-01,e-영업2,(제휴 최저가 자동 쿠폰)5460원 할인,NCPN0000546,플러스,9927.0
2026-03-01,e-영업2,(제휴 최저가 자동 쿠폰)10880원 할인,NCPN0001088,플러스,9891.0
2026-03-01,e-영업2,(제휴 최저가 자동 쿠폰)10820원 할인,NCPN0001082,플러스,9836.0
2026-03-01,e-영업1,(제휴 최저가 자동 쿠폰)3570원 할인,NCPN0000357,플러스,9736.0
2026-03-01,e-영업2,(제휴 최저가 자동 쿠폰)10620원 할인,NCPN0001062,플러스,9655.0
2026-03-01,e-영업1,(제휴 최저가 자동 쿠폰)10600원 할인,NCPN0001060,플러스,9636.0
2026-03-01,e-영업1,(제휴 최저가 자동 쿠폰)10450원 할인,NCPN0001045,플러스,9500.0
2026-03-01,e-영업2,(제휴 최저가 자동 쿠폰)10450원 할인,NCPN0001045,플러스,9500.0
2026-03-01,e-영업1,(제휴 최저가 자동 쿠폰)5150원 할인,NCPN0000515,플러스,9364.0
2026-03-01,e-영업1,(제휴 최저가 자동 쿠폰)10070원 할인,NCPN0001007,플러스,9155.0
2026-03-01,e-영업2,(제휴 최저가 자동 쿠폰)10050원 할인,NCPN0001005,플러스,9136.0
2026-03-01,e-영업1,(제휴 최저가 자동 쿠폰)4950원 할인,NCPN0000495,플러스,9000.0
2026-03-01,e-영업1,(제휴 최저가 자동 쿠폰)9730원 할인,NCPN0000973,플러스,8845.0
2026-03-01,e-영업1,(제휴 최저가 자동 쿠폰)9710원 할인,NCPN0000971,플러스,8827.0
2026-03-01,e-영업2,(제휴 최저가 자동 쿠폰)1870원 할인,NCPN0000187,플러스,8500.0
2026-03-01,e-영업1,(제휴 최저가 자동 쿠폰)9070원 할인,NCPN0000907,플러스,8245.0
2026-03-01,e-영업2,(제휴 최저가 자동 쿠폰)9060원 할인,NCPN0000906,플러스,8236.0
2026-03-01,e-영업2,(제휴 최저가 자동 쿠폰)8830원 할인,NCPN0000883,플러스,8027.0
2026-03-01,e-영업2,(제휴 최저가 자동 쿠폰)8800원 할인,NCPN0000880,플러스,8000.0
2026-03-01,e-영업2,(제휴 최저가 자동 쿠폰)8730원 할인,NCPN0000873,플러스,7936.0
2026-03-01,e-영업1,(제휴 최저가 자동 쿠폰)8550원 할인,NCPN0000855,플러스,7773.0
2026-03-01,e-영업2,[제휴쿠폰][L+DAY] 5% 플러스 쿠폰 (최대 3만원 할인),CPN1635797,플러스,7755.0
2026-03-01,e-영업2,(제휴 최저가 자동 쿠폰)4180원 할인,NCPN0000418,플러스,7600.0
2026-03-01,e-영업2,(제휴 최저가 자동 쿠폰)8270원 할인,NCPN0000827,플러스,7518.0
2026-03-01,e-영업1,(제휴 최저가 자동 쿠폰)8100원 할인,NCPN0000810,플러스,7364.0
2026-03-01,e-영업2,(제휴 최저가 자동 쿠폰)8050원 할인,NCPN0000805,플러스,7318.0
2026-03-01,e-영업2,(제휴 최저가 자동 쿠폰)8040원 할인,NCPN0000804,플러스,7309.0
2026-03-01,e-영업1,(제휴 최저가 자동 쿠폰)8030원 할인,NCPN0000803,플러스,7300.0
2026-03-01,e-영업2,(제휴 최저가 자동 쿠폰)8030원 할인,NCPN0000803,플러스,7300.0
2026-03-01,e-영업2,(제휴 최저가 자동 쿠폰)7950원 할인,NCPN0000795,플러스,7227.0
2026-03-01,e-영업2,(제휴 최저가 자동 쿠폰)7930원 할인,NCPN0000793,플러스,7209.0
2026-03-01,e-영업1,(제휴 최저가 자동 쿠폰)3900원 할인,NCPN0000390,플러스,7091.0
2026-03-01,e-영업2,(제휴 최저가 자동 쿠폰)7510원 할인,NCPN0000751,플러스,6827.0
2026-03-01,e-영업2,(제휴 최저가 자동 쿠폰)7150원 할인,NCPN0000715,플러스,6500.0
2026-03-01,e-영업1,(제휴 최저가 자동 쿠폰)7120원 할인,NCPN0000712,플러스,6473.0
2026-03-01,e-영업2,(제휴 최저가 자동 쿠폰)7090원 할인,NCPN0000709,플러스,6445.0
2026-03-01,e-영업1,(제휴 최저가 자동 쿠폰)7030원 할인,NCPN0000703,플러스,6391.0
2026-03-01,e-영업2,(제휴 최저가 자동 쿠폰)7030원 할인,NCPN0000703,플러스,6391.0
2026-03-01,e-영업2,(제휴 최저가 자동 쿠폰)6990원 할인,NCPN0000699,플러스,6355.0
2026-03-01,e-영업2,(제휴 최저가 자동 쿠폰)6940원 할인,NCPN0000694,플러스,6309.0
2026-03-01,e-영업1,(제휴 최저가 자동 쿠폰)6840원 할인,NCPN0000684,플러스,6218.0
2026-03-01,e-영업2,(제휴 최저가 자동 쿠폰)6640원 할인,NCPN0000664,플러스,6036.0
2026-03-01,e-영업1,(제휴 최저가 자동 쿠폰)1090원 할인,NCPN0000109,플러스,5945.0
2026-03-01,e-영업2,(제휴 최저가 자동 쿠폰)6480원 할인,NCPN0000648,플러스,5891.0
2026-03-01,e-영업1,(제휴 최저가 자동 쿠폰)6330원 할인,NCPN0000633,플러스,5755.0
2026-03-01,e-영업2,(제휴 최저가 자동 쿠폰)6170원 할인,NCPN0000617,플러스,5609.0
2026-03-01,e-영업1,(제휴 최저가 자동 쿠폰)6050원 할인,NCPN0000605,플러스,5500.0
2026-03-01,e-영업1,(제휴 최저가 자동 쿠폰)6030원 할인,NCPN0000603,플러스,5482.0
2026-03-01,e-영업1,(제휴 최저가 자동 쿠폰)5980원 할인,NCPN0000598,플러스,5436.0
2026-03-01,e-영업2,(제휴 최저가 자동 쿠폰)5980원 할인,NCPN0000598,플러스,5436.0
2026-03-01,e-영업2,(제휴 최저가 자동 쿠폰)5930원 할인,NCPN0000593,플러스,5391.0
2026-03-01,e-영업1,(제휴 최저가 자동 쿠폰)5890원 할인,NCPN0000589,플러스,5355.0
2026-03-01,e-영업1,(제휴 최저가 자동 쿠폰)5860원 할인,NCPN0000586,플러스,5327.0
2026-03-01,e-영업2,(제휴 최저가 자동 쿠폰)5330원 할인,NCPN0000533,플러스,4845.0
2026-03-01,e-영업2,(제휴 최저가 자동 쿠폰)5130원 할인,NCPN0000513,플러스,4664.0
2026-03-01,e-영업1,(제휴 최저가 자동 쿠폰)5030원 할인,NCPN0000503,플러스,4573.0
2026-03-01,e-영업2,(제휴 최저가 자동 쿠폰)5030원 할인,NCPN0000503,플러스,4573.0
2026-03-01,e-영업1,(제휴 최저가 자동 쿠폰)5020원 할인,NCPN0000502,플러스,4564.0
2026-03-01,e-영업1,(제휴 최저가 자동 쿠폰)1200원 할인,NCPN0000120,플러스,4364.0
2026-03-01,e-영업1,(제휴 최저가 자동 쿠폰)4710원 할인,NCPN0000471,플러스,4282.0
2026-03-01,e-영업2,(제휴 최저가 자동 쿠폰)4710원 할인,NCPN0000471,플러스,4282.0
2026-03-01,e-영업2,(제휴 최저가 자동 쿠폰)4600원 할인,NCPN0000460,플러스,4182.0
2026-03-01,e-영업1,(제휴 최저가 자동 쿠폰)4470원 할인,NCPN0000447,플러스,4064.0
2026-03-01,e-영업2,(제휴 최저가 자동 쿠폰)4470원 할인,NCPN0000447,플러스,4064.0
2026-03-01,e-영업1,(제휴 최저가 자동 쿠폰)4460원 할인,NCPN0000446,플러스,4055.0
2026-03-01,e-영업2,(제휴 최저가 자동 쿠폰)4440원 할인,NCPN0000444,플러스,4036.0
2026-03-01,e-영업1,(제휴 최저가 자동 쿠폰)4380원 할인,NCPN0000438,플러스,3982.0
2026-03-01,e-영업2,(제휴 최저가 자동 쿠폰)4380원 할인,NCPN0000438,플러스,3982.0
2026-03-01,e-영업1,(제휴 최저가 자동 쿠폰)4330원 할인,NCPN0000433,플러스,3936.0
2026-03-01,e-영업2,(제휴 최저가 자동 쿠폰)4330원 할인,NCPN0000433,플러스,3936.0
2026-03-01,e-영업1,(제휴 최저가 자동 쿠폰)3750원 할인,NCPN0000375,플러스,3409.0
2026-03-01,e-영업2,(제휴 최저가 자동 쿠폰)3410원 할인,NCPN0000341,플러스,3100.0
2026-03-01,e-영업2,(제휴 최저가 자동 쿠폰)3290원 할인,NCPN0000329,플러스,2991.0
2026-03-01,e-영업2,(제휴 최저가 자동 쿠폰)3100원 할인,NCPN0000310,플러스,2818.0
2026-03-01,e-영업2,(제휴 최저가 자동 쿠폰)1010원 할인,NCPN0000101,플러스,2755.0
2026-03-01,e-영업2,(제휴 최저가 자동 쿠폰)2660원 할인,NCPN0000266,플러스,2418.0
2026-03-01,e-영업2,(제휴 최저가 자동 쿠폰)870원 할인,NCPN0000087,플러스,2373.0
2026-03-01,e-영업2,(제휴 최저가 자동 쿠폰)2500원 할인,NCPN0000250,플러스,2273.0
2026-03-01,e-영업2,(제휴 최저가 자동 쿠폰)2320원 할인,NCPN0000232,플러스,2109.0
2026-03-01,e-영업1,(제휴 최저가 자동 쿠폰)2310원 할인,NCPN0000231,플러스,2100.0
2026-03-01,e-영업2,(제휴 최저가 자동 쿠폰)2090원 할인,NCPN0000209,플러스,1900.0
2026-03-01,e-영업3,(제휴 최저가 자동 쿠폰)240원 할인,NCPN0000024,플러스,655.0
2026-03-01,e-영업2,(제휴 최저가 자동 쿠폰)510원 할인,NCPN0000051,플러스,464.0
2026-03-01,e-영업2,(제휴 최저가 자동 쿠폰)10원 할인,NCPN0000001,플러스,18.0
2026-03-01,e-영업1,(제휴 최저가 자동 쿠폰)10원 할인,NCPN0000001,플러스,9.0
2026-03-01,e-영업2,(제휴 최저가 자동 쿠폰)5860원 할인,NCPN0000586,플러스,-5327.0
2026-03-01,e-영업2,(제휴 최저가 자동 쿠폰)10040원 할인,NCPN0001004,플러스,-9127.0
2026-03-01,e-영업2,(제휴 최저가 자동 쿠폰)10740원 할인,NCPN0001074,플러스,-9764.0
2026-03-01,e-영업2,(제휴 최저가 자동 쿠폰)15500원 할인,NCPN0001550,플러스,-14091.0
2026-03-01,e-영업2,(제휴 최저가 자동 쿠폰)16420원 할인,NCPN0001642,플러스,-14927.0
2026-03-01,e-영업1,[제휴쿠폰][브랜드 페스타] 5% 플러스 쿠폰 (최대 3만원),CPN1627999,플러스,-17436.0
2026-03-01,e-영업2,(제휴 최저가 자동 쿠폰)19300원 할인,NCPN0001930,플러스,-17545.0
2026-03-01,e-영업2,(제휴 최저가 자동 쿠폰)11490원 할인,NCPN0001149,플러스,-20891.0
2026-03-01,e-영업2,(제휴 최저가 자동 쿠폰)41420원 할인,NCPN0004142,플러스,-37655.0
2026-03-01,e-영업1,(제휴 최저가 자동 쿠폰)52370원 할인,NCPN0005237,플러스,-47609.0
2026-04-01,e-영업2,[제휴쿠폰][OUTLET] 봄과 여름 사이 리프레쉬 위크 12% 쿠폰,CPN1682341,일반,5697018.0
2026-04-01,e-영업2,[제휴쿠폰][OUTLET] HAZZYS&DAKS 단독 특가 12%,CPN1682354,일반,1742364.0
2026-04-01,e-영업2,[제휴쿠폰][OUTLET MEN] 연휴룩 즐기기 12% 쿠폰,CPN1682350,일반,939255.0
2026-04-01,e-영업2,[제휴쿠폰][OUTLET] 헤지스&닥스 여성 간절기 최종가 12%,CPN1682355,일반,917564.0
2026-04-01,e-영업2,[제휴쿠폰][OUTLET BAG&ACC] GIFT WEEK 12% 쿠폰,CPN1682310,일반,791836.0
2026-04-01,e-영업2,[제휴쿠폰][L:Festa] 헤지스남성_아울렛 20% 쿠폰,CPN1657775,일반,691164.0
2026-04-01,e-영업2,[제휴쿠폰][L:Festa] 헤지스여성_아울렛 20% 쿠폰,CPN1657732,일반,690800.0
2026-04-01,e-영업2,[제휴쿠폰][OUTLET BAG&ACC] 위클리 특가 12% 쿠폰,CPN1658747,일반,606355.0
2026-04-01,e-영업2,[OUTLET LUXURY] SPRING BIG SALE 12% 일반쿠폰,CPN1676025,일반,547127.0
2026-04-01,e-영업2,[제휴쿠폰][L:Festa] 헤지스남성(스테디셀러)_아울렛 20% 쿠폰,CPN1657773,일반,464018.0
2026-04-01,e-영업2,[제휴쿠폰][L:Festa] 닥스남성_아울렛 20% 쿠폰,CPN1657776,일반,407918.0
2026-04-01,e-영업2,[제휴쿠폰][L:Festa] 닥스남성(스테디셀러)_아울렛 20% 쿠폰,CPN1657774,일반,406636.0
2026-04-01,e-영업2,[제휴쿠폰][L:Festa] 리복_아울렛 20% 쿠폰,CPN1657813,일반,391727.0
2026-04-01,e-영업2,[제휴쿠폰][L:Festa] 닥스골프(스테디셀러)_아울렛 20% 쿠폰,CPN1657808,일반,361455.0
2026-04-01,e-영업2,[제휴쿠폰][L:Festa] 헤지스여성(스테디셀러)_아울렛 20% 쿠폰,CPN1657727,일반,343000.0
2026-04-01,e-영업1,[제휴쿠폰][L:Festa] 헤지스남성 20% 쿠폰,CPN1657825,일반,315527.0
2026-04-01,e-영업2,[제휴쿠폰][L:Festa] 바네사브루노(스테디셀러)_아울렛 20% 쿠폰,CPN1657730,일반,261391.0
2026-04-01,e-영업2,[제휴쿠폰][L:Festa] 닥스여성ACC (스테디셀러)_아울렛 20% 쿠폰,CPN1657792,일반,235109.0
2026-04-01,e-영업2,[제휴쿠폰][L:Festa] 닥스골프남성_아울렛 20% 쿠폰,CPN1657811,일반,221200.0
2026-04-01,e-영업2,[제휴쿠폰][L:Festa] 헤지스골프여성(스테디셀러)_아울렛 20% 쿠폰,CPN1657809,일반,207191.0
2026-04-01,e-영업1,[제휴쿠폰][L:Festa] 닥스여성ACC 20% 쿠폰,CPN1657836,일반,203436.0
2026-04-01,e-영업2,[제휴쿠폰][L:Festa] 헤지스여성ACC_아울렛 20% 쿠폰,CPN1657800,일반,187764.0
2026-04-01,e-영업2,[제휴쿠폰][OUTLET SHOES] 미리 만나보는 여름슈즈 12%,CPN1682348,일반,177700.0
2026-04-01,e-영업1,[제휴쿠폰][L:Festa] 질바이질스튜어트ACC 20% 쿠폰,CPN1657841,일반,172036.0
2026-04-01,e-영업2,[제휴쿠폰][L:Festa] 헤지스골프남성_아울렛 20% 쿠폰,CPN1657810,일반,169945.0
2026-04-01,e-영업1,[제휴쿠폰][L:Festa] TNGT 20% 쿠폰,CPN1657827,일반,157864.0
2026-04-01,e-영업1,[제휴쿠폰][L:Festa] 닥스골프남성 20% 쿠폰,CPN1657722,일반,140127.0
2026-04-01,e-영업1,[제휴전용] 12% 할인(IE),CPN703554,일반,137536.0
2026-04-01,e-영업2,[제휴쿠폰][L:Festa] 일꼬르소_아울렛 20% 쿠폰,CPN1657783,일반,133182.0
2026-04-01,e-영업2,[제휴쿠폰][L:Festa] 알레그리_아울렛 20% 쿠폰,CPN1657778,일반,107273.0
2026-04-01,e-영업2,[제휴쿠폰][L:Festa] 닥스남성ACC (스테디셀러)_아울렛 20% 쿠폰,CPN1657793,일반,107200.0
2026-04-01,e-영업2,[제휴쿠폰][L:Festa] 바버_아울렛 20% 쿠폰,CPN1657779,일반,106109.0
2026-04-01,e-영업1,[제휴쿠폰][L:Festa] 바네사브루노 20% 쿠폰,CPN1657816,일반,90909.0
2026-04-01,e-영업1,[제휴쿠폰][L:Festa] 더블플래그 여성 20% 쿠폰,CPN1657723,일반,86473.0
2026-04-01,e-영업2,[제휴쿠폰][L:Festa] 질스튜어트뉴욕여성(스테디셀러)_아울렛 20% 쿠폰,CPN1657733,일반,84518.0
2026-04-01,e-영업1,[제휴쿠폰][L:Festa] 헤지스여성ACC 20% 쿠폰,CPN1657839,일반,84364.0
2026-04-01,e-영업1,[제휴쿠폰][L:Festa] 닥스남성ACC 20% 쿠폰,CPN1657837,일반,78145.0
2026-04-01,e-영업2,[제휴쿠폰][L:Festa] 헤지스남성ACC (스테디셀러)_아울렛 20% 쿠폰,CPN1657795,일반,71209.0
2026-04-01,e-영업1,[제휴쿠폰][L:Festa] 편집통합여성 20% 쿠폰,CPN1657821,일반,70727.0
2026-04-01,e-영업1,[제휴쿠폰][L:Festa] 헤지스 여성 20% 쿠폰,CPN1657815,일반,68727.0
2026-04-01,e-영업2,[제휴쿠폰][OUTLETGOLF] 프리미엄 골프웨어 기프트 12%,CPN1682307,일반,67491.0
2026-04-01,e-영업1,[제휴쿠폰][L:Festa] 질스튜어트뉴욕ACC 20% 쿠폰,CPN1657840,일반,65127.0
2026-04-01,e-영업2,[제휴쿠폰][L:Festa] 닥스여성_아울렛 20% 쿠폰,CPN1657729,일반,63964.0
2026-04-01,e-영업2,[제휴쿠폰][L:Festa] TNGT_아울렛 20% 쿠폰,CPN1657785,일반,61727.0
2026-04-01,e-영업1,[제휴쿠폰][L:Festa] 질스튜어트뉴욕ACC UOMO 20% 쿠폰,CPN1657842,일반,57800.0
2026-04-01,e-영업1,[제휴쿠폰][L:Festa] 닥스남성 20% 쿠폰,CPN1657826,일반,56364.0
2026-04-01,e-영업2,[제휴쿠폰][L:Festa] 질스튜어트뉴욕여성_아울렛 20% 쿠폰,CPN1657734,일반,54600.0
2026-04-01,e-영업2,[제휴쿠폰][일꼬르소&TNGT] SPRING BEST ITEM 12%,CPN1682353,일반,50655.0
2026-04-01,e-영업2,[제휴쿠폰][L:Festa] 바네사브루노_아울렛 20% 쿠폰,CPN1657728,일반,50655.0
2026-04-01,e-영업2,[제휴쿠폰][L:Festa] 바쉬 수입_아울렛 20% 쿠폰,CPN1657736,일반,45273.0
2026-04-01,e-영업1,[제휴쿠폰][L:Festa] 히스헤지스 20% 쿠폰,CPN1657832,일반,41091.0
2026-04-01,e-영업2,[제휴쿠폰][L:Festa] 닥스여성ACC_아울렛 20% 쿠폰,CPN1657796,일반,32836.0
2026-04-01,e-영업2,[제휴쿠폰][L:Festa] 질스튜어트뉴욕남성_아울렛 20% 쿠폰,CPN1657781,일반,31818.0
2026-04-01,e-영업2,[제휴쿠폰][L:Festa] 라움에디션_아울렛 20% 쿠폰,CPN1657806,일반,30727.0
2026-04-01,e-영업2,[제휴쿠폰][OUTLET] 선물하고 싶은 BEST ITEM 12%,CPN1682352,일반,25709.0
2026-04-01,e-영업2,[제휴쿠폰][L:Festa] 마에스트로_아울렛 20% 쿠폰,CPN1657784,일반,23727.0
2026-04-01,e-영업2,[제휴쿠폰][L:Festa] 마에스트로(스테디셀러)_아울렛 20% 쿠폰,CPN1657782,일반,23727.0
2026-04-01,e-영업2,[제휴쿠폰][L:Festa] PHIZ_아울렛 20% 쿠폰,CPN1657789,일반,22655.0
2026-04-01,e-영업1,[제휴쿠폰][L:Festa] 헤지스남성ACC 20% 쿠폰,CPN1657843,일반,21327.0
2026-04-01,e-영업1,[제휴쿠폰][L:Festa] 일꼬르소 20% 쿠폰,CPN1657830,일반,21109.0
2026-04-01,e-영업2,[제휴쿠폰][L:Festa] 질바이질ACC_아울렛 20% 쿠폰,CPN1657801,일반,19418.0
2026-04-01,e-영업2,[제휴쿠폰][L:Festa] 닥스남성ACC_아울렛 20% 쿠폰,CPN1657799,일반,17673.0
2026-04-01,e-영업2,[제휴쿠폰][L:Festa] 헤지스남성ACC_아울렛 20% 쿠폰,CPN1657803,일반,16291.0
2026-04-01,e-영업2,[제휴쿠폰][L:Festa] 콜한_아울렛 20% 쿠폰,CPN1657805,일반,14127.0
2026-04-01,e-영업2,[제휴쿠폰][L:Festa] KEEN_아울렛 20% 쿠폰,CPN1657807,일반,10818.0
2026-04-01,e-영업2,[제휴쿠폰][L:Festa] 히스헤지스_아울렛 20% 쿠폰,CPN1657791,일반,9764.0
2026-04-01,e-영업2,[제휴전용] 10%추가할인 (이월 ACC),CPN383518,플러스,9467700.0
2026-04-01,e-영업2,[제휴전용] 9%추가할인 (이월 남성),CPN409204,플러스,9451873.0
2026-04-01,e-영업2,[제휴전용] 9%추가할인 (이월 여성),CPN409202,플러스,9118909.0
2026-04-01,e-영업2,[제휴전용] 7%추가할인 (이월 여성),CPN409201,플러스,5425391.0
2026-04-01,e-영업2,(제휴 최저가 자동 쿠폰)15650원 할인,NCPN0001565,플러스,2532455.0
2026-04-01,e-영업2,(제휴 최저가 자동 쿠폰)17750원 할인,NCPN0001775,플러스,2194545.0
2026-04-01,e-영업2,(제휴 최저가 자동 쿠폰)25100원 할인,NCPN0002510,플러스,2190545.0
2026-04-01,e-영업2,[제휴전용] 8%추가할인 (이월 골프),CPN383905,플러스,1606118.0
2026-04-01,e-영업3,네이버쇼핑 추가할인 (e-명품_대상: 입점업체),CPN407983,플러스,1166627.0
2026-04-01,e-영업2,[제휴전용] 8% 추가할인 (이월 골프),CPN514212,플러스,1126482.0
2026-04-01,e-영업2,[제휴전용] 7%추가할인 (이월 남성),CPN409203,플러스,1030364.0
2026-04-01,e-영업2,[제휴할인] 5%추가할인 (이월 남성),CPN383907,플러스,641509.0
2026-04-01,e-영업2,[제휴쿠폰][스프링 익스프레스] 플러스 8% 쿠폰,CPN1671464,플러스,600118.0
2026-04-01,e-영업2,(제휴 최저가 자동 쿠폰)11450원 할인,NCPN0001145,플러스,582909.0
2026-04-01,e-영업1,[제휴쿠폰][스프링 익스프레스] 플러스 8% 쿠폰,CPN1671464,플러스,482818.0
2026-04-01,e-영업2,(제휴 최저가 자동 쿠폰)16670원 할인,NCPN0001667,플러스,287936.0
2026-04-01,e-영업2,[제휴전용] 8%추가할인 (이월 슈즈),CPN384029,플러스,286145.0
2026-04-01,e-영업2,(제휴 최저가 자동 쿠폰)34130원 할인,NCPN0003413,플러스,279245.0
2026-04-01,e-영업2,(제휴 최저가 자동 쿠폰)25940원 할인,NCPN0002594,플러스,259400.0
2026-04-01,e-영업1,(제휴 최저가 자동 쿠폰)26480원 할인,NCPN0002648,플러스,240727.0
2026-04-01,e-영업2,(제휴 최저가 자동 쿠폰)28010원 할인,NCPN0002801,플러스,229173.0
2026-04-01,e-영업2,[제휴전용] 5%추가할인 (이월 스포츠),CPN425515,플러스,225900.0
2026-04-01,e-영업1,(제휴 최저가 자동 쿠폰)8070원 할인,NCPN0000807,플러스,205418.0
2026-04-01,e-영업1,(제휴 최저가 자동 쿠폰)17360원 할인,NCPN0001736,플러스,173600.0
2026-04-01,e-영업1,(제휴 최저가 자동 쿠폰)46850원 할인,NCPN0004685,플러스,170364.0
2026-04-01,e-영업1,(제휴 최저가 자동 쿠폰)17020원 할인,NCPN0001702,플러스,170200.0
2026-04-01,e-영업1,(제휴 최저가 자동 쿠폰)19210원 할인,NCPN0001921,플러스,157173.0
2026-04-01,e-영업1,(제휴 최저가 자동 쿠폰)34170원 할인,NCPN0003417,플러스,155318.0
2026-04-01,e-영업4,[블랙앤화이트 외부 고객 10% 플러스할인쿠폰],CPN1584047,플러스,146091.0
2026-04-01,e-영업2,(제휴 최저가 자동 쿠폰)22850원 할인,NCPN0002285,플러스,145409.0
2026-04-01,e-영업2,(제휴 최저가 자동 쿠폰)12330원 할인,NCPN0001233,플러스,134509.0
2026-04-01,e-영업1,(제휴 최저가 자동 쿠폰)24170원 할인,NCPN0002417,플러스,131836.0
2026-04-01,e-영업2,(제휴 최저가 자동 쿠폰)19730원 할인,NCPN0001973,플러스,125555.0
2026-04-01,e-영업2,(제휴 최저가 자동 쿠폰)12550원 할인,NCPN0001255,플러스,125500.0
2026-04-01,e-영업1,(제휴 최저가 자동 쿠폰)8270원 할인,NCPN0000827,플러스,120291.0
2026-04-01,e-영업2,[제휴쿠폰][WEEKEND SALE] 플러스 5% 쿠폰,CPN1671389,플러스,118209.0
2026-04-01,e-영업2,(제휴 최저가 자동 쿠폰)16120원 할인,NCPN0001612,플러스,117236.0
2026-04-01,e-영업2,(제휴 최저가 자동 쿠폰)21490원 할인,NCPN0002149,플러스,117218.0
2026-04-01,e-영업1,(제휴 최저가 자동 쿠폰)31710원 할인,NCPN0003171,플러스,115309.0
2026-04-01,e-영업2,(제휴 최저가 자동 쿠폰)12650원 할인,NCPN0001265,플러스,115000.0
2026-04-01,e-영업1,(제휴 최저가 자동 쿠폰)25290원 할인,NCPN0002529,플러스,114955.0
2026-04-01,e-영업2,(제휴 최저가 자동 쿠폰)15790원 할인,NCPN0001579,플러스,114836.0
2026-04-01,e-영업2,(제휴 최저가 자동 쿠폰)12080원 할인,NCPN0001208,플러스,109818.0
2026-04-01,e-영업2,(제휴 최저가 자동 쿠폰)17200원 할인,NCPN0001720,플러스,109455.0
2026-04-01,e-영업1,(제휴 최저가 자동 쿠폰)23690원 할인,NCPN0002369,플러스,107682.0
2026-04-01,e-영업2,(제휴 최저가 자동 쿠폰)28640원 할인,NCPN0002864,플러스,104145.0
2026-04-01,e-영업2,(제휴 최저가 자동 쿠폰)16150원 할인,NCPN0001615,플러스,102773.0
2026-04-01,e-영업2,(제휴 최저가 자동 쿠폰)36840원 할인,NCPN0003684,플러스,100473.0
2026-04-01,e-영업2,(제휴 최저가 자동 쿠폰)13620원 할인,NCPN0001362,플러스,99055.0
2026-04-01,e-영업2,(제휴 최저가 자동 쿠폰)53560원 할인,NCPN0005356,플러스,97382.0
2026-04-01,e-영업2,[제휴쿠폰][황금연휴] 플러스 8% 쿠폰,CPN1685455,플러스,96009.0
2026-04-01,e-영업2,(제휴 최저가 자동 쿠폰)17560원 할인,NCPN0001756,플러스,95782.0
2026-04-01,e-영업2,(제휴 최저가 자동 쿠폰)17360원 할인,NCPN0001736,플러스,94691.0
2026-04-01,e-영업2,(제휴 최저가 자동 쿠폰)20210원 할인,NCPN0002021,플러스,91864.0
2026-04-01,e-영업2,(제휴 최저가 자동 쿠폰)11010원 할인,NCPN0001101,플러스,90082.0
2026-04-01,e-영업2,(제휴 최저가 자동 쿠폰)19360원 할인,NCPN0001936,플러스,88000.0
2026-04-01,e-영업2,(제휴 최저가 자동 쿠폰)19300원 할인,NCPN0001930,플러스,87727.0
2026-04-01,e-영업2,(제휴 최저가 자동 쿠폰)10040원 할인,NCPN0001004,플러스,82145.0
2026-04-01,e-영업2,(제휴 최저가 자동 쿠폰)22570원 할인,NCPN0002257,플러스,82073.0
2026-04-01,e-영업2,(제휴 최저가 자동 쿠폰)44140원 할인,NCPN0004414,플러스,80255.0
2026-04-01,e-영업1,(제휴 최저가 자동 쿠폰)17560원 할인,NCPN0001756,플러스,79818.0
2026-04-01,e-영업1,(제휴 최저가 자동 쿠폰)10700원 할인,NCPN0001070,플러스,77818.0
2026-04-01,e-영업2,(제휴 최저가 자동 쿠폰)11950원 할인,NCPN0001195,플러스,76045.0
2026-04-01,e-영업2,(제휴 최저가 자동 쿠폰)16600원 할인,NCPN0001660,플러스,75455.0
2026-04-01,e-영업1,(제휴 최저가 자동 쿠폰)8920원 할인,NCPN0000892,플러스,72982.0
2026-04-01,e-영업1,(제휴 최저가 자동 쿠폰)37220원 할인,NCPN0003722,플러스,67673.0
2026-04-01,e-영업2,(제휴 최저가 자동 쿠폰)14370원 할인,NCPN0001437,플러스,65318.0
2026-04-01,e-영업1,(제휴 최저가 자동 쿠폰)14320원 할인,NCPN0001432,플러스,65091.0
2026-04-01,e-영업2,(제휴 최저가 자동 쿠폰)14120원 할인,NCPN0001412,플러스,64182.0
2026-04-01,e-영업2,(제휴 최저가 자동 쿠폰)23370원 할인,NCPN0002337,플러스,63736.0
2026-04-01,e-영업1,(제휴 최저가 자동 쿠폰)22530원 할인,NCPN0002253,플러스,61445.0
2026-04-01,e-영업2,(제휴 최저가 자동 쿠폰)13430원 할인,NCPN0001343,플러스,61045.0
2026-04-01,e-영업1,(제휴 최저가 자동 쿠폰)16360원 할인,NCPN0001636,플러스,59491.0
2026-04-01,e-영업2,(제휴 최저가 자동 쿠폰)15990원 할인,NCPN0001599,플러스,58145.0
2026-04-01,e-영업2,(제휴 최저가 자동 쿠폰)12660원 할인,NCPN0001266,플러스,57545.0
2026-04-01,e-영업2,(제휴 최저가 자동 쿠폰)15760원 할인,NCPN0001576,플러스,57309.0
2026-04-01,e-영업2,(제휴 최저가 자동 쿠폰)12480원 할인,NCPN0001248,플러스,56727.0
2026-04-01,e-영업2,(제휴 최저가 자동 쿠폰)12130원 할인,NCPN0001213,플러스,55136.0
2026-04-01,e-영업2,(제휴 최저가 자동 쿠폰)20130원 할인,NCPN0002013,플러스,54900.0
2026-04-01,e-영업2,(제휴 최저가 자동 쿠폰)15040원 할인,NCPN0001504,플러스,54691.0
2026-04-01,e-영업2,(제휴 최저가 자동 쿠폰)19910원 할인,NCPN0001991,플러스,54300.0
2026-04-01,e-영업2,(제휴 최저가 자동 쿠폰)8510원 할인,NCPN0000851,플러스,54155.0
2026-04-01,e-영업2,(제휴 최저가 자동 쿠폰)11770원 할인,NCPN0001177,플러스,53500.0
2026-04-01,e-영업2,(제휴 최저가 자동 쿠폰)19590원 할인,NCPN0001959,플러스,53427.0
2026-04-01,e-영업2,(제휴 최저가 자동 쿠폰)11740원 할인,NCPN0001174,플러스,53364.0
2026-04-01,e-영업1,(제휴 최저가 자동 쿠폰)29140원 할인,NCPN0002914,플러스,52982.0
2026-04-01,e-영업2,(제휴 최저가 자동 쿠폰)9670원 할인,NCPN0000967,플러스,52745.0
2026-04-01,e-영업1,(제휴 최저가 자동 쿠폰)28760원 할인,NCPN0002876,플러스,52291.0
2026-04-01,e-영업2,(제휴 최저가 자동 쿠폰)28760원 할인,NCPN0002876,플러스,52291.0
2026-04-01,e-영업1,[제휴쿠폰][WEEKEND SALE] 플러스 5% 쿠폰,CPN1657676,플러스,51382.0
2026-04-01,e-영업1,(제휴 최저가 자동 쿠폰)7030원 할인,NCPN0000703,플러스,51127.0
2026-04-01,e-영업2,(제휴 최저가 자동 쿠폰)13970원 할인,NCPN0001397,플러스,50800.0
2026-04-01,e-영업2,(제휴 최저가 자동 쿠폰)5540원 할인,NCPN0000554,플러스,50364.0
2026-04-01,e-영업2,(제휴 최저가 자동 쿠폰)27550원 할인,NCPN0002755,플러스,50091.0
2026-04-01,e-영업1,(제휴 최저가 자동 쿠폰)18240원 할인,NCPN0001824,플러스,49745.0
2026-04-01,e-영업2,(제휴 최저가 자동 쿠폰)18180원 할인,NCPN0001818,플러스,49582.0
2026-04-01,e-영업1,(제휴 최저가 자동 쿠폰)10820원 할인,NCPN0001082,플러스,49182.0
2026-04-01,e-영업2,(제휴 최저가 자동 쿠폰)9010원 할인,NCPN0000901,플러스,49145.0
2026-04-01,e-영업1,(제휴 최저가 자동 쿠폰)26830원 할인,NCPN0002683,플러스,48782.0
2026-04-01,e-영업1,(제휴 최저가 자동 쿠폰)17750원 할인,NCPN0001775,플러스,48409.0
2026-04-01,e-영업2,(제휴 최저가 자동 쿠폰)10450원 할인,NCPN0001045,플러스,47500.0
2026-04-01,e-영업2,(제휴 최저가 자동 쿠폰)5220원 할인,NCPN0000522,플러스,47455.0
2026-04-01,e-영업1,(제휴 최저가 자동 쿠폰)25940원 할인,NCPN0002594,플러스,47164.0
2026-04-01,e-영업1,(제휴 최저가 자동 쿠폰)51580원 할인,NCPN0005158,플러스,46891.0
2026-04-01,e-영업2,[제휴쿠폰][스프링 익스프레스] 플러스 5% 쿠폰,CPN1671455,플러스,46873.0
2026-04-01,e-영업1,(제휴 최저가 자동 쿠폰)51300원 할인,NCPN0005130,플러스,46636.0
2026-04-01,e-영업2,(제휴 최저가 자동 쿠폰)17020원 할인,NCPN0001702,플러스,46418.0
2026-04-01,e-영업2,(제휴 최저가 자동 쿠폰)24920원 할인,NCPN0002492,플러스,45309.0
2026-04-01,e-영업1,(제휴 최저가 자동 쿠폰)16120원 할인,NCPN0001612,플러스,43964.0
2026-04-01,e-영업2,(제휴 최저가 자동 쿠폰)24170원 할인,NCPN0002417,플러스,43945.0
2026-04-01,e-영업2,[제휴쿠폰][WEEKEND SALE] 플러스 5% 쿠폰,CPN1664834,플러스,43745.0
2026-04-01,e-영업1,[제휴쿠폰][WEEKEND SALE] 플러스 5% 쿠폰,CPN1664834,플러스,42100.0
2026-04-01,e-영업2,(제휴 최저가 자동 쿠폰)14910원 할인,NCPN0001491,플러스,40664.0
2026-04-01,e-영업2,(제휴 최저가 자동 쿠폰)14770원 할인,NCPN0001477,플러스,40282.0
2026-04-01,e-영업1,(제휴 최저가 자동 쿠폰)14510원 할인,NCPN0001451,플러스,39573.0
2026-04-01,e-영업1,(제휴 최저가 자동 쿠폰)43520원 할인,NCPN0004352,플러스,39564.0
2026-04-01,e-영업2,(제휴 최저가 자동 쿠폰)14320원 할인,NCPN0001432,플러스,39055.0
2026-04-01,e-영업2,(제휴 최저가 자동 쿠폰)20710원 할인,NCPN0002071,플러스,37655.0
2026-04-01,e-영업2,(제휴 최저가 자동 쿠폰)5890원 할인,NCPN0000589,플러스,37482.0
2026-04-01,e-영업2,(제휴 최저가 자동 쿠폰)20520원 할인,NCPN0002052,플러스,37309.0
2026-04-01,e-영업1,(제휴 최저가 자동 쿠폰)20000원 할인,NCPN0002000,플러스,36364.0
2026-04-01,e-영업2,(제휴 최저가 자동 쿠폰)19970원 할인,NCPN0001997,플러스,36309.0
2026-04-01,e-영업1,(제휴 최저가 자동 쿠폰)39910원 할인,NCPN0003991,플러스,36282.0
2026-04-01,e-영업2,(제휴 최저가 자동 쿠폰)3980원 할인,NCPN0000398,플러스,36182.0
2026-04-01,e-영업2,[제휴쿠폰][WEEKEND SALE] 플러스 5% 쿠폰,CPN1657676,플러스,35964.0
2026-04-01,e-영업2,(제휴 최저가 자동 쿠폰)13170원 할인,NCPN0001317,플러스,35918.0
2026-04-01,e-영업2,(제휴 최저가 자동 쿠폰)39490원 할인,NCPN0003949,플러스,35900.0
2026-04-01,e-영업2,(제휴 최저가 자동 쿠폰)19560원 할인,NCPN0001956,플러스,35564.0
2026-04-01,e-영업2,(제휴 최저가 자동 쿠폰)9700원 할인,NCPN0000970,플러스,35273.0
2026-04-01,e-영업1,(제휴 최저가 자동 쿠폰)12890원 할인,NCPN0001289,플러스,35155.0
2026-04-01,e-영업1,(제휴 최저가 자동 쿠폰)38310원 할인,NCPN0003831,플러스,34827.0
2026-04-01,e-영업2,(제휴 최저가 자동 쿠폰)12770원 할인,NCPN0001277,플러스,34827.0
2026-04-01,e-영업2,(제휴 최저가 자동 쿠폰)7610원 할인,NCPN0000761,플러스,34591.0
2026-04-01,e-영업1,(제휴 최저가 자동 쿠폰)18640원 할인,NCPN0001864,플러스,33891.0
2026-04-01,e-영업2,(제휴 최저가 자동 쿠폰)6170원 할인,NCPN0000617,플러스,33655.0
2026-04-01,e-영업1,(제휴 최저가 자동 쿠폰)12240원 할인,NCPN0001224,플러스,33382.0
2026-04-01,e-영업2,(제휴 최저가 자동 쿠폰)12230원 할인,NCPN0001223,플러스,33355.0
2026-04-01,e-영업1,(제휴 최저가 자동 쿠폰)12170원 할인,NCPN0001217,플러스,33191.0
2026-04-01,e-영업1,(제휴 최저가 자동 쿠폰)36340원 할인,NCPN0003634,플러스,33036.0
2026-04-01,e-영업2,(제휴 최저가 자동 쿠폰)18140원 할인,NCPN0001814,플러스,32982.0
2026-04-01,e-영업2,(제휴 최저가 자동 쿠폰)9040원 할인,NCPN0000904,플러스,32873.0
2026-04-01,e-영업2,(제휴 최저가 자동 쿠폰)5980원 할인,NCPN0000598,플러스,32618.0
2026-04-01,e-영업2,(제휴 최저가 자동 쿠폰)7150원 할인,NCPN0000715,플러스,32500.0
2026-04-01,e-영업2,(제휴 최저가 자동 쿠폰)11790원 할인,NCPN0001179,플러스,32155.0
2026-04-01,e-영업2,(제휴 최저가 자동 쿠폰)17660원 할인,NCPN0001766,플러스,32109.0
2026-04-01,e-영업1,(제휴 최저가 자동 쿠폰)11770원 할인,NCPN0001177,플러스,32100.0
2026-04-01,e-영업1,[제휴쿠폰][WEEKEND SALE] 플러스 5% 쿠폰,CPN1671389,플러스,32009.0
2026-04-01,e-영업2,(제휴 최저가 자동 쿠폰)34900원 할인,NCPN0003490,플러스,31727.0
2026-04-01,e-영업2,(제휴 최저가 자동 쿠폰)6970원 할인,NCPN0000697,플러스,31682.0
2026-04-01,e-영업2,(제휴 최저가 자동 쿠폰)34170원 할인,NCPN0003417,플러스,31064.0
2026-04-01,e-영업2,(제휴 최저가 자동 쿠폰)16690원 할인,NCPN0001669,플러스,30345.0
2026-04-01,e-영업2,(제휴 최저가 자동 쿠폰)16680원 할인,NCPN0001668,플러스,30327.0
2026-04-01,e-영업2,(제휴 최저가 자동 쿠폰)33110원 할인,NCPN0003311,플러스,30100.0
2026-04-01,e-영업2,(제휴 최저가 자동 쿠폰)8100원 할인,NCPN0000810,플러스,29455.0
2026-04-01,e-영업1,(제휴 최저가 자동 쿠폰)10720원 할인,NCPN0001072,플러스,29236.0
2026-04-01,e-영업2,(제휴 최저가 자동 쿠폰)10720원 할인,NCPN0001072,플러스,29236.0
2026-04-01,e-영업2,(제휴 최저가 자동 쿠폰)10700원 할인,NCPN0001070,플러스,29182.0
2026-04-01,e-영업1,(제휴 최저가 자동 쿠폰)7940원 할인,NCPN0000794,플러스,28873.0
2026-04-01,e-영업2,(제휴 최저가 자동 쿠폰)15870원 할인,NCPN0001587,플러스,28855.0
2026-04-01,e-영업2,(제휴 최저가 자동 쿠폰)31710원 할인,NCPN0003171,플러스,28827.0
2026-04-01,e-영업2,(제휴 최저가 자동 쿠폰)15810원 할인,NCPN0001581,플러스,28745.0
2026-04-01,e-영업2,(제휴 최저가 자동 쿠폰)31330원 할인,NCPN0003133,플러스,28482.0
2026-04-01,e-영업2,(제휴 최저가 자동 쿠폰)15500원 할인,NCPN0001550,플러스,28182.0
2026-04-01,e-영업2,(제휴 최저가 자동 쿠폰)10210원 할인,NCPN0001021,플러스,27845.0
2026-04-01,e-영업2,(제휴 최저가 자동 쿠폰)10090원 할인,NCPN0001009,플러스,27518.0
2026-04-01,e-영업2,(제휴 최저가 자동 쿠폰)30020원 할인,NCPN0003002,플러스,27291.0
2026-04-01,e-영업1,[제휴쿠폰][스프링 익스프레스] 플러스 5% 쿠폰,CPN1671455,플러스,27191.0
2026-04-01,e-영업2,(제휴 최저가 자동 쿠폰)14540원 할인,NCPN0001454,플러스,26436.0
2026-04-01,e-영업2,(제휴 최저가 자동 쿠폰)14510원 할인,NCPN0001451,플러스,26382.0
2026-04-01,e-영업1,(제휴 최저가 자동 쿠폰)1090원 할인,NCPN0000109,플러스,25764.0
2026-04-01,e-영업1,(제휴 최저가 자동 쿠폰)14120원 할인,NCPN0001412,플러스,25673.0
2026-04-01,e-영업2,(제휴 최저가 자동 쿠폰)27830원 할인,NCPN0002783,플러스,25300.0
2026-04-01,e-영업1,(제휴 최저가 자동 쿠폰)27730원 할인,NCPN0002773,플러스,25209.0
2026-04-01,e-영업1,(제휴 최저가 자동 쿠폰)13440원 할인,NCPN0001344,플러스,24436.0
2026-04-01,e-영업2,(제휴 최저가 자동 쿠폰)8960원 할인,NCPN0000896,플러스,24436.0
2026-04-01,e-영업2,(제휴 최저가 자동 쿠폰)8920원 할인,NCPN0000892,플러스,24327.0
2026-04-01,e-영업1,(제휴 최저가 자동 쿠폰)26710원 할인,NCPN0002671,플러스,24282.0
2026-04-01,e-영업2,(제휴 최저가 자동 쿠폰)26280원 할인,NCPN0002628,플러스,23891.0
2026-04-01,e-영업2,(제휴 최저가 자동 쿠폰)13110원 할인,NCPN0001311,플러스,23836.0
2026-04-01,e-영업1,(제휴 최저가 자동 쿠폰)25100원 할인,NCPN0002510,플러스,22818.0
2026-04-01,e-영업1,(제휴 최저가 자동 쿠폰)12270원 할인,NCPN0001227,플러스,22309.0
2026-04-01,e-영업1,(제휴 최저가 자동 쿠폰)6130원 할인,NCPN0000613,플러스,22291.0
2026-04-01,e-영업2,(제휴 최저가 자동 쿠폰)8080원 할인,NCPN0000808,플러스,22036.0
2026-04-01,e-영업2,(제휴 최저가 자동 쿠폰)8070원 할인,NCPN0000807,플러스,22009.0
2026-04-01,e-영업1,(제휴 최저가 자동 쿠폰)7950원 할인,NCPN0000795,플러스,21682.0
2026-04-01,e-영업2,(제휴 최저가 자동 쿠폰)23350원 할인,NCPN0002335,플러스,21227.0
2026-04-01,e-영업2,(제휴 최저가 자동 쿠폰)11670원 할인,NCPN0001167,플러스,21218.0
2026-04-01,e-영업1,(제휴 최저가 자동 쿠폰)23270원 할인,NCPN0002327,플러스,21155.0
2026-04-01,e-영업1,(제휴 최저가 자동 쿠폰)23230원 할인,NCPN0002323,플러스,21118.0
2026-04-01,e-영업2,(제휴 최저가 자동 쿠폰)22790원 할인,NCPN0002279,플러스,20718.0
2026-04-01,e-영업2,(제휴 최저가 자동 쿠폰)4460원 할인,NCPN0000446,플러스,20273.0
2026-04-01,e-영업2,(제휴 최저가 자동 쿠폰)11030원 할인,NCPN0001103,플러스,20055.0
2026-04-01,e-영업2,(제휴 최저가 자동 쿠폰)10930원 할인,NCPN0001093,플러스,19873.0
2026-04-01,e-영업1,(제휴 최저가 자동 쿠폰)21810원 할인,NCPN0002181,플러스,19827.0
2026-04-01,e-영업1,[제휴쿠폰][황금연휴] 플러스 8% 쿠폰,CPN1685455,플러스,19636.0
2026-04-01,e-영업2,(제휴 최저가 자동 쿠폰)21530원 할인,NCPN0002153,플러스,19573.0
2026-04-01,e-영업1,(제휴 최저가 자동 쿠폰)21520원 할인,NCPN0002152,플러스,19564.0
2026-04-01,e-영업1,(제휴 최저가 자동 쿠폰)21490원 할인,NCPN0002149,플러스,19536.0
2026-04-01,e-영업1,(제휴 최저가 자동 쿠폰)5310원 할인,NCPN0000531,플러스,19309.0
2026-04-01,e-영업2,(제휴 최저가 자동 쿠폰)10600원 할인,NCPN0001060,플러스,19273.0
2026-04-01,e-영업2,(제휴 최저가 자동 쿠폰)20450원 할인,NCPN0002045,플러스,18591.0
2026-04-01,e-영업2,(제휴 최저가 자동 쿠폰)20440원 할인,NCPN0002044,플러스,18582.0
2026-04-01,e-영업1,(제휴 최저가 자동 쿠폰)10110원 할인,NCPN0001011,플러스,18382.0
2026-04-01,e-영업1,(제휴 최저가 자동 쿠폰)20150원 할인,NCPN0002015,플러스,18318.0
2026-04-01,e-영업2,(제휴 최저가 자동 쿠폰)20000원 할인,NCPN0002000,플러스,18182.0
2026-04-01,e-영업1,(제휴 최저가 자동 쿠폰)19970원 할인,NCPN0001997,플러스,18155.0
2026-04-01,e-영업2,(제휴 최저가 자동 쿠폰)19870원 할인,NCPN0001987,플러스,18064.0
2026-04-01,e-영업1,(제휴 최저가 자동 쿠폰)19810원 할인,NCPN0001981,플러스,18009.0
2026-04-01,e-영업2,(제휴 최저가 자동 쿠폰)19810원 할인,NCPN0001981,플러스,18009.0
2026-04-01,e-영업2,(제휴 최저가 자동 쿠폰)19760원 할인,NCPN0001976,플러스,17964.0
2026-04-01,e-영업2,(제휴 최저가 자동 쿠폰)9710원 할인,NCPN0000971,플러스,17655.0
2026-04-01,e-영업1,(제휴 최저가 자동 쿠폰)19360원 할인,NCPN0001936,플러스,17600.0
2026-04-01,e-영업2,(제휴 최저가 자동 쿠폰)19350원 할인,NCPN0001935,플러스,17591.0
2026-04-01,e-영업2,(제휴 최저가 자동 쿠폰)19240원 할인,NCPN0001924,플러스,17491.0
2026-04-01,e-영업2,(제휴 최저가 자동 쿠폰)18760원 할인,NCPN0001876,플러스,17055.0
2026-04-01,e-영업2,(제휴 최저가 자동 쿠폰)18700원 할인,NCPN0001870,플러스,17000.0
2026-04-01,e-영업2,(제휴 최저가 자동 쿠폰)18670원 할인,NCPN0001867,플러스,16973.0
2026-04-01,e-영업1,(제휴 최저가 자동 쿠폰)6220원 할인,NCPN0000622,플러스,16964.0
2026-04-01,e-영업2,(제휴 최저가 자동 쿠폰)18640원 할인,NCPN0001864,플러스,16945.0
2026-04-01,e-영업2,(제휴 최저가 자동 쿠폰)18310원 할인,NCPN0001831,플러스,16645.0
2026-04-01,e-영업1,(제휴 최저가 자동 쿠폰)9080원 할인,NCPN0000908,플러스,16509.0
2026-04-01,e-영업2,(제휴 최저가 자동 쿠폰)9070원 할인,NCPN0000907,플러스,16491.0
2026-04-01,e-영업1,(제휴 최저가 자동 쿠폰)8960원 할인,NCPN0000896,플러스,16291.0
2026-04-01,e-영업1,(제휴 최저가 자동 쿠폰)4450원 할인,NCPN0000445,플러스,16182.0
2026-04-01,e-영업2,(제휴 최저가 자동 쿠폰)17700원 할인,NCPN0001770,플러스,16091.0
2026-04-01,e-영업2,(제휴 최저가 자동 쿠폰)17450원 할인,NCPN0001745,플러스,15864.0
2026-04-01,e-영업2,(제휴 최저가 자동 쿠폰)16860원 할인,NCPN0001686,플러스,15327.0
2026-04-01,e-영업2,(제휴 최저가 자동 쿠폰)16590원 할인,NCPN0001659,플러스,15082.0
2026-04-01,e-영업2,(제휴 최저가 자동 쿠폰)16360원 할인,NCPN0001636,플러스,14873.0
2026-04-01,e-영업2,(제휴 최저가 자동 쿠폰)8060원 할인,NCPN0000806,플러스,14655.0
2026-04-01,e-영업2,(제휴 최저가 자동 쿠폰)7940원 할인,NCPN0000794,플러스,14436.0
2026-04-01,e-영업1,(제휴 최저가 자동 쿠폰)15870원 할인,NCPN0001587,플러스,14427.0
2026-04-01,e-영업2,(제휴 최저가 자동 쿠폰)7930원 할인,NCPN0000793,플러스,14418.0
2026-04-01,e-영업1,(제휴 최저가 자동 쿠폰)15790원 할인,NCPN0001579,플러스,14355.0
2026-04-01,e-영업1,(제휴 최저가 자동 쿠폰)15770원 할인,NCPN0001577,플러스,14336.0
2026-04-01,e-영업2,(제휴 최저가 자동 쿠폰)15710원 할인,NCPN0001571,플러스,14282.0
2026-04-01,e-영업2,(제휴 최저가 자동 쿠폰)15220원 할인,NCPN0001522,플러스,13836.0
2026-04-01,e-영업1,(제휴 최저가 자동 쿠폰)15060원 할인,NCPN0001506,플러스,13691.0
2026-04-01,e-영업2,(제휴 최저가 자동 쿠폰)7340원 할인,NCPN0000734,플러스,13345.0
2026-04-01,e-영업2,(제휴 최저가 자동 쿠폰)14660원 할인,NCPN0001466,플러스,13327.0
2026-04-01,e-영업2,(제휴 최저가 자동 쿠폰)4880원 할인,NCPN0000488,플러스,13309.0
2026-04-01,e-영업1,(제휴 최저가 자동 쿠폰)14570원 할인,NCPN0001457,플러스,13245.0
2026-04-01,e-영업2,(제휴 최저가 자동 쿠폰)14570원 할인,NCPN0001457,플러스,13245.0
2026-04-01,e-영업1,(제휴 최저가 자동 쿠폰)14540원 할인,NCPN0001454,플러스,13218.0
2026-04-01,e-영업1,(제휴 최저가 자동 쿠폰)1200원 할인,NCPN0000120,플러스,13091.0
2026-04-01,e-영업1,(제휴 최저가 자동 쿠폰)14200원 할인,NCPN0001420,플러스,12909.0
2026-04-01,e-영업2,(제휴 최저가 자동 쿠폰)6920원 할인,NCPN0000692,플러스,12582.0
2026-04-01,e-영업2,(제휴 최저가 자동 쿠폰)13810원 할인,NCPN0001381,플러스,12555.0
2026-04-01,e-영업1,(제휴 최저가 자동 쿠폰)4330원 할인,NCPN0000433,플러스,11809.0
2026-04-01,e-영업1,(제휴 최저가 자동 쿠폰)6440원 할인,NCPN0000644,플러스,11709.0
2026-04-01,e-영업1,(제휴 최저가 자동 쿠폰)12880원 할인,NCPN0001288,플러스,11709.0
2026-04-01,e-영업1,(제휴 최저가 자동 쿠폰)12860원 할인,NCPN0001286,플러스,11691.0
2026-04-01,e-영업2,(제휴 최저가 자동 쿠폰)12860원 할인,NCPN0001286,플러스,11691.0
2026-04-01,e-영업2,(제휴 최저가 자동 쿠폰)4210원 할인,NCPN0000421,플러스,11482.0
2026-04-01,e-영업1,(제휴 최저가 자동 쿠폰)12480원 할인,NCPN0001248,플러스,11345.0
2026-04-01,e-영업2,(제휴 최저가 자동 쿠폰)12430원 할인,NCPN0001243,플러스,11300.0
2026-04-01,e-영업1,(제휴 최저가 자동 쿠폰)6170원 할인,NCPN0000617,플러스,11218.0
2026-04-01,e-영업1,(제휴 최저가 자동 쿠폰)12130원 할인,NCPN0001213,플러스,11027.0
2026-04-01,e-영업1,(제휴 최저가 자동 쿠폰)6030원 할인,NCPN0000603,플러스,10964.0
2026-04-01,e-영업1,(제휴 최저가 자동 쿠폰)11790원 할인,NCPN0001179,플러스,10718.0
2026-04-01,e-영업1,(제휴 최저가 자동 쿠폰)5850원 할인,NCPN0000585,플러스,10636.0
2026-04-01,e-영업1,(제휴 최저가 자동 쿠폰)11620원 할인,NCPN0001162,플러스,10564.0
2026-04-01,e-영업1,(제휴 최저가 자동 쿠폰)11490원 할인,NCPN0001149,플러스,10445.0
2026-04-01,e-영업2,(제휴 최저가 자동 쿠폰)11340원 할인,NCPN0001134,플러스,10309.0
2026-04-01,e-영업2,(제휴 최저가 자동 쿠폰)11080원 할인,NCPN0001108,플러스,10073.0
2026-04-01,e-영업1,(제휴 최저가 자동 쿠폰)10880원 할인,NCPN0001088,플러스,9891.0
2026-04-01,e-영업2,(제휴 최저가 자동 쿠폰)10760원 할인,NCPN0001076,플러스,9782.0
2026-04-01,e-영업2,(제휴 최저가 자동 쿠폰)10740원 할인,NCPN0001074,플러스,9764.0
2026-04-01,e-영업2,(제휴 최저가 자동 쿠폰)10650원 할인,NCPN0001065,플러스,9682.0
2026-04-01,e-영업2,(제휴 최저가 자동 쿠폰)10620원 할인,NCPN0001062,플러스,9655.0
2026-04-01,e-영업2,(제휴 최저가 자동 쿠폰)5210원 할인,NCPN0000521,플러스,9473.0
2026-04-01,e-영업2,(제휴 최저가 자동 쿠폰)10120원 할인,NCPN0001012,플러스,9200.0
2026-04-01,e-영업2,(제휴 최저가 자동 쿠폰)9950원 할인,NCPN0000995,플러스,9045.0
2026-04-01,e-영업2,(제휴 최저가 자동 쿠폰)9800원 할인,NCPN0000980,플러스,8909.0
2026-04-01,e-영업1,(제휴 최저가 자동 쿠폰)9780원 할인,NCPN0000978,플러스,8891.0
2026-04-01,e-영업2,(제휴 최저가 자동 쿠폰)9500원 할인,NCPN0000950,플러스,8636.0
2026-04-01,e-영업2,(제휴 최저가 자동 쿠폰)9190원 할인,NCPN0000919,플러스,8355.0
2026-04-01,e-영업2,(제휴 최저가 자동 쿠폰)4540원 할인,NCPN0000454,플러스,8255.0
2026-04-01,e-영업2,(제휴 최저가 자동 쿠폰)9080원 할인,NCPN0000908,플러스,8255.0
2026-04-01,e-영업1,(제휴 최저가 자동 쿠폰)9070원 할인,NCPN0000907,플러스,8245.0
2026-04-01,e-영업2,(제휴 최저가 자동 쿠폰)9050원 할인,NCPN0000905,플러스,8227.0
2026-04-01,e-영업2,(제휴 최저가 자동 쿠폰)9020원 할인,NCPN0000902,플러스,8200.0
2026-04-01,e-영업2,(제휴 최저가 자동 쿠폰)8970원 할인,NCPN0000897,플러스,8155.0
2026-04-01,e-영업2,(제휴 최저가 자동 쿠폰)8730원 할인,NCPN0000873,플러스,7936.0
2026-04-01,e-영업2,(제휴 최저가 자동 쿠폰)8470원 할인,NCPN0000847,플러스,7700.0
2026-04-01,e-영업2,(제휴 최저가 자동 쿠폰)8320원 할인,NCPN0000832,플러스,7564.0
2026-04-01,e-영업2,(제휴 최저가 자동 쿠폰)8020원 할인,NCPN0000802,플러스,7291.0
2026-04-01,e-영업1,(제휴 최저가 자동 쿠폰)7550원 할인,NCPN0000755,플러스,6864.0
2026-04-01,e-영업2,(제휴 최저가 자동 쿠폰)7500원 할인,NCPN0000750,플러스,6818.0
2026-04-01,e-영업2,(제휴 최저가 자동 쿠폰)7350원 할인,NCPN0000735,플러스,6682.0
2026-04-01,e-영업2,(제휴 최저가 자동 쿠폰)7240원 할인,NCPN0000724,플러스,6582.0
2026-04-01,e-영업2,(제휴 최저가 자동 쿠폰)7140원 할인,NCPN0000714,플러스,6491.0
2026-04-01,e-영업2,(제휴 최저가 자동 쿠폰)7130원 할인,NCPN0000713,플러스,6482.0
2026-04-01,e-영업2,(제휴 최저가 자동 쿠폰)7120원 할인,NCPN0000712,플러스,6473.0
2026-04-01,e-영업1,(제휴 최저가 자동 쿠폰)7050원 할인,NCPN0000705,플러스,6409.0
2026-04-01,e-영업2,(제휴 최저가 자동 쿠폰)7030원 할인,NCPN0000703,플러스,6391.0
2026-04-01,e-영업2,(제휴 최저가 자동 쿠폰)6940원 할인,NCPN0000694,플러스,6309.0
2026-04-01,e-영업2,(제휴 최저가 자동 쿠폰)6840원 할인,NCPN0000684,플러스,6218.0
2026-04-01,e-영업2,(제휴 최저가 자동 쿠폰)6770원 할인,NCPN0000677,플러스,6155.0
2026-04-01,e-영업2,(제휴 최저가 자동 쿠폰)6640원 할인,NCPN0000664,플러스,6036.0
2026-04-01,e-영업2,(제휴 최저가 자동 쿠폰)6480원 할인,NCPN0000648,플러스,5891.0
2026-04-01,e-영업1,(제휴 최저가 자동 쿠폰)6060원 할인,NCPN0000606,플러스,5509.0
2026-04-01,e-영업2,(제휴 최저가 자동 쿠폰)6030원 할인,NCPN0000603,플러스,5482.0
2026-04-01,e-영업1,(제휴 최저가 자동 쿠폰)5980원 할인,NCPN0000598,플러스,5436.0
2026-04-01,e-영업1,(제휴 최저가 자동 쿠폰)5860원 할인,NCPN0000586,플러스,5327.0
2026-04-01,e-영업1,(제휴 최저가 자동 쿠폰)5700원 할인,NCPN0000570,플러스,5182.0
2026-04-01,e-영업1,(제휴 최저가 자동 쿠폰)5680원 할인,NCPN0000568,플러스,5164.0
2026-04-01,e-영업2,(제휴 최저가 자동 쿠폰)5680원 할인,NCPN0000568,플러스,5164.0
2026-04-01,e-영업1,(제휴 최저가 자동 쿠폰)5630원 할인,NCPN0000563,플러스,5118.0
2026-04-01,e-영업2,(제휴 최저가 자동 쿠폰)5450원 할인,NCPN0000545,플러스,4955.0
2026-04-01,e-영업2,(제휴 최저가 자동 쿠폰)5330원 할인,NCPN0000533,플러스,4845.0
2026-04-01,e-영업2,(제휴 최저가 자동 쿠폰)5150원 할인,NCPN0000515,플러스,4682.0
2026-04-01,e-영업2,(제휴 최저가 자동 쿠폰)4710원 할인,NCPN0000471,플러스,4282.0
2026-04-01,e-영업1,(제휴 최저가 자동 쿠폰)4560원 할인,NCPN0000456,플러스,4145.0
2026-04-01,e-영업2,(제휴 최저가 자동 쿠폰)4560원 할인,NCPN0000456,플러스,4145.0
2026-04-01,e-영업2,(제휴 최저가 자동 쿠폰)4510원 할인,NCPN0000451,플러스,4100.0
2026-04-01,e-영업2,(제휴 최저가 자동 쿠폰)4470원 할인,NCPN0000447,플러스,4064.0
2026-04-01,e-영업1,(제휴 최저가 자동 쿠폰)4380원 할인,NCPN0000438,플러스,3982.0
2026-04-01,e-영업2,(제휴 최저가 자동 쿠폰)4380원 할인,NCPN0000438,플러스,3982.0
2026-04-01,e-영업2,(제휴 최저가 자동 쿠폰)4330원 할인,NCPN0000433,플러스,3936.0
2026-04-01,e-영업1,[제휴쿠폰] [황금연휴] 플러스 5% 쿠폰,CPN1685445,플러스,3764.0
2026-04-01,e-영업1,(제휴 최저가 자동 쿠폰)4010원 할인,NCPN0000401,플러스,3645.0
2026-04-01,e-영업1,(제휴 최저가 자동 쿠폰)3970원 할인,NCPN0000397,플러스,3609.0
2026-04-01,e-영업1,(제휴 최저가 자동 쿠폰)3720원 할인,NCPN0000372,플러스,3382.0
2026-04-01,e-영업2,(제휴 최저가 자동 쿠폰)3720원 할인,NCPN0000372,플러스,3382.0
2026-04-01,e-영업2,(제휴 최저가 자동 쿠폰)3470원 할인,NCPN0000347,플러스,3155.0
2026-04-01,e-영업2,[제휴쿠폰] [황금연휴] 플러스 5% 쿠폰,CPN1685445,플러스,2264.0
2026-04-01,e-영업2,(제휴 최저가 자동 쿠폰)2460원 할인,NCPN0000246,플러스,2236.0
2026-04-01,e-영업2,(제휴 최저가 자동 쿠폰)2410원 할인,NCPN0000241,플러스,2191.0
2026-04-01,e-영업1,(제휴 최저가 자동 쿠폰)2260원 할인,NCPN0000226,플러스,2055.0
2026-04-01,e-영업2,(제휴 최저가 자동 쿠폰)1750원 할인,NCPN0000175,플러스,1591.0
2026-04-01,e-영업2,(제휴 최저가 자동 쿠폰)1130원 할인,NCPN0000113,플러스,1027.0
2026-04-01,e-영업2,(제휴 최저가 자동 쿠폰)1090원 할인,NCPN0000109,플러스,991.0
2026-04-01,e-영업1,(제휴 최저가 자동 쿠폰)10원 할인,NCPN0000001,플러스,136.0
2026-04-01,e-영업2,(제휴 최저가 자동 쿠폰)10원 할인,NCPN0000001,플러스,27.0
2026-04-01,e-영업1,(제휴 최저가 자동 쿠폰)20원 할인,NCPN0000002,플러스,18.0
2026-04-01,e-영업3,(제휴 최저가 자동 쿠폰)240원 할인,NCPN0000024,플러스,-655.0
2026-04-01,e-영업1,(제휴 최저가 자동 쿠폰)4460원 할인,NCPN0000446,플러스,-4055.0
2026-04-01,e-영업2,(제휴 최저가 자동 쿠폰)6410원 할인,NCPN0000641,플러스,-5827.0
2026-04-01,e-영업2,(제휴 최저가 자동 쿠폰)6990원 할인,NCPN0000699,플러스,-6355.0
2026-04-01,e-영업1,(제휴 최저가 자동 쿠폰)8100원 할인,NCPN0000810,플러스,-7364.0
2026-04-01,e-영업2,(제휴 최저가 자동 쿠폰)9270원 할인,NCPN0000927,플러스,-8427.0
2026-04-01,e-영업2,(제휴 최저가 자동 쿠폰)9430원 할인,NCPN0000943,플러스,-8573.0
2026-04-01,e-영업2,(제휴 최저가 자동 쿠폰)9780원 할인,NCPN0000978,플러스,-8891.0
2026-04-01,e-영업2,(제휴 최저가 자동 쿠폰)10730원 할인,NCPN0001073,플러스,-9755.0
2026-04-01,e-영업2,(제휴 최저가 자동 쿠폰)12600원 할인,NCPN0001260,플러스,-11455.0
2026-04-01,e-영업2,(제휴 최저가 자동 쿠폰)7210원 할인,NCPN0000721,플러스,-13109.0
2026-04-01,e-영업2,(제휴 최저가 자동 쿠폰)14550원 할인,NCPN0001455,플러스,-13227.0
2026-04-01,e-영업2,(제휴 최저가 자동 쿠폰)15060원 할인,NCPN0001506,플러스,-13691.0
2026-04-01,e-영업2,(제휴 최저가 자동 쿠폰)16710원 할인,NCPN0001671,플러스,-15191.0
2026-04-01,e-영업1,(제휴 최저가 자동 쿠폰)18300원 할인,NCPN0001830,플러스,-16636.0
2026-04-01,e-영업1,(제휴 최저가 자동 쿠폰)18700원 할인,NCPN0001870,플러스,-17000.0
2026-04-01,e-영업1,[제휴쿠폰][WEEKEND SALE] 플러스 5% 쿠폰,CPN1653353,플러스,-17991.0
2026-04-01,e-영업2,(제휴 최저가 자동 쿠폰)21520원 할인,NCPN0002152,플러스,-19564.0
2026-04-01,e-영업2,(제휴 최저가 자동 쿠폰)9410원 할인,NCPN0000941,플러스,-25664.0
2026-04-01,e-영업2,(제휴 최저가 자동 쿠폰)41230원 할인,NCPN0004123,플러스,-37482.0
2026-04-01,e-영업2,[제휴쿠폰][온도로 입는 봄] 플러스쿠폰 8% (최대 3만원 할인),CPN1646230,플러스,-41282.0
2026-04-01,e-영업2,(제휴 최저가 자동 쿠폰)30060원 할인,NCPN0003006,플러스,-54655.0
2026-05-01,e-영업2,[제휴쿠폰][OUTLET] HAZZYS&DAKS 단독 특가 12%,CPN1682354,일반,6217109.0
2026-05-01,e-영업2,[제휴쿠폰][OUTLET] 봄과 여름 사이 리프레쉬 위크 12% 쿠폰,CPN1682341,일반,4575155.0
2026-05-01,e-영업2,[제휴쿠폰] [OUTLET] 프리 서머 세일 12% 일반쿠폰,CPN1704036,일반,4396882.0
2026-05-01,e-영업2,[제휴쿠폰][OUTLET] 미리 준비하는 여름 12% 쿠폰,CPN1704037,일반,3357245.0
2026-05-01,e-영업2,[제휴쿠폰][OUTLET MEN] 연휴룩 즐기기 12% 쿠폰,CPN1682350,일반,1636800.0
2026-05-01,e-영업2,[제휴쿠폰][OUTLET BAG&ACC] GIFT WEEK 12% 쿠폰,CPN1682310,일반,492527.0
2026-05-01,e-영업2,[제휴쿠폰][OUTLETGOLF] 프리미엄 골프웨어 기프트 12%,CPN1682307,일반,458745.0
2026-05-01,e-영업2,[제휴쿠폰][OUTLET SHOES] 미리 만나보는 여름슈즈 12%,CPN1682348,일반,82318.0
2026-05-01,e-영업2,[제휴쿠폰][OUTLET] 선물하고 싶은 BEST ITEM 12%,CPN1682352,일반,47100.0
2026-05-01,e-영업2,[제휴쿠폰][일꼬르소&TNGT] SPRING BEST ITEM 12%,CPN1682353,일반,29564.0
2026-05-01,e-영업1,[제휴전용] 12% 할인(IE),CPN703554,일반,19591.0
2026-05-01,e-영업2,[제휴쿠폰][L:Festa] 닥스골프(스테디셀러)_아울렛 20% 쿠폰,CPN1657808,일반,-15273.0
2026-05-01,e-영업2,[OUTLET LUXURY] SPRING BIG SALE 12% 일반쿠폰,CPN1676025,일반,-17409.0
2026-05-01,e-영업2,[제휴쿠폰][OUTLET] 헤지스&닥스 여성 간절기 최종가 12%,CPN1682355,일반,-103436.0
2026-05-01,e-영업2,[제휴전용] 10%추가할인 (이월 ACC),CPN383518,플러스,7170909.0
2026-05-01,e-영업2,[제휴전용] 9%추가할인 (이월 여성),CPN409202,플러스,6737855.0
2026-05-01,e-영업2,[제휴전용] 7%추가할인 (이월 여성),CPN409201,플러스,2989664.0
2026-05-01,e-영업2,[제휴전용] 9%추가할인 (이월 남성),CPN409204,플러스,2839218.0
2026-05-01,e-영업2,(제휴 최저가 자동 쿠폰)17750원 할인,NCPN0001775,플러스,1694318.0
2026-05-01,e-영업2,[제휴쿠폰][황금연휴] 플러스 8% 쿠폰,CPN1685455,플러스,1228664.0
2026-05-01,e-영업2,[제휴전용] 7%추가할인 (이월 남성),CPN409203,플러스,1185973.0
2026-05-01,e-영업2,(제휴 최저가 자동 쿠폰)25100원 할인,NCPN0002510,플러스,935545.0
2026-05-01,e-영업2,[제휴쿠폰][L+DAY] 10% 플러스 쿠폰 (최대 5만원 할인),CPN1697051,플러스,925682.0
2026-05-01,e-영업2,[제휴전용] 8%추가할인 (이월 골프),CPN383905,플러스,825200.0
2026-05-01,e-영업2,(제휴 최저가 자동 쿠폰)20130원 할인,NCPN0002013,플러스,823500.0
2026-05-01,e-영업1,[제휴쿠폰][황금연휴] 플러스 8% 쿠폰,CPN1685455,플러스,813482.0
2026-05-01,e-영업1,[제휴쿠폰][L+DAY] 10% 플러스 쿠폰 (최대 5만원 할인),CPN1697051,플러스,661973.0
2026-05-01,e-영업2,(제휴 최저가 자동 쿠폰)19730원 할인,NCPN0001973,플러스,502218.0
2026-05-01,e-영업2,[제휴전용] 8% 추가할인 (이월 골프),CPN514212,플러스,443418.0
2026-05-01,e-영업1,[제휴쿠폰][서머 프리뷰] 플러스 8% 쿠폰,CPN1708760,플러스,360200.0
2026-05-01,e-영업2,(제휴 최저가 자동 쿠폰)15650원 할인,NCPN0001565,플러스,341455.0
2026-05-01,e-영업2,(제휴 최저가 자동 쿠폰)16690원 할인,NCPN0001669,플러스,318627.0
2026-05-01,e-영업2,[제휴전용] 8%추가할인 (이월 슈즈),CPN384029,플러스,281818.0
2026-05-01,e-영업2,[제휴할인] 5%추가할인 (이월 남성),CPN383907,플러스,273291.0
2026-05-01,e-영업2,(제휴 최저가 자동 쿠폰)36840원 할인,NCPN0003684,플러스,267927.0
2026-05-01,e-영업1,[WEEKEND SALE] 플러스 5% 쿠폰,CPN1697300,플러스,244655.0
2026-05-01,e-영업2,(제휴 최저가 자동 쿠폰)9010원 할인,NCPN0000901,플러스,221155.0
2026-05-01,e-영업2,(제휴 최저가 자동 쿠폰)17200원 할인,NCPN0001720,플러스,218909.0
2026-05-01,e-영업2,[제휴쿠폰][서머 프리뷰] 플러스 8% 쿠폰,CPN1708760,플러스,211918.0
2026-05-01,e-영업2,(제휴 최저가 자동 쿠폰)15770원 할인,NCPN0001577,플러스,172036.0
2026-05-01,e-영업1,(제휴 최저가 자동 쿠폰)36780원 할인,NCPN0003678,플러스,167182.0
2026-05-01,e-영업2,(제휴 최저가 자동 쿠폰)18230원 할인,NCPN0001823,플러스,165727.0
2026-05-01,e-영업2,(제휴 최저가 자동 쿠폰)16360원 할인,NCPN0001636,플러스,163600.0
2026-05-01,e-영업2,(제휴 최저가 자동 쿠폰)12650원 할인,NCPN0001265,플러스,149500.0
2026-05-01,e-영업1,(제휴 최저가 자동 쿠폰)41090원 할인,NCPN0004109,플러스,149418.0
2026-05-01,e-영업2,(제휴 최저가 자동 쿠폰)18220원 할인,NCPN0001822,플러스,149073.0
2026-05-01,e-영업1,(제휴 최저가 자동 쿠폰)23370원 할인,NCPN0002337,플러스,148718.0
2026-05-01,e-영업1,[제휴쿠폰][WEEKEND SALE] 플러스 5% 쿠폰,CPN1693307,플러스,144355.0
2026-05-01,e-영업2,(제휴 최저가 자동 쿠폰)19080원 할인,NCPN0001908,플러스,138764.0
2026-05-01,e-영업2,(제휴 최저가 자동 쿠폰)30060원 할인,NCPN0003006,플러스,136636.0
2026-05-01,e-영업1,(제휴 최저가 자동 쿠폰)12890원 할인,NCPN0001289,플러스,128900.0
2026-05-01,e-영업2,(제휴 최저가 자동 쿠폰)45940원 할인,NCPN0004594,플러스,125291.0
2026-05-01,e-영업1,(제휴 최저가 자동 쿠폰)9040원 할인,NCPN0000904,플러스,123273.0
2026-05-01,e-영업2,[WEEKEND SALE] 플러스 5% 쿠폰,CPN1697300,플러스,119500.0
2026-05-01,e-영업2,(제휴 최저가 자동 쿠폰)18700원 할인,NCPN0001870,플러스,119000.0
2026-05-01,e-영업2,(제휴 최저가 자동 쿠폰)11740원 할인,NCPN0001174,플러스,117400.0
2026-05-01,e-영업1,(제휴 최저가 자동 쿠폰)14320원 할인,NCPN0001432,플러스,117164.0
2026-05-01,e-영업2,(제휴 최저가 자동 쿠폰)11450원 할인,NCPN0001145,플러스,114500.0
2026-05-01,e-영업2,(제휴 최저가 자동 쿠폰)9500원 할인,NCPN0000950,플러스,112273.0
2026-05-01,e-영업1,(제휴 최저가 자동 쿠폰)13480원 할인,NCPN0001348,플러스,110291.0
2026-05-01,e-영업2,(제휴 최저가 자동 쿠폰)19210원 할인,NCPN0001921,플러스,104782.0
2026-05-01,e-영업1,[제휴쿠폰][WEEKEND SALE] 플러스 5% 쿠폰 ,CPN1710218,플러스,101182.0
2026-05-01,e-영업2,(제휴 최저가 자동 쿠폰)54620원 할인,NCPN0005462,플러스,99309.0
2026-05-01,e-영업2,(제휴 최저가 자동 쿠폰)52520원 할인,NCPN0005252,플러스,95491.0
2026-05-01,e-영업1,(제휴 최저가 자동 쿠폰)8680원 할인,NCPN0000868,플러스,94691.0
2026-05-01,e-영업2,(제휴 최저가 자동 쿠폰)7930원 할인,NCPN0000793,플러스,93718.0
2026-05-01,e-영업1,(제휴 최저가 자동 쿠폰)12880원 할인,NCPN0001288,플러스,93673.0
2026-05-01,e-영업2,(제휴 최저가 자동 쿠폰)16860원 할인,NCPN0001686,플러스,91964.0
2026-05-01,e-영업2,(제휴 최저가 자동 쿠폰)16680원 할인,NCPN0001668,플러스,90982.0
2026-05-01,e-영업2,(제휴 최저가 자동 쿠폰)16600원 할인,NCPN0001660,플러스,90545.0
2026-05-01,e-영업1,(제휴 최저가 자동 쿠폰)19910원 할인,NCPN0001991,플러스,90500.0
2026-05-01,e-영업2,(제휴 최저가 자동 쿠폰)19870원 할인,NCPN0001987,플러스,90318.0
2026-05-01,e-영업1,(제휴 최저가 자동 쿠폰)23690원 할인,NCPN0002369,플러스,86145.0
2026-05-01,e-영업2,(제휴 최저가 자동 쿠폰)22850원 할인,NCPN0002285,플러스,83091.0
2026-05-01,e-영업1,(제휴 최저가 자동 쿠폰)17750원 할인,NCPN0001775,플러스,80682.0
2026-05-01,e-영업1,(제휴 최저가 자동 쿠폰)21520원 할인,NCPN0002152,플러스,78255.0
2026-05-01,e-영업2,(제휴 최저가 자동 쿠폰)28010원 할인,NCPN0002801,플러스,76391.0
2026-05-01,e-영업2,(제휴 최저가 자동 쿠폰)13970원 할인,NCPN0001397,플러스,76200.0
2026-05-01,e-영업2,(제휴 최저가 자동 쿠폰)20710원 할인,NCPN0002071,플러스,75309.0
2026-05-01,e-영업2,(제휴 최저가 자동 쿠폰)13700원 할인,NCPN0001370,플러스,74727.0
2026-05-01,e-영업2,(제휴 최저가 자동 쿠폰)13230원 할인,NCPN0001323,플러스,72164.0
2026-05-01,e-영업2,(제휴 최저가 자동 쿠폰)19810원 할인,NCPN0001981,플러스,72036.0
2026-05-01,e-영업2,(제휴 최저가 자동 쿠폰)13110원 할인,NCPN0001311,플러스,71509.0
2026-05-01,e-영업2,(제휴 최저가 자동 쿠폰)25940원 할인,NCPN0002594,플러스,70745.0
2026-05-01,e-영업1,(제휴 최저가 자동 쿠폰)25840원 할인,NCPN0002584,플러스,70473.0
2026-05-01,e-영업2,(제휴 최저가 자동 쿠폰)25840원 할인,NCPN0002584,플러스,70473.0
2026-05-01,e-영업2,(제휴 최저가 자동 쿠폰)19240원 할인,NCPN0001924,플러스,69964.0
2026-05-01,e-영업2,(제휴 최저가 자동 쿠폰)10720원 할인,NCPN0001072,플러스,68218.0
2026-05-01,e-영업2,(제휴 최저가 자동 쿠폰)24960원 할인,NCPN0002496,플러스,68073.0
2026-05-01,e-영업2,(제휴 최저가 자동 쿠폰)18670원 할인,NCPN0001867,플러스,67891.0
2026-05-01,e-영업1,(제휴 최저가 자동 쿠폰)14510원 할인,NCPN0001451,플러스,65955.0
2026-05-01,e-영업2,(제휴 최저가 자동 쿠폰)12080원 할인,NCPN0001208,플러스,65891.0
2026-05-01,e-영업2,(제휴 최저가 자동 쿠폰)14370원 할인,NCPN0001437,플러스,65318.0
2026-05-01,e-영업1,(제휴 최저가 자동 쿠폰)17560원 할인,NCPN0001756,플러스,63855.0
2026-05-01,e-영업2,(제휴 최저가 자동 쿠폰)34900원 할인,NCPN0003490,플러스,63455.0
2026-05-01,e-영업2,[제휴쿠폰][WEEKEND SALE] 플러스 5% 쿠폰 ,CPN1710218,플러스,63355.0
2026-05-01,e-영업1,(제휴 최저가 자동 쿠폰)17360원 할인,NCPN0001736,플러스,63127.0
2026-05-01,e-영업2,[제휴전용] 5%추가할인 (이월 스포츠),CPN425515,플러스,62627.0
2026-05-01,e-영업2,(제휴 최저가 자동 쿠폰)13620원 할인,NCPN0001362,플러스,61909.0
2026-05-01,e-영업2,(제휴 최저가 자동 쿠폰)22570원 할인,NCPN0002257,플러스,61555.0
2026-05-01,e-영업2,(제휴 최저가 자동 쿠폰)13430원 할인,NCPN0001343,플러스,61045.0
2026-05-01,e-영업2,(제휴 최저가 자동 쿠폰)16530원 할인,NCPN0001653,플러스,60109.0
2026-05-01,e-영업2,(제휴 최저가 자동 쿠폰)13170원 할인,NCPN0001317,플러스,59864.0
2026-05-01,e-영업2,(제휴 최저가 자동 쿠폰)21840원 할인,NCPN0002184,플러스,59564.0
2026-05-01,e-영업2,(제휴 최저가 자동 쿠폰)10820원 할인,NCPN0001082,플러스,59018.0
2026-05-01,e-영업2,(제휴 최저가 자동 쿠폰)21520원 할인,NCPN0002152,플러스,58691.0
2026-05-01,e-영업1,(제휴 최저가 자동 쿠폰)16120원 할인,NCPN0001612,플러스,58618.0
2026-05-01,e-영업2,(제휴 최저가 자동 쿠폰)12330원 할인,NCPN0001233,플러스,56045.0
2026-05-01,e-영업1,(제휴 최저가 자동 쿠폰)6130원 할인,NCPN0000613,플러스,55727.0
2026-05-01,e-영업2,(제휴 최저가 자동 쿠폰)20210원 할인,NCPN0002021,플러스,55118.0
2026-05-01,e-영업1,(제휴 최저가 자동 쿠폰)30020원 할인,NCPN0003002,플러스,54582.0
2026-05-01,e-영업2,(제휴 최저가 자동 쿠폰)30000원 할인,NCPN0003000,플러스,54545.0
2026-05-01,e-영업2,(제휴 최저가 자동 쿠폰)19910원 할인,NCPN0001991,플러스,54300.0
2026-05-01,e-영업2,(제휴 최저가 자동 쿠폰)8510원 할인,NCPN0000851,플러스,54155.0
2026-05-01,e-영업2,(제휴 최저가 자동 쿠폰)19590원 할인,NCPN0001959,플러스,53427.0
2026-05-01,e-영업2,(제휴 최저가 자동 쿠폰)18640원 할인,NCPN0001864,플러스,50836.0
2026-05-01,e-영업2,(제휴 최저가 자동 쿠폰)26830원 할인,NCPN0002683,플러스,48782.0
2026-05-01,e-영업1,(제휴 최저가 자동 쿠폰)10700원 할인,NCPN0001070,플러스,48636.0
2026-05-01,e-영업2,(제휴 최저가 자동 쿠폰)17700원 할인,NCPN0001770,플러스,48273.0
2026-05-01,e-영업2,(제휴 최저가 자동 쿠폰)17600원 할인,NCPN0001760,플러스,48000.0
2026-05-01,e-영업2,(제휴 최저가 자동 쿠폰)52370원 할인,NCPN0005237,플러스,47609.0
2026-05-01,e-영업2,(제휴 최저가 자동 쿠폰)3720원 할인,NCPN0000372,플러스,47345.0
2026-05-01,e-영업2,(제휴 최저가 자동 쿠폰)26000원 할인,NCPN0002600,플러스,47273.0
2026-05-01,e-영업2,(제휴 최저가 자동 쿠폰)16420원 할인,NCPN0001642,플러스,44782.0
2026-05-01,e-영업2,(제휴 최저가 자동 쿠폰)16150원 할인,NCPN0001615,플러스,44045.0
2026-05-01,e-영업1,(제휴 최저가 자동 쿠폰)8020원 할인,NCPN0000802,플러스,43745.0
2026-05-01,e-영업2,(제휴 최저가 자동 쿠폰)23350원 할인,NCPN0002335,플러스,42455.0
2026-05-01,e-영업2,(제휴 최저가 자동 쿠폰)11670원 할인,NCPN0001167,플러스,42436.0
2026-05-01,e-영업2,(제휴 최저가 자동 쿠폰)7610원 할인,NCPN0000761,플러스,41509.0
2026-05-01,e-영업2,(제휴 최저가 자동 쿠폰)11340원 할인,NCPN0001134,플러스,41236.0
2026-05-01,e-영업2,(제휴 최저가 자동 쿠폰)22610원 할인,NCPN0002261,플러스,41109.0
2026-05-01,e-영업2,(제휴 최저가 자동 쿠폰)8920원 할인,NCPN0000892,플러스,40545.0
2026-05-01,e-영업1,(제휴 최저가 자동 쿠폰)44140원 할인,NCPN0004414,플러스,40127.0
2026-05-01,e-영업2,(제휴 최저가 자동 쿠폰)44140원 할인,NCPN0004414,플러스,40127.0
2026-05-01,e-영업1,(제휴 최저가 자동 쿠폰)14550원 할인,NCPN0001455,플러스,39682.0
2026-05-01,e-영업2,(제휴 최저가 자동 쿠폰)43520원 할인,NCPN0004352,플러스,39564.0
2026-05-01,e-영업2,(제휴 최저가 자동 쿠폰)10740원 할인,NCPN0001074,플러스,39055.0
2026-05-01,e-영업2,(제휴 최저가 자동 쿠폰)14200원 할인,NCPN0001420,플러스,38727.0
2026-05-01,e-영업2,(제휴 최저가 자동 쿠폰)14120원 할인,NCPN0001412,플러스,38509.0
2026-05-01,e-영업1,(제휴 최저가 자동 쿠폰)20150원 할인,NCPN0002015,플러스,36636.0
2026-05-01,e-영업2,(제휴 최저가 자동 쿠폰)20000원 할인,NCPN0002000,플러스,36364.0
2026-05-01,e-영업2,(제휴 최저가 자동 쿠폰)19970원 할인,NCPN0001997,플러스,36309.0
2026-05-01,e-영업1,(제휴 최저가 자동 쿠폰)39910원 할인,NCPN0003991,플러스,36282.0
2026-05-01,e-영업1,(제휴 최저가 자동 쿠폰)19760원 할인,NCPN0001976,플러스,35927.0
2026-05-01,e-영업2,(제휴 최저가 자동 쿠폰)19630원 할인,NCPN0001963,플러스,35691.0
2026-05-01,e-영업1,(제휴 최저가 자동 쿠폰)38840원 할인,NCPN0003884,플러스,35309.0
2026-05-01,e-영업2,(제휴 최저가 자동 쿠폰)5540원 할인,NCPN0000554,플러스,35255.0
2026-05-01,e-영업2,(제휴 최저가 자동 쿠폰)19350원 할인,NCPN0001935,플러스,35182.0
2026-05-01,e-영업1,(제휴 최저가 자동 쿠폰)12860원 할인,NCPN0001286,플러스,35073.0
2026-05-01,e-영업2,(제휴 최저가 자동 쿠폰)9600원 할인,NCPN0000960,플러스,34909.0
2026-05-01,e-영업2,(제휴 최저가 자동 쿠폰)12660원 할인,NCPN0001266,플러스,34527.0
2026-05-01,e-영업1,(제휴 최저가 자동 쿠폰)37660원 할인,NCPN0003766,플러스,34236.0
2026-05-01,e-영업2,(제휴 최저가 자동 쿠폰)18480원 할인,NCPN0001848,플러스,33600.0
2026-05-01,e-영업2,(제휴 최저가 자동 쿠폰)18410원 할인,NCPN0001841,플러스,33473.0
2026-05-01,e-영업2,(제휴 최저가 자동 쿠폰)18180원 할인,NCPN0001818,플러스,33055.0
2026-05-01,e-영업1,(제휴 최저가 자동 쿠폰)36340원 할인,NCPN0003634,플러스,33036.0
2026-05-01,e-영업2,(제휴 최저가 자동 쿠폰)36340원 할인,NCPN0003634,플러스,33036.0
2026-05-01,e-영업2,(제휴 최저가 자동 쿠폰)18140원 할인,NCPN0001814,플러스,32982.0
2026-05-01,e-영업1,[제휴쿠폰] [황금연휴] 플러스 5% 쿠폰,CPN1685445,플러스,32736.0
2026-05-01,e-영업2,(제휴 최저가 자동 쿠폰)17660원 할인,NCPN0001766,플러스,32109.0
2026-05-01,e-영업2,(제휴 최저가 자동 쿠폰)17560원 할인,NCPN0001756,플러스,31927.0
2026-05-01,e-영업2,(제휴 최저가 자동 쿠폰)34130원 할인,NCPN0003413,플러스,31027.0
2026-05-01,e-영업2,(제휴 최저가 자동 쿠폰)17020원 할인,NCPN0001702,플러스,30945.0
2026-05-01,e-영업2,(제휴 최저가 자동 쿠폰)33860원 할인,NCPN0003386,플러스,30782.0
2026-05-01,e-영업2,(제휴 최저가 자동 쿠폰)33780원 할인,NCPN0003378,플러스,30709.0
2026-05-01,e-영업4,[WEEKEND SALE] 플러스 5% 쿠폰,CPN1697300,플러스,30655.0
2026-05-01,e-영업2,(제휴 최저가 자동 쿠폰)33470원 할인,NCPN0003347,플러스,30427.0
2026-05-01,e-영업2,(제휴 최저가 자동 쿠폰)16710원 할인,NCPN0001671,플러스,30382.0
2026-05-01,e-영업2,(제휴 최저가 자동 쿠폰)16550원 할인,NCPN0001655,플러스,30091.0
2026-05-01,e-영업1,(제휴 최저가 자동 쿠폰)11030원 할인,NCPN0001103,플러스,30082.0
2026-05-01,e-영업1,(제휴 최저가 자동 쿠폰)33090원 할인,NCPN0003309,플러스,30082.0
2026-05-01,e-영업2,(제휴 최저가 자동 쿠폰)31330원 할인,NCPN0003133,플러스,28482.0
2026-05-01,e-영업2,(제휴 최저가 자동 쿠폰)10210원 할인,NCPN0001021,플러스,27845.0
2026-05-01,e-영업1,(제휴 최저가 자동 쿠폰)10060원 할인,NCPN0001006,플러스,27436.0
2026-05-01,e-영업2,(제휴 최저가 자동 쿠폰)30100원 할인,NCPN0003010,플러스,27364.0
2026-05-01,e-영업2,(제휴 최저가 자동 쿠폰)15040원 할인,NCPN0001504,플러스,27345.0
2026-05-01,e-영업2,(제휴 최저가 자동 쿠폰)15020원 할인,NCPN0001502,플러스,27309.0
2026-05-01,e-영업2,(제휴 최저가 자동 쿠폰)30020원 할인,NCPN0003002,플러스,27291.0
2026-05-01,e-영업1,(제휴 최저가 자동 쿠폰)9950원 할인,NCPN0000995,플러스,27136.0
2026-05-01,e-영업1,(제휴 최저가 자동 쿠폰)29140원 할인,NCPN0002914,플러스,26491.0
2026-05-01,e-영업2,(제휴 최저가 자동 쿠폰)29050원 할인,NCPN0002905,플러스,26409.0
2026-05-01,e-영업1,(제휴 최저가 자동 쿠폰)4720원 할인,NCPN0000472,플러스,25745.0
2026-05-01,e-영업1,(제휴 최저가 자동 쿠폰)7030원 할인,NCPN0000703,플러스,25564.0
2026-05-01,e-영업2,(제휴 최저가 자동 쿠폰)27730원 할인,NCPN0002773,플러스,25209.0
2026-05-01,e-영업1,(제휴 최저가 자동 쿠폰)13700원 할인,NCPN0001370,플러스,24909.0
2026-05-01,e-영업2,(제휴 최저가 자동 쿠폰)9080원 할인,NCPN0000908,플러스,24764.0
2026-05-01,e-영업2,(제휴 최저가 자동 쿠폰)27070원 할인,NCPN0002707,플러스,24609.0
2026-05-01,e-영업2,(제휴 최저가 자동 쿠폰)8990원 할인,NCPN0000899,플러스,24518.0
2026-05-01,e-영업2,(제휴 최저가 자동 쿠폰)13440원 할인,NCPN0001344,플러스,24436.0
2026-05-01,e-영업1,(제휴 최저가 자동 쿠폰)26830원 할인,NCPN0002683,플러스,24391.0
2026-05-01,e-영업1,(제휴 최저가 자동 쿠폰)8920원 할인,NCPN0000892,플러스,24327.0
2026-05-01,e-영업2,(제휴 최저가 자동 쿠폰)26660원 할인,NCPN0002666,플러스,24236.0
2026-05-01,e-영업1,(제휴 최저가 자동 쿠폰)26390원 할인,NCPN0002639,플러스,23991.0
2026-05-01,e-영업1,(제휴 최저가 자동 쿠폰)26280원 할인,NCPN0002628,플러스,23891.0
2026-05-01,e-영업2,(제휴 최저가 자동 쿠폰)12770원 할인,NCPN0001277,플러스,23218.0
2026-05-01,e-영업1,(제휴 최저가 자동 쿠폰)25100원 할인,NCPN0002510,플러스,22818.0
2026-05-01,e-영업1,(제휴 최저가 자동 쿠폰)12480원 할인,NCPN0001248,플러스,22691.0
2026-05-01,e-영업2,(제휴 최저가 자동 쿠폰)12480원 할인,NCPN0001248,플러스,22691.0
2026-05-01,e-영업1,(제휴 최저가 자동 쿠폰)12270원 할인,NCPN0001227,플러스,22309.0
2026-05-01,e-영업2,(제휴 최저가 자동 쿠폰)8100원 할인,NCPN0000810,플러스,22091.0
2026-05-01,e-영업2,(제휴 최저가 자동 쿠폰)8080원 할인,NCPN0000808,플러스,22036.0
2026-05-01,e-영업1,(제휴 최저가 자동 쿠폰)24170원 할인,NCPN0002417,플러스,21973.0
2026-05-01,e-영업1,(제휴 최저가 자동 쿠폰)12080원 할인,NCPN0001208,플러스,21964.0
2026-05-01,e-영업2,(제휴 최저가 자동 쿠폰)11950원 할인,NCPN0001195,플러스,21727.0
2026-05-01,e-영업2,(제휴 최저가 자동 쿠폰)23690원 할인,NCPN0002369,플러스,21536.0
2026-05-01,e-영업1,(제휴 최저가 자동 쿠폰)23270원 할인,NCPN0002327,플러스,21155.0
2026-05-01,e-영업1,(제휴 최저가 자동 쿠폰)22530원 할인,NCPN0002253,플러스,20482.0
2026-05-01,e-영업1,(제휴 최저가 자동 쿠폰)7450원 할인,NCPN0000745,플러스,20318.0
2026-05-01,e-영업2,(제휴 최저가 자동 쿠폰)21890원 할인,NCPN0002189,플러스,19900.0
2026-05-01,e-영업1,(제휴 최저가 자동 쿠폰)21810원 할인,NCPN0002181,플러스,19827.0
2026-05-01,e-영업1,(제휴 최저가 자동 쿠폰)10820원 할인,NCPN0001082,플러스,19673.0
2026-05-01,e-영업2,[제휴쿠폰] [황금연휴] 플러스 5% 쿠폰,CPN1685445,플러스,19573.0
2026-05-01,e-영업2,(제휴 최저가 자동 쿠폰)10760원 할인,NCPN0001076,플러스,19564.0
2026-05-01,e-영업1,(제휴 최저가 자동 쿠폰)21490원 할인,NCPN0002149,플러스,19536.0
2026-05-01,e-영업2,(제휴 최저가 자동 쿠폰)5210원 할인,NCPN0000521,플러스,18945.0
2026-05-01,e-영업2,(제휴 최저가 자동 쿠폰)20830원 할인,NCPN0002083,플러스,18936.0
2026-05-01,e-영업2,(제휴 최저가 자동 쿠폰)20450원 할인,NCPN0002045,플러스,18591.0
2026-05-01,e-영업2,(제휴 최저가 자동 쿠폰)20430원 할인,NCPN0002043,플러스,18573.0
2026-05-01,e-영업2,(제휴 최저가 자동 쿠폰)6770원 할인,NCPN0000677,플러스,18464.0
2026-05-01,e-영업2,[제휴쿠폰][WEEKEND SALE] 플러스 5% 쿠폰,CPN1693307,플러스,18436.0
2026-05-01,e-영업2,(제휴 최저가 자동 쿠폰)20260원 할인,NCPN0002026,플러스,18418.0
2026-05-01,e-영업1,(제휴 최저가 자동 쿠폰)20210원 할인,NCPN0002021,플러스,18373.0
2026-05-01,e-영업2,(제휴 최저가 자동 쿠폰)10070원 할인,NCPN0001007,플러스,18309.0
2026-05-01,e-영업1,(제휴 최저가 자동 쿠폰)19980원 할인,NCPN0001998,플러스,18164.0
2026-05-01,e-영업1,(제휴 최저가 자동 쿠폰)9960원 할인,NCPN0000996,플러스,18109.0
2026-05-01,e-영업2,(제휴 최저가 자동 쿠폰)9900원 할인,NCPN0000990,플러스,18000.0
2026-05-01,e-영업2,(제휴 최저가 자동 쿠폰)19700원 할인,NCPN0001970,플러스,17909.0
2026-05-01,e-영업1,(제휴 최저가 자동 쿠폰)1090원 할인,NCPN0000109,플러스,17836.0
2026-05-01,e-영업2,(제휴 최저가 자동 쿠폰)9780원 할인,NCPN0000978,플러스,17782.0
2026-05-01,e-영업2,(제휴 최저가 자동 쿠폰)19560원 할인,NCPN0001956,플러스,17782.0
2026-05-01,e-영업2,(제휴 최저가 자동 쿠폰)9730원 할인,NCPN0000973,플러스,17691.0
2026-05-01,e-영업2,(제휴 최저가 자동 쿠폰)9670원 할인,NCPN0000967,플러스,17582.0
2026-05-01,e-영업1,(제휴 최저가 자동 쿠폰)19210원 할인,NCPN0001921,플러스,17464.0
2026-05-01,e-영업2,[제휴쿠폰][서머 프리뷰] 플러스 5% 쿠폰,CPN1708750,플러스,17255.0
2026-05-01,e-영업1,(제휴 최저가 자동 쿠폰)9410원 할인,NCPN0000941,플러스,17109.0
2026-05-01,e-영업1,(제휴 최저가 자동 쿠폰)18310원 할인,NCPN0001831,플러스,16645.0
2026-05-01,e-영업2,(제휴 최저가 자동 쿠폰)18300원 할인,NCPN0001830,플러스,16636.0
2026-05-01,e-영업1,(제휴 최저가 자동 쿠폰)18280원 할인,NCPN0001828,플러스,16618.0
2026-05-01,e-영업2,(제휴 최저가 자동 쿠폰)18260원 할인,NCPN0001826,플러스,16600.0
2026-05-01,e-영업1,(제휴 최저가 자동 쿠폰)18240원 할인,NCPN0001824,플러스,16582.0
2026-05-01,e-영업2,(제휴 최저가 자동 쿠폰)8980원 할인,NCPN0000898,플러스,16327.0
2026-05-01,e-영업1,(제휴 최저가 자동 쿠폰)5860원 할인,NCPN0000586,플러스,15982.0
2026-05-01,e-영업2,(제휴 최저가 자동 쿠폰)5680원 할인,NCPN0000568,플러스,15491.0
2026-05-01,e-영업1,(제휴 최저가 자동 쿠폰)17020원 할인,NCPN0001702,플러스,15473.0
2026-05-01,e-영업2,(제휴 최저가 자동 쿠폰)8470원 할인,NCPN0000847,플러스,15400.0
2026-05-01,e-영업2,(제휴 최저가 자동 쿠폰)16830원 할인,NCPN0001683,플러스,15300.0
2026-05-01,e-영업1,(제휴 최저가 자동 쿠폰)16710원 할인,NCPN0001671,플러스,15191.0
2026-05-01,e-영업1,(제휴 최저가 자동 쿠폰)16360원 할인,NCPN0001636,플러스,14873.0
2026-05-01,e-영업2,(제휴 최저가 자동 쿠폰)15990원 할인,NCPN0001599,플러스,14536.0
2026-05-01,e-영업2,(제휴 최저가 자동 쿠폰)3980원 할인,NCPN0000398,플러스,14473.0
2026-05-01,e-영업1,(제휴 최저가 자동 쿠폰)15810원 할인,NCPN0001581,플러스,14373.0
2026-05-01,e-영업2,(제휴 최저가 자동 쿠폰)15810원 할인,NCPN0001581,플러스,14373.0
2026-05-01,e-영업2,(제휴 최저가 자동 쿠폰)15790원 할인,NCPN0001579,플러스,14355.0
2026-05-01,e-영업1,(제휴 최저가 자동 쿠폰)15760원 할인,NCPN0001576,플러스,14327.0
2026-05-01,e-영업2,(제휴 최저가 자동 쿠폰)7810원 할인,NCPN0000781,플러스,14200.0
2026-05-01,e-영업2,(제휴 최저가 자동 쿠폰)15500원 할인,NCPN0001550,플러스,14091.0
2026-05-01,e-영업2,(제휴 최저가 자동 쿠폰)3780원 할인,NCPN0000378,플러스,13745.0
2026-05-01,e-영업1,(제휴 최저가 자동 쿠폰)5010원 할인,NCPN0000501,플러스,13664.0
2026-05-01,e-영업2,(제휴 최저가 자동 쿠폰)14770원 할인,NCPN0001477,플러스,13427.0
2026-05-01,e-영업2,(제휴 최저가 자동 쿠폰)14690원 할인,NCPN0001469,플러스,13355.0
2026-05-01,e-영업1,(제휴 최저가 자동 쿠폰)14570원 할인,NCPN0001457,플러스,13245.0
2026-05-01,e-영업2,(제휴 최저가 자동 쿠폰)14570원 할인,NCPN0001457,플러스,13245.0
2026-05-01,e-영업2,(제휴 최저가 자동 쿠폰)14550원 할인,NCPN0001455,플러스,13227.0
2026-05-01,e-영업2,(제휴 최저가 자동 쿠폰)14510원 할인,NCPN0001451,플러스,13191.0
2026-05-01,e-영업1,(제휴 최저가 자동 쿠폰)7140원 할인,NCPN0000714,플러스,12982.0
2026-05-01,e-영업2,(제휴 최저가 자동 쿠폰)6940원 할인,NCPN0000694,플러스,12618.0
2026-05-01,e-영업2,(제휴 최저가 자동 쿠폰)13810원 할인,NCPN0001381,플러스,12555.0
2026-05-01,e-영업1,(제휴 최저가 자동 쿠폰)13620원 할인,NCPN0001362,플러스,12382.0
2026-05-01,e-영업1,(제휴 최저가 자동 쿠폰)4510원 할인,NCPN0000451,플러스,12300.0
2026-05-01,e-영업1,(제휴 최저가 자동 쿠폰)13440원 할인,NCPN0001344,플러스,12218.0
2026-05-01,e-영업1,(제휴 최저가 자동 쿠폰)13230원 할인,NCPN0001323,플러스,12027.0
2026-05-01,e-영업1,(제휴 최저가 자동 쿠폰)13170원 할인,NCPN0001317,플러스,11973.0
2026-05-01,e-영업1,(제휴 최저가 자동 쿠폰)4330원 할인,NCPN0000433,플러스,11809.0
2026-05-01,e-영업2,(제휴 최저가 자동 쿠폰)12880원 할인,NCPN0001288,플러스,11709.0
2026-05-01,e-영업2,(제휴 최저가 자동 쿠폰)12600원 할인,NCPN0001260,플러스,11455.0
2026-05-01,e-영업1,(제휴 최저가 자동 쿠폰)12550원 할인,NCPN0001255,플러스,11409.0
2026-05-01,e-영업2,(제휴 최저가 자동 쿠폰)12430원 할인,NCPN0001243,플러스,11300.0
2026-05-01,e-영업1,(제휴 최저가 자동 쿠폰)12330원 할인,NCPN0001233,플러스,11209.0
2026-05-01,e-영업2,(제휴 최저가 자동 쿠폰)12170원 할인,NCPN0001217,플러스,11064.0
2026-05-01,e-영업1,(제휴 최저가 자동 쿠폰)5980원 할인,NCPN0000598,플러스,10873.0
2026-05-01,e-영업1,(제휴 최저가 자동 쿠폰)5950원 할인,NCPN0000595,플러스,10818.0
2026-05-01,e-영업1,(제휴 최저가 자동 쿠폰)11790원 할인,NCPN0001179,플러스,10718.0
2026-05-01,e-영업2,(제휴 최저가 자동 쿠폰)11490원 할인,NCPN0001149,플러스,10445.0
2026-05-01,e-영업2,(제휴 최저가 자동 쿠폰)11080원 할인,NCPN0001108,플러스,10073.0
2026-05-01,e-영업1,(제휴 최저가 자동 쿠폰)11010원 할인,NCPN0001101,플러스,10009.0
2026-05-01,e-영업2,(제휴 최저가 자동 쿠폰)10930원 할인,NCPN0001093,플러스,9936.0
2026-05-01,e-영업1,(제휴 최저가 자동 쿠폰)10880원 할인,NCPN0001088,플러스,9891.0
2026-05-01,e-영업1,(제휴 최저가 자동 쿠폰)10730원 할인,NCPN0001073,플러스,9755.0
2026-05-01,e-영업2,(제휴 최저가 자동 쿠폰)3570원 할인,NCPN0000357,플러스,9736.0
2026-05-01,e-영업2,(제휴 최저가 자동 쿠폰)10700원 할인,NCPN0001070,플러스,9727.0
2026-05-01,e-영업1,(제휴 최저가 자동 쿠폰)10650원 할인,NCPN0001065,플러스,9682.0
2026-05-01,e-영업1,(제휴 최저가 자동 쿠폰)10290원 할인,NCPN0001029,플러스,9355.0
2026-05-01,e-영업2,(제휴 최저가 자동 쿠폰)5110원 할인,NCPN0000511,플러스,9291.0
2026-05-01,e-영업1,(제휴 최저가 자동 쿠폰)10210원 할인,NCPN0001021,플러스,9282.0
2026-05-01,e-영업2,(제휴 최저가 자동 쿠폰)10090원 할인,NCPN0001009,플러스,9173.0
2026-05-01,e-영업2,(제휴 최저가 자동 쿠폰)10040원 할인,NCPN0001004,플러스,9127.0
2026-05-01,e-영업1,(제휴 최저가 자동 쿠폰)10000원 할인,NCPN0001000,플러스,9091.0
2026-05-01,e-영업2,(제휴 최저가 자동 쿠폰)9970원 할인,NCPN0000997,플러스,9064.0
2026-05-01,e-영업2,(제휴 최저가 자동 쿠폰)9960원 할인,NCPN0000996,플러스,9055.0
2026-05-01,e-영업2,(제휴 최저가 자동 쿠폰)9800원 할인,NCPN0000980,플러스,8909.0
2026-05-01,e-영업2,(제휴 최저가 자동 쿠폰)4880원 할인,NCPN0000488,플러스,8873.0
2026-05-01,e-영업1,(제휴 최저가 자동 쿠폰)9730원 할인,NCPN0000973,플러스,8845.0
2026-05-01,e-영업2,(제휴 최저가 자동 쿠폰)9700원 할인,NCPN0000970,플러스,8818.0
2026-05-01,e-영업2,(제휴 최저가 자동 쿠폰)9430원 할인,NCPN0000943,플러스,8573.0
2026-05-01,e-영업2,(제휴 최저가 자동 쿠폰)9190원 할인,NCPN0000919,플러스,8355.0
2026-05-01,e-영업2,(제휴 최저가 자동 쿠폰)9070원 할인,NCPN0000907,플러스,8245.0
2026-05-01,e-영업2,(제휴 최저가 자동 쿠폰)9030원 할인,NCPN0000903,플러스,8209.0
2026-05-01,e-영업1,(제휴 최저가 자동 쿠폰)8980원 할인,NCPN0000898,플러스,8164.0
2026-05-01,e-영업2,(제휴 최저가 자동 쿠폰)8970원 할인,NCPN0000897,플러스,8155.0
2026-05-01,e-영업2,(제휴 최저가 자동 쿠폰)8960원 할인,NCPN0000896,플러스,8145.0
2026-05-01,e-영업2,(제휴 최저가 자동 쿠폰)8870원 할인,NCPN0000887,플러스,8064.0
2026-05-01,e-영업1,(제휴 최저가 자동 쿠폰)8830원 할인,NCPN0000883,플러스,8027.0
2026-05-01,e-영업2,(제휴 최저가 자동 쿠폰)8830원 할인,NCPN0000883,플러스,8027.0
2026-05-01,e-영업2,(제휴 최저가 자동 쿠폰)8550원 할인,NCPN0000855,플러스,7773.0
2026-05-01,e-영업2,(제휴 최저가 자동 쿠폰)4210원 할인,NCPN0000421,플러스,7655.0
2026-05-01,e-영업2,(제휴 최저가 자동 쿠폰)8320원 할인,NCPN0000832,플러스,7564.0
2026-05-01,e-영업1,(제휴 최저가 자동 쿠폰)8090원 할인,NCPN0000809,플러스,7355.0
2026-05-01,e-영업1,(제휴 최저가 자동 쿠폰)8070원 할인,NCPN0000807,플러스,7336.0
2026-05-01,e-영업1,(제휴 최저가 자동 쿠폰)8040원 할인,NCPN0000804,플러스,7309.0
2026-05-01,e-영업2,(제휴 최저가 자동 쿠폰)8030원 할인,NCPN0000803,플러스,7300.0
2026-05-01,e-영업2,(제휴 최저가 자동 쿠폰)4010원 할인,NCPN0000401,플러스,7291.0
2026-05-01,e-영업1,(제휴 최저가 자동 쿠폰)7950원 할인,NCPN0000795,플러스,7227.0
2026-05-01,e-영업2,(제휴 최저가 자동 쿠폰)7940원 할인,NCPN0000794,플러스,7218.0
2026-05-01,e-영업1,(제휴 최저가 자동 쿠폰)7930원 할인,NCPN0000793,플러스,7209.0
2026-05-01,e-영업2,[제휴쿠폰][L+DAY] 5% 플러스 쿠폰 (최대 5만원 할인),CPN1697052,플러스,7209.0
2026-05-01,e-영업1,(제휴 최저가 자동 쿠폰)7550원 할인,NCPN0000755,플러스,6864.0
2026-05-01,e-영업2,(제휴 최저가 자동 쿠폰)7450원 할인,NCPN0000745,플러스,6773.0
2026-05-01,e-영업2,(제휴 최저가 자동 쿠폰)2460원 할인,NCPN0000246,플러스,6709.0
2026-05-01,e-영업2,(제휴 최저가 자동 쿠폰)7210원 할인,NCPN0000721,플러스,6555.0
2026-05-01,e-영업1,(제휴 최저가 자동 쿠폰)7150원 할인,NCPN0000715,플러스,6500.0
2026-05-01,e-영업2,(제휴 최저가 자동 쿠폰)7150원 할인,NCPN0000715,플러스,6500.0
2026-05-01,e-영업2,(제휴 최저가 자동 쿠폰)7130원 할인,NCPN0000713,플러스,6482.0
2026-05-01,e-영업2,(제휴 최저가 자동 쿠폰)7120원 할인,NCPN0000712,플러스,6473.0
2026-05-01,e-영업2,(제휴 최저가 자동 쿠폰)7090원 할인,NCPN0000709,플러스,6445.0
2026-05-01,e-영업2,(제휴 최저가 자동 쿠폰)7050원 할인,NCPN0000705,플러스,6409.0
2026-05-01,e-영업2,(제휴 최저가 자동 쿠폰)7030원 할인,NCPN0000703,플러스,6391.0
2026-05-01,e-영업1,(제휴 최저가 자동 쿠폰)6990원 할인,NCPN0000699,플러스,6355.0
2026-05-01,e-영업2,(제휴 최저가 자동 쿠폰)6840원 할인,NCPN0000684,플러스,6218.0
2026-05-01,e-영업2,(제휴 최저가 자동 쿠폰)6790원 할인,NCPN0000679,플러스,6173.0
2026-05-01,e-영업1,(제휴 최저가 자동 쿠폰)6640원 할인,NCPN0000664,플러스,6036.0
2026-05-01,e-영업1,(제휴 최저가 자동 쿠폰)6590원 할인,NCPN0000659,플러스,5991.0
2026-05-01,e-영업1,(제휴 최저가 자동 쿠폰)6580원 할인,NCPN0000658,플러스,5982.0
2026-05-01,e-영업1,(제휴 최저가 자동 쿠폰)6330원 할인,NCPN0000633,플러스,5755.0
2026-05-01,e-영업1,(제휴 최저가 자동 쿠폰)6230원 할인,NCPN0000623,플러스,5664.0
2026-05-01,e-영업1,[제휴쿠폰][서머 프리뷰] 플러스 5% 쿠폰,CPN1708750,플러스,5482.0
2026-05-01,e-영업2,(제휴 최저가 자동 쿠폰)6030원 할인,NCPN0000603,플러스,5482.0
2026-05-01,e-영업1,(제휴 최저가 자동 쿠폰)5820원 할인,NCPN0000582,플러스,5291.0
2026-05-01,e-영업1,(제휴 최저가 자동 쿠폰)2860원 할인,NCPN0000286,플러스,5200.0
2026-05-01,e-영업2,(제휴 최저가 자동 쿠폰)5700원 할인,NCPN0000570,플러스,5182.0
2026-05-01,e-영업1,(제휴 최저가 자동 쿠폰)5460원 할인,NCPN0000546,플러스,4964.0
2026-05-01,e-영업2,(제휴 최저가 자동 쿠폰)5460원 할인,NCPN0000546,플러스,4964.0
2026-05-01,e-영업2,(제휴 최저가 자동 쿠폰)5330원 할인,NCPN0000533,플러스,4845.0
2026-05-01,e-영업1,(제휴 최저가 자동 쿠폰)5110원 할인,NCPN0000511,플러스,4645.0
2026-05-01,e-영업2,(제휴 최저가 자동 쿠폰)4860원 할인,NCPN0000486,플러스,4418.0
2026-05-01,e-영업1,[제휴쿠폰][L+DAY] 5% 플러스 쿠폰 (최대 5만원 할인),CPN1697052,플러스,4282.0
2026-05-01,e-영업1,(제휴 최저가 자동 쿠폰)4570원 할인,NCPN0000457,플러스,4155.0
2026-05-01,e-영업2,(제휴 최저가 자동 쿠폰)4470원 할인,NCPN0000447,플러스,4064.0
2026-05-01,e-영업2,(제휴 최저가 자동 쿠폰)4460원 할인,NCPN0000446,플러스,4055.0
2026-05-01,e-영업1,(제휴 최저가 자동 쿠폰)2090원 할인,NCPN0000209,플러스,3800.0
2026-05-01,e-영업1,(제휴 최저가 자동 쿠폰)4120원 할인,NCPN0000412,플러스,3745.0
2026-05-01,e-영업1,(제휴 최저가 자동 쿠폰)3970원 할인,NCPN0000397,플러스,3609.0
2026-05-01,e-영업2,(제휴 최저가 자동 쿠폰)3970원 할인,NCPN0000397,플러스,3609.0
2026-05-01,e-영업2,(제휴 최저가 자동 쿠폰)3900원 할인,NCPN0000390,플러스,3545.0
2026-05-01,e-영업1,(제휴 최저가 자동 쿠폰)3770원 할인,NCPN0000377,플러스,3427.0
2026-05-01,e-영업1,(제휴 최저가 자동 쿠폰)3750원 할인,NCPN0000375,플러스,3409.0
2026-05-01,e-영업1,(제휴 최저가 자동 쿠폰)3410원 할인,NCPN0000341,플러스,3100.0
2026-05-01,e-영업2,(제휴 최저가 자동 쿠폰)3290원 할인,NCPN0000329,플러스,2991.0
2026-05-01,e-영업1,(제휴 최저가 자동 쿠폰)3100원 할인,NCPN0000310,플러스,2818.0
2026-05-01,e-영업2,(제휴 최저가 자동 쿠폰)3100원 할인,NCPN0000310,플러스,2818.0
2026-05-01,e-영업2,(제휴 최저가 자동 쿠폰)2410원 할인,NCPN0000241,플러스,2191.0
2026-05-01,e-영업1,(제휴 최저가 자동 쿠폰)2350원 할인,NCPN0000235,플러스,2136.0
2026-05-01,e-영업2,(제휴 최저가 자동 쿠폰)1990원 할인,NCPN0000199,플러스,1809.0
2026-05-01,e-영업2,(제휴 최저가 자동 쿠폰)1880원 할인,NCPN0000188,플러스,1709.0
2026-05-01,e-영업2,(제휴 최저가 자동 쿠폰)1870원 할인,NCPN0000187,플러스,1700.0
2026-05-01,e-영업2,(제휴 최저가 자동 쿠폰)1270원 할인,NCPN0000127,플러스,1155.0
2026-05-01,e-영업1,(제휴 최저가 자동 쿠폰)10원 할인,NCPN0000001,플러스,45.0
2026-05-01,e-영업2,(제휴 최저가 자동 쿠폰)10원 할인,NCPN0000001,플러스,18.0
2026-05-01,e-영업2,[제휴쿠폰][스프링 익스프레스] 플러스 5% 쿠폰,CPN1671455,플러스,-1118.0
2026-05-01,e-영업1,(제휴 최저가 자동 쿠폰)6440원 할인,NCPN0000644,플러스,-5855.0
2026-05-01,e-영업1,[제휴쿠폰][스프링 익스프레스] 플러스 5% 쿠폰,CPN1671455,플러스,-6555.0
2026-05-01,e-영업2,(제휴 최저가 자동 쿠폰)10120원 할인,NCPN0001012,플러스,-9200.0
2026-05-01,e-영업1,(제휴 최저가 자동 쿠폰)11620원 할인,NCPN0001162,플러스,-10564.0
2026-05-01,e-영업1,(제휴 최저가 자동 쿠폰)12130원 할인,NCPN0001213,플러스,-11027.0
2026-05-01,e-영업1,(제휴 최저가 자동 쿠폰)14540원 할인,NCPN0001454,플러스,-13218.0
2026-05-01,e-영업2,(제휴 최저가 자동 쿠폰)14660원 할인,NCPN0001466,플러스,-13327.0
2026-05-01,e-영업2,(제휴 최저가 자동 쿠폰)21490원 할인,NCPN0002149,플러스,-19536.0
2026-05-01,e-영업1,(제휴 최저가 자동 쿠폰)25290원 할인,NCPN0002529,플러스,-22991.0
2026-05-01,e-영업2,(제휴 최저가 자동 쿠폰)28640원 할인,NCPN0002864,플러스,-26036.0
2026-05-01,e-영업1,(제휴 최저가 자동 쿠폰)31710원 할인,NCPN0003171,플러스,-28827.0
2026-05-01,e-영업1,[제휴쿠폰][스프링 익스프레스] 플러스 8% 쿠폰,CPN1671464,플러스,-37073.0
2026-05-01,e-영업1,(제휴 최저가 자동 쿠폰)26480원 할인,NCPN0002648,플러스,-48145.0
2026-05-01,e-영업2,[제휴쿠폰][스프링 익스프레스] 플러스 8% 쿠폰,CPN1671464,플러스,-48973.0
2026-05-01,e-영업4,[블랙앤화이트 외부 고객 10% 플러스할인쿠폰],CPN1584047,플러스,-49564.0
2026-05-01,e-영업3,네이버쇼핑 추가할인 (e-명품_대상: 입점업체),CPN407983,플러스,-91836.0
2026-06-01,e-영업2,[제휴쿠폰][OUTLET] FW역시즌 HOT DEAL 12% 쿠폰,CPN1735269,일반,13200336.0
2026-06-01,e-영업2,[제휴쿠폰][서머슈퍼세일] 15% 일반 쿠폰(이월),CPN1721852,일반,7215618.0
2026-06-01,e-영업1,[제휴쿠폰][서머슈퍼세일] 15% 일반 쿠폰(정상),CPN1721786,일반,5439109.0
2026-06-01,e-영업2,[제휴쿠폰][OUTLET] SUMMER ALL-IN-ONE 12% 쿠폰,CPN1721880,일반,3199764.0
2026-06-01,e-영업2,"[제휴쿠폰][OUTLET]마지막 혜택,SEASON SALE 시작12%쿠폰",CPN1735272,일반,2417445.0
2026-06-01,e-영업2,[제휴쿠폰][OUTLET] 선.착.순. 아울렛 최대혜택 12% 쿠폰,CPN1721916,일반,1273036.0
2026-06-01,e-영업2,[제휴쿠폰][서머슈퍼세일] 15% 일반 쿠폰(정상),CPN1721786,일반,165045.0
2026-06-01,e-영업1,[제휴전용] 12% 할인(IE),CPN703554,일반,52827.0
2026-06-01,e-영업2,[제휴쿠폰][OUTLET] 얼리 바캉스 12% 쿠폰,CPN1735271,일반,38336.0
2026-06-01,e-영업2,[제휴쿠폰][OUTLET] 봄과 여름 사이 리프레쉬 위크 12% 쿠폰,CPN1682341,일반,-13673.0
2026-06-01,e-영업2,[제휴쿠폰] [OUTLET] 프리 서머 세일 12% 일반쿠폰,CPN1704036,일반,-51736.0
2026-06-01,e-영업2,[제휴쿠폰][OUTLET] 미리 준비하는 여름 12% 쿠폰,CPN1704037,일반,-146182.0
2026-06-01,e-영업2,[제휴전용] 10%추가할인 (이월 ACC),CPN383518,플러스,10359682.0
2026-06-01,e-영업2,[제휴전용] 9%추가할인 (이월 여성),CPN409202,플러스,6781055.0
2026-06-01,e-영업2,[제휴전용] 9%추가할인 (이월 남성),CPN409204,플러스,3088691.0
2026-06-01,e-영업2,[제휴전용] 7%추가할인 (이월 여성),CPN409201,플러스,2104745.0
2026-06-01,e-영업1,(제휴 최저가 자동 쿠폰)22610원 할인,NCPN0002261,플러스,1973236.0
2026-06-01,e-영업2,(제휴 최저가 자동 쿠폰)17750원 할인,NCPN0001775,플러스,1484545.0
2026-06-01,e-영업2,[제휴전용] 7%추가할인 (이월 남성),CPN409203,플러스,1361000.0
2026-06-01,e-영업2,[제휴전용] 8%추가할인 (이월 골프),CPN383905,플러스,987164.0
2026-06-01,e-영업1,(제휴 최저가 자동 쿠폰)19760원 할인,NCPN0001976,플러스,952073.0
2026-06-01,e-영업2,[제휴쿠폰][L+DAY] 10% 플러스 쿠폰 (최대 5만원 할인),CPN1714400,플러스,950273.0
2026-06-01,e-영업2,(제휴 최저가 자동 쿠폰)15650원 할인,NCPN0001565,플러스,939000.0
2026-06-01,e-영업2,[제휴전용] 8% 추가할인 (이월 골프),CPN514212,플러스,694900.0
2026-06-01,e-영업2,(제휴 최저가 자동 쿠폰)25100원 할인,NCPN0002510,플러스,456364.0
2026-06-01,e-영업1,(제휴 최저가 자동 쿠폰)17600원 할인,NCPN0001760,플러스,448000.0
2026-06-01,e-영업2,(제휴 최저가 자동 쿠폰)23300원 할인,NCPN0002330,플러스,423636.0
2026-06-01,e-영업2,(제휴 최저가 자동 쿠폰)12160원 할인,NCPN0001216,플러스,386909.0
2026-06-01,e-영업2,(제휴 최저가 자동 쿠폰)18220원 할인,NCPN0001822,플러스,347836.0
2026-06-01,e-영업1,[제휴쿠폰][L+DAY] 10% 플러스 쿠폰 (최대 5만원 할인),CPN1714400,플러스,304464.0
2026-06-01,e-영업1,[제휴쿠폰][서머슈퍼세일] 5% 플러스 쿠폰,CPN1724890,플러스,275764.0
2026-06-01,e-영업2,(제휴 최저가 자동 쿠폰)17020원 할인,NCPN0001702,플러스,247564.0
2026-06-01,e-영업1,(제휴 최저가 자동 쿠폰)16950원 할인,NCPN0001695,플러스,231136.0
2026-06-01,e-영업2,(제휴 최저가 자동 쿠폰)11450원 할인,NCPN0001145,플러스,229000.0
2026-06-01,e-영업1,(제휴 최저가 자동 쿠폰)40130원 할인,NCPN0004013,플러스,218891.0
2026-06-01,e-영업1,(제휴 최저가 자동 쿠폰)12300원 할인,NCPN0001230,플러스,212455.0
2026-06-01,e-영업1,(제휴 최저가 자동 쿠폰)31710원 할인,NCPN0003171,플러스,201791.0
2026-06-01,e-영업2,(제휴 최저가 자동 쿠폰)16600원 할인,NCPN0001660,플러스,196182.0
2026-06-01,e-영업2,(제휴 최저가 자동 쿠폰)11950원 할인,NCPN0001195,플러스,195545.0
2026-06-01,e-영업1,(제휴 최저가 자동 쿠폰)23300원 할인,NCPN0002330,플러스,190636.0
2026-06-01,e-영업2,(제휴 최저가 자동 쿠폰)19970원 할인,NCPN0001997,플러스,181545.0
2026-06-01,e-영업2,(제휴 최저가 자동 쿠폰)13970원 할인,NCPN0001397,플러스,177800.0
2026-06-01,e-영업2,(제휴 최저가 자동 쿠폰)20830원 할인,NCPN0002083,플러스,170427.0
2026-06-01,e-영업2,(제휴 최저가 자동 쿠폰)22850원 할인,NCPN0002285,플러스,145409.0
2026-06-01,e-영업2,(제휴 최저가 자동 쿠폰)18260원 할인,NCPN0001826,플러스,132800.0
2026-06-01,e-영업1,(제휴 최저가 자동 쿠폰)20130원 할인,NCPN0002013,플러스,128100.0
2026-06-01,e-영업2,(제휴 최저가 자동 쿠폰)19980원 할인,NCPN0001998,플러스,127145.0
2026-06-01,e-영업2,(제휴 최저가 자동 쿠폰)17200원 할인,NCPN0001720,플러스,125091.0
2026-06-01,e-영업2,(제휴 최저가 자동 쿠폰)16860원 할인,NCPN0001686,플러스,122618.0
2026-06-01,e-영업1,(제휴 최저가 자동 쿠폰)18410원 할인,NCPN0001841,플러스,117155.0
2026-06-01,e-영업2,(제휴 최저가 자동 쿠폰)15770원 할인,NCPN0001577,플러스,114691.0
2026-06-01,e-영업2,(제휴 최저가 자동 쿠폰)9730원 할인,NCPN0000973,플러스,106145.0
2026-06-01,e-영업2,[제휴전용] 8%추가할인 (이월 슈즈),CPN384029,플러스,104464.0
2026-06-01,e-영업1,(제휴 최저가 자동 쿠폰)28010원 할인,NCPN0002801,플러스,101855.0
2026-06-01,e-영업1,(제휴 최저가 자동 쿠폰)21840원 할인,NCPN0002184,플러스,99273.0
2026-06-01,e-영업1,(제휴 최저가 자동 쿠폰)26440원 할인,NCPN0002644,플러스,96145.0
2026-06-01,e-영업1,(제휴 최저가 자동 쿠폰)6790원 할인,NCPN0000679,플러스,92591.0
2026-06-01,e-영업2,(제휴 최저가 자동 쿠폰)12480원 할인,NCPN0001248,플러스,90764.0
2026-06-01,e-영업1,(제휴 최저가 자동 쿠폰)23550원 할인,NCPN0002355,플러스,85636.0
2026-06-01,e-영업1,(제휴 최저가 자동 쿠폰)18700원 할인,NCPN0001870,플러스,85000.0
2026-06-01,e-영업2,(제휴 최저가 자동 쿠폰)15500원 할인,NCPN0001550,플러스,84545.0
2026-06-01,e-영업2,(제휴 최저가 자동 쿠폰)13230원 할인,NCPN0001323,플러스,84191.0
2026-06-01,e-영업1,(제휴 최저가 자동 쿠폰)12880원 할인,NCPN0001288,플러스,81964.0
2026-06-01,e-영업1,(제휴 최저가 자동 쿠폰)17960원 할인,NCPN0001796,플러스,81636.0
2026-06-01,e-영업1,(제휴 최저가 자동 쿠폰)29280원 할인,NCPN0002928,플러스,79855.0
2026-06-01,e-영업1,(제휴 최저가 자동 쿠폰)14310원 할인,NCPN0001431,플러스,78055.0
2026-06-01,e-영업2,(제휴 최저가 자동 쿠폰)14310원 할인,NCPN0001431,플러스,78055.0
2026-06-01,e-영업2,(제휴 최저가 자동 쿠폰)13740원 할인,NCPN0001374,플러스,74945.0
2026-06-01,e-영업2,(제휴 최저가 자동 쿠폰)13620원 할인,NCPN0001362,플러스,74291.0
2026-06-01,e-영업2,(제휴 최저가 자동 쿠폰)9010원 할인,NCPN0000901,플러스,73718.0
2026-06-01,e-영업2,(제휴 최저가 자동 쿠폰)26830원 할인,NCPN0002683,플러스,73173.0
2026-06-01,e-영업1,(제휴 최저가 자동 쿠폰)79600원 할인,NCPN0007960,플러스,72364.0
2026-06-01,e-영업2,(제휴 최저가 자동 쿠폰)15710원 할인,NCPN0001571,플러스,71409.0
2026-06-01,e-영업1,(제휴 최저가 자동 쿠폰)15220원 할인,NCPN0001522,플러스,69182.0
2026-06-01,e-영업2,(제휴 최저가 자동 쿠폰)25290원 할인,NCPN0002529,플러스,68973.0
2026-06-01,e-영업2,(제휴 최저가 자동 쿠폰)10820원 할인,NCPN0001082,플러스,68855.0
2026-06-01,e-영업1,(제휴 최저가 자동 쿠폰)37020원 할인,NCPN0003702,플러스,67309.0
2026-06-01,e-영업1,(제휴 최저가 자동 쿠폰)73450원 할인,NCPN0007345,플러스,66773.0
2026-06-01,e-영업2,(제휴 최저가 자동 쿠폰)18150원 할인,NCPN0001815,플러스,66000.0
2026-06-01,e-영업2,(제휴 최저가 자동 쿠폰)14320원 할인,NCPN0001432,플러스,65091.0
2026-06-01,e-영업1,(제휴 최저가 자동 쿠폰)23230원 할인,NCPN0002323,플러스,63355.0
2026-06-01,e-영업2,(제휴 최저가 자동 쿠폰)34130원 할인,NCPN0003413,플러스,62055.0
2026-06-01,e-영업2,(제휴 최저가 자동 쿠폰)16710원 할인,NCPN0001671,플러스,60764.0
2026-06-01,e-영업2,(제휴 최저가 자동 쿠폰)16360원 할인,NCPN0001636,플러스,59491.0
2026-06-01,e-영업2,(제휴 최저가 자동 쿠폰)12880원 할인,NCPN0001288,플러스,58545.0
2026-06-01,e-영업1,[제휴쿠폰][WEEKEND SALE] 플러스 5% 쿠폰,CPN1716571,플러스,56900.0
2026-06-01,e-영업2,(제휴 최저가 자동 쿠폰)15220원 할인,NCPN0001522,플러스,55345.0
2026-06-01,e-영업1,(제휴 최저가 자동 쿠폰)12130원 할인,NCPN0001213,플러스,55136.0
2026-06-01,e-영업2,[제휴쿠폰][WEEKEND SALE] 플러스 7% 쿠폰,CPN1722314,플러스,54955.0
2026-06-01,e-영업2,(제휴 최저가 자동 쿠폰)12080원 할인,NCPN0001208,플러스,54909.0
2026-06-01,e-영업2,(제휴 최저가 자동 쿠폰)9960원 할인,NCPN0000996,플러스,54327.0
2026-06-01,e-영업2,(제휴 최저가 자동 쿠폰)19810원 할인,NCPN0001981,플러스,54027.0
2026-06-01,e-영업2,(제휴 최저가 자동 쿠폰)19760원 할인,NCPN0001976,플러스,53891.0
2026-06-01,e-영업2,(제휴 최저가 자동 쿠폰)19730원 할인,NCPN0001973,플러스,53809.0
2026-06-01,e-영업2,(제휴 최저가 자동 쿠폰)19240원 할인,NCPN0001924,플러스,52473.0
2026-06-01,e-영업2,(제휴 최저가 자동 쿠폰)54620원 할인,NCPN0005462,플러스,49655.0
2026-06-01,e-영업1,(제휴 최저가 자동 쿠폰)9050원 할인,NCPN0000905,플러스,49364.0
2026-06-01,e-영업2,(제휴 최저가 자동 쿠폰)9030원 할인,NCPN0000903,플러스,49255.0
2026-06-01,e-영업1,[제휴쿠폰][WEEKEND SALE] 플러스 7% 쿠폰,CPN1722314,플러스,48664.0
2026-06-01,e-영업2,(제휴 최저가 자동 쿠폰)12770원 할인,NCPN0001277,플러스,46436.0
2026-06-01,e-영업1,(제휴 최저가 자동 쿠폰)17020원 할인,NCPN0001702,플러스,46418.0
2026-06-01,e-영업2,(제휴 최저가 자동 쿠폰)9970원 할인,NCPN0000997,플러스,45318.0
2026-06-01,e-영업1,(제휴 최저가 자동 쿠폰)16550원 할인,NCPN0001655,플러스,45136.0
2026-06-01,e-영업2,(제휴 최저가 자동 쿠폰)24600원 할인,NCPN0002460,플러스,44727.0
2026-06-01,e-영업2,(제휴 최저가 자동 쿠폰)12110원 할인,NCPN0001211,플러스,44036.0
2026-06-01,e-영업2,(제휴 최저가 자동 쿠폰)16120원 할인,NCPN0001612,플러스,43964.0
2026-06-01,e-영업1,(제휴 최저가 자동 쿠폰)24170원 할인,NCPN0002417,플러스,43945.0
2026-06-01,e-영업1,(제휴 최저가 자동 쿠폰)23690원 할인,NCPN0002369,플러스,43073.0
2026-06-01,e-영업1,(제휴 최저가 자동 쿠폰)15710원 할인,NCPN0001571,플러스,42845.0
2026-06-01,e-영업2,(제휴 최저가 자동 쿠폰)11740원 할인,NCPN0001174,플러스,42691.0
2026-06-01,e-영업2,[제휴쿠폰][서머슈퍼세일] 5% 플러스 쿠폰,CPN1724890,플러스,41191.0
2026-06-01,e-영업1,(제휴 최저가 자동 쿠폰)15060원 할인,NCPN0001506,플러스,41073.0
2026-06-01,e-영업2,(제휴 최저가 자동 쿠폰)15060원 할인,NCPN0001506,플러스,41073.0
2026-06-01,e-영업1,(제휴 최저가 자동 쿠폰)22570원 할인,NCPN0002257,플러스,41036.0
2026-06-01,e-영업2,(제휴 최저가 자동 쿠폰)22570원 할인,NCPN0002257,플러스,41036.0
2026-06-01,e-영업2,(제휴 최저가 자동 쿠폰)15040원 할인,NCPN0001504,플러스,41018.0
2026-06-01,e-영업1,(제휴 최저가 자동 쿠폰)14770원 할인,NCPN0001477,플러스,40282.0
2026-06-01,e-영업2,(제휴 최저가 자동 쿠폰)14710원 할인,NCPN0001471,플러스,40118.0
2026-06-01,e-영업2,(제휴 최저가 자동 쿠폰)14530원 할인,NCPN0001453,플러스,39627.0
2026-06-01,e-영업2,(제휴 최저가 자동 쿠폰)21520원 할인,NCPN0002152,플러스,39127.0
2026-06-01,e-영업2,(제휴 최저가 자동 쿠폰)10740원 할인,NCPN0001074,플러스,39055.0
2026-06-01,e-영업2,(제휴 최저가 자동 쿠폰)8510원 할인,NCPN0000851,플러스,38682.0
2026-06-01,e-영업2,[제휴쿠폰][WEEKEND SALE] 플러스 5% 쿠폰,CPN1716571,플러스,38145.0
2026-06-01,e-영업2,(제휴 최저가 자동 쿠폰)41090원 할인,NCPN0004109,플러스,37355.0
2026-06-01,e-영업1,(제휴 최저가 자동 쿠폰)40990원 할인,NCPN0004099,플러스,37264.0
2026-06-01,e-영업2,(제휴 최저가 자동 쿠폰)10210원 할인,NCPN0001021,플러스,37127.0
2026-06-01,e-영업2,(제휴 최저가 자동 쿠폰)40510원 할인,NCPN0004051,플러스,36827.0
2026-06-01,e-영업1,(제휴 최저가 자동 쿠폰)13480원 할인,NCPN0001348,플러스,36764.0
2026-06-01,e-영업2,(제휴 최저가 자동 쿠폰)20210원 할인,NCPN0002021,플러스,36745.0
2026-06-01,e-영업2,(제휴 최저가 자동 쿠폰)13430원 할인,NCPN0001343,플러스,36627.0
2026-06-01,e-영업1,(제휴 최저가 자동 쿠폰)39910원 할인,NCPN0003991,플러스,36282.0
2026-06-01,e-영업1,(제휴 최저가 자동 쿠폰)19910원 할인,NCPN0001991,플러스,36200.0
2026-06-01,e-영업2,(제휴 최저가 자동 쿠폰)19700원 할인,NCPN0001970,플러스,35818.0
2026-06-01,e-영업1,(제휴 최저가 자동 쿠폰)38310원 할인,NCPN0003831,플러스,34827.0
2026-06-01,e-영업2,(제휴 최저가 자동 쿠폰)38310원 할인,NCPN0003831,플러스,34827.0
2026-06-01,e-영업1,(제휴 최저가 자동 쿠폰)12550원 할인,NCPN0001255,플러스,34227.0
2026-06-01,e-영업2,(제휴 최저가 자동 쿠폰)18700원 할인,NCPN0001870,플러스,34000.0
2026-06-01,e-영업2,(제휴 최저가 자동 쿠폰)36840원 할인,NCPN0003684,플러스,33491.0
2026-06-01,e-영업1,(제휴 최저가 자동 쿠폰)36820원 할인,NCPN0003682,플러스,33473.0
2026-06-01,e-영업1,(제휴 최저가 자동 쿠폰)12270원 할인,NCPN0001227,플러스,33464.0
2026-06-01,e-영업1,(제휴 최저가 자동 쿠폰)12160원 할인,NCPN0001216,플러스,33164.0
2026-06-01,e-영업2,(제휴 최저가 자동 쿠폰)36380원 할인,NCPN0003638,플러스,33073.0
2026-06-01,e-영업2,(제휴 최저가 자동 쿠폰)17700원 할인,NCPN0001770,플러스,32182.0
2026-06-01,e-영업1,(제휴 최저가 자동 쿠폰)17560원 할인,NCPN0001756,플러스,31927.0
2026-06-01,e-영업2,(제휴 최저가 자동 쿠폰)17560원 할인,NCPN0001756,플러스,31927.0
2026-06-01,e-영업2,(제휴 최저가 자동 쿠폰)11620원 할인,NCPN0001162,플러스,31691.0
2026-06-01,e-영업1,(제휴 최저가 자동 쿠폰)34060원 할인,NCPN0003406,플러스,30964.0
2026-06-01,e-영업2,(제휴 최저가 자동 쿠폰)33860원 할인,NCPN0003386,플러스,30782.0
2026-06-01,e-영업2,(제휴 최저가 자동 쿠폰)33780원 할인,NCPN0003378,플러스,30709.0
2026-06-01,e-영업2,(제휴 최저가 자동 쿠폰)33470원 할인,NCPN0003347,플러스,30427.0
2026-06-01,e-영업2,(제휴 최저가 자동 쿠폰)33300원 할인,NCPN0003330,플러스,30273.0
2026-06-01,e-영업1,(제휴 최저가 자동 쿠폰)16590원 할인,NCPN0001659,플러스,30164.0
2026-06-01,e-영업2,(제휴 최저가 자동 쿠폰)5530원 할인,NCPN0000553,플러스,30164.0
2026-06-01,e-영업1,(제휴 최저가 자동 쿠폰)33110원 할인,NCPN0003311,플러스,30100.0
2026-06-01,e-영업2,(제휴 최저가 자동 쿠폰)16530원 할인,NCPN0001653,플러스,30055.0
2026-06-01,e-영업1,(제휴 최저가 자동 쿠폰)10760원 할인,NCPN0001076,플러스,29345.0
2026-06-01,e-영업2,(제휴 최저가 자동 쿠폰)10720원 할인,NCPN0001072,플러스,29236.0
2026-06-01,e-영업2,(제휴 최저가 자동 쿠폰)31800원 할인,NCPN0003180,플러스,28909.0
2026-06-01,e-영업2,(제휴 최저가 자동 쿠폰)15640원 할인,NCPN0001564,플러스,28436.0
2026-06-01,e-영업1,(제휴 최저가 자동 쿠폰)31220원 할인,NCPN0003122,플러스,28382.0
2026-06-01,e-영업2,(제휴 최저가 자동 쿠폰)6230원 할인,NCPN0000623,플러스,28318.0
2026-06-01,e-영업2,(제휴 최저가 자동 쿠폰)30060원 할인,NCPN0003006,플러스,27327.0
2026-06-01,e-영업2,(제휴 최저가 자동 쿠폰)30020원 할인,NCPN0003002,플러스,27291.0
2026-06-01,e-영업2,(제휴 최저가 자동 쿠폰)5860원 할인,NCPN0000586,플러스,26636.0
2026-06-01,e-영업1,(제휴 최저가 자동 쿠폰)14510원 할인,NCPN0001451,플러스,26382.0
2026-06-01,e-영업2,(제휴 최저가 자동 쿠폰)9670원 할인,NCPN0000967,플러스,26373.0
2026-06-01,e-영업2,(제휴 최저가 자동 쿠폰)27800원 할인,NCPN0002780,플러스,25273.0
2026-06-01,e-영업1,(제휴 최저가 자동 쿠폰)27730원 할인,NCPN0002773,플러스,25209.0
2026-06-01,e-영업2,(제휴 최저가 자동 쿠폰)27550원 할인,NCPN0002755,플러스,25045.0
2026-06-01,e-영업1,(제휴 최저가 자동 쿠폰)13700원 할인,NCPN0001370,플러스,24909.0
2026-06-01,e-영업2,(제휴 최저가 자동 쿠폰)9070원 할인,NCPN0000907,플러스,24736.0
2026-06-01,e-영업2,(제휴 최저가 자동 쿠폰)13480원 할인,NCPN0001348,플러스,24509.0
2026-06-01,e-영업1,(제휴 최저가 자동 쿠폰)26830원 할인,NCPN0002683,플러스,24391.0
2026-06-01,e-영업2,(제휴 최저가 자동 쿠폰)26710원 할인,NCPN0002671,플러스,24282.0
2026-06-01,e-영업1,(제휴 최저가 자동 쿠폰)26390원 할인,NCPN0002639,플러스,23991.0
2026-06-01,e-영업2,[제휴전용] 5%추가할인 (이월 스포츠),CPN425515,플러스,23773.0
2026-06-01,e-영업2,(제휴 최저가 자동 쿠폰)25940원 할인,NCPN0002594,플러스,23582.0
2026-06-01,e-영업1,(제휴 최저가 자동 쿠폰)25840원 할인,NCPN0002584,플러스,23491.0
2026-06-01,e-영업1,(제휴 최저가 자동 쿠폰)6330원 할인,NCPN0000633,플러스,23018.0
2026-06-01,e-영업2,[제휴쿠폰][WEEKEND SALE] 플러스 5% 쿠폰,CPN1722303,플러스,22845.0
2026-06-01,e-영업2,(제휴 최저가 자동 쿠폰)12550원 할인,NCPN0001255,플러스,22818.0
2026-06-01,e-영업1,(제휴 최저가 자동 쿠폰)24920원 할인,NCPN0002492,플러스,22655.0
2026-06-01,e-영업2,(제휴 최저가 자동 쿠폰)6170원 할인,NCPN0000617,플러스,22436.0
2026-06-01,e-영업2,(제휴 최저가 자동 쿠폰)24170원 할인,NCPN0002417,플러스,21973.0
2026-06-01,e-영업2,(제휴 최저가 자동 쿠폰)7930원 할인,NCPN0000793,플러스,21627.0
2026-06-01,e-영업2,(제휴 최저가 자동 쿠폰)23450원 할인,NCPN0002345,플러스,21318.0
2026-06-01,e-영업1,(제휴 최저가 자동 쿠폰)7810원 할인,NCPN0000781,플러스,21300.0
2026-06-01,e-영업2,(제휴 최저가 자동 쿠폰)22990원 할인,NCPN0002299,플러스,20900.0
2026-06-01,e-영업1,(제휴 최저가 자동 쿠폰)22790원 할인,NCPN0002279,플러스,20718.0
2026-06-01,e-영업2,(제휴 최저가 자동 쿠폰)22790원 할인,NCPN0002279,플러스,20718.0
2026-06-01,e-영업2,(제휴 최저가 자동 쿠폰)22530원 할인,NCPN0002253,플러스,20482.0
2026-06-01,e-영업1,(제휴 최저가 자동 쿠폰)10930원 할인,NCPN0001093,플러스,19873.0
2026-06-01,e-영업2,(제휴 최저가 자동 쿠폰)10880원 할인,NCPN0001088,플러스,19782.0
2026-06-01,e-영업1,(제휴 최저가 자동 쿠폰)10820원 할인,NCPN0001082,플러스,19673.0
2026-06-01,e-영업2,(제휴 최저가 자동 쿠폰)21530원 할인,NCPN0002153,플러스,19573.0
2026-06-01,e-영업2,(제휴 최저가 자동 쿠폰)7150원 할인,NCPN0000715,플러스,19500.0
2026-06-01,e-영업2,(제휴 최저가 자동 쿠폰)20710원 할인,NCPN0002071,플러스,18827.0
2026-06-01,e-영업2,(제휴 최저가 자동 쿠폰)10290원 할인,NCPN0001029,플러스,18709.0
2026-06-01,e-영업2,(제휴 최저가 자동 쿠폰)20490원 할인,NCPN0002049,플러스,18627.0
2026-06-01,e-영업1,(제휴 최저가 자동 쿠폰)20450원 할인,NCPN0002045,플러스,18591.0
2026-06-01,e-영업1,(제휴 최저가 자동 쿠폰)20440원 할인,NCPN0002044,플러스,18582.0
2026-06-01,e-영업1,(제휴 최저가 자동 쿠폰)20430원 할인,NCPN0002043,플러스,18573.0
2026-06-01,e-영업2,(제휴 최저가 자동 쿠폰)6770원 할인,NCPN0000677,플러스,18464.0
2026-06-01,e-영업1,(제휴 최저가 자동 쿠폰)19980원 할인,NCPN0001998,플러스,18164.0
2026-06-01,e-영업1,(제휴 최저가 자동 쿠폰)6640원 할인,NCPN0000664,플러스,18109.0
2026-06-01,e-영업2,(제휴 최저가 자동 쿠폰)19910원 할인,NCPN0001991,플러스,18100.0
2026-06-01,e-영업2,(제휴 최저가 자동 쿠폰)3280원 할인,NCPN0000328,플러스,17891.0
2026-06-01,e-영업1,(제휴 최저가 자동 쿠폰)19630원 할인,NCPN0001963,플러스,17845.0
2026-06-01,e-영업1,(제휴 최저가 자동 쿠폰)9800원 할인,NCPN0000980,플러스,17818.0
2026-06-01,e-영업1,(제휴 최저가 자동 쿠폰)19590원 할인,NCPN0001959,플러스,17809.0
2026-06-01,e-영업1,(제휴 최저가 자동 쿠폰)19560원 할인,NCPN0001956,플러스,17782.0
2026-06-01,e-영업1,(제휴 최저가 자동 쿠폰)19300원 할인,NCPN0001930,플러스,17545.0
2026-06-01,e-영업2,(제휴 최저가 자동 쿠폰)18670원 할인,NCPN0001867,플러스,16973.0
2026-06-01,e-영업2,(제휴 최저가 자동 쿠폰)18640원 할인,NCPN0001864,플러스,16945.0
2026-06-01,e-영업1,(제휴 최저가 자동 쿠폰)18300원 할인,NCPN0001830,플러스,16636.0
2026-06-01,e-영업1,(제휴 최저가 자동 쿠폰)18260원 할인,NCPN0001826,플러스,16600.0
2026-06-01,e-영업1,(제휴 최저가 자동 쿠폰)18250원 할인,NCPN0001825,플러스,16591.0
2026-06-01,e-영업2,(제휴 최저가 자동 쿠폰)18140원 할인,NCPN0001814,플러스,16491.0
2026-06-01,e-영업2,(제휴 최저가 자동 쿠폰)9040원 할인,NCPN0000904,플러스,16436.0
2026-06-01,e-영업1,(제휴 최저가 자동 쿠폰)9030원 할인,NCPN0000903,플러스,16418.0
2026-06-01,e-영업2,(제휴 최저가 자동 쿠폰)8980원 할인,NCPN0000898,플러스,16327.0
2026-06-01,e-영업2,(제휴 최저가 자동 쿠폰)17960원 할인,NCPN0001796,플러스,16327.0
2026-06-01,e-영업2,(제휴 최저가 자동 쿠폰)8960원 할인,NCPN0000896,플러스,16291.0
2026-06-01,e-영업2,(제휴 최저가 자동 쿠폰)5950원 할인,NCPN0000595,플러스,16227.0
2026-06-01,e-영업1,(제휴 최저가 자동 쿠폰)17700원 할인,NCPN0001770,플러스,16091.0
2026-06-01,e-영업1,(제휴 최저가 자동 쿠폰)8830원 할인,NCPN0000883,플러스,16055.0
2026-06-01,e-영업1,(제휴 최저가 자동 쿠폰)17660원 할인,NCPN0001766,플러스,16055.0
2026-06-01,e-영업1,(제휴 최저가 자동 쿠폰)17360원 할인,NCPN0001736,플러스,15782.0
2026-06-01,e-영업1,(제휴 최저가 자동 쿠폰)8590원 할인,NCPN0000859,플러스,15618.0
2026-06-01,e-영업2,(제휴 최저가 자동 쿠폰)8590원 할인,NCPN0000859,플러스,15618.0
2026-06-01,e-영업2,(제휴 최저가 자동 쿠폰)5700원 할인,NCPN0000570,플러스,15545.0
2026-06-01,e-영업2,(제휴 최저가 자동 쿠폰)17100원 할인,NCPN0001710,플러스,15545.0
2026-06-01,e-영업1,(제휴 최저가 자동 쿠폰)8510원 할인,NCPN0000851,플러스,15473.0
2026-06-01,e-영업1,(제휴 최저가 자동 쿠폰)16860원 할인,NCPN0001686,플러스,15327.0
2026-06-01,e-영업1,(제휴 최저가 자동 쿠폰)16710원 할인,NCPN0001671,플러스,15191.0
2026-06-01,e-영업1,(제휴 최저가 자동 쿠폰)16690원 할인,NCPN0001669,플러스,15173.0
2026-06-01,e-영업2,(제휴 최저가 자동 쿠폰)16680원 할인,NCPN0001668,플러스,15164.0
2026-06-01,e-영업2,(제휴 최저가 자동 쿠폰)16670원 할인,NCPN0001667,플러스,15155.0
2026-06-01,e-영업2,(제휴 최저가 자동 쿠폰)16420원 할인,NCPN0001642,플러스,14927.0
2026-06-01,e-영업1,(제휴 최저가 자동 쿠폰)16150원 할인,NCPN0001615,플러스,14682.0
2026-06-01,e-영업2,(제휴 최저가 자동 쿠폰)16150원 할인,NCPN0001615,플러스,14682.0
2026-06-01,e-영업1,(제휴 최저가 자동 쿠폰)8020원 할인,NCPN0000802,플러스,14582.0
2026-06-01,e-영업1,(제휴 최저가 자동 쿠폰)7930원 할인,NCPN0000793,플러스,14418.0
2026-06-01,e-영업1,(제휴 최저가 자동 쿠폰)15810원 할인,NCPN0001581,플러스,14373.0
2026-06-01,e-영업1,(제휴 최저가 자동 쿠폰)15790원 할인,NCPN0001579,플러스,14355.0
2026-06-01,e-영업1,(제휴 최저가 자동 쿠폰)15760원 할인,NCPN0001576,플러스,14327.0
2026-06-01,e-영업2,(제휴 최저가 자동 쿠폰)15760원 할인,NCPN0001576,플러스,14327.0
2026-06-01,e-영업1,(제휴 최저가 자동 쿠폰)15640원 할인,NCPN0001564,플러스,14218.0
2026-06-01,e-영업2,(제휴 최저가 자동 쿠폰)15510원 할인,NCPN0001551,플러스,14100.0
2026-06-01,e-영업1,(제휴 최저가 자동 쿠폰)15500원 할인,NCPN0001550,플러스,14091.0
2026-06-01,e-영업1,(제휴 최저가 자동 쿠폰)7550원 할인,NCPN0000755,플러스,13727.0
2026-06-01,e-영업2,(제휴 최저가 자동 쿠폰)7510원 할인,NCPN0000751,플러스,13655.0
2026-06-01,e-영업1,(제휴 최저가 자동 쿠폰)7350원 할인,NCPN0000735,플러스,13364.0
2026-06-01,e-영업1,(제휴 최저가 자동 쿠폰)14570원 할인,NCPN0001457,플러스,13245.0
2026-06-01,e-영업2,(제휴 최저가 자동 쿠폰)14540원 할인,NCPN0001454,플러스,13218.0
2026-06-01,e-영업1,(제휴 최저가 자동 쿠폰)14030원 할인,NCPN0001403,플러스,12755.0
2026-06-01,e-영업2,(제휴 최저가 자동 쿠폰)4610원 할인,NCPN0000461,플러스,12573.0
2026-06-01,e-영업2,(제휴 최저가 자동 쿠폰)13810원 할인,NCPN0001381,플러스,12555.0
2026-06-01,e-영업1,(제휴 최저가 자동 쿠폰)13740원 할인,NCPN0001374,플러스,12491.0
2026-06-01,e-영업2,(제휴 최저가 자동 쿠폰)6440원 할인,NCPN0000644,플러스,11709.0
2026-06-01,e-영업1,(제휴 최저가 자동 쿠폰)12660원 할인,NCPN0001266,플러스,11509.0
2026-06-01,e-영업1,(제휴 최저가 자동 쿠폰)12650원 할인,NCPN0001265,플러스,11500.0
2026-06-01,e-영업2,(제휴 최저가 자동 쿠폰)12650원 할인,NCPN0001265,플러스,11500.0
2026-06-01,e-영업1,(제휴 최저가 자동 쿠폰)12430원 할인,NCPN0001243,플러스,11300.0
2026-06-01,e-영업1,(제휴 최저가 자동 쿠폰)12330원 할인,NCPN0001233,플러스,11209.0
2026-06-01,e-영업2,(제휴 최저가 자동 쿠폰)12270원 할인,NCPN0001227,플러스,11155.0
2026-06-01,e-영업2,(제휴 최저가 자동 쿠폰)6130원 할인,NCPN0000613,플러스,11145.0
2026-06-01,e-영업1,(제휴 최저가 자동 쿠폰)12230원 할인,NCPN0001223,플러스,11118.0
2026-06-01,e-영업1,(제휴 최저가 자동 쿠폰)12110원 할인,NCPN0001211,플러스,11009.0
2026-06-01,e-영업2,(제휴 최저가 자동 쿠폰)11790원 할인,NCPN0001179,플러스,10718.0
2026-06-01,e-영업2,(제휴 최저가 자동 쿠폰)11770원 할인,NCPN0001177,플러스,10700.0
2026-06-01,e-영업1,(제휴 최저가 자동 쿠폰)5860원 할인,NCPN0000586,플러스,10655.0
2026-06-01,e-영업2,(제휴 최저가 자동 쿠폰)5830원 할인,NCPN0000583,플러스,10600.0
2026-06-01,e-영업2,(제휴 최저가 자동 쿠폰)11490원 할인,NCPN0001149,플러스,10445.0
2026-06-01,e-영업1,(제휴 최저가 자동 쿠폰)11450원 할인,NCPN0001145,플러스,10409.0
2026-06-01,e-영업1,(제휴 최저가 자동 쿠폰)11030원 할인,NCPN0001103,플러스,10027.0
2026-06-01,e-영업1,(제휴 최저가 자동 쿠폰)10880원 할인,NCPN0001088,플러스,9891.0
2026-06-01,e-영업2,(제휴 최저가 자동 쿠폰)10730원 할인,NCPN0001073,플러스,9755.0
2026-06-01,e-영업1,(제휴 최저가 자동 쿠폰)10650원 할인,NCPN0001065,플러스,9682.0
2026-06-01,e-영업2,(제휴 최저가 자동 쿠폰)5320원 할인,NCPN0000532,플러스,9673.0
2026-06-01,e-영업1,(제휴 최저가 자동 쿠폰)10630원 할인,NCPN0001063,플러스,9664.0
2026-06-01,e-영업2,(제휴 최저가 자동 쿠폰)10630원 할인,NCPN0001063,플러스,9664.0
2026-06-01,e-영업1,(제휴 최저가 자동 쿠폰)10600원 할인,NCPN0001060,플러스,9636.0
2026-06-01,e-영업1,(제휴 최저가 자동 쿠폰)10130원 할인,NCPN0001013,플러스,9209.0
2026-06-01,e-영업1,(제휴 최저가 자동 쿠폰)10070원 할인,NCPN0001007,플러스,9155.0
2026-06-01,e-영업2,(제휴 최저가 자동 쿠폰)10070원 할인,NCPN0001007,플러스,9155.0
2026-06-01,e-영업1,(제휴 최저가 자동 쿠폰)10040원 할인,NCPN0001004,플러스,9127.0
2026-06-01,e-영업2,(제휴 최저가 자동 쿠폰)10040원 할인,NCPN0001004,플러스,9127.0
2026-06-01,e-영업1,(제휴 최저가 자동 쿠폰)10000원 할인,NCPN0001000,플러스,9091.0
2026-06-01,e-영업1,(제휴 최저가 자동 쿠폰)9970원 할인,NCPN0000997,플러스,9064.0
2026-06-01,e-영업1,(제휴 최저가 자동 쿠폰)9960원 할인,NCPN0000996,플러스,9055.0
2026-06-01,e-영업1,(제휴 최저가 자동 쿠폰)9950원 할인,NCPN0000995,플러스,9045.0
2026-06-01,e-영업1,(제휴 최저가 자동 쿠폰)9900원 할인,NCPN0000990,플러스,9000.0
2026-06-01,e-영업1,(제휴 최저가 자동 쿠폰)9710원 할인,NCPN0000971,플러스,8827.0
2026-06-01,e-영업1,(제휴 최저가 자동 쿠폰)9700원 할인,NCPN0000970,플러스,8818.0
2026-06-01,e-영업1,(제휴 최저가 자동 쿠폰)9670원 할인,NCPN0000967,플러스,8791.0
2026-06-01,e-영업2,(제휴 최저가 자동 쿠폰)9600원 할인,NCPN0000960,플러스,8727.0
2026-06-01,e-영업1,(제휴 최저가 자동 쿠폰)4620원 할인,NCPN0000462,플러스,8400.0
2026-06-01,e-영업2,(제휴 최저가 자동 쿠폰)9190원 할인,NCPN0000919,플러스,8355.0
2026-06-01,e-영업2,(제휴 최저가 자동 쿠폰)4560원 할인,NCPN0000456,플러스,8291.0
2026-06-01,e-영업2,(제휴 최저가 자동 쿠폰)9080원 할인,NCPN0000908,플러스,8255.0
2026-06-01,e-영업2,(제휴 최저가 자동 쿠폰)9060원 할인,NCPN0000906,플러스,8236.0
2026-06-01,e-영업1,(제휴 최저가 자동 쿠폰)9010원 할인,NCPN0000901,플러스,8191.0
2026-06-01,e-영업1,(제휴 최저가 자동 쿠폰)8990원 할인,NCPN0000899,플러스,8173.0
2026-06-01,e-영업2,(제휴 최저가 자동 쿠폰)4480원 할인,NCPN0000448,플러스,8145.0
2026-06-01,e-영업2,(제휴 최저가 자동 쿠폰)8920원 할인,NCPN0000892,플러스,8109.0
2026-06-01,e-영업1,(제휴 최저가 자동 쿠폰)8870원 할인,NCPN0000887,플러스,8064.0
2026-06-01,e-영업2,(제휴 최저가 자동 쿠폰)8870원 할인,NCPN0000887,플러스,8064.0
2026-06-01,e-영업2,(제휴 최저가 자동 쿠폰)8830원 할인,NCPN0000883,플러스,8027.0
2026-06-01,e-영업2,(제휴 최저가 자동 쿠폰)8680원 할인,NCPN0000868,플러스,7891.0
2026-06-01,e-영업2,(제휴 최저가 자동 쿠폰)8320원 할인,NCPN0000832,플러스,7564.0
2026-06-01,e-영업1,(제휴 최저가 자동 쿠폰)4120원 할인,NCPN0000412,플러스,7491.0
2026-06-01,e-영업1,[L+DAY] 5% 플러스 쿠폰 (최대 5만원 할인),CPN1714409,플러스,7364.0
2026-06-01,e-영업2,(제휴 최저가 자동 쿠폰)8090원 할인,NCPN0000809,플러스,7355.0
2026-06-01,e-영업2,(제휴 최저가 자동 쿠폰)8060원 할인,NCPN0000806,플러스,7327.0
2026-06-01,e-영업2,(제휴 최저가 자동 쿠폰)4010원 할인,NCPN0000401,플러스,7291.0
2026-06-01,e-영업2,(제휴 최저가 자동 쿠폰)7940원 할인,NCPN0000794,플러스,7218.0
2026-06-01,e-영업1,(제휴 최저가 자동 쿠폰)2610원 할인,NCPN0000261,플러스,7118.0
2026-06-01,e-영업1,(제휴 최저가 자동 쿠폰)3750원 할인,NCPN0000375,플러스,6818.0
2026-06-01,e-영업1,(제휴 최저가 자동 쿠폰)7500원 할인,NCPN0000750,플러스,6818.0
2026-06-01,e-영업1,(제휴 최저가 자동 쿠폰)1870원 할인,NCPN0000187,플러스,6800.0
2026-06-01,e-영업2,(제휴 최저가 자동 쿠폰)7350원 할인,NCPN0000735,플러스,6682.0
2026-06-01,e-영업1,(제휴 최저가 자동 쿠폰)7130원 할인,NCPN0000713,플러스,6482.0
2026-06-01,e-영업2,(제휴 최저가 자동 쿠폰)7090원 할인,NCPN0000709,플러스,6445.0
2026-06-01,e-영업1,(제휴 최저가 자동 쿠폰)6990원 할인,NCPN0000699,플러스,6355.0
2026-06-01,e-영업1,(제휴 최저가 자동 쿠폰)6940원 할인,NCPN0000694,플러스,6309.0
2026-06-01,e-영업2,(제휴 최저가 자동 쿠폰)6790원 할인,NCPN0000679,플러스,6173.0
2026-06-01,e-영업1,(제휴 최저가 자동 쿠폰)6770원 할인,NCPN0000677,플러스,6155.0
2026-06-01,e-영업2,(제휴 최저가 자동 쿠폰)6640원 할인,NCPN0000664,플러스,6036.0
2026-06-01,e-영업1,(제휴 최저가 자동 쿠폰)6560원 할인,NCPN0000656,플러스,5964.0
2026-06-01,e-영업2,(제휴 최저가 자동 쿠폰)6560원 할인,NCPN0000656,플러스,5964.0
2026-06-01,e-영업2,(제휴 최저가 자동 쿠폰)6220원 할인,NCPN0000622,플러스,5655.0
2026-06-01,e-영업1,(제휴 최저가 자동 쿠폰)6180원 할인,NCPN0000618,플러스,5618.0
2026-06-01,e-영업2,(제휴 최저가 자동 쿠폰)5980원 할인,NCPN0000598,플러스,5436.0
2026-06-01,e-영업1,(제휴 최저가 자동 쿠폰)5930원 할인,NCPN0000593,플러스,5391.0
2026-06-01,e-영업1,(제휴 최저가 자동 쿠폰)5890원 할인,NCPN0000589,플러스,5355.0
2026-06-01,e-영업2,(제휴 최저가 자동 쿠폰)5890원 할인,NCPN0000589,플러스,5355.0
2026-06-01,e-영업2,[L+DAY] 5% 플러스 쿠폰 (최대 5만원 할인),CPN1714409,플러스,5191.0
2026-06-01,e-영업2,(제휴 최저가 자동 쿠폰)5650원 할인,NCPN0000565,플러스,5136.0
2026-06-01,e-영업1,(제휴 최저가 자동 쿠폰)5530원 할인,NCPN0000553,플러스,5027.0
2026-06-01,e-영업2,(제휴 최저가 자동 쿠폰)5450원 할인,NCPN0000545,플러스,4955.0
2026-06-01,e-영업2,(제휴 최저가 자동 쿠폰)2660원 할인,NCPN0000266,플러스,4836.0
2026-06-01,e-영업2,(제휴 최저가 자동 쿠폰)5310원 할인,NCPN0000531,플러스,4827.0
2026-06-01,e-영업2,(제휴 최저가 자동 쿠폰)5210원 할인,NCPN0000521,플러스,4736.0
2026-06-01,e-영업1,(제휴 최저가 자동 쿠폰)5010원 할인,NCPN0000501,플러스,4555.0
2026-06-01,e-영업1,(제휴 최저가 자동 쿠폰)4950원 할인,NCPN0000495,플러스,4500.0
2026-06-01,e-영업1,(제휴 최저가 자동 쿠폰)4720원 할인,NCPN0000472,플러스,4291.0
2026-06-01,e-영업2,(제휴 최저가 자동 쿠폰)4710원 할인,NCPN0000471,플러스,4282.0
2026-06-01,e-영업2,(제휴 최저가 자동 쿠폰)4590원 할인,NCPN0000459,플러스,4173.0
2026-06-01,e-영업2,(제휴 최저가 자동 쿠폰)4510원 할인,NCPN0000451,플러스,4100.0
2026-06-01,e-영업1,(제휴 최저가 자동 쿠폰)4450원 할인,NCPN0000445,플러스,4045.0
2026-06-01,e-영업2,(제휴 최저가 자동 쿠폰)4210원 할인,NCPN0000421,플러스,3827.0
2026-06-01,e-영업1,(제휴 최저가 자동 쿠폰)2090원 할인,NCPN0000209,플러스,3800.0
2026-06-01,e-영업2,(제휴 최저가 자동 쿠폰)4180원 할인,NCPN0000418,플러스,3800.0
2026-06-01,e-영업1,(제휴 최저가 자동 쿠폰)3980원 할인,NCPN0000398,플러스,3618.0
2026-06-01,e-영업1,(제휴 최저가 자동 쿠폰)3410원 할인,NCPN0000341,플러스,3100.0
2026-06-01,e-영업1,(제휴 최저가 자동 쿠폰)2860원 할인,NCPN0000286,플러스,2600.0
2026-06-01,e-영업1,(제휴 최저가 자동 쿠폰)2410원 할인,NCPN0000241,플러스,2191.0
2026-06-01,e-영업2,(제휴 최저가 자동 쿠폰)2310원 할인,NCPN0000231,플러스,2100.0
2026-06-01,e-영업1,[제휴쿠폰][WEEKEND SALE] 플러스 5% 쿠폰,CPN1722303,플러스,1336.0
2026-06-01,e-영업1,(제휴 최저가 자동 쿠폰)10원 할인,NCPN0000001,플러스,55.0
2026-06-01,e-영업2,(제휴 최저가 자동 쿠폰)7130원 할인,NCPN0000713,플러스,-6482.0
2026-06-01,e-영업2,(제휴 최저가 자동 쿠폰)8080원 할인,NCPN0000808,플러스,-7345.0
2026-06-01,e-영업2,(제휴 최저가 자동 쿠폰)11340원 할인,NCPN0001134,플러스,-10309.0
2026-06-01,e-영업1,(제휴 최저가 자동 쿠폰)12080원 할인,NCPN0001208,플러스,-10982.0
2026-06-01,e-영업2,(제휴 최저가 자동 쿠폰)12330원 할인,NCPN0001233,플러스,-11209.0
2026-06-01,e-영업2,(제휴 최저가 자동 쿠폰)12430원 할인,NCPN0001243,플러스,-11300.0
2026-06-01,e-영업1,(제휴 최저가 자동 쿠폰)17750원 할인,NCPN0001775,플러스,-16136.0
2026-06-01,e-영업2,(제휴 최저가 자동 쿠폰)19210원 할인,NCPN0001921,플러스,-17464.0
2026-06-01,e-영업2,(제휴 최저가 자동 쿠폰)19560원 할인,NCPN0001956,플러스,-17782.0
2026-06-01,e-영업2,(제휴 최저가 자동 쿠폰)21890원 할인,NCPN0002189,플러스,-19900.0
2026-06-01,e-영업1,[제휴쿠폰][WEEKEND SALE] 플러스 5% 쿠폰 ,CPN1710218,플러스,-20264.0
2026-06-01,e-영업1,(제휴 최저가 자동 쿠폰)14320원 할인,NCPN0001432,플러스,-26036.0
2026-06-01,e-영업1,(제휴 최저가 자동 쿠폰)16120원 할인,NCPN0001612,플러스,-29309.0
2026-06-01,e-영업2,[제휴쿠폰][WEEKEND SALE] 플러스 5% 쿠폰 ,CPN1710218,플러스,-35491.0
2026-06-01,e-영업2,(제휴 최저가 자동 쿠폰)9500원 할인,NCPN0000950,플러스,-43182.0
2026-06-01,e-영업2,[제휴할인] 5%추가할인 (이월 남성),CPN383907,플러스,-48436.0
2026-06-01,e-영업1,(제휴 최저가 자동 쿠폰)41090원 할인,NCPN0004109,플러스,-74709.0
2026-06-01,e-영업2,[제휴쿠폰][서머 프리뷰] 플러스 8% 쿠폰,CPN1708760,플러스,-80400.0
2026-06-01,e-영업1,[제휴쿠폰][서머 프리뷰] 플러스 8% 쿠폰,CPN1708760,플러스,-89927.0
2026-07-01,e-영업2,[제휴쿠폰][OUTLET WOMEN] 헤지스&닥스 SS SALE 12% ,CPN1745465,일반,9602955.0
2026-07-01,e-영업2,"[제휴쿠폰][OUTLET]마지막 혜택,SEASON SALE 시작12%쿠폰",CPN1735272,일반,5671864.0
2026-07-01,e-영업2,[제휴쿠폰][OUTLET WOMEN] 데일리 LOOK 13% 쿠폰,CPN1745421,일반,4395118.0
2026-07-01,e-영업2,[제휴쿠폰][OUTLET] 가장 사랑받는 인기 잡화 13% 쿠폰,CPN1745353,일반,2978100.0
2026-07-01,e-영업2,[제휴쿠폰][OUTLET] SUMMER SUPER SALE 13% 쿠폰,CPN1745308,일반,2475409.0
2026-07-01,e-영업2,[제휴쿠폰][OUTLET] 골프&캐주얼 핫서머 특가 13% 쿠폰,CPN1745354,일반,807427.0
2026-07-01,e-영업2,[제휴쿠폰][OUTLET] 위시리스트 BEST 12% 쿠폰,CPN1745355,일반,349527.0
2026-07-01,e-영업2,[제휴쿠폰][OUTLET] 이자벨마랑 & 빈스 브랜드 위크 12% 쿠폰,CPN1745357,일반,217927.0
2026-07-01,e-영업2,[제휴쿠폰][OUTLET] 수입 브랜드 페스타 12% 쿠폰,CPN1745422,일반,156173.0
2026-07-01,e-영업2,[제휴쿠폰][OUTLET SHOES] 7월의 신상슈즈 12% 쿠폰,CPN1745352,일반,58582.0
2026-07-01,e-영업1,[제휴전용] 12% 할인(IE),CPN703554,일반,-7073.0
2026-07-01,e-영업2,[제휴쿠폰][서머슈퍼세일] 15% 일반 쿠폰(이월),CPN1721852,일반,-57564.0
2026-07-01,e-영업1,[제휴쿠폰][서머슈퍼세일] 15% 일반 쿠폰(정상),CPN1721786,일반,-116582.0
2026-07-01,e-영업2,[제휴쿠폰][OUTLET] FW역시즌 HOT DEAL 12% 쿠폰,CPN1735269,일반,-2527818.0
2026-07-01,e-영업2,[제휴전용] 10%추가할인 (이월 ACC),CPN383518,플러스,12007500.0
2026-07-01,e-영업3,네이버쇼핑 추가할인 (e-명품_대상: 입점업체),CPN407983,플러스,6187264.0
2026-07-01,e-영업2,[제휴전용] 9%추가할인 (이월 여성),CPN409202,플러스,5582445.0
2026-07-01,e-영업2,[제휴전용] 7%추가할인 (이월 여성),CPN409201,플러스,2546527.0
2026-07-01,e-영업2,[제휴전용] 9%추가할인 (이월 남성),CPN409204,플러스,2541436.0
2026-07-01,e-영업1,(제휴 최저가 자동 쿠폰)33110원 할인,NCPN0003311,플러스,1204000.0
2026-07-01,e-영업2,[제휴쿠폰][L+DAY] 10% 플러스 쿠폰 (최대 5만원 할인),CPN1741706,플러스,1164882.0
2026-07-01,e-영업2,[서머 바캉스] 플러스 8% 쿠폰,CPN1744365,플러스,1159564.0
2026-07-01,e-영업2,[제휴전용] 7%추가할인 (이월 남성),CPN409203,플러스,1147091.0
2026-07-01,e-영업1,(제휴 최저가 자동 쿠폰)31330원 할인,NCPN0003133,플러스,996864.0
2026-07-01,e-영업1,[서머 바캉스] 플러스 8% 쿠폰,CPN1744365,플러스,887327.0
2026-07-01,e-영업2,[제휴전용] 8% 추가할인 (이월 골프),CPN514212,플러스,876218.0
2026-07-01,e-영업2,[제휴전용] 8%추가할인 (이월 골프),CPN383905,플러스,669973.0
2026-07-01,e-영업2,(제휴 최저가 자동 쿠폰)9600원 할인,NCPN0000960,플러스,418909.0
2026-07-01,e-영업1,[제휴쿠폰][L+DAY] 10% 플러스 쿠폰 (최대 5만원 할인),CPN1741706,플러스,390791.0
2026-07-01,e-영업2,(제휴 최저가 자동 쿠폰)21490원 할인,NCPN0002149,플러스,253973.0
2026-07-01,e-영업2,(제휴 최저가 자동 쿠폰)14690원 할인,NCPN0001469,플러스,240382.0
2026-07-01,e-영업1,[WEEKEND SALE] 플러스 5% 쿠폰,CPN1745805,플러스,206209.0
2026-07-01,e-영업1,[서머 바캉스] 플러스 5% 쿠폰,CPN1744364,플러스,204600.0
2026-07-01,e-영업2,(제휴 최저가 자동 쿠폰)18700원 할인,NCPN0001870,플러스,204000.0
2026-07-01,e-영업2,(제휴 최저가 자동 쿠폰)21520원 할인,NCPN0002152,플러스,195636.0
2026-07-01,e-영업2,(제휴 최저가 자동 쿠폰)16360원 할인,NCPN0001636,플러스,193345.0
2026-07-01,e-영업2,(제휴 최저가 자동 쿠폰)29050원 할인,NCPN0002905,플러스,184864.0
2026-07-01,e-영업1,(제휴 최저가 자동 쿠폰)6790원 할인,NCPN0000679,플러스,172836.0
2026-07-01,e-영업1,(제휴 최저가 자동 쿠폰)23690원 할인,NCPN0002369,플러스,172291.0
2026-07-01,e-영업2,[WEEKEND SALE] 플러스 5% 쿠폰,CPN1750495,플러스,166445.0
2026-07-01,e-영업2,(제휴 최저가 자동 쿠폰)12160원 할인,NCPN0001216,플러스,165818.0
2026-07-01,e-영업2,[제휴전용] 8%추가할인 (이월 슈즈),CPN384029,플러스,158645.0
2026-07-01,e-영업2,(제휴 최저가 자동 쿠폰)11670원 할인,NCPN0001167,플러스,148527.0
2026-07-01,e-영업2,[서머 바캉스] 플러스 5% 쿠폰,CPN1744364,플러스,147691.0
2026-07-01,e-영업2,(제휴 최저가 자동 쿠폰)8060원 할인,NCPN0000806,플러스,146545.0
2026-07-01,e-영업2,(제휴 최저가 자동 쿠폰)14200원 할인,NCPN0001420,플러스,142000.0
2026-07-01,e-영업2,[WEEKEND SALE] 플러스 5% 쿠폰,CPN1745805,플러스,134836.0
2026-07-01,e-영업2,(제휴 최저가 자동 쿠폰)9670원 할인,NCPN0000967,플러스,131864.0
2026-07-01,e-영업2,(제휴 최저가 자동 쿠폰)19810원 할인,NCPN0001981,플러스,126064.0
2026-07-01,e-영업2,(제휴 최저가 자동 쿠폰)19590원 할인,NCPN0001959,플러스,124664.0
2026-07-01,e-영업2,(제휴 최저가 자동 쿠폰)34170원 할인,NCPN0003417,플러스,124255.0
2026-07-01,e-영업2,(제휴 최저가 자동 쿠폰)26280원 할인,NCPN0002628,플러스,119455.0
2026-07-01,e-영업1,(제휴 최저가 자동 쿠폰)18700원 할인,NCPN0001870,플러스,119000.0
2026-07-01,e-영업2,(제휴 최저가 자동 쿠폰)18260원 할인,NCPN0001826,플러스,116200.0
2026-07-01,e-영업2,(제휴 최저가 자동 쿠폰)31560원 할인,NCPN0003156,플러스,114764.0
2026-07-01,e-영업2,(제휴 최저가 자동 쿠폰)15770원 할인,NCPN0001577,플러스,114691.0
2026-07-01,e-영업1,(제휴 최저가 자동 쿠폰)20130원 할인,NCPN0002013,플러스,109800.0
2026-07-01,e-영업2,(제휴 최저가 자동 쿠폰)16120원 할인,NCPN0001612,플러스,102582.0
2026-07-01,e-영업1,(제휴 최저가 자동 쿠폰)15810원 할인,NCPN0001581,플러스,100609.0
2026-07-01,e-영업1,(제휴 최저가 자동 쿠폰)27070원 할인,NCPN0002707,플러스,98436.0
2026-07-01,e-영업1,(제휴 최저가 자동 쿠폰)17360원 할인,NCPN0001736,플러스,94691.0
2026-07-01,e-영업1,[WEEKEND SALE] 플러스 5% 쿠폰,CPN1750495,플러스,93882.0
2026-07-01,e-영업1,(제휴 최저가 자동 쿠폰)20430원 할인,NCPN0002043,플러스,92864.0
2026-07-01,e-영업2,(제휴 최저가 자동 쿠폰)10080원 할인,NCPN0001008,플러스,91636.0
2026-07-01,e-영업2,(제휴 최저가 자동 쿠폰)23550원 할인,NCPN0002355,플러스,85636.0
2026-07-01,e-영업2,(제휴 최저가 자동 쿠폰)23230원 할인,NCPN0002323,플러스,84473.0
2026-07-01,e-영업2,(제휴 최저가 자동 쿠폰)12650원 할인,NCPN0001265,플러스,80500.0
2026-07-01,e-영업2,(제휴 최저가 자동 쿠폰)17600원 할인,NCPN0001760,플러스,80000.0
2026-07-01,e-영업2,(제휴 최저가 자동 쿠폰)12550원 할인,NCPN0001255,플러스,79864.0
2026-07-01,e-영업1,(제휴 최저가 자동 쿠폰)21890원 할인,NCPN0002189,플러스,79600.0
2026-07-01,e-영업2,(제휴 최저가 자동 쿠폰)14570원 할인,NCPN0001457,플러스,79473.0
2026-07-01,e-영업2,(제휴 최저가 자동 쿠폰)17200원 할인,NCPN0001720,플러스,78182.0
2026-07-01,e-영업2,(제휴 최저가 자동 쿠폰)17100원 할인,NCPN0001710,플러스,77727.0
2026-07-01,e-영업2,(제휴 최저가 자동 쿠폰)12080원 할인,NCPN0001208,플러스,76873.0
2026-07-01,e-영업2,(제휴 최저가 자동 쿠폰)16670원 할인,NCPN0001667,플러스,75773.0
2026-07-01,e-영업2,(제휴 최저가 자동 쿠폰)40510원 할인,NCPN0004051,플러스,73655.0
2026-07-01,e-영업2,(제휴 최저가 자동 쿠폰)15990원 할인,NCPN0001599,플러스,72682.0
2026-07-01,e-영업2,(제휴 최저가 자동 쿠폰)39910원 할인,NCPN0003991,플러스,72564.0
2026-07-01,e-영업2,(제휴 최저가 자동 쿠폰)19730원 할인,NCPN0001973,플러스,71745.0
2026-07-01,e-영업1,(제휴 최저가 자동 쿠폰)15760원 할인,NCPN0001576,플러스,71636.0
2026-07-01,e-영업2,(제휴 최저가 자동 쿠폰)15650원 할인,NCPN0001565,플러스,71136.0
2026-07-01,e-영업2,(제휴 최저가 자동 쿠폰)26000원 할인,NCPN0002600,플러스,70909.0
2026-07-01,e-영업1,(제휴 최저가 자동 쿠폰)25850원 할인,NCPN0002585,플러스,70500.0
2026-07-01,e-영업2,(제휴 최저가 자동 쿠폰)11030원 할인,NCPN0001103,플러스,70191.0
2026-07-01,e-영업2,(제휴 최저가 자동 쿠폰)19200원 할인,NCPN0001920,플러스,69818.0
2026-07-01,e-영업1,(제휴 최저가 자동 쿠폰)38310원 할인,NCPN0003831,플러스,69655.0
2026-07-01,e-영업2,(제휴 최저가 자동 쿠폰)15220원 할인,NCPN0001522,플러스,69182.0
2026-07-01,e-영업1,(제휴 최저가 자동 쿠폰)24960원 할인,NCPN0002496,플러스,68073.0
2026-07-01,e-영업2,(제휴 최저가 자동 쿠폰)9270원 할인,NCPN0000927,플러스,67418.0
2026-07-01,e-영업2,(제휴 최저가 자동 쿠폰)18480원 할인,NCPN0001848,플러스,67200.0
2026-07-01,e-영업2,(제휴 최저가 자동 쿠폰)18280원 할인,NCPN0001828,플러스,66473.0
2026-07-01,e-영업2,(제휴 최저가 자동 쿠폰)12170원 할인,NCPN0001217,플러스,66382.0
2026-07-01,e-영업2,(제휴 최저가 자동 쿠폰)11950원 할인,NCPN0001195,플러스,65182.0
2026-07-01,e-영업2,(제휴 최저가 자동 쿠폰)14320원 할인,NCPN0001432,플러스,65091.0
2026-07-01,e-영업2,(제휴 최저가 자동 쿠폰)7120원 할인,NCPN0000712,플러스,64727.0
2026-07-01,e-영업2,(제휴 최저가 자동 쿠폰)13430원 할인,NCPN0001343,플러스,61045.0
2026-07-01,e-영업2,(제휴 최저가 자동 쿠폰)7350원 할인,NCPN0000735,플러스,60136.0
2026-07-01,e-영업2,(제휴 최저가 자동 쿠폰)11000원 할인,NCPN0001100,플러스,60000.0
2026-07-01,e-영업2,(제휴 최저가 자동 쿠폰)10210원 할인,NCPN0001021,플러스,55691.0
2026-07-01,e-영업1,(제휴 최저가 자동 쿠폰)15220원 할인,NCPN0001522,플러스,55345.0
2026-07-01,e-영업2,(제휴 최저가 자동 쿠폰)5530원 할인,NCPN0000553,플러스,55300.0
2026-07-01,e-영업2,(제휴 최저가 자동 쿠폰)20260원 할인,NCPN0002026,플러스,55255.0
2026-07-01,e-영업2,(제휴 최저가 자동 쿠폰)30390원 할인,NCPN0003039,플러스,55255.0
2026-07-01,e-영업2,(제휴 최저가 자동 쿠폰)10070원 할인,NCPN0001007,플러스,54927.0
2026-07-01,e-영업1,(제휴 최저가 자동 쿠폰)30050원 할인,NCPN0003005,플러스,54636.0
2026-07-01,e-영업2,(제휴 최저가 자동 쿠폰)19970원 할인,NCPN0001997,플러스,54464.0
2026-07-01,e-영업2,(제휴 최저가 자동 쿠폰)6640원 할인,NCPN0000664,플러스,54327.0
2026-07-01,e-영업2,(제휴 최저가 자동 쿠폰)9950원 할인,NCPN0000995,플러스,54273.0
2026-07-01,e-영업1,(제휴 최저가 자동 쿠폰)19870원 할인,NCPN0001987,플러스,54191.0
2026-07-01,e-영업2,(제휴 최저가 자동 쿠폰)14550원 할인,NCPN0001455,플러스,52909.0
2026-07-01,e-영업1,(제휴 최저가 자동 쿠폰)9670원 할인,NCPN0000967,플러스,52745.0
2026-07-01,e-영업2,(제휴 최저가 자동 쿠폰)19240원 할인,NCPN0001924,플러스,52473.0
2026-07-01,e-영업1,(제휴 최저가 자동 쿠폰)11450원 할인,NCPN0001145,플러스,52045.0
2026-07-01,e-영업1,(제휴 최저가 자동 쿠폰)19080원 할인,NCPN0001908,플러스,52036.0
2026-07-01,e-영업2,(제휴 최저가 자동 쿠폰)14120원 할인,NCPN0001412,플러스,51345.0
2026-07-01,e-영업2,(제휴 최저가 자동 쿠폰)28020원 할인,NCPN0002802,플러스,50945.0
2026-07-01,e-영업2,(제휴 최저가 자동 쿠폰)13970원 할인,NCPN0001397,플러스,50800.0
2026-07-01,e-영업2,(제휴 최저가 자동 쿠폰)13740원 할인,NCPN0001374,플러스,49964.0
2026-07-01,e-영업2,(제휴 최저가 자동 쿠폰)18230원 할인,NCPN0001823,플러스,49718.0
2026-07-01,e-영업2,(제휴 최저가 자동 쿠폰)18180원 할인,NCPN0001818,플러스,49582.0
2026-07-01,e-영업1,(제휴 최저가 자동 쿠폰)18140원 할인,NCPN0001814,플러스,49473.0
2026-07-01,e-영업1,(제휴 최저가 자동 쿠폰)9060원 할인,NCPN0000906,플러스,49418.0
2026-07-01,e-영업2,(제휴 최저가 자동 쿠폰)26830원 할인,NCPN0002683,플러스,48782.0
2026-07-01,e-영업2,(제휴 최저가 자동 쿠폰)26480원 할인,NCPN0002648,플러스,48145.0
2026-07-01,e-영업2,(제휴 최저가 자동 쿠폰)17560원 할인,NCPN0001756,플러스,47891.0
2026-07-01,e-영업1,(제휴 최저가 자동 쿠폰)26280원 할인,NCPN0002628,플러스,47782.0
2026-07-01,e-영업2,(제휴 최저가 자동 쿠폰)8680원 할인,NCPN0000868,플러스,47345.0
2026-07-01,e-영업1,(제휴 최저가 자동 쿠폰)25940원 할인,NCPN0002594,플러스,47164.0
2026-07-01,e-영업2,(제휴 최저가 자동 쿠폰)7210원 할인,NCPN0000721,플러스,45882.0
2026-07-01,e-영업2,(제휴 최저가 자동 쿠폰)7130원 할인,NCPN0000713,플러스,45373.0
2026-07-01,e-영업1,(제휴 최저가 자동 쿠폰)12300원 할인,NCPN0001230,플러스,44727.0
2026-07-01,e-영업2,[제휴전용] 5%추가할인 (이월 스포츠),CPN425515,플러스,44464.0
2026-07-01,e-영업2,(제휴 최저가 자동 쿠폰)16150원 할인,NCPN0001615,플러스,44045.0
2026-07-01,e-영업2,(제휴 최저가 자동 쿠폰)23690원 할인,NCPN0002369,플러스,43073.0
2026-07-01,e-영업1,(제휴 최저가 자동 쿠폰)23510원 할인,NCPN0002351,플러스,42745.0
2026-07-01,e-영업1,(제휴 최저가 자동 쿠폰)11740원 할인,NCPN0001174,플러스,42691.0
2026-07-01,e-영업1,(제휴 최저가 자동 쿠폰)23480원 할인,NCPN0002348,플러스,42691.0
2026-07-01,e-영업2,(제휴 최저가 자동 쿠폰)11740원 할인,NCPN0001174,플러스,42691.0
2026-07-01,e-영업2,(제휴 최저가 자동 쿠폰)15640원 할인,NCPN0001564,플러스,42655.0
2026-07-01,e-영업2,(제휴 최저가 자동 쿠폰)23370원 할인,NCPN0002337,플러스,42491.0
2026-07-01,e-영업2,(제휴 최저가 자동 쿠폰)23360원 할인,NCPN0002336,플러스,42473.0
2026-07-01,e-영업2,(제휴 최저가 자동 쿠폰)15500원 할인,NCPN0001550,플러스,42273.0
2026-07-01,e-영업1,(제휴 최저가 자동 쿠폰)23230원 할인,NCPN0002323,플러스,42236.0
2026-07-01,e-영업1,(제휴 최저가 자동 쿠폰)22850원 할인,NCPN0002285,플러스,41545.0
2026-07-01,e-영업2,(제휴 최저가 자동 쿠폰)22570원 할인,NCPN0002257,플러스,41036.0
2026-07-01,e-영업2,(제휴 최저가 자동 쿠폰)15040원 할인,NCPN0001504,플러스,41018.0
2026-07-01,e-영업1,(제휴 최저가 자동 쿠폰)22530원 할인,NCPN0002253,플러스,40964.0
2026-07-01,e-영업2,(제휴 최저가 자동 쿠폰)45020원 할인,NCPN0004502,플러스,40927.0
2026-07-01,e-영업2,(제휴 최저가 자동 쿠폰)8990원 할인,NCPN0000899,플러스,40864.0
2026-07-01,e-영업1,(제휴 최저가 자동 쿠폰)44380원 할인,NCPN0004438,플러스,40345.0
2026-07-01,e-영업2,(제휴 최저가 자동 쿠폰)44380원 할인,NCPN0004438,플러스,40345.0
2026-07-01,e-영업1,(제휴 최저가 자동 쿠폰)44140원 할인,NCPN0004414,플러스,40127.0
2026-07-01,e-영업1,(제휴 최저가 자동 쿠폰)8730원 할인,NCPN0000873,플러스,39682.0
2026-07-01,e-영업1,(제휴 최저가 자동 쿠폰)14510원 할인,NCPN0001451,플러스,39573.0
2026-07-01,e-영업2,(제휴 최저가 자동 쿠폰)6170원 할인,NCPN0000617,플러스,39264.0
2026-07-01,e-영업2,(제휴 최저가 자동 쿠폰)10760원 할인,NCPN0001076,플러스,39127.0
2026-07-01,e-영업1,(제휴 최저가 자동 쿠폰)21490원 할인,NCPN0002149,플러스,39073.0
2026-07-01,e-영업1,(제휴 최저가 자동 쿠폰)13810원 할인,NCPN0001381,플러스,37664.0
2026-07-01,e-영업2,(제휴 최저가 자동 쿠폰)20710원 할인,NCPN0002071,플러스,37655.0
2026-07-01,e-영업2,(제휴 최저가 자동 쿠폰)4590원 할인,NCPN0000459,플러스,37555.0
2026-07-01,e-영업2,(제휴 최저가 자동 쿠폰)41090원 할인,NCPN0004109,플러스,37355.0
2026-07-01,e-영업2,(제휴 최저가 자동 쿠폰)20490원 할인,NCPN0002049,플러스,37255.0
2026-07-01,e-영업2,(제휴 최저가 자동 쿠폰)20450원 할인,NCPN0002045,플러스,37182.0
2026-07-01,e-영업1,(제휴 최저가 자동 쿠폰)20440원 할인,NCPN0002044,플러스,37164.0
2026-07-01,e-영업2,(제휴 최저가 자동 쿠폰)13620원 할인,NCPN0001362,플러스,37145.0
2026-07-01,e-영업2,(제휴 최저가 자동 쿠폰)20000원 할인,NCPN0002000,플러스,36364.0
2026-07-01,e-영업1,(제휴 최저가 자동 쿠폰)19810원 할인,NCPN0001981,플러스,36018.0
2026-07-01,e-영업2,(제휴 최저가 자동 쿠폰)19760원 할인,NCPN0001976,플러스,35927.0
2026-07-01,e-영업1,(제휴 최저가 자동 쿠폰)19730원 할인,NCPN0001973,플러스,35873.0
2026-07-01,e-영업2,(제휴 최저가 자동 쿠폰)19360원 할인,NCPN0001936,플러스,35200.0
2026-07-01,e-영업1,(제휴 최저가 자동 쿠폰)38450원 할인,NCPN0003845,플러스,34955.0
2026-07-01,e-영업2,(제휴 최저가 자동 쿠폰)19080원 할인,NCPN0001908,플러스,34691.0
2026-07-01,e-영업2,(제휴 최저가 자동 쿠폰)12480원 할인,NCPN0001248,플러스,34036.0
2026-07-01,e-영업2,(제휴 최저가 자동 쿠폰)36840원 할인,NCPN0003684,플러스,33491.0
2026-07-01,e-영업1,(제휴 최저가 자동 쿠폰)18410원 할인,NCPN0001841,플러스,33473.0
2026-07-01,e-영업1,(제휴 최저가 자동 쿠폰)18260원 할인,NCPN0001826,플러스,33200.0
2026-07-01,e-영업1,(제휴 최저가 자동 쿠폰)18250원 할인,NCPN0001825,플러스,33182.0
2026-07-01,e-영업2,(제휴 최저가 자동 쿠폰)9010원 할인,NCPN0000901,플러스,32764.0
2026-07-01,e-영업2,(제휴 최저가 자동 쿠폰)11770원 할인,NCPN0001177,플러스,32100.0
2026-07-01,e-영업2,(제휴 최저가 자동 쿠폰)17450원 할인,NCPN0001745,플러스,31727.0
2026-07-01,e-영업2,(제휴 최저가 자동 쿠폰)11620원 할인,NCPN0001162,플러스,31691.0
2026-07-01,e-영업2,(제휴 최저가 자동 쿠폰)11450원 할인,NCPN0001145,플러스,31227.0
2026-07-01,e-영업2,(제휴 최저가 자동 쿠폰)34130원 할인,NCPN0003413,플러스,31027.0
2026-07-01,e-영업2,(제휴 최저가 자동 쿠폰)34120원 할인,NCPN0003412,플러스,31018.0
2026-07-01,e-영업2,(제휴 최저가 자동 쿠폰)34060원 할인,NCPN0003406,플러스,30964.0
2026-07-01,e-영업1,(제휴 최저가 자동 쿠폰)16710원 할인,NCPN0001671,플러스,30382.0
2026-07-01,e-영업2,(제휴 최저가 자동 쿠폰)16680원 할인,NCPN0001668,플러스,30327.0
2026-07-01,e-영업2,(제휴 최저가 자동 쿠폰)33300원 할인,NCPN0003330,플러스,30273.0
2026-07-01,e-영업2,(제휴 최저가 자동 쿠폰)16600원 할인,NCPN0001660,플러스,30182.0
2026-07-01,e-영업2,(제휴 최저가 자동 쿠폰)10880원 할인,NCPN0001088,플러스,29673.0
2026-07-01,e-영업2,(제휴 최저가 자동 쿠폰)10740원 할인,NCPN0001074,플러스,29291.0
2026-07-01,e-영업2,(제휴 최저가 자동 쿠폰)8050원 할인,NCPN0000805,플러스,29273.0
2026-07-01,e-영업2,(제휴 최저가 자동 쿠폰)10730원 할인,NCPN0001073,플러스,29264.0
2026-07-01,e-영업2,(제휴 최저가 자동 쿠폰)10720원 할인,NCPN0001072,플러스,29236.0
2026-07-01,e-영업2,(제휴 최저가 자동 쿠폰)8020원 할인,NCPN0000802,플러스,29164.0
2026-07-01,e-영업2,(제휴 최저가 자동 쿠폰)15810원 할인,NCPN0001581,플러스,28745.0
2026-07-01,e-영업2,(제휴 최저가 자동 쿠폰)15710원 할인,NCPN0001571,플러스,28564.0
2026-07-01,e-영업1,(제휴 최저가 자동 쿠폰)7810원 할인,NCPN0000781,플러스,28400.0
2026-07-01,e-영업1,(제휴 최저가 자동 쿠폰)10110원 할인,NCPN0001011,플러스,27573.0
2026-07-01,e-영업2,(제휴 최저가 자동 쿠폰)30160원 할인,NCPN0003016,플러스,27418.0
2026-07-01,e-영업2,(제휴 최저가 자동 쿠폰)9970원 할인,NCPN0000997,플러스,27191.0
2026-07-01,e-영업2,(제휴 최저가 자동 쿠폰)14770원 할인,NCPN0001477,플러스,26855.0
2026-07-01,e-영업2,(제휴 최저가 자동 쿠폰)14710원 할인,NCPN0001471,플러스,26745.0
2026-07-01,e-영업2,(제휴 최저가 자동 쿠폰)9710원 할인,NCPN0000971,플러스,26482.0
2026-07-01,e-영업2,(제휴 최저가 자동 쿠폰)14530원 할인,NCPN0001453,플러스,26418.0
2026-07-01,e-영업2,(제휴 최저가 자동 쿠폰)14370원 할인,NCPN0001437,플러스,26127.0
2026-07-01,e-영업2,(제휴 최저가 자동 쿠폰)28010원 할인,NCPN0002801,플러스,25464.0
2026-07-01,e-영업1,(제휴 최저가 자동 쿠폰)9270원 할인,NCPN0000927,플러스,25282.0
2026-07-01,e-영업2,(제휴 최저가 자동 쿠폰)27800원 할인,NCPN0002780,플러스,25273.0
2026-07-01,e-영업2,(제휴 최저가 자동 쿠폰)27550원 할인,NCPN0002755,플러스,25045.0
2026-07-01,e-영업1,(제휴 최저가 자동 쿠폰)13620원 할인,NCPN0001362,플러스,24764.0
2026-07-01,e-영업1,(제휴 최저가 자동 쿠폰)9070원 할인,NCPN0000907,플러스,24736.0
2026-07-01,e-영업2,(제휴 최저가 자동 쿠폰)27070원 할인,NCPN0002707,플러스,24609.0
2026-07-01,e-영업1,(제휴 최저가 자동 쿠폰)26440원 할인,NCPN0002644,플러스,24036.0
2026-07-01,e-영업1,(제휴 최저가 자동 쿠폰)26320원 할인,NCPN0002632,플러스,23927.0
2026-07-01,e-영업2,(제휴 최저가 자동 쿠폰)26300원 할인,NCPN0002630,플러스,23909.0
2026-07-01,e-영업2,(제휴 최저가 자동 쿠폰)8730원 할인,NCPN0000873,플러스,23809.0
2026-07-01,e-영업1,(제휴 최저가 자동 쿠폰)26000원 할인,NCPN0002600,플러스,23636.0
2026-07-01,e-영업2,(제휴 최저가 자동 쿠폰)25840원 할인,NCPN0002584,플러스,23491.0
2026-07-01,e-영업2,(제휴 최저가 자동 쿠폰)25020원 할인,NCPN0002502,플러스,22745.0
2026-07-01,e-영업2,(제휴 최저가 자동 쿠폰)12330원 할인,NCPN0001233,플러스,22418.0
2026-07-01,e-영업2,(제휴 최저가 자동 쿠폰)12130원 할인,NCPN0001213,플러스,22055.0
2026-07-01,e-영업2,(제휴 최저가 자동 쿠폰)5950원 할인,NCPN0000595,플러스,21636.0
2026-07-01,e-영업1,[제휴쿠폰][WEEKEND SALE] 플러스 5% 쿠폰,CPN1739505,플러스,21164.0
2026-07-01,e-영업2,(제휴 최저가 자동 쿠폰)22850원 할인,NCPN0002285,플러스,20773.0
2026-07-01,e-영업1,(제휴 최저가 자동 쿠폰)22570원 할인,NCPN0002257,플러스,20518.0
2026-07-01,e-영업1,(제휴 최저가 자동 쿠폰)11040원 할인,NCPN0001104,플러스,20073.0
2026-07-01,e-영업2,(제휴 최저가 자동 쿠폰)10820원 할인,NCPN0001082,플러스,19673.0
2026-07-01,e-영업2,(제휴 최저가 자동 쿠폰)21530원 할인,NCPN0002153,플러스,19573.0
2026-07-01,e-영업2,(제휴 최저가 자동 쿠폰)10630원 할인,NCPN0001063,플러스,19327.0
2026-07-01,e-영업2,(제휴 최저가 자동 쿠폰)7030원 할인,NCPN0000703,플러스,19173.0
2026-07-01,e-영업2,(제휴 최저가 자동 쿠폰)20830원 할인,NCPN0002083,플러스,18936.0
2026-07-01,e-영업1,(제휴 최저가 자동 쿠폰)20520원 할인,NCPN0002052,플러스,18655.0
2026-07-01,e-영업2,(제휴 최저가 자동 쿠폰)5130원 할인,NCPN0000513,플러스,18655.0
2026-07-01,e-영업2,(제휴 최저가 자동 쿠폰)20520원 할인,NCPN0002052,플러스,18655.0
2026-07-01,e-영업1,(제휴 최저가 자동 쿠폰)20490원 할인,NCPN0002049,플러스,18627.0
2026-07-01,e-영업1,(제휴 최저가 자동 쿠폰)20150원 할인,NCPN0002015,플러스,18318.0
2026-07-01,e-영업2,(제휴 최저가 자동 쿠폰)20150원 할인,NCPN0002015,플러스,18318.0
2026-07-01,e-영업2,(제휴 최저가 자동 쿠폰)20130원 할인,NCPN0002013,플러스,18300.0
2026-07-01,e-영업2,(제휴 최저가 자동 쿠폰)10060원 할인,NCPN0001006,플러스,18291.0
2026-07-01,e-영업1,(제휴 최저가 자동 쿠폰)19970원 할인,NCPN0001997,플러스,18155.0
2026-07-01,e-영업2,(제휴 최저가 자동 쿠폰)9960원 할인,NCPN0000996,플러스,18109.0
2026-07-01,e-영업1,(제휴 최저가 자동 쿠폰)19760원 할인,NCPN0001976,플러스,17964.0
2026-07-01,e-영업2,(제휴 최저가 자동 쿠폰)19630원 할인,NCPN0001963,플러스,17845.0
2026-07-01,e-영업2,(제휴 최저가 자동 쿠폰)19300원 할인,NCPN0001930,플러스,17545.0
2026-07-01,e-영업1,(제휴 최저가 자동 쿠폰)19240원 할인,NCPN0001924,플러스,17491.0
2026-07-01,e-영업2,(제휴 최저가 자동 쿠폰)19210원 할인,NCPN0001921,플러스,17464.0
2026-07-01,e-영업2,[제휴할인] 5%추가할인 (이월 남성),CPN383907,플러스,17427.0
2026-07-01,e-영업2,(제휴 최저가 자동 쿠폰)4710원 할인,NCPN0000471,플러스,17127.0
2026-07-01,e-영업2,(제휴 최저가 자동 쿠폰)18640원 할인,NCPN0001864,플러스,16945.0
2026-07-01,e-영업2,(제휴 최저가 자동 쿠폰)18310원 할인,NCPN0001831,플러스,16645.0
2026-07-01,e-영업1,(제휴 최저가 자동 쿠폰)18280원 할인,NCPN0001828,플러스,16618.0
2026-07-01,e-영업1,(제휴 최저가 자동 쿠폰)18220원 할인,NCPN0001822,플러스,16564.0
2026-07-01,e-영업1,(제휴 최저가 자동 쿠폰)18150원 할인,NCPN0001815,플러스,16500.0
2026-07-01,e-영업2,(제휴 최저가 자동 쿠폰)18150원 할인,NCPN0001815,플러스,16500.0
2026-07-01,e-영업1,(제휴 최저가 자동 쿠폰)9030원 할인,NCPN0000903,플러스,16418.0
2026-07-01,e-영업2,(제휴 최저가 자동 쿠폰)9020원 할인,NCPN0000902,플러스,16400.0
2026-07-01,e-영업2,(제휴 최저가 자동 쿠폰)8960원 할인,NCPN0000896,플러스,16291.0
2026-07-01,e-영업1,(제휴 최저가 자동 쿠폰)17750원 할인,NCPN0001775,플러스,16136.0
2026-07-01,e-영업2,(제휴 최저가 자동 쿠폰)17750원 할인,NCPN0001775,플러스,16136.0
2026-07-01,e-영업1,(제휴 최저가 자동 쿠폰)8830원 할인,NCPN0000883,플러스,16055.0
2026-07-01,e-영업1,(제휴 최저가 자동 쿠폰)17450원 할인,NCPN0001745,플러스,15864.0
2026-07-01,e-영업1,(제휴 최저가 자동 쿠폰)17440원 할인,NCPN0001744,플러스,15855.0
2026-07-01,e-영업2,(제휴 최저가 자동 쿠폰)17360원 할인,NCPN0001736,플러스,15782.0
2026-07-01,e-영업1,(제휴 최저가 자동 쿠폰)17020원 할인,NCPN0001702,플러스,15473.0
2026-07-01,e-영업2,(제휴 최저가 자동 쿠폰)8510원 할인,NCPN0000851,플러스,15473.0
2026-07-01,e-영업2,(제휴 최저가 자동 쿠폰)17020원 할인,NCPN0001702,플러스,15473.0
2026-07-01,e-영업1,(제휴 최저가 자동 쿠폰)16950원 할인,NCPN0001695,플러스,15409.0
2026-07-01,e-영업2,(제휴 최저가 자동 쿠폰)8470원 할인,NCPN0000847,플러스,15400.0
2026-07-01,e-영업4,[WEEKEND SALE] 플러스 5% 쿠폰,CPN1750495,플러스,15327.0
2026-07-01,e-영업1,(제휴 최저가 자동 쿠폰)16830원 할인,NCPN0001683,플러스,15300.0
2026-07-01,e-영업2,(제휴 최저가 자동 쿠폰)16830원 할인,NCPN0001683,플러스,15300.0
2026-07-01,e-영업2,(제휴 최저가 자동 쿠폰)16690원 할인,NCPN0001669,플러스,15173.0
2026-07-01,e-영업2,(제휴 최저가 자동 쿠폰)8320원 할인,NCPN0000832,플러스,15127.0
2026-07-01,e-영업1,(제휴 최저가 자동 쿠폰)16550원 할인,NCPN0001655,플러스,15045.0
2026-07-01,e-영업2,(제휴 최저가 자동 쿠폰)16550원 할인,NCPN0001655,플러스,15045.0
2026-07-01,e-영업2,(제휴 최저가 자동 쿠폰)8270원 할인,NCPN0000827,플러스,15036.0
2026-07-01,e-영업2,(제휴 최저가 자동 쿠폰)16420원 할인,NCPN0001642,플러스,14927.0
2026-07-01,e-영업2,(제휴 최저가 자동 쿠폰)16010원 할인,NCPN0001601,플러스,14555.0
2026-07-01,e-영업1,(제휴 최저가 자동 쿠폰)7940원 할인,NCPN0000794,플러스,14436.0
2026-07-01,e-영업2,(제휴 최저가 자동 쿠폰)15870원 할인,NCPN0001587,플러스,14427.0
2026-07-01,e-영업2,(제휴 최저가 자동 쿠폰)7930원 할인,NCPN0000793,플러스,14418.0
2026-07-01,e-영업1,(제휴 최저가 자동 쿠폰)15770원 할인,NCPN0001577,플러스,14336.0
2026-07-01,e-영업2,(제휴 최저가 자동 쿠폰)15760원 할인,NCPN0001576,플러스,14327.0
2026-07-01,e-영업2,(제휴 최저가 자동 쿠폰)5230원 할인,NCPN0000523,플러스,14264.0
2026-07-01,e-영업2,(제휴 최저가 자동 쿠폰)5220원 할인,NCPN0000522,플러스,14236.0
2026-07-01,e-영업1,(제휴 최저가 자동 쿠폰)15650원 할인,NCPN0001565,플러스,14227.0
2026-07-01,e-영업1,(제휴 최저가 자동 쿠폰)15640원 할인,NCPN0001564,플러스,14218.0
2026-07-01,e-영업2,(제휴 최저가 자동 쿠폰)15060원 할인,NCPN0001506,플러스,13691.0
2026-07-01,e-영업2,(제휴 최저가 자동 쿠폰)7410원 할인,NCPN0000741,플러스,13473.0
2026-07-01,e-영업1,(제휴 최저가 자동 쿠폰)14540원 할인,NCPN0001454,플러스,13218.0
2026-07-01,e-영업2,(제휴 최저가 자동 쿠폰)7140원 할인,NCPN0000714,플러스,12982.0
2026-07-01,e-영업1,(제휴 최저가 자동 쿠폰)14200원 할인,NCPN0001420,플러스,12909.0
2026-07-01,e-영업2,(제휴 최저가 자동 쿠폰)14030원 할인,NCPN0001403,플러스,12755.0
2026-07-01,e-영업2,(제휴 최저가 자동 쿠폰)13700원 할인,NCPN0001370,플러스,12455.0
2026-07-01,e-영업2,(제휴 최저가 자동 쿠폰)6790원 할인,NCPN0000679,플러스,12345.0
2026-07-01,e-영업1,(제휴 최저가 자동 쿠폰)13480원 할인,NCPN0001348,플러스,12255.0
2026-07-01,e-영업2,(제휴 최저가 자동 쿠폰)13230원 할인,NCPN0001323,플러스,12027.0
2026-07-01,e-영업2,(제휴 최저가 자동 쿠폰)13170원 할인,NCPN0001317,플러스,11973.0
2026-07-01,e-영업2,(제휴 최저가 자동 쿠폰)12890원 할인,NCPN0001289,플러스,11718.0
2026-07-01,e-영업2,(제휴 최저가 자동 쿠폰)12860원 할인,NCPN0001286,플러스,11691.0
2026-07-01,e-영업2,(제휴 최저가 자동 쿠폰)12430원 할인,NCPN0001243,플러스,11300.0
2026-07-01,e-영업2,(제휴 최저가 자동 쿠폰)6180원 할인,NCPN0000618,플러스,11236.0
2026-07-01,e-영업1,(제휴 최저가 자동 쿠폰)12330원 할인,NCPN0001233,플러스,11209.0
2026-07-01,e-영업2,(제휴 최저가 자동 쿠폰)12230원 할인,NCPN0001223,플러스,11118.0
2026-07-01,e-영업2,(제휴 최저가 자동 쿠폰)12110원 할인,NCPN0001211,플러스,11009.0
2026-07-01,e-영업1,(제휴 최저가 자동 쿠폰)11790원 할인,NCPN0001179,플러스,10718.0
2026-07-01,e-영업2,(제휴 최저가 자동 쿠폰)11340원 할인,NCPN0001134,플러스,10309.0
2026-07-01,e-영업2,[제휴쿠폰][L+DAY] 5% 플러스 쿠폰 (최대 5만원 할인),CPN1741697,플러스,10273.0
2026-07-01,e-영업2,(제휴 최저가 자동 쿠폰)11040원 할인,NCPN0001104,플러스,10036.0
2026-07-01,e-영업1,(제휴 최저가 자동 쿠폰)11010원 할인,NCPN0001101,플러스,10009.0
2026-07-01,e-영업1,(제휴 최저가 자동 쿠폰)5460원 할인,NCPN0000546,플러스,9927.0
2026-07-01,e-영업1,(제휴 최저가 자동 쿠폰)10700원 할인,NCPN0001070,플러스,9727.0
2026-07-01,e-영업2,(제휴 최저가 자동 쿠폰)10700원 할인,NCPN0001070,플러스,9727.0
2026-07-01,e-영업1,(제휴 최저가 자동 쿠폰)5310원 할인,NCPN0000531,플러스,9655.0
2026-07-01,e-영업2,(제휴 최저가 자동 쿠폰)10450원 할인,NCPN0001045,플러스,9500.0
2026-07-01,e-영업2,[제휴쿠폰][WEEKEND SALE] 플러스 5% 쿠폰,CPN1739505,플러스,9291.0
2026-07-01,e-영업1,(제휴 최저가 자동 쿠폰)5080원 할인,NCPN0000508,플러스,9236.0
2026-07-01,e-영업1,(제휴 최저가 자동 쿠폰)10120원 할인,NCPN0001012,플러스,9200.0
2026-07-01,e-영업1,(제휴 최저가 자동 쿠폰)10040원 할인,NCPN0001004,플러스,9127.0
2026-07-01,e-영업2,(제휴 최저가 자동 쿠폰)10040원 할인,NCPN0001004,플러스,9127.0
2026-07-01,e-영업2,(제휴 최저가 자동 쿠폰)10000원 할인,NCPN0001000,플러스,9091.0
2026-07-01,e-영업1,(제휴 최저가 자동 쿠폰)9800원 할인,NCPN0000980,플러스,8909.0
2026-07-01,e-영업2,(제휴 최저가 자동 쿠폰)9800원 할인,NCPN0000980,플러스,8909.0
2026-07-01,e-영업1,(제휴 최저가 자동 쿠폰)9780원 할인,NCPN0000978,플러스,8891.0
2026-07-01,e-영업1,(제휴 최저가 자동 쿠폰)9700원 할인,NCPN0000970,플러스,8818.0
2026-07-01,e-영업1,(제휴 최저가 자동 쿠폰)9600원 할인,NCPN0000960,플러스,8727.0
2026-07-01,e-영업2,(제휴 최저가 자동 쿠폰)9430원 할인,NCPN0000943,플러스,8573.0
2026-07-01,e-영업2,(제휴 최저가 자동 쿠폰)9190원 할인,NCPN0000919,플러스,8355.0
2026-07-01,e-영업1,(제휴 최저가 자동 쿠폰)9080원 할인,NCPN0000908,플러스,8255.0
2026-07-01,e-영업2,(제휴 최저가 자동 쿠폰)9080원 할인,NCPN0000908,플러스,8255.0
2026-07-01,e-영업2,(제휴 최저가 자동 쿠폰)9070원 할인,NCPN0000907,플러스,8245.0
2026-07-01,e-영업1,(제휴 최저가 자동 쿠폰)9050원 할인,NCPN0000905,플러스,8227.0
2026-07-01,e-영업2,(제휴 최저가 자동 쿠폰)9050원 할인,NCPN0000905,플러스,8227.0
2026-07-01,e-영업2,(제휴 최저가 자동 쿠폰)9030원 할인,NCPN0000903,플러스,8209.0
2026-07-01,e-영업2,(제휴 최저가 자동 쿠폰)8970원 할인,NCPN0000897,플러스,8155.0
2026-07-01,e-영업2,(제휴 최저가 자동 쿠폰)8920원 할인,NCPN0000892,플러스,8109.0
2026-07-01,e-영업1,(제휴 최저가 자동 쿠폰)8800원 할인,NCPN0000880,플러스,8000.0
2026-07-01,e-영업2,(제휴 최저가 자동 쿠폰)4330원 할인,NCPN0000433,플러스,7873.0
2026-07-01,e-영업1,(제휴 최저가 자동 쿠폰)8550원 할인,NCPN0000855,플러스,7773.0
2026-07-01,e-영업1,(제휴 최저가 자동 쿠폰)8470원 할인,NCPN0000847,플러스,7700.0
2026-07-01,e-영업1,(제휴 최저가 자동 쿠폰)8270원 할인,NCPN0000827,플러스,7518.0
2026-07-01,e-영업2,(제휴 최저가 자동 쿠폰)8080원 할인,NCPN0000808,플러스,7345.0
2026-07-01,e-영업1,(제휴 최저가 자동 쿠폰)7950원 할인,NCPN0000795,플러스,7227.0
2026-07-01,e-영업2,(제휴 최저가 자동 쿠폰)7950원 할인,NCPN0000795,플러스,7227.0
2026-07-01,e-영업2,(제휴 최저가 자동 쿠폰)3900원 할인,NCPN0000390,플러스,7091.0
2026-07-01,e-영업2,(제휴 최저가 자동 쿠폰)7610원 할인,NCPN0000761,플러스,6918.0
2026-07-01,e-영업2,(제휴 최저가 자동 쿠폰)7550원 할인,NCPN0000755,플러스,6864.0
2026-07-01,e-영업2,(제휴 최저가 자동 쿠폰)7500원 할인,NCPN0000750,플러스,6818.0
2026-07-01,e-영업2,(제휴 최저가 자동 쿠폰)7220원 할인,NCPN0000722,플러스,6564.0
2026-07-01,e-영업1,(제휴 최저가 자동 쿠폰)7130원 할인,NCPN0000713,플러스,6482.0
2026-07-01,e-영업2,(제휴 최저가 자동 쿠폰)7050원 할인,NCPN0000705,플러스,6409.0
2026-07-01,e-영업2,(제휴 최저가 자동 쿠폰)6940원 할인,NCPN0000694,플러스,6309.0
2026-07-01,e-영업2,(제휴 최저가 자동 쿠폰)6770원 할인,NCPN0000677,플러스,6155.0
2026-07-01,e-영업1,(제휴 최저가 자동 쿠폰)6440원 할인,NCPN0000644,플러스,5855.0
2026-07-01,e-영업1,(제휴 최저가 자동 쿠폰)6410원 할인,NCPN0000641,플러스,5827.0
2026-07-01,e-영업2,(제휴 최저가 자동 쿠폰)6230원 할인,NCPN0000623,플러스,5664.0
2026-07-01,e-영업2,(제휴 최저가 자동 쿠폰)6090원 할인,NCPN0000609,플러스,5536.0
2026-07-01,e-영업2,(제휴 최저가 자동 쿠폰)5850원 할인,NCPN0000585,플러스,5318.0
2026-07-01,e-영업1,(제휴 최저가 자동 쿠폰)5830원 할인,NCPN0000583,플러스,5300.0
2026-07-01,e-영업2,(제휴 최저가 자동 쿠폰)5820원 할인,NCPN0000582,플러스,5291.0
2026-07-01,e-영업2,(제휴 최저가 자동 쿠폰)5650원 할인,NCPN0000565,플러스,5136.0
2026-07-01,e-영업1,(제휴 최저가 자동 쿠폰)5480원 할인,NCPN0000548,플러스,4982.0
2026-07-01,e-영업1,(제휴 최저가 자동 쿠폰)5450원 할인,NCPN0000545,플러스,4955.0
2026-07-01,e-영업2,(제휴 최저가 자동 쿠폰)5310원 할인,NCPN0000531,플러스,4827.0
2026-07-01,e-영업1,(제휴 최저가 자동 쿠폰)5230원 할인,NCPN0000523,플러스,4755.0
2026-07-01,e-영업1,(제휴 최저가 자동 쿠폰)5210원 할인,NCPN0000521,플러스,4736.0
2026-07-01,e-영업2,(제휴 최저가 자동 쿠폰)5080원 할인,NCPN0000508,플러스,4618.0
2026-07-01,e-영업2,(제휴 최저가 자동 쿠폰)5010원 할인,NCPN0000501,플러스,4555.0
2026-07-01,e-영업1,[제휴쿠폰][L+DAY] 5% 플러스 쿠폰 (최대 5만원 할인),CPN1741697,플러스,4536.0
2026-07-01,e-영업1,(제휴 최저가 자동 쿠폰)4580원 할인,NCPN0000458,플러스,4164.0
2026-07-01,e-영업1,(제휴 최저가 자동 쿠폰)4570원 할인,NCPN0000457,플러스,4155.0
2026-07-01,e-영업2,(제휴 최저가 자동 쿠폰)4560원 할인,NCPN0000456,플러스,4145.0
2026-07-01,e-영업2,(제휴 최저가 자동 쿠폰)4540원 할인,NCPN0000454,플러스,4127.0
2026-07-01,e-영업2,(제휴 최저가 자동 쿠폰)4470원 할인,NCPN0000447,플러스,4064.0
2026-07-01,e-영업2,(제휴 최저가 자동 쿠폰)4180원 할인,NCPN0000418,플러스,3800.0
2026-07-01,e-영업1,(제휴 최저가 자동 쿠폰)3970원 할인,NCPN0000397,플러스,3609.0
2026-07-01,e-영업2,(제휴 최저가 자동 쿠폰)3880원 할인,NCPN0000388,플러스,3527.0
2026-07-01,e-영업1,(제휴 최저가 자동 쿠폰)1910원 할인,NCPN0000191,플러스,3473.0
2026-07-01,e-영업2,(제휴 최저가 자동 쿠폰)3720원 할인,NCPN0000372,플러스,3382.0
2026-07-01,e-영업2,(제휴 최저가 자동 쿠폰)3280원 할인,NCPN0000328,플러스,2982.0
2026-07-01,e-영업2,(제휴 최저가 자동 쿠폰)2660원 할인,NCPN0000266,플러스,2418.0
2026-07-01,e-영업2,(제휴 최저가 자동 쿠폰)2460원 할인,NCPN0000246,플러스,2236.0
2026-07-01,e-영업2,(제휴 최저가 자동 쿠폰)2350원 할인,NCPN0000235,플러스,2136.0
2026-07-01,e-영업1,(제휴 최저가 자동 쿠폰)1880원 할인,NCPN0000188,플러스,1709.0
2026-07-01,e-영업1,(제휴 최저가 자동 쿠폰)1530원 할인,NCPN0000153,플러스,1391.0
2026-07-01,e-영업4,[WEEKEND SALE] 플러스 5% 쿠폰,CPN1745805,플러스,827.0
2026-07-01,e-영업1,(제휴 최저가 자동 쿠폰)10원 할인,NCPN0000001,플러스,45.0
2026-07-01,e-영업1,(제휴 최저가 자동 쿠폰)20원 할인,NCPN0000002,플러스,18.0
2026-07-01,e-영업2,(제휴 최저가 자동 쿠폰)10원 할인,NCPN0000001,플러스,9.0
2026-07-01,e-영업2,(제휴 최저가 자동 쿠폰)4510원 할인,NCPN0000451,플러스,-4100.0
2026-07-01,e-영업2,(제휴 최저가 자동 쿠폰)4610원 할인,NCPN0000461,플러스,-4191.0
2026-07-01,e-영업2,(제휴 최저가 자동 쿠폰)5830원 할인,NCPN0000583,플러스,-5300.0
2026-07-01,e-영업1,(제휴 최저가 자동 쿠폰)7930원 할인,NCPN0000793,플러스,-7209.0
2026-07-01,e-영업1,(제휴 최저가 자동 쿠폰)8990원 할인,NCPN0000899,플러스,-8173.0
2026-07-01,e-영업1,(제휴 최저가 자동 쿠폰)12230원 할인,NCPN0001223,플러스,-11118.0
2026-07-01,e-영업1,(제휴 최저가 자동 쿠폰)12270원 할인,NCPN0001227,플러스,-11155.0
2026-07-01,e-영업2,(제휴 최저가 자동 쿠폰)12770원 할인,NCPN0001277,플러스,-11609.0
2026-07-01,e-영업2,(제휴 최저가 자동 쿠폰)16860원 할인,NCPN0001686,플러스,-15327.0
2026-07-01,e-영업2,(제휴 최저가 자동 쿠폰)19980원 할인,NCPN0001998,플러스,-18164.0
2026-07-01,e-영업2,(제휴 최저가 자동 쿠폰)20210원 할인,NCPN0002021,플러스,-18373.0
2026-07-01,e-영업1,(제휴 최저가 자동 쿠폰)20450원 할인,NCPN0002045,플러스,-18591.0
2026-07-01,e-영업1,(제휴 최저가 자동 쿠폰)23300원 할인,NCPN0002330,플러스,-21182.0
2026-07-01,e-영업1,(제휴 최저가 자동 쿠폰)24170원 할인,NCPN0002417,플러스,-21973.0
2026-07-01,e-영업2,(제휴 최저가 자동 쿠폰)25100원 할인,NCPN0002510,플러스,-22818.0
2026-07-01,e-영업2,(제휴 최저가 자동 쿠폰)25290원 할인,NCPN0002529,플러스,-22991.0
2026-07-01,e-영업2,(제휴 최저가 자동 쿠폰)36380원 할인,NCPN0003638,플러스,-33073.0
2026-07-01,e-영업2,(제휴 최저가 자동 쿠폰)23300원 할인,NCPN0002330,플러스,-63545.0
2026-07-01,e-영업1,(제휴 최저가 자동 쿠폰)31710원 할인,NCPN0003171,플러스,-86482.0
2026-07-01,e-영업1,(제휴 최저가 자동 쿠폰)22610원 할인,NCPN0002261,플러스,-123327.0
