날짜,BPU,원부매칭여부,최저가여부,평균 EP 전시 상품수,평균 원부매칭 상품수,원부매칭율(%),평균 최저가 상품수,최저가율(%),평균 EP 거래액(순결제),평균 EP 거래액(총결제),평균 EP 고객수(총결제),평균 EP 첫구매 거래액(총결제),평균 EP 첫구매 고객수(총결제),첫구매거래액(%),평균 EP UV,평균 EP 비회원UV,EP 전시 상품당 유입수,평균 EP 신규가입수,신규가입율,구매전환율(%),첫구매 전환율(%)
2026-01-01,Total,Total,Total,1729541.0,896911.0,51.9,178171.0,10.3,234388934.0,278719204.0,929.0,29496767.0,150.0,10.6,19092.0,10647.0,0.01,340.0,3.2,4.9,44.1
2026-01-02,Total,Total,Total,1711168.0,898996.0,52.5,176841.0,10.3,99210800.0,254657680.0,803.0,27307460.0,103.0,10.7,17856.0,10225.0,0.01,281.0,2.7,4.5,36.7
2026-01-03,Total,Total,Total,1711655.0,895835.0,52.3,179236.0,10.5,139049867.0,266576647.0,838.0,30535580.0,121.0,11.5,19775.0,10622.0,0.01,326.0,3.1,4.2,37.1
2026-01-04,Total,Total,Total,1696097.0,892308.0,52.6,178732.0,10.5,198712317.0,257348537.0,952.0,31186540.0,164.0,12.1,21639.0,12074.0,0.01,385.0,3.2,4.4,42.6
2026-01-05,Total,Total,Total,1698070.0,891114.0,52.5,176925.0,10.4,112708837.0,236708087.0,841.0,32830340.0,177.0,13.9,17479.0,9652.0,0.01,317.0,3.3,4.8,55.8
2026-01-06,Total,Total,Total,1698548.0,892501.0,52.5,176299.0,10.4,95440570.0,201767680.0,756.0,23088060.0,126.0,11.4,17502.0,9852.0,0.01,291.0,3.0,4.3,43.3
2026-01-07,Total,Total,Total,1695447.0,894220.0,52.7,176356.0,10.4,120824352.0,226640282.0,782.0,28181220.0,137.0,12.4,17304.0,9813.0,0.01,293.0,3.0,4.5,46.8
2026-01-08,Total,Total,Total,1672019.0,894915.0,53.5,176393.0,10.5,82795028.0,203711398.0,716.0,21155910.0,113.0,10.4,16727.0,9343.0,0.01,255.0,2.7,4.3,44.3
2026-01-09,Total,Total,Total,1672321.0,892568.0,53.4,175163.0,10.5,110290090.0,217534567.0,698.0,21055220.0,114.0,9.7,15950.0,8784.0,0.01,256.0,2.9,4.4,44.5
2026-01-10,Total,Total,Total,1671759.0,895498.0,53.6,176341.0,10.5,198656480.0,302349830.0,924.0,28579470.0,129.0,9.5,18926.0,9970.0,0.01,322.0,3.2,4.9,40.1
2026-01-11,Total,Total,Total,1661633.0,893588.0,53.8,179902.0,10.8,266307790.0,335039090.0,1096.0,41135780.0,176.0,12.3,22263.0,12072.0,0.01,395.0,3.3,4.9,44.6
2026-01-12,Total,Total,Total,1665617.0,893332.0,53.6,178318.0,10.7,100570351.0,223263778.0,810.0,30510782.0,144.0,13.7,18851.0,10586.0,0.01,299.0,2.8,4.3,48.2
2026-01-13,Total,Total,Total,1679025.0,895638.0,53.3,178013.0,10.6,147386192.0,280988570.0,908.0,28873270.0,158.0,10.3,18859.0,10335.0,0.01,360.0,3.5,4.8,43.9
2026-01-14,Total,Total,Total,1670075.0,893759.0,53.5,177641.0,10.6,124551546.0,252720796.0,867.0,28593886.0,137.0,11.3,19053.0,10420.0,0.01,303.0,2.9,4.6,45.2
2026-01-15,Total,Total,Total,1703763.0,899902.0,52.8,174164.0,10.2,59424117.0,191377624.0,732.0,26779057.0,121.0,14.0,16704.0,9401.0,0.01,262.0,2.8,4.4,46.2
2026-01-16,Total,Total,Total,1700623.0,897404.0,52.8,175187.0,10.3,101625712.0,206824672.0,706.0,21875235.0,111.0,10.6,16087.0,8993.0,0.01,261.0,2.9,4.4,42.5
2026-01-17,Total,Total,Total,1694928.0,899385.0,53.1,176375.0,10.4,131031580.0,239260920.0,795.0,26725320.0,117.0,11.2,17877.0,9621.0,0.01,292.0,3.0,4.4,40.1
2026-01-18,Total,Total,Total,1691526.0,900464.0,53.2,179223.0,10.6,212927350.0,266142360.0,922.0,38411600.0,166.0,14.4,19240.0,10392.0,0.01,331.0,3.2,4.8,50.2
2026-01-19,Total,Total,Total,1678964.0,892274.0,53.1,177084.0,10.5,129971608.0,237094415.0,809.0,25936320.0,137.0,10.9,18233.0,10135.0,0.01,310.0,3.1,4.4,44.2
2026-01-20,Total,Total,Total,1688359.0,894650.0,53.0,178100.0,10.5,83246870.0,203718270.0,760.0,33423430.0,141.0,16.4,17567.0,9780.0,0.01,269.0,2.8,4.3,52.4
2026-01-21,Total,Total,Total,1699660.0,891525.0,52.5,176202.0,10.4,123097120.0,232002630.0,832.0,26014570.0,139.0,11.2,17540.0,9785.0,0.01,308.0,3.1,4.7,45.1
2026-01-22,Total,Total,Total,1688785.0,887137.0,52.5,177152.0,10.5,135335197.0,219418877.0,764.0,31223277.0,136.0,14.2,16875.0,9557.0,0.01,283.0,3.0,4.5,48.1
2026-01-23,Total,Total,Total,1690632.0,882846.0,52.2,179598.0,10.6,121555447.0,238851507.0,800.0,15404727.0,96.0,6.4,16168.0,8747.0,0.01,228.0,2.6,4.9,42.1
2026-01-24,Total,Total,Total,1686811.0,884960.0,52.5,183656.0,10.9,158388484.0,248206274.0,875.0,28646327.0,138.0,11.5,18650.0,9813.0,0.01,340.0,3.5,4.7,40.6
2026-01-25,Total,Total,Total,1682969.0,890607.0,52.9,186923.0,11.1,260147454.0,327232794.0,1026.0,45673430.0,171.0,14.0,20630.0,11120.0,0.01,387.0,3.5,5.0,44.2
2026-01-26,Total,Total,Total,1682523.0,891141.0,53.0,185171.0,11.0,112783951.0,216049086.0,800.0,24538549.0,139.0,11.4,17394.0,9643.0,0.01,330.0,3.4,4.6,42.1
2026-01-27,Total,Total,Total,1675730.0,884028.0,52.8,176247.0,10.5,104829920.0,226577050.0,791.0,23726090.0,123.0,10.5,17023.0,9408.0,0.01,297.0,3.2,4.6,41.4
2026-01-28,Total,Total,Total,1683661.0,884075.0,52.5,178549.0,10.6,88832760.0,197213050.0,712.0,29107140.0,129.0,14.8,16330.0,9125.0,0.01,263.0,2.9,4.4,49.0
2026-01-29,Total,Total,Total,1683388.0,885359.0,52.6,182762.0,10.9,94361200.0,186225260.0,657.0,28753420.0,120.0,15.4,15732.0,8758.0,0.01,247.0,2.8,4.2,48.6
2026-01-30,Total,Total,Total,1689955.0,886099.0,52.4,187397.0,11.1,108398860.0,194685460.0,670.0,17894080.0,98.0,9.2,15061.0,8285.0,0.01,209.0,2.5,4.4,46.9
2026-01-31,Total,Total,Total,1689614.0,887622.0,52.5,182492.0,10.8,124074045.0,217728872.0,755.0,20561508.0,114.0,9.4,16874.0,8938.0,0.01,287.0,3.2,4.5,39.7
2026-02-01,Total,Total,Total,1685852.0,893105.0,53.0,184947.0,11.0,231849440.0,279023710.0,995.0,31723060.0,148.0,11.4,18962.0,10094.0,0.01,368.0,3.6,5.2,40.2
2026-02-02,Total,Total,Total,1692143.0,888491.0,52.5,182233.0,10.8,84076573.0,179848330.0,706.0,23096840.0,125.0,12.8,16026.0,8911.0,0.01,263.0,3.0,4.4,47.5
2026-02-03,Total,Total,Total,1678449.0,879615.0,52.4,187482.0,11.2,121403439.0,239975630.0,805.0,26593300.0,141.0,11.1,16492.0,8902.0,0.01,291.0,3.3,4.9,48.5
2026-02-04,Total,Total,Total,1624051.0,880793.0,54.2,189159.0,11.6,130638040.0,236783230.0,761.0,31499450.0,103.0,13.3,16420.0,9019.0,0.01,271.0,3.0,4.6,38.0
2026-02-05,Total,Total,Total,1650570.0,885223.0,53.6,190469.0,11.5,85586350.0,182765150.0,739.0,34626100.0,156.0,18.9,15601.0,8475.0,0.01,274.0,3.2,4.7,56.9
2026-02-06,Total,Total,Total,1673343.0,889321.0,53.1,192183.0,11.5,100543042.0,192165862.0,680.0,23252109.0,90.0,12.1,15955.0,8853.0,0.01,244.0,2.8,4.3,36.9
2026-02-07,Total,Total,Total,1668879.0,890481.0,53.4,195370.0,11.7,147034830.0,233148590.0,893.0,25632860.0,150.0,11.0,18228.0,9531.0,0.01,343.0,3.6,4.9,43.7
2026-02-08,Total,Total,Total,1661682.0,894605.0,53.8,196638.0,11.8,212868331.0,258606314.0,1093.0,40420496.0,194.0,15.6,20760.0,11216.0,0.01,403.0,3.6,5.3,48.1
2026-02-09,Total,Total,Total,1649164.0,894317.0,54.2,194306.0,11.8,94332509.0,192668479.0,829.0,24393428.0,143.0,12.7,16991.0,9523.0,0.01,306.0,3.2,4.9,46.7
2026-02-10,Total,Total,Total,1645174.0,895735.0,54.4,195111.0,11.9,78352633.0,156845743.0,713.0,17553240.0,117.0,11.2,16118.0,8942.0,0.01,280.0,3.1,4.4,41.8
2026-02-11,Total,Total,Total,1615944.0,879089.0,54.4,194425.0,12.0,109877213.0,177185393.0,789.0,22761443.0,149.0,12.8,15524.0,8559.0,0.01,269.0,3.1,5.1,55.4
2026-02-12,Total,Total,Total,1646595.0,886232.0,53.8,193632.0,11.8,86520890.0,167619590.0,714.0,20769600.0,114.0,12.4,14749.0,8016.0,0.01,228.0,2.8,4.8,50.0
2026-02-13,Total,Total,Total,1622911.0,886093.0,54.6,193066.0,11.9,78646659.0,172267889.0,624.0,21372146.0,93.0,12.4,13838.0,7462.0,0.01,213.0,2.9,4.5,43.7
2026-02-14,Total,Total,Total,1660757.0,892065.0,53.7,195741.0,11.8,106892891.0,184756471.0,671.0,24068073.0,116.0,13.0,15319.0,8089.0,0.01,261.0,3.2,4.4,44.4
2026-02-15,Total,Total,Total,1679743.0,893112.0,53.2,191947.0,11.4,134503528.0,168540868.0,639.0,17861250.0,100.0,10.6,15777.0,8539.0,0.01,251.0,2.9,4.1,39.8
2026-02-16,Total,Total,Total,1705041.0,894517.0,52.5,190730.0,11.2,142291070.0,174813850.0,659.0,25357700.0,123.0,14.5,15159.0,8206.0,0.01,267.0,3.3,4.3,46.1
2026-02-17,Total,Total,Total,1731221.0,892935.0,51.6,189159.0,10.9,92250890.0,128488330.0,564.0,13195990.0,92.0,10.3,15149.0,8484.0,0.01,250.0,2.9,3.7,36.8
2026-02-18,Total,Total,Total,1757327.0,892060.0,50.8,187192.0,10.7,162047257.0,196280380.0,900.0,25466850.0,151.0,13.0,20340.0,11763.0,0.01,355.0,3.0,4.4,42.5
2026-02-19,Total,Total,Total,1558046.0,888573.0,57.0,184379.0,11.8,95774733.0,195972633.0,847.0,24179463.0,138.0,12.3,17790.0,11501.0,0.01,314.0,2.7,4.8,43.9
2026-02-20,Total,Total,Total,1539239.0,891096.0,57.9,185643.0,12.1,134269886.0,217598279.0,859.0,27641949.0,152.0,12.7,16764.0,9280.0,0.01,334.0,3.6,5.1,45.5
2026-02-21,Total,Total,Total,1529794.0,894652.0,58.5,184597.0,12.1,170412697.0,262667197.0,986.0,25583060.0,126.0,9.7,19933.0,10679.0,0.01,341.0,3.2,4.9,37.0
2026-02-22,Total,Total,Total,1532430.0,900193.0,58.7,187697.0,12.2,246733683.0,301316303.0,1164.0,34515573.0,184.0,11.5,21860.0,11851.0,0.01,429.0,3.6,5.3,42.9
2026-02-23,Total,Total,Total,1509609.0,891238.0,59.0,183952.0,12.2,95667171.0,221103690.0,877.0,20880490.0,131.0,9.4,17965.0,10184.0,0.01,307.0,3.0,4.9,42.7
2026-02-24,Total,Total,Total,1500637.0,887123.0,59.1,181884.0,12.1,63385000.0,173291830.0,775.0,23446510.0,145.0,13.5,17487.0,9886.0,0.01,300.0,3.0,4.4,48.3
2026-02-25,Total,Total,Total,1502986.0,887573.0,59.1,185385.0,12.3,81001190.0,188072650.0,803.0,22946800.0,137.0,12.2,17613.0,10119.0,0.01,301.0,3.0,4.6,45.5
2026-02-26,Total,Total,Total,1509141.0,887114.0,58.8,185502.0,12.3,105312560.0,199692490.0,863.0,22438370.0,131.0,11.2,17181.0,9561.0,0.01,289.0,3.0,5.0,45.3
2026-02-27,Total,Total,Total,1499436.0,884992.0,59.0,187252.0,12.5,111989687.0,200504015.0,774.0,18728540.0,118.0,9.3,16186.0,9007.0,0.01,240.0,2.7,4.8,49.2
2026-02-28,Total,Total,Total,1501685.0,887929.0,59.1,185627.0,12.4,175228700.0,257677000.0,998.0,27289990.0,153.0,10.6,19594.0,10756.0,0.01,313.0,2.9,5.1,48.9
2026-03-01,Total,Total,Total,1499103.0,890430.0,59.4,192980.0,12.9,224822225.0,292927255.0,1122.0,27213130.0,171.0,9.3,22190.0,12687.0,0.01,374.0,2.9,5.1,45.7
2026-03-02,Total,Total,Total,1494160.0,890760.0,59.6,193141.0,12.9,217626410.0,286015830.0,1098.0,30339920.0,179.0,10.6,23092.0,12941.0,0.02,406.0,3.1,4.8,44.1
2026-03-03,Total,Total,Total,1488407.0,885461.0,59.5,190915.0,12.8,118621940.0,227332900.0,916.0,28211640.0,158.0,12.4,17825.0,10033.0,0.01,329.0,3.3,5.1,48.0
2026-03-04,Total,Total,Total,1024521.0,634537.0,61.9,149516.0,14.6,86405880.0,158743150.0,614.0,15675540.0,93.0,9.9,11998.0,6547.0,0.01,175.0,2.7,5.1,53.1
2026-03-05,Total,Total,Total,1031492.0,637144.0,61.8,149071.0,14.5,49529660.0,131753850.0,522.0,16140100.0,82.0,12.3,12032.0,6519.0,0.01,169.0,2.6,4.3,48.5
2026-03-06,Total,Total,Total,1036263.0,640049.0,61.8,150173.0,14.5,72588040.0,135543320.0,516.0,16395730.0,83.0,12.1,11412.0,6128.0,0.01,152.0,2.5,4.5,54.6
2026-03-07,Total,Total,Total,1489613.0,874163.0,58.7,195957.0,13.2,209634550.0,299822370.0,1180.0,32139000.0,181.0,10.7,20208.0,10833.0,0.01,382.0,3.5,5.8,47.4
2026-03-08,Total,Total,Total,1042455.0,642136.0,61.6,154305.0,14.8,203838920.0,247727170.0,800.0,23699620.0,130.0,9.6,14465.0,7265.0,0.01,288.0,4.0,5.5,45.1
2026-03-09,Total,Total,Total,1045207.0,642389.0,61.5,154420.0,14.8,59431340.0,147546090.0,546.0,14585770.0,90.0,9.9,12186.0,6490.0,0.01,197.0,3.0,4.5,45.7
2026-03-10,Total,Total,Total,1483765.0,875376.0,59.0,195134.0,13.2,95449330.0,186220950.0,853.0,22342280.0,136.0,12.0,17878.0,10000.0,0.01,310.0,3.1,4.8,43.9
2026-03-11,Total,Total,Total,1056329.0,643007.0,60.9,151955.0,14.4,47989780.0,120241620.0,540.0,16265360.0,96.0,13.5,12106.0,6417.0,0.01,197.0,3.1,4.5,48.7
2026-03-12,Total,Total,Total,1068821.0,643285.0,60.2,151683.0,14.2,47413640.0,114899830.0,525.0,14829100.0,95.0,12.9,12166.0,6486.0,0.01,184.0,2.8,4.3,51.6
2026-03-13,Total,Total,Total,1069639.0,640383.0,59.9,0.0,0.0,60168420.0,130623380.0,498.0,12606950.0,66.0,9.7,11418.0,5866.0,0.01,152.0,2.6,4.4,43.4
2026-03-14,Total,Total,Total,1072825.0,640383.0,59.7,155897.0,14.5,105642830.0,175417850.0,599.0,16682900.0,84.0,9.5,13172.0,6452.0,0.01,203.0,3.1,4.5,41.4
2026-03-15,Total,Total,Total,1490837.0,861927.0,57.8,201424.0,13.5,238563675.0,307967985.0,1255.0,26188515.0,179.0,8.5,22478.0,11966.0,0.02,426.0,3.6,5.6,42.0
2026-03-16,Total,Total,Total,1077806.0,640383.0,59.4,159809.0,14.8,63524960.0,143493550.0,617.0,16990040.0,99.0,11.8,13400.0,6957.0,0.01,218.0,3.1,4.6,45.4
2026-03-17,Total,Total,Total,1080939.0,640383.0,59.2,158822.0,14.7,62609000.0,126394370.0,548.0,11341340.0,81.0,9.0,13016.0,6951.0,0.01,197.0,2.8,4.2,41.1
2026-03-18,Total,Total,Total,1085891.0,640383.0,59.0,156858.0,14.4,71047750.0,133136100.0,619.0,13715050.0,99.0,10.3,12693.0,6577.0,0.01,215.0,3.3,4.9,46.0
2026-03-19,Total,Total,Total,1479805.0,840781.0,56.8,199220.0,13.5,107281010.0,198813190.0,928.0,19944170.0,137.0,10.0,17945.0,9885.0,0.01,290.0,2.9,5.2,47.2
2026-03-20,Total,Total,Total,1477505.0,836998.0,56.6,198008.0,13.4,89728750.0,173734700.0,794.0,17138940.0,107.0,9.9,17064.0,9291.0,0.01,260.0,2.8,4.7,41.2
2026-03-21,Total,Total,Total,1474764.0,832129.0,56.4,192707.0,13.1,147766290.0,222554340.0,1004.0,29611650.0,159.0,13.3,18810.0,9572.0,0.01,320.0,3.3,5.3,49.7
2026-03-22,Total,Total,Total,1473870.0,831176.0,56.4,198199.0,13.4,234572100.0,284345170.0,1257.0,33872530.0,191.0,11.9,22189.0,11498.0,0.02,432.0,3.8,5.7,44.2
2026-03-23,Total,Total,Total,1103004.0,640383.0,58.1,155119.0,14.1,69127410.0,132623470.0,598.0,14006750.0,82.0,10.6,13029.0,6712.0,0.01,190.0,2.8,4.6,43.2
2026-03-24,Total,Total,Total,1107275.0,640383.0,57.8,152911.0,13.8,64297640.0,138253560.0,562.0,15404280.0,90.0,11.1,13073.0,6770.0,0.01,196.0,2.9,4.3,45.9
2026-03-25,Total,Total,Total,1111821.0,640383.0,57.6,153538.0,13.8,74840240.0,134958050.0,578.0,12885730.0,80.0,9.5,12714.0,6748.0,0.01,166.0,2.5,4.5,48.2
2026-03-26,Total,Total,Total,1116559.0,640383.0,57.4,157920.0,14.1,69188790.0,128069710.0,572.0,9974600.0,74.0,7.8,11982.0,6215.0,0.01,158.0,2.5,4.8,46.8
2026-03-27,Total,Total,Total,1124874.0,640383.0,56.9,157125.0,14.0,64072750.0,131483430.0,558.0,7239660.0,58.0,5.5,11769.0,6098.0,0.01,154.0,2.5,4.7,37.7
2026-03-28,Total,Total,Total,1504355.0,810318.0,53.9,188534.0,12.5,174789690.0,243210060.0,1032.0,23419510.0,149.0,9.6,19475.0,10182.0,0.01,324.0,3.2,5.3,46.0
2026-03-29,Total,Total,Total,1504730.0,809825.0,53.8,195403.0,13.0,243671515.0,294936625.0,1247.0,23692510.0,151.0,8.0,21813.0,11657.0,0.01,381.0,3.3,5.7,39.6
2026-03-30,Total,Total,Total,1500685.0,801234.0,53.4,192174.0,12.8,108222680.0,220364660.0,1028.0,25796640.0,148.0,11.7,19037.0,10437.0,0.01,325.0,3.1,5.4,45.5
2026-03-31,Total,Total,Total,1166417.0,640383.0,54.9,156809.0,13.4,67455360.0,130542010.0,598.0,19961320.0,108.0,15.3,12647.0,6659.0,0.01,196.0,2.9,4.7,55.1
2026-04-01,Total,Total,Total,1175176.0,640383.0,54.5,157701.0,13.4,69403300.0,133485510.0,637.0,11252120.0,94.0,8.4,12449.0,6479.0,0.01,218.0,3.4,5.1,43.1
2026-04-02,Total,Total,Total,1527598.0,790129.0,51.7,184619.0,12.1,73280820.0,163684710.0,780.0,20208800.0,118.0,12.3,16887.0,9743.0,0.01,250.0,2.6,4.6,47.2
2026-04-03,Total,Total,Total,1478065.0,750049.0,50.7,167574.0,11.3,97436610.0,179670070.0,803.0,14063630.0,92.0,7.8,15220.0,8248.0,0.01,231.0,2.8,5.3,39.8
2026-04-04,Total,Total,Total,1476234.0,748772.0,50.7,173750.0,11.8,143281220.0,218383050.0,936.0,18618540.0,110.0,8.5,16974.0,8769.0,0.01,267.0,3.0,5.5,41.2
2026-04-05,Total,Total,Total,1484289.0,747571.0,50.4,175041.0,11.8,218561410.0,260878070.0,1117.0,24346020.0,163.0,9.3,18313.0,9596.0,0.01,373.0,3.9,6.1,43.7
2026-04-06,Total,Total,Total,1195636.0,640383.0,53.6,149111.0,12.5,68666288.0,141291388.0,610.0,12395298.0,78.0,8.8,12170.0,6338.0,0.01,163.0,2.6,5.0,47.9
2026-04-07,Total,Total,Total,1486398.0,745951.0,50.2,169662.0,11.4,139779480.0,215693110.0,1038.0,34561060.0,177.0,16.0,17462.0,9319.0,0.01,345.0,3.7,5.9,51.3
2026-04-08,Total,Total,Total,1204738.0,640383.0,53.2,151212.0,12.6,106589480.0,169952940.0,727.0,14315420.0,99.0,8.4,12996.0,6617.0,0.01,188.0,2.8,5.6,52.7
2026-04-09,Total,Total,Total,1209107.0,640383.0,53.0,153557.0,12.7,67627550.0,133313020.0,575.0,13596420.0,71.0,10.2,12145.0,6397.0,0.01,157.0,2.5,4.7,45.2
2026-04-10,Total,Total,Total,1504377.0,736065.0,48.9,175558.0,11.7,95387120.0,159605940.0,733.0,17452440.0,122.0,10.9,14749.0,8024.0,0.01,232.0,2.9,5.0,52.6
2026-04-11,Total,Total,Total,1499353.0,735360.0,49.0,176778.0,11.8,117348550.0,182576970.0,852.0,16666190.0,123.0,9.1,16462.0,8704.0,0.01,299.0,3.4,5.2,41.1
2026-04-12,Total,Total,Total,1498443.0,734630.0,49.0,178940.0,11.9,192666130.0,224974840.0,1092.0,25664770.0,154.0,11.4,18426.0,9875.0,0.01,365.0,3.7,5.9,42.2
2026-04-13,Total,Total,Total,1491727.0,727687.0,48.8,176927.0,11.9,120481018.0,206034838.0,1011.0,24494510.0,160.0,11.9,17741.0,9952.0,0.01,328.0,3.3,5.7,48.8
2026-04-14,Total,Total,Total,1498018.0,725150.0,48.4,177787.0,11.9,97936560.0,181194750.0,966.0,19306380.0,132.0,10.7,17698.0,9922.0,0.01,309.0,3.1,5.5,42.7
2026-04-15,Total,Total,Total,1508783.0,722607.0,47.9,178351.0,11.8,86445640.0,174753719.0,968.0,19118430.0,143.0,10.9,16905.0,9325.0,0.01,302.0,3.2,5.7,47.4
2026-04-16,Total,Total,Total,1539964.0,719778.0,46.7,178352.0,11.6,98804929.0,173780549.0,899.0,13119480.0,116.0,7.5,16376.0,9089.0,0.01,265.0,2.9,5.5,43.8
2026-04-17,Total,Total,Total,1539199.0,717084.0,46.6,177673.0,11.5,81544930.0,154070680.0,814.0,14423600.0,113.0,9.4,14922.0,8218.0,0.01,227.0,2.8,5.5,49.8
2026-04-18,Total,Total,Total,1528713.0,713663.0,46.7,176542.0,11.5,141875294.0,205114444.0,981.0,22078250.0,144.0,10.8,16784.0,8778.0,0.01,299.0,3.4,5.8,48.2
2026-04-19,Total,Total,Total,1537932.0,713157.0,46.4,179108.0,11.6,183775960.0,216395080.0,1107.0,25179980.0,165.0,11.6,19058.0,10176.0,0.01,350.0,3.4,5.8,47.1
2026-04-20,Total,Total,Total,1551838.0,709993.0,45.8,179306.0,11.6,97734720.0,176191200.0,927.0,24131990.0,153.0,13.7,16928.0,9284.0,0.01,290.0,3.1,5.5,52.8
2026-04-21,Total,Total,Total,1541674.0,705844.0,45.8,182035.0,11.8,83618370.0,157856150.0,834.0,16794480.0,122.0,10.6,16466.0,9022.0,0.01,281.0,3.1,5.1,43.4
2026-04-22,Total,Total,Total,1555597.0,703721.0,45.2,180859.0,11.6,107020709.0,163571699.0,887.0,19331270.0,127.0,11.8,16491.0,9009.0,0.01,273.0,3.0,5.4,46.5
2026-04-23,Total,Total,Total,1278266.0,640383.0,50.1,160612.0,12.6,76985410.0,137245620.0,650.0,10889650.0,84.0,7.9,12918.0,7234.0,0.01,186.0,2.6,5.0,45.2
2026-04-24,Total,Total,Total,1566964.0,702155.0,44.8,0.0,0.0,95607760.0,156995440.0,751.0,14939700.0,101.0,9.5,15245.0,8676.0,0.01,220.0,2.5,4.9,45.9
2026-04-25,Total,Total,Total,1569469.0,702155.0,44.7,0.0,0.0,155145120.0,216157820.0,947.0,18544400.0,123.0,8.6,16287.0,8532.0,0.01,294.0,3.4,5.8,41.8
2026-04-26,Total,Total,Total,1557769.0,701222.0,45.0,0.0,0.0,195866150.0,232030670.0,1109.0,23474460.0,150.0,10.1,18388.0,9660.0,0.01,360.0,3.7,6.0,41.7
2026-04-27,Total,Total,Total,1574135.0,699737.0,44.5,0.0,0.0,118456430.0,183417680.0,937.0,20592000.0,137.0,11.2,19650.0,11863.0,0.01,325.0,2.7,4.8,42.2
2026-04-28,Total,Total,Total,1572710.0,698088.0,44.4,0.0,0.0,106131450.0,185536060.0,885.0,19249810.0,131.0,10.4,20462.0,13126.0,0.01,294.0,2.2,4.3,44.6
2026-04-29,Total,Total,Total,1614364.0,697944.0,43.2,0.0,0.0,101218570.0,166406240.0,840.0,17761780.0,123.0,10.7,20857.0,13768.0,0.01,304.0,2.2,4.0,40.5
2026-04-30,Total,Total,Total,1713816.0,696991.0,40.7,179281.0,10.5,84713610.0,152467330.0,773.0,13534380.0,109.0,8.9,18765.0,12327.0,0.01,269.0,2.2,4.1,40.5
2026-05-01,Total,Total,Total,1701191.0,694290.0,40.8,177435.0,10.4,165038860.0,199674840.0,1031.0,22310090.0,188.0,11.2,20157.0,11934.0,0.01,398.0,3.3,5.1,47.2
2026-05-02,Total,Total,Total,1693155.0,692130.0,40.9,180841.0,10.7,169661440.0,204681858.0,946.0,25658950.0,139.0,12.5,21425.0,13281.0,0.01,332.0,2.5,4.4,41.9
2026-05-03,Total,Total,Total,1683414.0,691157.0,41.1,179745.0,10.7,148487860.0,216664810.0,1059.0,24709710.0,183.0,11.4,26853.0,18290.0,0.02,403.0,2.2,3.9,45.4
2026-05-04,Total,Total,Total,1684178.0,691977.0,41.1,0.0,0.0,99231164.0,192368444.0,946.0,22033544.0,166.0,11.5,24457.0,16830.0,0.01,393.0,2.3,3.9,42.2
2026-05-05,Total,Total,Total,1391614.0,640383.0,46.0,161775.0,11.6,138945310.0,190089510.0,975.0,24205600.0,158.0,12.7,21546.0,13826.0,0.02,362.0,2.6,4.5,43.6
2026-05-06,Total,Total,Total,1400254.0,640383.0,45.7,163675.0,11.7,124557780.0,177943080.0,902.0,20642480.0,148.0,11.6,18251.0,11907.0,0.01,293.0,2.5,4.9,50.5
2026-05-07,Total,Total,Total,1411105.0,640383.0,45.4,0.0,0.0,64136230.0,126816960.0,688.0,13200960.0,106.0,10.4,16609.0,10626.0,0.01,235.0,2.2,4.1,45.1
2026-05-08,Total,Total,Total,1837043.0,682527.0,37.2,175158.0,9.5,84772810.0,159654680.0,778.0,19473850.0,118.0,12.2,18690.0,12009.0,0.01,278.0,2.3,4.2,42.4
2026-05-09,Total,Total,Total,1832666.0,682061.0,37.2,0.0,0.0,115865550.0,172764650.0,853.0,16025510.0,114.0,9.3,21298.0,13388.0,0.01,282.0,2.1,4.0,40.4
2026-05-10,Total,Total,Total,1824227.0,680846.0,37.3,0.0,0.0,152718740.0,180103790.0,959.0,17434950.0,146.0,9.7,23061.0,14553.0,0.01,366.0,2.5,4.2,39.9
2026-05-11,Total,Total,Total,1786504.0,668146.0,37.4,171764.0,9.6,74982460.0,157151860.0,771.0,19198190.0,132.0,12.2,21620.0,14889.0,0.01,294.0,2.0,3.6,44.9
2026-05-12,Total,Total,Total,1914661.0,709923.0,37.1,172672.0,9.0,92431070.0,171188130.0,880.0,18858480.0,129.0,11.0,23531.0,16251.0,0.01,293.0,1.8,3.7,44.0
2026-05-13,Total,Total,Total,1906092.0,707053.0,37.1,175744.0,9.2,124514158.0,205908238.0,975.0,17102370.0,132.0,8.3,22891.0,15615.0,0.01,294.0,1.9,4.3,44.9
2026-05-14,Total,Total,Total,1947382.0,705874.0,36.2,174801.0,9.0,124327138.0,190968678.0,921.0,22645800.0,153.0,11.9,21587.0,14376.0,0.01,331.0,2.3,4.3,46.2
2026-05-15,Total,Total,Total,2003578.0,704418.0,35.2,173444.0,8.7,83180380.0,151739770.0,823.0,13915880.0,113.0,9.2,19626.0,12634.0,0.01,274.0,2.2,4.2,41.2
2026-05-16,Total,Total,Total,2007217.0,704617.0,35.1,170726.0,8.5,118792105.0,164899625.0,879.0,19753020.0,145.0,12.0,21098.0,13294.0,0.01,312.0,2.3,4.2,46.5
2026-05-17,Total,Total,Total,1982050.0,702582.0,35.4,169797.0,8.6,181984830.0,225008280.0,1134.0,27488620.0,184.0,12.2,24262.0,15583.0,0.01,392.0,2.5,4.7,46.9
2026-05-18,Total,Total,Total,1530553.0,640383.0,41.8,162083.0,10.6,50937820.0,115307190.0,721.0,10663950.0,102.0,9.2,17788.0,11518.0,0.01,248.0,2.2,4.1,41.1
2026-05-19,Total,Total,Total,1542618.0,640383.0,41.5,160603.0,10.4,41831943.0,108718153.0,662.0,12601710.0,101.0,11.6,17129.0,11122.0,0.01,198.0,1.8,3.9,51.0
2026-05-20,Total,Total,Total,1549141.0,640383.0,41.3,161352.0,10.4,46465720.0,105936230.0,628.0,15407440.0,115.0,14.5,17304.0,11337.0,0.01,228.0,2.0,3.6,50.4
2026-05-21,Total,Total,Total,1554580.0,640383.0,41.2,160478.0,10.3,51210940.0,97449050.0,572.0,11013210.0,97.0,11.3,16502.0,11102.0,0.01,197.0,1.8,3.5,49.2
2026-05-22,Total,Total,Total,1933308.0,690927.0,35.7,168240.0,8.7,79340850.0,133912330.0,634.0,15690390.0,93.0,11.7,18814.0,12566.0,0.01,236.0,1.9,3.4,39.4
2026-05-23,Total,Total,Total,1906329.0,689939.0,36.2,167920.0,8.8,129957800.0,155783760.0,795.0,18145900.0,120.0,11.6,20854.0,13547.0,0.01,274.0,2.0,3.8,43.8
2026-05-24,Total,Total,Total,1905123.0,688895.0,36.2,170165.0,8.9,103600650.0,168054750.0,833.0,20182100.0,128.0,12.0,22131.0,14321.0,0.01,321.0,2.2,3.8,39.9
2026-05-25,Total,Total,Total,1574480.0,640383.0,40.7,160603.0,10.2,104895330.0,143488620.0,773.0,18666420.0,130.0,13.0,20496.0,13142.0,0.01,270.0,2.1,3.8,48.1
2026-05-26,Total,Total,Total,1900813.0,685818.0,36.1,0.0,0.0,105781020.0,148460250.0,877.0,20477640.0,144.0,13.8,21537.0,14335.0,0.01,301.0,2.1,4.1,47.8
2026-05-27,Total,Total,Total,1584843.0,640383.0,40.4,160918.0,10.2,65183760.0,119157095.0,690.0,14856230.0,116.0,12.5,18152.0,11957.0,0.01,234.0,2.0,3.8,49.6
2026-05-28,Total,Total,Total,1810180.0,682540.0,37.7,170240.0,9.4,67486738.0,129714068.0,764.0,16790668.0,136.0,12.9,20295.0,13504.0,0.01,290.0,2.1,3.8,46.9
2026-05-29,Total,Total,Total,1830028.0,680886.0,37.2,171993.0,9.4,71407804.0,121197144.0,707.0,13086390.0,107.0,10.8,19037.0,12889.0,0.01,246.0,1.9,3.7,43.5
2026-05-30,Total,Total,Total,1829707.0,680045.0,37.2,169665.0,9.3,114871466.0,149838086.0,794.0,17085050.0,135.0,11.4,21019.0,13780.0,0.01,324.0,2.4,3.8,41.7
2026-05-31,Total,Total,Total,1826674.0,678435.0,37.1,170940.0,9.4,136029870.0,164355328.0,913.0,22912440.0,151.0,13.9,23503.0,15496.0,0.01,366.0,2.4,3.9,41.3
2026-06-01,Total,Total,Total,1820809.0,676722.0,37.2,167492.0,9.2,78969820.0,149059100.0,908.0,16992750.0,166.0,11.4,21793.0,14866.0,0.01,343.0,2.3,4.2,48.4
2026-06-02,Total,Total,Total,1812570.0,674653.0,37.2,169860.0,9.4,89632212.0,159423202.0,795.0,19838280.0,137.0,12.4,20662.0,14048.0,0.01,287.0,2.0,3.8,47.7
2026-06-03,Total,Total,Total,1806883.0,673038.0,37.2,169311.0,9.4,163021810.0,198095700.0,981.0,26181120.0,166.0,13.2,23085.0,14956.0,0.01,337.0,2.3,4.2,49.3
2026-06-04,Total,Total,Total,1808569.0,670986.0,37.1,167862.0,9.3,77331100.0,141236850.0,725.0,17676970.0,128.0,12.5,20137.0,13627.0,0.01,239.0,1.8,3.6,53.6
2026-06-05,Total,Total,Total,1804133.0,664791.0,36.8,164388.0,9.1,73160150.0,126166900.0,663.0,15301460.0,99.0,12.1,19264.0,12977.0,0.01,233.0,1.8,3.4,42.5
2026-06-06,Total,Total,Total,1800791.0,663911.0,36.9,166729.0,9.3,125392170.0,172537630.0,834.0,16125010.0,99.0,9.3,20161.0,12955.0,0.01,264.0,2.0,4.1,37.5
2026-06-07,Total,Total,Total,1799287.0,662345.0,36.8,167971.0,9.3,138099800.0,165472100.0,880.0,17027690.0,123.0,10.3,20664.0,12890.0,0.01,317.0,2.5,4.3,38.8
2026-06-08,Total,Total,Total,1802730.0,661152.0,36.7,0.0,0.0,81190390.0,122706860.0,677.0,13969290.0,126.0,11.4,16723.0,10366.0,0.01,250.0,2.4,4.0,50.4
2026-06-09,Total,Total,Total,1790054.0,659886.0,36.9,0.0,0.0,42950110.0,126991850.0,709.0,17013610.0,100.0,13.4,17993.0,11639.0,0.01,243.0,2.1,3.9,41.2
2026-06-10,Total,Total,Total,1784083.0,657542.0,36.9,166705.0,9.3,57065640.0,119156710.0,679.0,12923160.0,103.0,10.8,19359.0,13138.0,0.01,248.0,1.9,3.5,41.5
2026-06-11,Total,Total,Total,1781648.0,656181.0,36.8,167348.0,9.4,39953200.0,124965610.0,676.0,14425730.0,85.0,11.5,18499.0,12270.0,0.01,200.0,1.6,3.7,42.5
2026-06-12,Total,Total,Total,1800106.0,653635.0,36.3,166440.0,9.2,60709500.0,110494590.0,617.0,10099070.0,82.0,9.1,17678.0,11598.0,0.01,219.0,1.9,3.5,37.4
2026-06-13,Total,Total,Total,1842892.0,653818.0,35.5,165713.0,9.0,100322978.0,144397198.0,756.0,16972910.0,117.0,11.8,18764.0,12086.0,0.01,252.0,2.1,4.0,46.4
2026-06-14,Total,Total,Total,1873355.0,652384.0,34.8,167157.0,8.9,152047540.0,193944140.0,885.0,18143960.0,117.0,9.4,21595.0,14146.0,0.01,266.0,1.9,4.1,44.0
2026-06-15,Total,Total,Total,1870491.0,648864.0,34.7,165145.0,8.8,111759440.0,178303740.0,894.0,21211430.0,141.0,11.9,20443.0,13402.0,0.01,308.0,2.3,4.4,45.8
2026-06-16,Total,Total,Total,1854445.0,643842.0,34.7,166779.0,9.0,102691420.0,158985150.0,813.0,19889000.0,136.0,12.5,18142.0,11123.0,0.01,291.0,2.6,4.5,46.7
2026-06-17,Total,Total,Total,1853910.0,643289.0,34.7,166029.0,9.0,96555010.0,166881140.0,856.0,17426960.0,139.0,10.4,17795.0,10595.0,0.01,307.0,2.9,4.8,45.3
2026-06-18,Total,Total,Total,1887804.0,643285.0,34.1,164859.0,8.7,113394990.0,178681990.0,825.0,20206980.0,111.0,11.3,16898.0,9915.0,0.01,245.0,2.5,4.9,45.3
2026-06-19,Total,Total,Total,1889616.0,642146.0,34.0,165043.0,8.7,95874070.0,162161660.0,756.0,16113100.0,103.0,9.9,15605.0,9083.0,0.01,226.0,2.5,4.8,45.6
2026-06-20,Total,Total,Total,1887491.0,641232.0,34.0,165407.0,8.8,119033590.0,170186880.0,823.0,15109310.0,94.0,8.9,17351.0,10087.0,0.01,233.0,2.3,4.7,40.3
2026-06-21,Total,Total,Total,1887393.0,640383.0,33.9,166350.0,8.8,172576290.0,212950530.0,974.0,20010490.0,126.0,9.4,18567.0,10668.0,0.01,330.0,3.1,5.2,38.2
2026-06-22,Total,Total,Total,1882883.0,637048.0,33.8,165193.0,8.8,90445090.0,165913570.0,758.0,14354800.0,95.0,8.7,18082.0,11729.0,0.01,216.0,1.8,4.2,44.0
2026-06-23,Total,Total,Total,1889988.0,638962.0,33.8,161717.0,8.6,65499720.0,138061480.0,757.0,12798690.0,104.0,9.3,15326.0,9258.0,0.01,256.0,2.8,4.9,40.6
2026-06-24,Total,Total,Total,1863724.0,637916.0,34.2,162763.0,8.7,70726920.0,129168820.0,715.0,15649400.0,106.0,12.1,15971.0,9705.0,0.01,239.0,2.5,4.5,44.4
2026-06-25,Total,Total,Total,1860225.0,633211.0,34.0,162983.0,8.8,79545830.0,149573790.0,711.0,17797870.0,107.0,11.9,14860.0,8877.0,0.01,210.0,2.4,4.8,51.0
2026-06-26,Total,Total,Total,1858334.0,635292.0,34.2,161012.0,8.7,84115440.0,145663760.0,702.0,11980800.0,97.0,8.2,13727.0,7914.0,0.01,208.0,2.6,5.1,46.6
2026-06-27,Total,Total,Total,1847097.0,634151.0,34.3,0.0,0.0,110256460.0,165726050.0,804.0,12605290.0,91.0,7.6,15940.0,8999.0,0.01,228.0,2.5,5.0,39.9
2026-06-28,Total,Total,Total,1844692.0,633392.0,34.3,163909.0,8.9,167273620.0,202366780.0,1066.0,20534820.0,165.0,10.1,18130.0,10514.0,0.01,333.0,3.2,5.9,49.5
2026-06-29,Total,Total,Total,1847781.0,631328.0,34.2,0.0,0.0,84771410.0,154118580.0,830.0,21815030.0,128.0,14.2,16269.0,9804.0,0.01,291.0,3.0,5.1,44.0
2026-06-30,Total,Total,Total,1839408.0,628049.0,34.1,161245.0,8.8,63076690.0,133363960.0,706.0,16152690.0,116.0,12.1,15951.0,9701.0,0.01,272.0,2.8,4.4,42.6
2026-07-01,Total,Total,Total,1845395.0,627311.0,34.0,159992.0,8.7,96471890.0,149289370.0,785.0,14046550.0,118.0,9.4,15893.0,9625.0,0.01,249.0,2.6,4.9,47.4
2026-07-02,Total,Total,Total,1845995.0,625893.0,33.9,157893.0,8.6,59786470.0,110759370.0,671.0,17104890.0,125.0,15.4,14720.0,9045.0,0.01,225.0,2.5,4.6,55.6
2026-07-03,Total,Total,Total,1860099.0,625577.0,33.6,157554.0,8.5,85139066.0,138186866.0,716.0,12268520.0,104.0,8.9,14230.0,8433.0,0.01,228.0,2.7,5.0,45.6
2026-07-04,Total,Total,Total,1862258.0,625788.0,33.6,161152.0,8.7,108967090.0,163504050.0,835.0,18257710.0,112.0,11.2,16377.0,9503.0,0.01,263.0,2.8,5.1,42.6
2026-07-05,Total,Total,Total,1858798.0,624787.0,33.6,161320.0,8.7,158173880.0,183230450.0,925.0,18166480.0,130.0,9.9,19630.0,12078.0,0.01,300.0,2.5,4.7,43.3
2026-07-06,Total,Total,Total,1849541.0,622222.0,33.6,161392.0,8.7,97982560.0,154376390.0,792.0,17446570.0,121.0,11.3,17206.0,10623.0,0.01,283.0,2.7,4.6,42.8
2026-07-07,Total,Total,Total,1854768.0,620725.0,33.5,160356.0,8.6,106632910.0,165012050.0,812.0,18525930.0,126.0,11.2,17201.0,10442.0,0.01,290.0,2.8,4.7,43.4
2026-07-08,Total,Total,Total,1857234.0,620250.0,33.4,163312.0,8.8,77853930.0,147004060.0,811.0,15677820.0,113.0,10.7,16871.0,10168.0,0.01,283.0,2.8,4.8,39.9
2026-07-09,Total,Total,Total,1876867.0,617664.0,32.9,160601.0,8.6,112226410.0,176263780.0,771.0,23311920.0,122.0,13.2,16571.0,10215.0,0.01,279.0,2.7,4.7,43.7
2026-07-10,Total,Total,Total,1854411.0,615070.0,33.2,159203.0,8.6,94752310.0,149541310.0,733.0,14671390.0,110.0,9.8,14920.0,8847.0,0.01,250.0,2.8,4.9,44.0
2026-07-11,Total,Total,Total,1847518.0,614122.0,33.2,158132.0,8.6,106926620.0,162329330.0,818.0,14684660.0,116.0,9.0,16546.0,9595.0,0.01,275.0,2.9,4.9,42.2
2026-07-12,Total,Total,Total,1843393.0,612941.0,33.3,160163.0,8.7,159885970.0,187985730.0,978.0,18752880.0,134.0,10.0,18543.0,10630.0,0.01,329.0,3.1,5.3,40.7
2026-07-13,Total,Total,Total,1894082.0,611090.0,32.3,157185.0,8.3,92271930.0,144626610.0,805.0,15496370.0,118.0,10.7,15746.0,9481.0,0.01,293.0,3.1,5.1,40.3
2026-07-14,Total,Total,Total,1909940.0,609628.0,31.9,159366.0,8.3,64094630.0,124868630.0,688.0,14070000.0,82.0,11.3,15819.0,9807.0,0.01,211.0,2.2,4.3,38.9
2026-07-15,Total,Total,Total,1917556.0,713888.0,37.2,159328.0,8.3,78435260.0,128795460.0,715.0,14656080.0,106.0,11.4,15234.0,9324.0,0.01,259.0,2.8,4.7,40.9
2026-07-16,Total,Total,Total,1940658.0,809022.0,41.7,156753.0,8.1,57394430.0,111717000.0,602.0,10085820.0,76.0,9.0,13517.0,8246.0,0.01,197.0,2.4,4.5,38.6
2026-07-17,Total,Total,Total,1948587.0,890221.0,45.7,158547.0,8.1,128623260.0,154313610.0,802.0,20440340.0,121.0,13.2,15251.0,8870.0,0.01,267.0,3.0,5.3,45.3
2026-07-18,Total,Total,Total,1929342.0,914968.0,47.4,160244.0,8.3,85870220.0,144211840.0,759.0,14461230.0,95.0,10.0,16116.0,9383.0,0.01,281.0,3.0,4.7,33.8
2026-07-19,Total,Total,Total,1934352.0,953109.0,49.3,159937.0,8.3,117337380.0,147709060.0,810.0,14707200.0,105.0,10.0,17306.0,10191.0,0.01,300.0,2.9,4.7,35.0
2026-07-20,Total,Total,Total,1940848.0,957345.0,49.3,158929.0,8.2,58646110.0,128544770.0,714.0,14028200.0,124.0,10.9,16204.0,9921.0,0.01,293.0,3.0,4.4,42.3
2026-07-21,Total,Total,Total,1947140.0,962144.0,49.4,160323.0,8.2,67748070.0,116951850.0,735.0,17175220.0,129.0,14.7,16049.0,9743.0,0.01,302.0,3.1,4.6,42.7
2026-07-22,Total,Total,Total,1909664.0,955271.0,50.0,162372.0,8.5,72544700.0,128942830.0,738.0,17583240.0,131.0,13.6,15142.0,9079.0,0.01,256.0,2.8,4.9,51.2
2026-07-23,Total,Total,Total,1800336.0,861707.0,47.9,133374.0,7.4,59118340.0,114824100.0,652.0,11316030.0,94.0,9.9,13770.0,9095.0,0.01,212.0,2.3,4.7,44.3
2026-07-24,Total,Total,Total,1859510.0,866509.0,46.6,133479.0,7.2,62896150.0,108696490.0,611.0,12622790.0,75.0,11.6,12676.0,7497.0,0.01,187.0,2.5,4.8,40.1
2026-07-25,Total,Total,Total,1868596.0,870378.0,46.6,135240.0,7.2,78346350.0,117189150.0,633.0,13237340.0,92.0,11.3,13657.0,7667.0,0.01,218.0,2.8,4.6,42.2
2026-07-26,Total,Total,Total,1884132.0,877221.0,46.6,135736.0,7.2,110084430.0,130880960.0,714.0,18483520.0,112.0,14.1,15535.0,9153.0,0.01,262.0,2.9,4.6,42.7
2026-07-27,Total,Total,Total,1923362.0,872095.0,45.3,134330.0,7.0,71214610.0,124867140.0,635.0,10581640.0,75.0,8.5,14559.0,8887.0,0.01,207.0,2.3,4.4,36.2
2026-07-28,Total,Total,Total,1919822.0,870631.0,45.3,133353.0,6.9,47840130.0,104524850.0,558.0,11984700.0,83.0,11.5,12798.0,7604.0,0.01,198.0,2.6,4.4,41.9
2026-07-29,Total,Total,Total,1920210.0,871011.0,45.4,133439.0,6.9,87698510.0,134339900.0,613.0,16882060.0,87.0,12.6,12575.0,7407.0,0.01,177.0,2.4,4.9,49.2
2026-01-01,Total,Total,최저가,178171.0,125521.0,70.4,178171.0,100.0,171236020.0,202155550.0,630.0,18825130.0,83.0,9.3,9985.0,4431.0,0.06,208.0,4.7,6.3,39.9
2026-01-02,Total,Total,최저가,176841.0,124974.0,70.7,176841.0,100.0,89793200.0,208197650.0,606.0,17628400.0,69.0,8.5,9540.0,4409.0,0.05,165.0,3.7,6.4,41.8
2026-01-03,Total,Total,최저가,179236.0,128053.0,71.4,179236.0,100.0,102289900.0,210822090.0,597.0,20885040.0,71.0,9.9,10633.0,4547.0,0.06,194.0,4.3,5.6,36.6
2026-01-04,Total,Total,최저가,178732.0,125796.0,70.4,178732.0,100.0,145369410.0,191355930.0,671.0,19622130.0,101.0,10.3,11404.0,5214.0,0.06,234.0,4.5,5.9,43.2
2026-01-05,Total,Total,최저가,176925.0,124592.0,70.4,176925.0,100.0,91801690.0,169766630.0,557.0,21594860.0,107.0,12.7,9099.0,4072.0,0.05,184.0,4.5,6.1,58.2
2026-01-06,Total,Total,최저가,176299.0,123042.0,69.8,176299.0,100.0,63732700.0,136200290.0,499.0,14617410.0,76.0,10.7,8687.0,4050.0,0.05,177.0,4.4,5.7,42.9
2026-01-07,Total,Total,최저가,176356.0,123492.0,70.0,176356.0,100.0,92832120.0,162705670.0,532.0,19286520.0,80.0,11.9,8835.0,4020.0,0.05,170.0,4.2,6.0,47.1
2026-01-08,Total,Total,최저가,176393.0,123866.0,70.2,176393.0,100.0,61211560.0,152888150.0,466.0,12491990.0,59.0,8.2,8239.0,3759.0,0.05,135.0,3.6,5.7,43.7
2026-01-09,Total,Total,최저가,175163.0,122976.0,70.2,175163.0,100.0,62465990.0,126778990.0,398.0,10001060.0,55.0,7.9,7468.0,3280.0,0.04,141.0,4.3,5.3,39.0
2026-01-10,Total,Total,최저가,176341.0,123965.0,70.3,176341.0,100.0,146555960.0,221328350.0,640.0,18986180.0,76.0,8.6,9576.0,3931.0,0.05,182.0,4.6,6.7,41.8
2026-01-11,Total,Total,최저가,179902.0,127500.0,70.9,179902.0,100.0,213217990.0,268773990.0,811.0,29000230.0,118.0,10.8,11942.0,5134.0,0.07,258.0,5.0,6.8,45.7
2026-01-12,Total,Total,최저가,178318.0,126652.0,71.0,178318.0,100.0,88787165.0,178980555.0,608.0,21309640.0,93.0,11.9,9857.0,4427.0,0.06,189.0,4.3,6.2,49.2
2026-01-13,Total,Total,최저가,178013.0,126448.0,71.0,178013.0,100.0,111984860.0,215361540.0,637.0,19114660.0,90.0,8.9,9836.0,4284.0,0.06,193.0,4.5,6.5,46.6
2026-01-14,Total,Total,최저가,177641.0,125717.0,70.8,177641.0,100.0,97411380.0,192698330.0,628.0,17121370.0,87.0,8.9,10231.0,4437.0,0.06,184.0,4.1,6.1,47.3
2026-01-15,Total,Total,최저가,174164.0,122940.0,70.6,174164.0,100.0,40328000.0,124427800.0,474.0,13855330.0,74.0,11.1,8484.0,3887.0,0.05,162.0,4.2,5.6,45.7
2026-01-16,Total,Total,최저가,175187.0,123442.0,70.5,175187.0,100.0,78377660.0,155425530.0,490.0,11816540.0,67.0,7.6,7982.0,3508.0,0.05,148.0,4.2,6.1,45.3
2026-01-17,Total,Total,최저가,176375.0,124821.0,70.8,176375.0,100.0,86017550.0,171304740.0,539.0,17810960.0,74.0,10.4,9123.0,3878.0,0.05,171.0,4.4,5.9,43.3
2026-01-18,Total,Total,최저가,179223.0,127627.0,71.2,179223.0,100.0,169730730.0,213559750.0,694.0,25316960.0,111.0,11.9,10402.0,4445.0,0.06,217.0,4.9,6.7,51.2
2026-01-19,Total,Total,최저가,177084.0,126192.0,71.3,177084.0,100.0,103856310.0,178787910.0,587.0,18734110.0,86.0,10.5,9694.0,4333.0,0.05,180.0,4.2,6.1,47.8
2026-01-20,Total,Total,최저가,178100.0,127075.0,71.4,178100.0,100.0,67314890.0,157045990.0,573.0,19082090.0,99.0,12.2,9550.0,4304.0,0.05,174.0,4.0,6.0,56.9
2026-01-21,Total,Total,최저가,176202.0,125300.0,71.1,176202.0,100.0,96767830.0,183444950.0,611.0,17482200.0,92.0,9.5,9348.0,4258.0,0.05,195.0,4.6,6.5,47.2
2026-01-22,Total,Total,최저가,177152.0,124840.0,70.5,177152.0,100.0,100330600.0,162384280.0,541.0,22493410.0,89.0,13.9,8805.0,4070.0,0.05,157.0,3.9,6.1,56.7
2026-01-23,Total,Total,최저가,179598.0,126260.0,70.3,179598.0,100.0,104617560.0,196229510.0,608.0,10994820.0,66.0,5.6,8682.0,3704.0,0.05,138.0,3.7,7.0,47.8
2026-01-24,Total,Total,최저가,183656.0,130049.0,70.8,183656.0,100.0,121565930.0,190659790.0,633.0,19810040.0,93.0,10.4,9654.0,3924.0,0.05,218.0,5.6,6.6,42.7
2026-01-25,Total,Total,최저가,186923.0,134076.0,71.7,186923.0,100.0,216710650.0,268873520.0,765.0,36976380.0,119.0,13.8,11164.0,4779.0,0.06,247.0,5.2,6.9,48.2
2026-01-26,Total,Total,최저가,185171.0,133263.0,72.0,185171.0,100.0,91237725.0,162511090.0,584.0,16282400.0,94.0,10.0,9227.0,4045.0,0.05,210.0,5.2,6.3,44.8
2026-01-27,Total,Total,최저가,176247.0,124770.0,70.8,176247.0,100.0,52506900.0,135631790.0,507.0,12041380.0,69.0,8.9,8174.0,3494.0,0.05,153.0,4.4,6.2,45.1
2026-01-28,Total,Total,최저가,178549.0,125051.0,70.0,178549.0,100.0,51874790.0,118698760.0,448.0,15237690.0,72.0,12.8,7826.0,3427.0,0.04,156.0,4.6,5.7,46.2
2026-01-29,Total,Total,최저가,182762.0,129263.0,70.7,182762.0,100.0,66047000.0,127880460.0,460.0,16093890.0,75.0,12.6,7495.0,3227.0,0.04,135.0,4.2,6.1,55.6
2026-01-30,Total,Total,최저가,187397.0,133776.0,71.4,187397.0,100.0,78908930.0,150060530.0,481.0,14091390.0,70.0,9.4,7550.0,3266.0,0.04,115.0,3.5,6.4,60.9
2026-01-31,Total,Total,최저가,182492.0,129197.0,70.8,182492.0,100.0,81692570.0,155265190.0,471.0,11653520.0,60.0,7.5,8409.0,3399.0,0.05,165.0,4.9,5.6,36.4
2026-02-01,Total,Total,최저가,184947.0,132181.0,71.5,184947.0,100.0,178114960.0,214962920.0,739.0,19857940.0,97.0,9.2,9749.0,3998.0,0.05,206.0,5.2,7.6,47.1
2026-02-02,Total,Total,최저가,182233.0,130604.0,71.7,182233.0,100.0,63894820.0,126309680.0,477.0,12987310.0,68.0,10.3,7868.0,3463.0,0.04,140.0,4.0,6.1,48.6
2026-02-03,Total,Total,최저가,187482.0,132117.0,70.5,187482.0,100.0,95062810.0,177006920.0,567.0,14789470.0,86.0,8.4,8520.0,3680.0,0.05,171.0,4.6,6.7,50.3
2026-02-04,Total,Total,최저가,189159.0,133751.0,70.7,189159.0,100.0,94230470.0,177436020.0,569.0,10052580.0,61.0,5.7,8573.0,3777.0,0.05,158.0,4.2,6.6,38.6
2026-02-05,Total,Total,최저가,190469.0,135767.0,71.3,190469.0,100.0,69021980.0,124372540.0,505.0,17376840.0,91.0,14.0,8164.0,3574.0,0.04,152.0,4.3,6.2,59.9
2026-02-06,Total,Total,최저가,192183.0,134512.0,70.0,192183.0,100.0,69051110.0,125329180.0,457.0,14415720.0,59.0,11.5,8072.0,3482.0,0.04,144.0,4.1,5.7,41.0
2026-02-07,Total,Total,최저가,195370.0,130122.0,66.6,195370.0,100.0,96068360.0,149790280.0,563.0,14052500.0,82.0,9.4,9344.0,3794.0,0.05,176.0,4.6,6.0,46.6
2026-02-08,Total,Total,최저가,196638.0,133839.0,68.1,196638.0,100.0,169176440.0,202448480.0,824.0,25484780.0,125.0,12.6,11515.0,4975.0,0.06,270.0,5.4,7.2,46.3
2026-02-09,Total,Total,최저가,194306.0,134253.0,69.1,194306.0,100.0,79813220.0,152260380.0,615.0,17080670.0,99.0,11.2,8922.0,3956.0,0.05,179.0,4.5,6.9,55.3
2026-02-10,Total,Total,최저가,195111.0,134872.0,69.1,195111.0,100.0,74659540.0,119981710.0,505.0,13595620.0,81.0,11.3,8434.0,3760.0,0.04,171.0,4.5,6.0,47.4
2026-02-11,Total,Total,최저가,194425.0,134986.0,69.4,194425.0,100.0,83079410.0,136078800.0,542.0,15638720.0,90.0,11.5,8110.0,3558.0,0.04,161.0,4.5,6.7,55.9
2026-02-12,Total,Total,최저가,193632.0,135682.0,70.1,193632.0,100.0,69284700.0,126569200.0,499.0,11907540.0,69.0,9.4,7420.0,3127.0,0.04,128.0,4.1,6.7,53.9
2026-02-13,Total,Total,최저가,193066.0,135334.0,70.1,193066.0,100.0,61308930.0,116382740.0,429.0,9194800.0,52.0,7.9,7154.0,2988.0,0.04,118.0,3.9,6.0,44.1
2026-02-14,Total,Total,최저가,195741.0,138056.0,70.5,195741.0,100.0,84144050.0,152453920.0,506.0,16249470.0,72.0,10.7,8069.0,3321.0,0.04,167.0,5.0,6.3,43.1
2026-02-15,Total,Total,최저가,191947.0,136265.0,71.0,191947.0,100.0,115789160.0,141702980.0,489.0,14125120.0,69.0,10.0,8199.0,3481.0,0.04,144.0,4.1,6.0,47.9
2026-02-16,Total,Total,최저가,190730.0,135725.0,71.2,190730.0,100.0,114206060.0,139673260.0,472.0,17436060.0,84.0,12.5,7794.0,3248.0,0.04,167.0,5.1,6.1,50.3
2026-02-17,Total,Total,최저가,189159.0,134984.0,71.4,189159.0,100.0,72587020.0,98251420.0,397.0,10416370.0,63.0,10.6,7629.0,3252.0,0.04,141.0,4.3,5.2,44.7
2026-02-18,Total,Total,최저가,187192.0,133843.0,71.5,187192.0,100.0,131160650.0,155212800.0,643.0,19360350.0,105.0,12.5,9885.0,4406.0,0.05,222.0,5.0,6.5,47.3
2026-02-19,Total,Total,최저가,184379.0,132259.0,71.7,184379.0,100.0,84809590.0,148703530.0,598.0,16083140.0,95.0,10.8,9112.0,4123.0,0.05,197.0,4.8,6.6,48.2
2026-02-20,Total,Total,최저가,185643.0,133391.0,71.9,185643.0,100.0,104782550.0,159153330.0,600.0,18490240.0,98.0,11.6,8506.0,3653.0,0.05,203.0,5.6,7.1,48.3
2026-02-21,Total,Total,최저가,184597.0,132202.0,71.6,184597.0,100.0,90561185.0,153923885.0,616.0,16186420.0,79.0,10.5,9962.0,4260.0,0.05,196.0,4.6,6.2,40.3
2026-02-22,Total,Total,최저가,187697.0,135584.0,72.2,187697.0,100.0,206311710.0,251513180.0,902.0,23318900.0,131.0,9.3,11778.0,5077.0,0.06,268.0,5.3,7.7,48.9
2026-02-23,Total,Total,최저가,183952.0,133643.0,72.7,183952.0,100.0,76200570.0,171702540.0,631.0,15202010.0,86.0,8.9,9298.0,4134.0,0.05,186.0,4.5,6.8,46.2
2026-02-24,Total,Total,최저가,181884.0,131863.0,72.5,181884.0,100.0,40126140.0,109588970.0,484.0,12665370.0,83.0,11.6,8624.0,3936.0,0.05,165.0,4.2,5.6,50.3
2026-02-25,Total,Total,최저가,185385.0,135123.0,72.9,185385.0,100.0,60198490.0,141212600.0,566.0,14390360.0,84.0,10.2,8971.0,4159.0,0.05,169.0,4.1,6.3,49.7
2026-02-26,Total,Total,최저가,185502.0,134317.0,72.4,185502.0,100.0,79146730.0,141428320.0,595.0,12708860.0,81.0,9.0,8889.0,3980.0,0.05,167.0,4.2,6.7,48.5
2026-02-27,Total,Total,최저가,187252.0,134328.0,71.7,187252.0,100.0,85071100.0,150071305.0,535.0,12673610.0,77.0,8.4,8376.0,3659.0,0.04,148.0,4.0,6.4,52.0
2026-02-28,Total,Total,최저가,185627.0,132793.0,71.5,185627.0,100.0,108740080.0,160895030.0,601.0,13934830.0,83.0,8.7,9367.0,4010.0,0.05,172.0,4.3,6.4,48.3
2026-03-01,Total,Total,최저가,192980.0,140178.0,72.6,192980.0,100.0,183700925.0,238521395.0,829.0,19942100.0,114.0,8.4,11976.0,5384.0,0.06,237.0,4.4,6.9,48.1
2026-03-02,Total,Total,최저가,193141.0,140200.0,72.6,193141.0,100.0,165436480.0,224219160.0,775.0,18731070.0,101.0,8.4,11992.0,5351.0,0.06,233.0,4.4,6.5,43.3
2026-03-03,Total,Total,최저가,190915.0,138888.0,72.7,190915.0,100.0,85202670.0,169148030.0,611.0,14003700.0,85.0,8.3,9013.0,3961.0,0.05,182.0,4.6,6.8,46.7
2026-03-04,Total,Total,최저가,149516.0,108459.0,72.5,149516.0,100.0,62604680.0,110000330.0,398.0,10613940.0,54.0,9.6,6041.0,2512.0,0.04,84.0,3.3,6.6,64.3
2026-03-05,Total,Total,최저가,149071.0,107730.0,72.3,149071.0,100.0,39157680.0,90432300.0,357.0,8297450.0,53.0,9.2,6236.0,2548.0,0.04,108.0,4.2,5.7,49.1
2026-03-06,Total,Total,최저가,150173.0,108541.0,72.3,150173.0,100.0,51772530.0,94066380.0,326.0,9723640.0,45.0,10.3,5774.0,2395.0,0.04,74.0,3.1,5.6,60.8
2026-03-07,Total,Total,최저가,195957.0,137091.0,70.0,195957.0,100.0,137332860.0,194752850.0,749.0,16941440.0,101.0,8.7,10362.0,4441.0,0.05,217.0,4.9,7.2,46.5
2026-03-08,Total,Total,최저가,154305.0,111923.0,72.5,154305.0,100.0,153367000.0,187923180.0,606.0,18122790.0,86.0,9.6,8289.0,3212.0,0.05,178.0,5.5,7.3,48.3
2026-03-09,Total,Total,최저가,154420.0,112227.0,72.7,154420.0,100.0,48303080.0,112276000.0,384.0,11790100.0,62.0,10.5,6693.0,2800.0,0.04,115.0,4.1,5.7,53.9
2026-03-10,Total,Total,최저가,195134.0,137745.0,70.6,195134.0,100.0,66922670.0,122382810.0,530.0,13576130.0,80.0,11.1,8871.0,3999.0,0.05,166.0,4.2,6.0,48.2
2026-03-11,Total,Total,최저가,151955.0,108533.0,71.4,151955.0,100.0,30767590.0,75413000.0,316.0,11069980.0,57.0,14.7,6139.0,2522.0,0.04,114.0,4.5,5.1,50.0
2026-03-12,Total,Total,최저가,151683.0,107667.0,71.0,151683.0,100.0,27269770.0,72421230.0,293.0,7810710.0,45.0,10.8,6133.0,2547.0,0.04,92.0,3.6,4.8,48.9
2026-03-13,Total,Total,최저가,,,,,,,,,,,,,,,,,,
2026-03-14,Total,Total,최저가,155897.0,107973.0,69.3,155897.0,100.0,64718580.0,102577660.0,338.0,9102820.0,45.0,8.9,6698.0,2563.0,0.04,97.0,3.8,5.0,46.4
2026-03-15,Total,Total,최저가,201424.0,141017.0,70.0,201424.0,100.0,191205545.0,247491935.0,932.0,19337355.0,116.0,7.8,12371.0,5259.0,0.06,271.0,5.2,7.5,42.8
2026-03-16,Total,Total,최저가,159809.0,112012.0,70.1,159809.0,100.0,46966760.0,105481480.0,398.0,10960920.0,59.0,10.4,7276.0,2992.0,0.05,118.0,3.9,5.5,50.0
2026-03-17,Total,Total,최저가,158822.0,110396.0,69.5,158822.0,100.0,39578350.0,89471740.0,339.0,6898820.0,43.0,7.7,6757.0,2836.0,0.04,107.0,3.8,5.0,40.2
2026-03-18,Total,Total,최저가,156858.0,108108.0,68.9,156858.0,100.0,48172150.0,83846360.0,342.0,7706990.0,53.0,9.2,6285.0,2634.0,0.04,112.0,4.3,5.4,47.3
2026-03-19,Total,Total,최저가,199220.0,136788.0,68.7,199220.0,100.0,65647820.0,128651140.0,581.0,12063320.0,80.0,9.4,9050.0,4045.0,0.05,163.0,4.0,6.4,49.1
2026-03-20,Total,Total,최저가,198008.0,135984.0,68.7,198008.0,100.0,54466650.0,113070110.0,484.0,8484310.0,52.0,7.5,8537.0,3764.0,0.04,139.0,3.7,5.7,37.4
2026-03-21,Total,Total,최저가,192707.0,131286.0,68.1,192707.0,100.0,81717940.0,131191710.0,549.0,15704640.0,82.0,12.0,8890.0,3518.0,0.05,152.0,4.3,6.2,53.9
2026-03-22,Total,Total,최저가,198199.0,136255.0,68.7,198199.0,100.0,186320420.0,227033700.0,916.0,19686280.0,117.0,8.7,12411.0,5074.0,0.06,266.0,5.2,7.4,44.0
2026-03-23,Total,Total,최저가,155119.0,105676.0,68.1,155119.0,100.0,51030950.0,99503310.0,401.0,8487060.0,51.0,8.5,6998.0,2706.0,0.05,110.0,4.1,5.7,46.4
2026-03-24,Total,Total,최저가,152911.0,102807.0,67.2,152911.0,100.0,39607250.0,81627040.0,297.0,6583930.0,44.0,8.1,5995.0,2458.0,0.04,93.0,3.8,5.0,47.3
2026-03-25,Total,Total,최저가,153538.0,102894.0,67.0,153538.0,100.0,42592390.0,79045440.0,301.0,7185680.0,37.0,9.1,5857.0,2514.0,0.04,79.0,3.1,5.1,46.8
2026-03-26,Total,Total,최저가,157920.0,106449.0,67.4,157920.0,100.0,38728110.0,76636620.0,316.0,5359330.0,39.0,7.0,5550.0,2203.0,0.04,69.0,3.1,5.7,56.5
2026-03-27,Total,Total,최저가,157125.0,105121.0,66.9,157125.0,100.0,33116350.0,72530130.0,300.0,3835930.0,28.0,5.3,5591.0,2245.0,0.04,70.0,3.1,5.4,40.0
2026-03-28,Total,Total,최저가,188534.0,124547.0,66.1,188534.0,100.0,97009510.0,140596810.0,550.0,12096150.0,62.0,8.6,9045.0,3627.0,0.05,140.0,3.9,6.1,44.3
2026-03-29,Total,Total,최저가,195403.0,130552.0,66.8,195403.0,100.0,191723900.0,235786040.0,924.0,17257860.0,89.0,7.3,11642.0,4948.0,0.06,221.0,4.5,7.9,40.3
2026-03-30,Total,Total,최저가,192174.0,128677.0,67.0,192174.0,100.0,85519410.0,157900240.0,697.0,18042700.0,88.0,11.4,9799.0,4256.0,0.05,190.0,4.5,7.1,46.3
2026-03-31,Total,Total,최저가,156809.0,103715.0,66.1,156809.0,100.0,28800920.0,64837310.0,318.0,8430490.0,56.0,13.0,6055.0,2505.0,0.04,98.0,3.9,5.3,57.1
2026-04-01,Total,Total,최저가,157701.0,104470.0,66.2,157701.0,100.0,44339220.0,88055720.0,384.0,6341210.0,54.0,7.2,6208.0,2489.0,0.04,117.0,4.7,6.2,46.2
2026-04-02,Total,Total,최저가,184619.0,121839.0,66.0,184619.0,100.0,45960260.0,92712590.0,477.0,10193580.0,67.0,11.0,8181.0,3976.0,0.04,136.0,3.4,5.8,49.3
2026-04-03,Total,Total,최저가,167574.0,109513.0,65.4,167574.0,100.0,61716020.0,104068780.0,443.0,8101560.0,50.0,7.8,6808.0,2902.0,0.04,117.0,4.0,6.5,42.7
2026-04-04,Total,Total,최저가,173750.0,114935.0,66.1,173750.0,100.0,110830980.0,170252520.0,716.0,14022750.0,77.0,8.2,9036.0,3627.0,0.05,182.0,5.0,7.9,42.3
2026-04-05,Total,Total,최저가,175041.0,116240.0,66.4,175041.0,100.0,183511210.0,217772950.0,866.0,18573400.0,113.0,8.5,10079.0,4176.0,0.06,237.0,5.7,8.6,47.7
2026-04-06,Total,Total,최저가,149111.0,98828.0,66.3,149111.0,100.0,55869990.0,105656810.0,428.0,5121790.0,37.0,4.8,6763.0,2744.0,0.05,94.0,3.4,6.3,39.4
2026-04-07,Total,Total,최저가,169662.0,111127.0,65.5,169662.0,100.0,85324080.0,130288560.0,591.0,19694790.0,92.0,15.1,8250.0,3520.0,0.05,167.0,4.7,7.2,55.1
2026-04-08,Total,Total,최저가,151212.0,99385.0,65.7,151212.0,100.0,96819170.0,143504900.0,589.0,11397420.0,74.0,7.9,7463.0,2826.0,0.05,136.0,4.8,7.9,54.4
2026-04-09,Total,Total,최저가,153557.0,100519.0,65.5,153557.0,100.0,62078940.0,111165670.0,425.0,10834350.0,51.0,9.7,6607.0,2626.0,0.04,97.0,3.7,6.4,52.6
2026-04-10,Total,Total,최저가,175558.0,114154.0,65.0,175558.0,100.0,72877750.0,120495370.0,511.0,12178940.0,74.0,10.1,7842.0,3434.0,0.04,136.0,4.0,6.5,54.4
2026-04-11,Total,Total,최저가,176778.0,114769.0,64.9,176778.0,100.0,85675680.0,135494620.0,595.0,10780740.0,77.0,8.0,8598.0,3595.0,0.05,173.0,4.8,6.9,44.5
2026-04-12,Total,Total,최저가,178940.0,116700.0,65.2,178940.0,100.0,151292720.0,176242020.0,810.0,17963230.0,99.0,10.2,9990.0,4316.0,0.06,217.0,5.0,8.1,45.6
2026-04-13,Total,Total,최저가,176927.0,115064.0,65.0,176927.0,100.0,85320460.0,144841880.0,678.0,17777430.0,100.0,12.3,9168.0,4117.0,0.05,198.0,4.8,7.4,50.5
2026-04-14,Total,Total,최저가,177787.0,114668.0,64.5,177787.0,100.0,67091710.0,133983040.0,638.0,11385240.0,78.0,8.5,8936.0,4049.0,0.05,169.0,4.2,7.1,46.2
2026-04-15,Total,Total,최저가,178351.0,115013.0,64.5,178351.0,100.0,58223450.0,125879320.0,656.0,11376600.0,78.0,9.0,8608.0,3802.0,0.05,163.0,4.3,7.6,47.9
2026-04-16,Total,Total,최저가,178352.0,114857.0,64.4,178352.0,100.0,66446450.0,123280940.0,606.0,6726490.0,63.0,5.5,8405.0,3748.0,0.05,146.0,3.9,7.2,43.2
2026-04-17,Total,Total,최저가,177673.0,113928.0,64.1,177673.0,100.0,56855560.0,107168280.0,521.0,9622690.0,61.0,9.0,7431.0,3202.0,0.04,110.0,3.4,7.0,55.5
2026-04-18,Total,Total,최저가,176542.0,112688.0,63.8,176542.0,100.0,90938600.0,130165350.0,620.0,13350990.0,77.0,10.3,8385.0,3381.0,0.05,153.0,4.5,7.4,50.3
2026-04-19,Total,Total,최저가,179108.0,114970.0,64.2,179108.0,100.0,135447560.0,159551920.0,782.0,18046030.0,104.0,11.3,10042.0,4183.0,0.06,224.0,5.4,7.8,46.4
2026-04-20,Total,Total,최저가,179306.0,114678.0,64.0,179306.0,100.0,69750560.0,120233370.0,613.0,13353480.0,83.0,11.1,8694.0,3790.0,0.05,166.0,4.4,7.1,50.0
2026-04-21,Total,Total,최저가,182035.0,116762.0,64.1,182035.0,100.0,61929990.0,118569900.0,577.0,9002600.0,71.0,7.6,8608.0,3803.0,0.05,150.0,3.9,6.7,47.3
2026-04-22,Total,Total,최저가,180859.0,115727.0,64.0,180859.0,100.0,84513020.0,125374960.0,624.0,11657570.0,80.0,9.3,8483.0,3664.0,0.05,148.0,4.0,7.4,54.1
2026-04-23,Total,Total,최저가,160612.0,102623.0,63.9,160612.0,100.0,57263930.0,101230970.0,435.0,6714190.0,47.0,6.6,6649.0,2777.0,0.04,104.0,3.7,6.5,45.2
2026-04-24,Total,Total,최저가,,,,,,,,,,,,,,,,,,
2026-04-25,Total,Total,최저가,,,,,,,,,,,,,,,,,,
2026-04-26,Total,Total,최저가,,,,,,,,,,,,,,,,,,
2026-04-27,Total,Total,최저가,,,,,,,,,,,,,,,,,,
2026-04-28,Total,Total,최저가,,,,,,,,,,,,,,,,,,
2026-04-29,Total,Total,최저가,,,,,,,,,,,,,,,,,,
2026-04-30,Total,Total,최저가,179281.0,113814.0,63.5,179281.0,100.0,67061910.0,116529660.0,520.0,8463860.0,48.0,7.3,7778.0,3755.0,0.04,121.0,3.2,6.7,39.7
2026-05-01,Total,Total,최저가,177435.0,111329.0,62.7,177435.0,100.0,98582690.0,121956950.0,640.0,12148380.0,113.0,10.0,8782.0,3871.0,0.05,210.0,5.4,7.3,53.8
2026-05-02,Total,Total,최저가,180841.0,114967.0,63.6,180841.0,100.0,132347850.0,159648070.0,691.0,17376800.0,92.0,10.9,9615.0,4434.0,0.05,186.0,4.2,7.2,49.5
2026-05-03,Total,Total,최저가,179745.0,113977.0,63.4,179745.0,100.0,117412820.0,175825270.0,774.0,19264740.0,125.0,11.0,11349.0,5698.0,0.06,255.0,4.5,6.8,49.0
2026-05-04,Total,Total,최저가,,,,,,,,,,,,,,,,,,
2026-05-05,Total,Total,최저가,161775.0,102997.0,63.7,161775.0,100.0,112874210.0,152920860.0,741.0,16697600.0,101.0,10.9,9783.0,4476.0,0.06,220.0,4.9,7.6,45.9
2026-05-06,Total,Total,최저가,163675.0,104764.0,64.0,163675.0,100.0,106146710.0,142453650.0,670.0,15306370.0,95.0,10.7,8209.0,3878.0,0.05,169.0,4.4,8.2,56.2
2026-05-07,Total,Total,최저가,,,,,,,,,,,,,,,,,,
2026-05-08,Total,Total,최저가,175158.0,110272.0,63.0,175158.0,100.0,63179160.0,120252670.0,538.0,12464280.0,72.0,10.4,7552.0,3509.0,0.04,136.0,3.9,7.1,52.9
2026-05-09,Total,Total,최저가,,,,,,,,,,,,,,,,,,
2026-05-10,Total,Total,최저가,,,,,,,,,,,,,,,,,,
2026-05-11,Total,Total,최저가,171764.0,108165.0,63.0,171764.0,100.0,55314920.0,103986870.0,480.0,10955430.0,66.0,10.5,8217.0,4168.0,0.05,131.0,3.1,5.8,50.4
2026-05-12,Total,Total,최저가,172672.0,109124.0,63.2,172672.0,100.0,54870490.0,112358040.0,562.0,9230800.0,67.0,8.2,8813.0,4407.0,0.05,147.0,3.3,6.4,45.6
2026-05-13,Total,Total,최저가,175744.0,110818.0,63.1,175744.0,100.0,93459900.0,156594870.0,669.0,10844500.0,77.0,6.9,8992.0,4554.0,0.05,149.0,3.3,7.4,51.7
2026-05-14,Total,Total,최저가,174801.0,110098.0,63.0,174801.0,100.0,85210590.0,137905820.0,609.0,14828090.0,96.0,10.8,8782.0,4362.0,0.05,169.0,3.9,6.9,56.8
2026-05-15,Total,Total,최저가,173444.0,109254.0,63.0,173444.0,100.0,60049660.0,111002450.0,556.0,9694510.0,62.0,8.7,7873.0,3678.0,0.05,135.0,3.7,7.1,45.9
2026-05-16,Total,Total,최저가,170726.0,107412.0,62.9,170726.0,100.0,59301920.0,85477720.0,455.0,8857070.0,59.0,10.4,7479.0,3422.0,0.04,120.0,3.5,6.1,49.2
2026-05-17,Total,Total,최저가,169797.0,107058.0,63.1,169797.0,100.0,92986180.0,115211030.0,563.0,7893580.0,66.0,6.9,8777.0,4217.0,0.05,149.0,3.5,6.4,44.3
2026-05-18,Total,Total,최저가,162083.0,103547.0,63.9,162083.0,100.0,42795020.0,86052440.0,501.0,6236130.0,49.0,7.2,7488.0,3602.0,0.05,119.0,3.3,6.7,41.2
2026-05-19,Total,Total,최저가,160603.0,102568.0,63.9,160603.0,100.0,31482813.0,75291343.0,411.0,8039680.0,52.0,10.7,6962.0,3373.0,0.04,98.0,2.9,5.9,53.1
2026-05-20,Total,Total,최저가,161352.0,103567.0,64.2,161352.0,100.0,28531200.0,68449640.0,391.0,7115190.0,64.0,10.4,7009.0,3536.0,0.04,117.0,3.3,5.6,54.7
2026-05-21,Total,Total,최저가,160478.0,103005.0,64.2,160478.0,100.0,37492360.0,71841120.0,390.0,6373830.0,59.0,8.9,6679.0,3303.0,0.04,108.0,3.3,5.8,54.6
2026-05-22,Total,Total,최저가,168240.0,107539.0,63.9,168240.0,100.0,49942650.0,90054140.0,391.0,6097330.0,38.0,6.8,7041.0,3458.0,0.04,98.0,2.8,5.6,38.8
2026-05-23,Total,Total,최저가,167920.0,105767.0,63.0,167920.0,100.0,71378970.0,87604690.0,433.0,7795910.0,60.0,8.9,7292.0,3455.0,0.04,128.0,3.7,5.9,46.9
2026-05-24,Total,Total,최저가,170165.0,107891.0,63.4,170165.0,100.0,60658530.0,103806350.0,520.0,6543030.0,53.0,6.3,8720.0,4273.0,0.05,163.0,3.8,6.0,32.5
2026-05-25,Total,Total,최저가,160603.0,102303.0,63.7,160603.0,100.0,70460220.0,100298290.0,479.0,11606640.0,66.0,11.6,8341.0,3890.0,0.05,142.0,3.7,5.7,46.5
2026-05-26,Total,Total,최저가,,,,,,,,,,,,,,,,,,
2026-05-27,Total,Total,최저가,160918.0,102873.0,63.9,160918.0,100.0,42104260.0,77612840.0,422.0,6983310.0,56.0,9.0,7314.0,3650.0,0.05,119.0,3.3,5.8,47.1
2026-05-28,Total,Total,최저가,170240.0,108852.0,63.9,170240.0,100.0,38308650.0,80625950.0,429.0,9232380.0,69.0,11.5,7419.0,3673.0,0.04,130.0,3.5,5.8,53.1
2026-05-29,Total,Total,최저가,171993.0,109850.0,63.9,171993.0,100.0,52462950.0,84131900.0,449.0,7877540.0,60.0,9.4,7601.0,3948.0,0.04,110.0,2.8,5.9,54.5
2026-05-30,Total,Total,최저가,169665.0,107925.0,63.6,169665.0,100.0,69217620.0,89364130.0,455.0,8559590.0,61.0,9.6,8157.0,4078.0,0.05,133.0,3.3,5.6,45.9
2026-05-31,Total,Total,최저가,170940.0,108911.0,63.7,170940.0,100.0,87574240.0,104501590.0,559.0,11875480.0,84.0,11.4,9219.0,4678.0,0.05,172.0,3.7,6.1,48.8
2026-06-01,Total,Total,최저가,167492.0,105925.0,63.2,167492.0,100.0,51245650.0,96733700.0,516.0,8447150.0,69.0,8.7,8251.0,4454.0,0.05,139.0,3.1,6.3,49.6
2026-06-02,Total,Total,최저가,169860.0,108842.0,64.1,169860.0,100.0,60921560.0,110522660.0,484.0,8088840.0,58.0,7.3,7841.0,3959.0,0.05,132.0,3.3,6.2,43.9
2026-06-03,Total,Total,최저가,169311.0,108772.0,64.2,169311.0,100.0,110790560.0,135665970.0,651.0,13218240.0,88.0,9.7,9117.0,4277.0,0.05,176.0,4.1,7.1,50.0
2026-06-04,Total,Total,최저가,167862.0,107501.0,64.0,167862.0,100.0,51498810.0,97860030.0,470.0,9801700.0,68.0,10.0,7710.0,3927.0,0.05,121.0,3.1,6.1,56.2
2026-06-05,Total,Total,최저가,164388.0,105311.0,64.1,164388.0,100.0,47534240.0,87483860.0,441.0,6896590.0,54.0,7.9,7210.0,3508.0,0.04,118.0,3.4,6.1,45.8
2026-06-06,Total,Total,최저가,166729.0,106986.0,64.2,166729.0,100.0,80235810.0,114034210.0,514.0,10548880.0,60.0,9.3,7729.0,3515.0,0.05,121.0,3.4,6.7,49.6
2026-06-07,Total,Total,최저가,167971.0,108136.0,64.4,167971.0,100.0,105309770.0,126114720.0,626.0,10232510.0,78.0,8.1,8545.0,3865.0,0.05,177.0,4.6,7.3,44.1
2026-06-08,Total,Total,최저가,,,,,,,,,,,,,,,,,,
2026-06-09,Total,Total,최저가,,,,,,,,,,,,,,,,,,
2026-06-10,Total,Total,최저가,166705.0,106954.0,64.2,166705.0,100.0,40403020.0,80113710.0,450.0,6652830.0,43.0,8.3,7402.0,3771.0,0.04,109.0,2.9,6.1,39.4
2026-06-11,Total,Total,최저가,167348.0,107444.0,64.2,167348.0,100.0,25938880.0,84246580.0,439.0,5305590.0,41.0,6.3,7122.0,3541.0,0.04,87.0,2.5,6.2,47.1
2026-06-12,Total,Total,최저가,166440.0,106896.0,64.2,166440.0,100.0,40648720.0,71845960.0,385.0,5177530.0,39.0,7.2,6878.0,3308.0,0.04,106.0,3.2,5.6,36.8
2026-06-13,Total,Total,최저가,165713.0,105866.0,63.9,165713.0,100.0,64994070.0,93541920.0,457.0,8824310.0,58.0,9.4,7213.0,3444.0,0.04,115.0,3.3,6.3,50.4
2026-06-14,Total,Total,최저가,167157.0,107056.0,64.0,167157.0,100.0,108672890.0,139035120.0,602.0,9427530.0,55.0,6.8,8582.0,4139.0,0.05,110.0,2.7,7.0,50.0
2026-06-15,Total,Total,최저가,165145.0,105750.0,64.0,165145.0,100.0,71196420.0,115821560.0,537.0,10230280.0,61.0,8.8,8386.0,4310.0,0.05,125.0,2.9,6.4,48.8
2026-06-16,Total,Total,최저가,166779.0,106858.0,64.1,166779.0,100.0,65117260.0,97785300.0,510.0,7113500.0,68.0,7.3,7565.0,3417.0,0.05,138.0,4.0,6.7,49.3
2026-06-17,Total,Total,최저가,166029.0,106596.0,64.2,166029.0,100.0,56304440.0,104793140.0,521.0,7667560.0,58.0,7.3,7383.0,3210.0,0.04,136.0,4.2,7.1,42.6
2026-06-18,Total,Total,최저가,164859.0,105693.0,64.1,164859.0,100.0,66080750.0,104645730.0,512.0,11163980.0,51.0,10.7,7202.0,3005.0,0.04,120.0,4.0,7.1,42.5
2026-06-19,Total,Total,최저가,165043.0,105975.0,64.2,165043.0,100.0,56253850.0,99126100.0,468.0,7747810.0,53.0,7.8,6751.0,2789.0,0.04,105.0,3.8,6.9,50.5
2026-06-20,Total,Total,최저가,165407.0,105992.0,64.1,165407.0,100.0,73891650.0,107288410.0,492.0,8601960.0,44.0,8.0,7111.0,2892.0,0.04,106.0,3.7,6.9,41.5
2026-06-21,Total,Total,최저가,166350.0,107284.0,64.5,166350.0,100.0,125217690.0,156861030.0,664.0,11095290.0,67.0,7.1,7868.0,3098.0,0.05,154.0,5.0,8.4,43.5
2026-06-22,Total,Total,최저가,165193.0,105969.0,64.1,165193.0,100.0,60718390.0,110742410.0,492.0,7718550.0,51.0,7.0,7121.0,3324.0,0.04,94.0,2.8,6.9,54.3
2026-06-23,Total,Total,최저가,161717.0,103757.0,64.2,161717.0,100.0,43694460.0,96386090.0,486.0,7078060.0,45.0,7.3,6113.0,2688.0,0.04,103.0,3.8,8.0,43.7
2026-06-24,Total,Total,최저가,162763.0,104633.0,64.3,162763.0,100.0,45761820.0,82332560.0,444.0,9555430.0,51.0,11.6,6090.0,2643.0,0.04,102.0,3.9,7.3,50.0
2026-06-25,Total,Total,최저가,162983.0,104465.0,64.1,162983.0,100.0,45848750.0,94118510.0,450.0,7341660.0,52.0,7.8,5785.0,2419.0,0.04,98.0,4.1,7.8,53.1
2026-06-26,Total,Total,최저가,161012.0,103275.0,64.1,161012.0,100.0,44373860.0,86734850.0,424.0,5956460.0,43.0,6.9,5509.0,2198.0,0.03,89.0,4.0,7.7,48.3
2026-06-27,Total,Total,최저가,,,,,,,,,,,,,,,,,,
2026-06-28,Total,Total,최저가,163909.0,105198.0,64.2,163909.0,100.0,117086220.0,143848200.0,702.0,9514360.0,72.0,6.6,7433.0,2973.0,0.05,139.0,4.7,9.4,51.8
2026-06-29,Total,Total,최저가,,,,,,,,,,,,,,,,,,
2026-06-30,Total,Total,최저가,161245.0,103576.0,64.2,161245.0,100.0,35040950.0,77272220.0,421.0,7604230.0,54.0,9.8,6305.0,2702.0,0.04,125.0,4.6,6.7,43.2
2026-07-01,Total,Total,최저가,159992.0,102378.0,64.0,159992.0,100.0,54665170.0,86635540.0,431.0,4854000.0,38.0,5.6,5818.0,2498.0,0.04,82.0,3.3,7.4,46.3
2026-07-02,Total,Total,최저가,157893.0,101461.0,64.3,157893.0,100.0,38254370.0,69400590.0,390.0,7369280.0,51.0,10.6,5414.0,2374.0,0.03,75.0,3.2,7.2,68.0
2026-07-03,Total,Total,최저가,157554.0,101219.0,64.2,157554.0,100.0,52170410.0,82082610.0,417.0,6135780.0,50.0,7.5,5417.0,2191.0,0.03,86.0,3.9,7.7,58.1
2026-07-04,Total,Total,최저가,161152.0,104034.0,64.6,161152.0,100.0,71970280.0,109359670.0,550.0,8811030.0,57.0,8.1,6743.0,2750.0,0.04,107.0,3.9,8.2,53.3
2026-07-05,Total,Total,최저가,161320.0,104263.0,64.6,161320.0,100.0,106198170.0,122231460.0,610.0,8848030.0,66.0,7.2,7689.0,3278.0,0.05,125.0,3.8,7.9,52.8
2026-07-06,Total,Total,최저가,161392.0,104254.0,64.6,161392.0,100.0,67886790.0,101658610.0,484.0,9731010.0,64.0,9.6,6768.0,3062.0,0.04,119.0,3.9,7.2,53.8
2026-07-07,Total,Total,최저가,160356.0,103575.0,64.6,160356.0,100.0,66999250.0,104247810.0,525.0,9728790.0,62.0,9.3,6877.0,3030.0,0.04,128.0,4.2,7.6,48.4
2026-07-08,Total,Total,최저가,163312.0,105611.0,64.7,163312.0,100.0,52032210.0,95702590.0,518.0,7958360.0,60.0,8.3,6860.0,2978.0,0.04,115.0,3.9,7.6,52.2
2026-07-09,Total,Total,최저가,160601.0,103502.0,64.4,160601.0,100.0,55573340.0,97135640.0,452.0,9060510.0,56.0,9.3,6427.0,2767.0,0.04,122.0,4.4,7.0,45.9
2026-07-10,Total,Total,최저가,159203.0,103156.0,64.8,159203.0,100.0,64974300.0,102704450.0,487.0,7298780.0,54.0,7.1,6118.0,2512.0,0.04,95.0,3.8,8.0,56.8
2026-07-11,Total,Total,최저가,158132.0,102134.0,64.6,158132.0,100.0,60386180.0,89061750.0,460.0,7186650.0,43.0,8.1,6440.0,2529.0,0.04,115.0,4.5,7.1,37.4
2026-07-12,Total,Total,최저가,160163.0,103944.0,64.9,160163.0,100.0,108432450.0,124037110.0,620.0,12599440.0,79.0,10.2,7460.0,2927.0,0.05,142.0,4.9,8.3,55.6
2026-07-13,Total,Total,최저가,157185.0,101734.0,64.7,157185.0,100.0,59171800.0,90712400.0,468.0,5715740.0,49.0,6.3,6254.0,2662.0,0.04,114.0,4.3,7.5,43.0
2026-07-14,Total,Total,최저가,159366.0,103052.0,64.7,159366.0,100.0,36133320.0,74534440.0,417.0,6422520.0,43.0,8.6,6278.0,2906.0,0.04,86.0,3.0,6.6,50.0
2026-07-15,Total,Total,최저가,159328.0,114658.0,72.0,159328.0,100.0,46927190.0,83844530.0,457.0,7152880.0,50.0,8.5,5993.0,2593.0,0.04,107.0,4.1,7.6,46.7
2026-07-16,Total,Total,최저가,156753.0,112614.0,71.8,156753.0,100.0,36603330.0,71159990.0,371.0,4534800.0,38.0,6.4,5225.0,2211.0,0.03,86.0,3.9,7.1,44.2
2026-07-17,Total,Total,최저가,158547.0,114139.0,72.0,158547.0,100.0,82659930.0,100869640.0,492.0,9854350.0,52.0,9.8,5986.0,2380.0,0.04,108.0,4.5,8.2,48.1
2026-07-18,Total,Total,최저가,160244.0,117382.0,73.3,160244.0,100.0,54222000.0,96885360.0,514.0,7949160.0,60.0,8.2,6685.0,2709.0,0.04,131.0,4.8,7.7,45.8
2026-07-19,Total,Total,최저가,159937.0,126373.0,79.0,159937.0,100.0,80965790.0,98631420.0,514.0,8807300.0,49.0,8.9,7297.0,3053.0,0.05,135.0,4.4,7.0,36.3
2026-07-20,Total,Total,최저가,158929.0,126196.0,79.4,158929.0,100.0,42384930.0,82468610.0,449.0,7011510.0,64.0,8.5,6400.0,2857.0,0.04,125.0,4.4,7.0,51.2
2026-07-21,Total,Total,최저가,160323.0,127040.0,79.2,160323.0,100.0,38017190.0,66836680.0,418.0,6442850.0,51.0,9.6,6385.0,2856.0,0.04,126.0,4.4,6.5,40.5
2026-07-22,Total,Total,최저가,162372.0,129199.0,79.6,162372.0,100.0,47582910.0,83676250.0,466.0,7925280.0,65.0,9.5,6432.0,2818.0,0.04,112.0,4.0,7.2,58.0
2026-07-23,Total,Total,최저가,133374.0,103475.0,77.6,133374.0,100.0,29909580.0,61000180.0,370.0,4615460.0,39.0,7.6,5762.0,2412.0,0.04,75.0,3.1,6.4,52.0
2026-07-24,Total,Total,최저가,133479.0,103767.0,77.7,133479.0,100.0,39262600.0,67573770.0,383.0,4880580.0,36.0,7.2,5428.0,2177.0,0.04,87.0,4.0,7.1,41.4
2026-07-25,Total,Total,최저가,135240.0,105117.0,77.7,135240.0,100.0,44960990.0,70260680.0,385.0,7832020.0,48.0,11.1,5696.0,2217.0,0.04,97.0,4.4,6.8,49.5
2026-07-26,Total,Total,최저가,135736.0,105743.0,77.9,135736.0,100.0,73909520.0,85720120.0,451.0,8940750.0,57.0,10.4,6366.0,2588.0,0.05,110.0,4.3,7.1,51.8
2026-07-27,Total,Total,최저가,134330.0,104748.0,78.0,134330.0,100.0,52036840.0,79212570.0,406.0,5507570.0,34.0,7.0,5943.0,2563.0,0.04,95.0,3.7,6.8,35.8
2026-07-28,Total,Total,최저가,133353.0,104050.0,78.0,133353.0,100.0,26352680.0,59141680.0,328.0,5355600.0,44.0,9.1,4984.0,2078.0,0.04,77.0,3.7,6.6,57.1
2026-07-29,Total,Total,최저가,133439.0,103993.0,77.9,133439.0,100.0,47790710.0,75660540.0,394.0,6329260.0,44.0,8.4,5207.0,2148.0,0.04,81.0,3.8,7.6,54.3
2026-01-01,Total,매칭,Total,896911.0,896911.0,100.0,125521.0,14.0,206970467.0,242175907.0,837.0,25896407.0,126.0,10.7,15444.0,7953.0,0.02,284.0,3.6,5.4,44.4
2026-01-02,Total,매칭,Total,898996.0,898996.0,100.0,124974.0,13.9,92715750.0,231034680.0,717.0,24027460.0,86.0,10.4,14276.0,7531.0,0.02,228.0,3.0,5.0,37.7
2026-01-03,Total,매칭,Total,895835.0,895835.0,100.0,128053.0,14.3,125371247.0,245102787.0,748.0,26148420.0,105.0,10.7,15678.0,7678.0,0.02,282.0,3.7,4.8,37.2
2026-01-04,Total,매칭,Total,892308.0,892308.0,100.0,125796.0,14.1,181337067.0,236105397.0,853.0,28101980.0,142.0,11.9,16875.0,8506.0,0.02,324.0,3.8,5.1,43.8
2026-01-05,Total,매칭,Total,891114.0,891114.0,100.0,124592.0,14.0,104984440.0,217806420.0,740.0,28316670.0,148.0,13.0,13634.0,6840.0,0.02,265.0,3.9,5.4,55.8
2026-01-06,Total,매칭,Total,892501.0,892501.0,100.0,123042.0,13.8,89543220.0,187031920.0,689.0,21408960.0,114.0,11.4,13673.0,6951.0,0.02,245.0,3.5,5.0,46.5
2026-01-07,Total,매칭,Total,894220.0,894220.0,100.0,123492.0,13.8,112065210.0,202359160.0,691.0,23668320.0,116.0,11.7,13805.0,7098.0,0.02,246.0,3.5,5.0,47.2
2026-01-08,Total,매칭,Total,894915.0,894915.0,100.0,123866.0,13.8,73945000.0,187528790.0,637.0,18270310.0,96.0,9.7,13286.0,6818.0,0.01,217.0,3.2,4.8,44.2
2026-01-09,Total,매칭,Total,892568.0,892568.0,100.0,122976.0,13.8,103980580.0,204116877.0,642.0,17073340.0,94.0,8.4,12685.0,6390.0,0.01,204.0,3.2,5.1,46.1
2026-01-10,Total,매칭,Total,895498.0,895498.0,100.0,123965.0,13.8,182606920.0,281293180.0,844.0,25976370.0,111.0,9.2,15103.0,7286.0,0.02,255.0,3.5,5.6,43.5
2026-01-11,Total,매칭,Total,893588.0,893588.0,100.0,127500.0,14.3,246381590.0,313447610.0,1008.0,36447960.0,155.0,11.6,18179.0,9113.0,0.02,345.0,3.8,5.5,44.9
2026-01-12,Total,매칭,Total,893332.0,893332.0,100.0,126652.0,14.2,96023321.0,207302618.0,721.0,26914289.0,120.0,13.0,15092.0,7809.0,0.02,245.0,3.1,4.8,49.0
2026-01-13,Total,매칭,Total,895638.0,895638.0,100.0,126448.0,14.1,135329944.0,262362830.0,813.0,25958970.0,136.0,9.9,15085.0,7601.0,0.02,290.0,3.8,5.4,46.9
2026-01-14,Total,매칭,Total,893759.0,893759.0,100.0,125717.0,14.1,109871150.0,229760010.0,781.0,20742840.0,111.0,9.0,15290.0,7672.0,0.02,229.0,3.0,5.1,48.5
2026-01-15,Total,매칭,Total,899902.0,899902.0,100.0,122940.0,13.7,41126917.0,162415367.0,637.0,18122390.0,98.0,11.2,13127.0,6792.0,0.01,222.0,3.3,4.9,44.1
2026-01-16,Total,매칭,Total,897404.0,897404.0,100.0,123442.0,13.8,96396785.0,191676245.0,631.0,17290425.0,90.0,9.0,12584.0,6417.0,0.01,215.0,3.4,5.0,41.9
2026-01-17,Total,매칭,Total,899385.0,899385.0,100.0,124821.0,13.9,119407520.0,218569310.0,717.0,22089020.0,95.0,10.1,14046.0,6904.0,0.02,234.0,3.4,5.1,40.6
2026-01-18,Total,매칭,Total,900464.0,900464.0,100.0,127627.0,14.2,192110980.0,240343430.0,834.0,34357820.0,143.0,14.3,15226.0,7449.0,0.02,264.0,3.5,5.5,54.2
2026-01-19,Total,매칭,Total,892274.0,892274.0,100.0,126192.0,14.1,114214065.0,216798235.0,727.0,23007370.0,113.0,10.6,14347.0,7273.0,0.02,253.0,3.5,5.1,44.7
2026-01-20,Total,매칭,Total,894650.0,894650.0,100.0,127075.0,14.2,78013480.0,187318010.0,693.0,29492740.0,121.0,15.7,13880.0,7088.0,0.02,212.0,3.0,5.0,57.1
2026-01-21,Total,매칭,Total,891525.0,891525.0,100.0,125300.0,14.1,110627910.0,214995080.0,753.0,23079940.0,118.0,10.7,13976.0,7202.0,0.02,259.0,3.6,5.4,45.6
2026-01-22,Total,매칭,Total,887137.0,887137.0,100.0,124840.0,14.1,115573597.0,192775767.0,680.0,21598577.0,118.0,11.2,13206.0,6805.0,0.01,236.0,3.5,5.1,50.0
2026-01-23,Total,매칭,Total,882846.0,882846.0,100.0,126260.0,14.3,104091807.0,214578697.0,714.0,12324517.0,76.0,5.7,12619.0,6137.0,0.01,180.0,2.9,5.7,42.2
2026-01-24,Total,매칭,Total,884960.0,884960.0,100.0,130049.0,14.7,144922080.0,230142610.0,805.0,25713190.0,121.0,11.2,14955.0,7138.0,0.02,281.0,3.9,5.4,43.1
2026-01-25,Total,매칭,Total,890607.0,890607.0,100.0,134076.0,15.1,207858124.0,266762964.0,932.0,27737250.0,148.0,10.4,16602.0,8218.0,0.02,326.0,4.0,5.6,45.4
2026-01-26,Total,매칭,Total,891141.0,891141.0,100.0,133263.0,15.0,89188202.0,185866997.0,697.0,20724370.0,117.0,11.2,13748.0,6974.0,0.02,272.0,3.9,5.1,43.0
2026-01-27,Total,매칭,Total,884028.0,884028.0,100.0,124770.0,14.1,92486550.0,206406520.0,695.0,18264900.0,97.0,8.8,13423.0,6754.0,0.02,229.0,3.4,5.2,42.4
2026-01-28,Total,매칭,Total,884075.0,884075.0,100.0,125051.0,14.1,79200990.0,174747880.0,624.0,21763680.0,100.0,12.5,12705.0,6480.0,0.01,205.0,3.2,4.9,48.8
2026-01-29,Total,매칭,Total,885359.0,885359.0,100.0,129263.0,14.6,81296580.0,162295110.0,575.0,22222380.0,94.0,13.7,12301.0,6260.0,0.01,200.0,3.2,4.7,47.0
2026-01-30,Total,매칭,Total,886099.0,886099.0,100.0,133776.0,15.1,95372200.0,176412790.0,604.0,14078220.0,76.0,8.0,11761.0,5901.0,0.01,160.0,2.7,5.1,47.5
2026-01-31,Total,매칭,Total,887622.0,887622.0,100.0,129197.0,14.6,112784797.0,200428134.0,674.0,17473590.0,90.0,8.7,13264.0,6354.0,0.01,230.0,3.6,5.1,39.1
2026-02-01,Total,매칭,Total,893105.0,893105.0,100.0,132181.0,14.8,203784980.0,247170320.0,883.0,23351540.0,114.0,9.4,14924.0,7245.0,0.02,272.0,3.8,5.9,41.9
2026-02-02,Total,매칭,Total,888491.0,888491.0,100.0,130604.0,14.7,77180993.0,161630120.0,619.0,18754360.0,102.0,11.6,12541.0,6381.0,0.01,207.0,3.2,4.9,49.3
2026-02-03,Total,매칭,Total,879615.0,879615.0,100.0,132117.0,15.0,108081829.0,220119460.0,726.0,24722430.0,126.0,11.2,12884.0,6340.0,0.01,230.0,3.6,5.6,54.8
2026-02-04,Total,매칭,Total,880793.0,880793.0,100.0,133751.0,15.2,104472810.0,206439030.0,699.0,14494780.0,86.0,7.0,12851.0,6448.0,0.01,209.0,3.2,5.4,41.1
2026-02-05,Total,매칭,Total,885223.0,885223.0,100.0,135767.0,15.3,81390870.0,152945090.0,649.0,25975730.0,129.0,17.0,12258.0,6071.0,0.01,224.0,3.7,5.3,57.6
2026-02-06,Total,매칭,Total,889321.0,889321.0,100.0,134512.0,15.1,89928283.0,174707503.0,607.0,21881200.0,80.0,12.5,12381.0,6225.0,0.01,203.0,3.3,4.9,39.4
2026-02-07,Total,매칭,Total,890481.0,890481.0,100.0,130122.0,14.6,135096670.0,209863970.0,809.0,23535850.0,128.0,11.2,14379.0,6821.0,0.02,279.0,4.1,5.6,45.9
2026-02-08,Total,매칭,Total,894605.0,894605.0,100.0,133839.0,15.0,192849661.0,235480844.0,986.0,33970716.0,166.0,14.4,16520.0,8161.0,0.02,327.0,4.0,6.0,50.8
2026-02-09,Total,매칭,Total,894317.0,894317.0,100.0,134253.0,15.0,80682669.0,168805019.0,744.0,19862898.0,118.0,11.8,13262.0,6759.0,0.01,248.0,3.7,5.6,47.6
2026-02-10,Total,매칭,Total,895735.0,895735.0,100.0,134872.0,15.1,75987093.0,142915523.0,645.0,14858300.0,96.0,10.4,12727.0,6437.0,0.01,234.0,3.6,5.1,41.0
2026-02-11,Total,매칭,Total,879089.0,879089.0,100.0,134986.0,15.4,100866013.0,162921163.0,706.0,19017583.0,118.0,11.7,12233.0,6166.0,0.01,211.0,3.4,5.8,55.9
2026-02-12,Total,매칭,Total,886232.0,886232.0,100.0,135682.0,15.3,76875480.0,150274270.0,639.0,14474140.0,92.0,9.6,11616.0,5734.0,0.01,192.0,3.3,5.5,47.9
2026-02-13,Total,매칭,Total,886093.0,886093.0,100.0,135334.0,15.3,66869659.0,147455909.0,554.0,13168646.0,81.0,8.9,10696.0,5189.0,0.01,169.0,3.3,5.2,47.9
2026-02-14,Total,매칭,Total,892065.0,892065.0,100.0,138056.0,15.5,93251091.0,167450381.0,592.0,20401683.0,88.0,12.2,11907.0,5640.0,0.01,203.0,3.6,5.0,43.3
2026-02-15,Total,매칭,Total,893112.0,893112.0,100.0,136265.0,15.3,121604498.0,152260578.0,559.0,15716940.0,81.0,10.3,12269.0,5972.0,0.01,198.0,3.3,4.6,40.9
2026-02-16,Total,매칭,Total,894517.0,894517.0,100.0,135725.0,15.2,128851270.0,157557830.0,579.0,21016820.0,93.0,13.3,11680.0,5621.0,0.01,213.0,3.8,5.0,43.7
2026-02-17,Total,매칭,Total,892935.0,892935.0,100.0,134984.0,15.1,81701100.0,115113240.0,484.0,11596830.0,75.0,10.1,11466.0,5734.0,0.01,189.0,3.3,4.2,39.7
2026-02-18,Total,매칭,Total,892060.0,892060.0,100.0,133843.0,15.0,146707397.0,175126880.0,791.0,20045220.0,119.0,11.4,15507.0,8019.0,0.02,274.0,3.4,5.1,43.4
2026-02-19,Total,매칭,Total,888573.0,888573.0,100.0,132259.0,14.9,84965043.0,174802393.0,769.0,18058103.0,112.0,10.3,14246.0,7494.0,0.02,252.0,3.4,5.4,44.4
2026-02-20,Total,매칭,Total,891096.0,891096.0,100.0,133391.0,15.0,129006527.0,203140800.0,783.0,25136820.0,129.0,12.4,13434.0,6718.0,0.02,277.0,4.1,5.8,46.6
2026-02-21,Total,매칭,Total,894652.0,894652.0,100.0,132202.0,14.8,156221443.0,242478783.0,897.0,23718560.0,112.0,9.8,15900.0,7795.0,0.02,281.0,3.6,5.6,39.9
2026-02-22,Total,매칭,Total,900193.0,900193.0,100.0,135584.0,15.1,222425703.0,271406723.0,1032.0,26755803.0,143.0,9.9,17513.0,8750.0,0.02,340.0,3.9,5.9,42.1
2026-02-23,Total,매칭,Total,891238.0,891238.0,100.0,133643.0,15.0,78682420.0,192440990.0,774.0,18246480.0,112.0,9.5,14282.0,7493.0,0.02,252.0,3.4,5.4,44.4
2026-02-24,Total,매칭,Total,887123.0,887123.0,100.0,131863.0,14.9,54602950.0,151648510.0,686.0,18166150.0,119.0,12.0,13733.0,7136.0,0.02,242.0,3.4,5.0,49.2
2026-02-25,Total,매칭,Total,887573.0,887573.0,100.0,135123.0,15.2,73815090.0,170018380.0,713.0,18339830.0,107.0,10.8,13725.0,7187.0,0.02,243.0,3.4,5.2,44.0
2026-02-26,Total,매칭,Total,887114.0,887114.0,100.0,134317.0,15.1,89326960.0,174800240.0,785.0,15836410.0,109.0,9.1,13662.0,6939.0,0.02,231.0,3.3,5.7,47.2
2026-02-27,Total,매칭,Total,884992.0,884992.0,100.0,134328.0,15.2,98924457.0,181650725.0,680.0,14559690.0,95.0,8.0,12771.0,6472.0,0.01,193.0,3.0,5.3,49.2
2026-02-28,Total,매칭,Total,887929.0,887929.0,100.0,132793.0,15.0,162829590.0,235954550.0,911.0,23238050.0,128.0,9.8,15817.0,7940.0,0.02,267.0,3.4,5.8,47.9
2026-03-01,Total,매칭,Total,890430.0,890430.0,100.0,140178.0,15.7,203601340.0,264671530.0,1010.0,24189630.0,149.0,9.1,17954.0,9191.0,0.02,303.0,3.3,5.6,49.2
2026-03-02,Total,매칭,Total,890760.0,890760.0,100.0,140200.0,15.7,197691290.0,258018270.0,1008.0,25340380.0,158.0,9.8,18689.0,9693.0,0.02,338.0,3.5,5.4,46.7
2026-03-03,Total,매칭,Total,885461.0,885461.0,100.0,138888.0,15.7,103337910.0,197565330.0,813.0,20848750.0,132.0,10.6,14428.0,7478.0,0.02,268.0,3.6,5.6,49.3
2026-03-04,Total,매칭,Total,634537.0,634537.0,100.0,108459.0,17.1,73978920.0,140527260.0,556.0,13922200.0,79.0,9.9,9590.0,4755.0,0.02,137.0,2.9,5.8,57.7
2026-03-05,Total,매칭,Total,637144.0,637144.0,100.0,107730.0,16.9,44404960.0,118508690.0,459.0,11610040.0,64.0,9.8,9504.0,4591.0,0.01,138.0,3.0,4.8,46.4
2026-03-06,Total,매칭,Total,640049.0,640049.0,100.0,108541.0,17.0,65618870.0,124139810.0,469.0,14464860.0,76.0,11.7,9072.0,4361.0,0.01,120.0,2.8,5.2,63.3
2026-03-07,Total,매칭,Total,874163.0,874163.0,100.0,137091.0,15.7,182986730.0,269831790.0,1060.0,25748210.0,150.0,9.5,15930.0,7716.0,0.02,297.0,3.8,6.7,50.5
2026-03-08,Total,매칭,Total,642136.0,642136.0,100.0,111923.0,17.4,184790030.0,224163170.0,726.0,19927310.0,105.0,8.9,11606.0,5249.0,0.02,237.0,4.5,6.3,44.3
2026-03-09,Total,매칭,Total,642389.0,642389.0,100.0,112227.0,17.5,55529890.0,134012170.0,473.0,12241520.0,70.0,9.1,9866.0,4823.0,0.02,153.0,3.2,4.8,45.8
2026-03-10,Total,매칭,Total,875376.0,875376.0,100.0,137745.0,15.7,84098020.0,162299420.0,755.0,16616200.0,114.0,10.2,14365.0,7397.0,0.02,249.0,3.4,5.3,45.8
2026-03-11,Total,매칭,Total,643007.0,643007.0,100.0,108533.0,16.9,43438690.0,109870250.0,484.0,12829530.0,75.0,11.7,9715.0,4646.0,0.02,157.0,3.4,5.0,47.8
2026-03-12,Total,매칭,Total,643285.0,643285.0,100.0,107667.0,16.7,44034580.0,103547170.0,456.0,12282180.0,76.0,11.9,9825.0,4756.0,0.02,151.0,3.2,4.6,50.3
2026-03-13,Total,매칭,Total,640383.0,640383.0,100.0,0.0,0.0,45534960.0,109055400.0,424.0,9043650.0,47.0,8.3,9163.0,4338.0,0.01,107.0,2.5,4.6,43.9
2026-03-14,Total,매칭,Total,640383.0,640383.0,100.0,107973.0,16.9,91716610.0,152895710.0,528.0,13089900.0,63.0,8.6,10581.0,4668.0,0.02,154.0,3.3,5.0,40.9
2026-03-15,Total,매칭,Total,861927.0,861927.0,100.0,141017.0,16.4,209277560.0,271300340.0,1129.0,22403520.0,148.0,8.3,18135.0,8886.0,0.02,343.0,3.9,6.2,43.1
2026-03-16,Total,매칭,Total,640383.0,640383.0,100.0,112012.0,17.5,53127200.0,126752440.0,549.0,14978640.0,85.0,11.8,10768.0,5088.0,0.02,177.0,3.5,5.1,48.0
2026-03-17,Total,매칭,Total,640383.0,640383.0,100.0,110396.0,17.2,54338270.0,114496090.0,484.0,10510040.0,69.0,9.2,10342.0,5001.0,0.02,160.0,3.2,4.7,43.1
2026-03-18,Total,매칭,Total,640383.0,640383.0,100.0,108108.0,16.9,62470450.0,118478300.0,539.0,10865430.0,78.0,9.2,10086.0,4753.0,0.02,162.0,3.4,5.3,48.1
2026-03-19,Total,매칭,Total,840781.0,840781.0,100.0,136788.0,16.3,91138880.0,175657870.0,822.0,15615870.0,112.0,8.9,14419.0,7325.0,0.02,234.0,3.2,5.7,47.9
2026-03-20,Total,매칭,Total,836998.0,836998.0,100.0,135984.0,16.2,75864350.0,150663320.0,703.0,13626860.0,89.0,9.0,13700.0,6888.0,0.02,214.0,3.1,5.1,41.6
2026-03-21,Total,매칭,Total,832129.0,832129.0,100.0,131286.0,15.8,127576640.0,188689410.0,901.0,24355800.0,136.0,12.9,15155.0,7047.0,0.02,273.0,3.9,5.9,49.8
2026-03-22,Total,매칭,Total,831176.0,831176.0,100.0,136255.0,16.4,206380000.0,249448890.0,1114.0,24401570.0,148.0,9.8,17822.0,8422.0,0.02,336.0,4.0,6.3,44.0
2026-03-23,Total,매칭,Total,640383.0,640383.0,100.0,105676.0,16.5,59195840.0,118753170.0,526.0,10416250.0,66.0,8.8,10379.0,4852.0,0.02,143.0,2.9,5.1,46.2
2026-03-24,Total,매칭,Total,640383.0,640383.0,100.0,102807.0,16.1,56237110.0,122456860.0,476.0,12697080.0,66.0,10.4,10274.0,4776.0,0.02,145.0,3.0,4.6,45.5
2026-03-25,Total,매칭,Total,640383.0,640383.0,100.0,102894.0,16.1,69894020.0,117620270.0,511.0,11762730.0,71.0,10.0,9956.0,4821.0,0.02,132.0,2.7,5.1,53.8
2026-03-26,Total,매칭,Total,640383.0,640383.0,100.0,106449.0,16.6,61851900.0,110228170.0,499.0,8144610.0,58.0,7.4,9387.0,4378.0,0.01,116.0,2.6,5.3,50.0
2026-03-27,Total,매칭,Total,640383.0,640383.0,100.0,105121.0,16.4,57376260.0,115105150.0,473.0,5296560.0,39.0,4.6,9128.0,4266.0,0.01,113.0,2.6,5.2,34.5
2026-03-28,Total,매칭,Total,810318.0,810318.0,100.0,124547.0,15.4,156029170.0,218927480.0,913.0,19378510.0,125.0,8.9,15272.0,7260.0,0.02,255.0,3.5,6.0,49.0
2026-03-29,Total,매칭,Total,809825.0,809825.0,100.0,130552.0,16.1,213046595.0,259897865.0,1103.0,20180620.0,122.0,7.8,17022.0,8286.0,0.02,294.0,3.5,6.5,41.5
2026-03-30,Total,매칭,Total,801234.0,801234.0,100.0,128677.0,16.1,93662950.0,192207440.0,912.0,21675540.0,129.0,11.3,14833.0,7426.0,0.02,250.0,3.4,6.1,51.6
2026-03-31,Total,매칭,Total,640383.0,640383.0,100.0,103715.0,16.2,49331460.0,105452030.0,500.0,16200400.0,85.0,15.4,9734.0,4647.0,0.02,155.0,3.3,5.1,54.8
2026-04-01,Total,매칭,Total,640383.0,640383.0,100.0,104470.0,16.3,51032730.0,110582810.0,529.0,7727120.0,63.0,7.0,9466.0,4382.0,0.01,154.0,3.5,5.6,40.9
2026-04-02,Total,매칭,Total,790129.0,790129.0,100.0,121839.0,15.4,50971840.0,123575590.0,653.0,11371210.0,88.0,9.2,12962.0,6936.0,0.02,176.0,2.5,5.0,50.0
2026-04-03,Total,매칭,Total,750049.0,750049.0,100.0,109513.0,14.6,77805350.0,152514870.0,699.0,10717960.0,71.0,7.0,11379.0,5523.0,0.02,165.0,3.0,6.1,43.0
2026-04-04,Total,매칭,Total,748772.0,748772.0,100.0,114935.0,15.3,122279960.0,189611250.0,806.0,13431340.0,79.0,7.1,12857.0,5994.0,0.02,196.0,3.3,6.3,40.3
2026-04-05,Total,매칭,Total,747571.0,747571.0,100.0,116240.0,15.5,190111350.0,226045920.0,962.0,18566740.0,128.0,8.2,13735.0,6451.0,0.02,277.0,4.3,7.0,46.2
2026-04-06,Total,매칭,Total,640383.0,640383.0,100.0,98828.0,15.4,52419100.0,111523500.0,501.0,8275000.0,56.0,7.4,9076.0,4206.0,0.01,115.0,2.7,5.5,48.7
2026-04-07,Total,매칭,Total,745951.0,745951.0,100.0,111127.0,14.9,108668570.0,175621990.0,864.0,25805760.0,138.0,14.7,13009.0,6249.0,0.02,266.0,4.3,6.6,51.9
2026-04-08,Total,매칭,Total,640383.0,640383.0,100.0,99385.0,15.5,87494630.0,137947510.0,594.0,10608560.0,77.0,7.7,9746.0,4396.0,0.02,144.0,3.3,6.1,53.5
2026-04-09,Total,매칭,Total,640383.0,640383.0,100.0,100519.0,15.7,54573890.0,111329290.0,482.0,11453440.0,55.0,10.3,8893.0,4083.0,0.01,119.0,2.9,5.4,46.2
2026-04-10,Total,매칭,Total,736065.0,736065.0,100.0,114154.0,15.5,77314640.0,134144570.0,618.0,14601290.0,94.0,10.9,11011.0,5327.0,0.01,172.0,3.2,5.6,54.7
2026-04-11,Total,매칭,Total,735360.0,735360.0,100.0,114769.0,15.6,99712460.0,154485980.0,737.0,13287640.0,95.0,8.6,12148.0,5698.0,0.02,209.0,3.7,6.1,45.5
2026-04-12,Total,매칭,Total,734630.0,734630.0,100.0,116700.0,15.9,158772930.0,184110530.0,890.0,18818330.0,112.0,10.2,13572.0,6499.0,0.02,266.0,4.1,6.6,42.1
2026-04-13,Total,매칭,Total,727687.0,727687.0,100.0,115064.0,15.8,100637090.0,171064940.0,839.0,19374640.0,121.0,11.3,12834.0,6430.0,0.02,245.0,3.8,6.5,49.4
2026-04-14,Total,매칭,Total,725150.0,725150.0,100.0,114668.0,15.8,73836310.0,145659920.0,799.0,13467700.0,97.0,9.2,12924.0,6564.0,0.02,226.0,3.4,6.2,42.9
2026-04-15,Total,매칭,Total,722607.0,722607.0,100.0,115013.0,15.9,66185360.0,142078070.0,832.0,12822030.0,108.0,9.0,12387.0,6112.0,0.02,215.0,3.5,6.7,50.2
2026-04-16,Total,매칭,Total,719778.0,719778.0,100.0,114857.0,16.0,73176710.0,134880140.0,722.0,8606480.0,84.0,6.4,11664.0,5750.0,0.02,191.0,3.3,6.2,44.0
2026-04-17,Total,매칭,Total,717084.0,717084.0,100.0,113928.0,15.9,68923460.0,127997640.0,674.0,10074530.0,77.0,7.9,10617.0,5124.0,0.01,155.0,3.0,6.3,49.7
2026-04-18,Total,매칭,Total,713663.0,713663.0,100.0,112688.0,15.8,109126900.0,160864640.0,793.0,15179550.0,98.0,9.4,12247.0,5667.0,0.02,210.0,3.7,6.5,46.7
2026-04-19,Total,매칭,Total,713157.0,713157.0,100.0,114970.0,16.1,141054970.0,168861180.0,898.0,18628860.0,127.0,11.0,13823.0,6535.0,0.02,261.0,4.0,6.5,48.7
2026-04-20,Total,매칭,Total,709993.0,709993.0,100.0,114678.0,16.2,74657760.0,138730620.0,741.0,15347690.0,103.0,11.1,12019.0,5813.0,0.02,200.0,3.4,6.2,51.5
2026-04-21,Total,매칭,Total,705844.0,705844.0,100.0,116762.0,16.5,64186150.0,126015520.0,669.0,12359340.0,87.0,9.8,11423.0,5547.0,0.02,189.0,3.4,5.9,46.0
2026-04-22,Total,매칭,Total,703721.0,703721.0,100.0,115727.0,16.4,74916050.0,119317510.0,661.0,11737270.0,81.0,9.8,11301.0,5393.0,0.02,171.0,3.2,5.8,47.4
2026-04-23,Total,매칭,Total,640383.0,640383.0,100.0,102623.0,16.0,59364070.0,104195180.0,488.0,5980300.0,50.0,5.7,8729.0,4174.0,0.01,114.0,2.7,5.6,43.9
2026-04-24,Total,매칭,Total,702155.0,702155.0,100.0,0.0,0.0,68790300.0,113276040.0,560.0,8571340.0,64.0,7.6,10157.0,5062.0,0.01,136.0,2.7,5.5,47.1
2026-04-25,Total,매칭,Total,702155.0,702155.0,100.0,0.0,0.0,111364580.0,162030790.0,728.0,12218000.0,87.0,7.5,11121.0,5010.0,0.02,182.0,3.6,6.5,47.8
2026-04-26,Total,매칭,Total,701222.0,701222.0,100.0,0.0,0.0,138819350.0,161943610.0,841.0,14175460.0,96.0,8.8,12612.0,5730.0,0.02,231.0,4.0,6.7,41.6
2026-04-27,Total,매칭,Total,699737.0,699737.0,100.0,0.0,0.0,84989660.0,129904990.0,705.0,13225610.0,86.0,10.2,12758.0,6831.0,0.02,198.0,2.9,5.5,43.4
2026-04-28,Total,매칭,Total,698088.0,698088.0,100.0,0.0,0.0,76182290.0,136360190.0,674.0,11120300.0,84.0,8.2,13168.0,7588.0,0.02,162.0,2.1,5.1,51.9
2026-04-29,Total,매칭,Total,697944.0,697944.0,100.0,0.0,0.0,77550640.0,125822190.0,645.0,12290170.0,86.0,9.8,13525.0,8038.0,0.02,193.0,2.4,4.8,44.6
2026-04-30,Total,매칭,Total,696991.0,696991.0,100.0,113814.0,16.3,60046390.0,103064320.0,598.0,9737800.0,83.0,9.4,12195.0,7255.0,0.02,180.0,2.5,4.9,46.1
2026-05-01,Total,매칭,Total,694290.0,694290.0,100.0,111329.0,16.0,120506850.0,144234190.0,784.0,16427840.0,142.0,11.4,13189.0,6905.0,0.02,284.0,4.1,5.9,50.0
2026-05-02,Total,매칭,Total,692130.0,692130.0,100.0,114967.0,16.6,129099960.0,156954920.0,730.0,17568460.0,101.0,11.2,14016.0,7808.0,0.02,219.0,2.8,5.2,46.1
2026-05-03,Total,매칭,Total,691157.0,691157.0,100.0,113977.0,16.5,110244680.0,163562450.0,805.0,17917810.0,127.0,11.0,17321.0,10818.0,0.03,264.0,2.4,4.6,48.1
2026-05-04,Total,매칭,Total,691977.0,691977.0,100.0,0.0,0.0,65846994.0,133393574.0,699.0,13746014.0,103.0,10.3,15585.0,9796.0,0.02,238.0,2.4,4.5,43.3
2026-05-05,Total,매칭,Total,640383.0,640383.0,100.0,102997.0,16.1,92391010.0,126895970.0,694.0,14487290.0,100.0,11.4,14178.0,8319.0,0.02,233.0,2.8,4.9,42.9
2026-05-06,Total,매칭,Total,640383.0,640383.0,100.0,104764.0,16.4,94584530.0,128367610.0,652.0,13550220.0,97.0,10.6,11713.0,6929.0,0.02,184.0,2.7,5.6,52.7
2026-05-07,Total,매칭,Total,640383.0,640383.0,100.0,0.0,0.0,39595870.0,85481510.0,491.0,7750310.0,66.0,9.1,10478.0,6044.0,0.02,141.0,2.3,4.7,46.8
2026-05-08,Total,매칭,Total,682527.0,682527.0,100.0,110272.0,16.2,54992800.0,104402340.0,542.0,11038180.0,73.0,10.6,11493.0,6638.0,0.02,159.0,2.4,4.7,45.9
2026-05-09,Total,매칭,Total,682061.0,682061.0,100.0,0.0,0.0,78727900.0,116097320.0,605.0,7889760.0,59.0,6.8,13283.0,7480.0,0.02,156.0,2.1,4.6,37.8
2026-05-10,Total,매칭,Total,680846.0,680846.0,100.0,0.0,0.0,108490590.0,129033630.0,702.0,12855360.0,101.0,10.0,14642.0,8358.0,0.02,222.0,2.7,4.8,45.5
2026-05-11,Total,매칭,Total,668146.0,668146.0,100.0,108165.0,16.2,41053030.0,99076790.0,519.0,10681080.0,73.0,10.8,13508.0,8550.0,0.02,165.0,1.9,3.8,44.2
2026-05-12,Total,매칭,Total,709923.0,709923.0,100.0,109124.0,15.4,57662140.0,111330100.0,624.0,9910520.0,82.0,8.9,14984.0,9623.0,0.02,191.0,2.0,4.2,42.9
2026-05-13,Total,매칭,Total,707053.0,707053.0,100.0,110818.0,15.7,81135020.0,139187110.0,683.0,12276070.0,92.0,8.8,14546.0,9214.0,0.02,187.0,2.0,4.7,49.2
2026-05-14,Total,매칭,Total,705874.0,705874.0,100.0,110098.0,15.6,70693380.0,116998860.0,647.0,11392210.0,99.0,9.7,13564.0,8252.0,0.02,209.0,2.5,4.8,47.4
2026-05-15,Total,매칭,Total,704418.0,704418.0,100.0,109254.0,15.5,50863990.0,98215580.0,575.0,8718770.0,64.0,8.9,12001.0,6978.0,0.02,149.0,2.1,4.8,43.0
2026-05-16,Total,매칭,Total,704617.0,704617.0,100.0,107412.0,15.2,71586420.0,105349780.0,617.0,11612190.0,97.0,11.0,12867.0,7296.0,0.02,193.0,2.6,4.8,50.3
2026-05-17,Total,매칭,Total,702582.0,702582.0,100.0,107058.0,15.2,113614920.0,142999130.0,744.0,13609230.0,101.0,9.5,14856.0,8623.0,0.02,220.0,2.6,5.0,45.9
2026-05-18,Total,매칭,Total,640383.0,640383.0,100.0,103547.0,16.2,33835930.0,77301410.0,513.0,6321890.0,64.0,8.2,11025.0,6486.0,0.02,166.0,2.6,4.7,38.6
2026-05-19,Total,매칭,Total,640383.0,640383.0,100.0,102568.0,16.0,35453293.0,73897183.0,478.0,7498790.0,70.0,10.1,10563.0,6214.0,0.02,115.0,1.9,4.5,60.9
2026-05-20,Total,매칭,Total,640383.0,640383.0,100.0,103567.0,16.2,33003590.0,70434890.0,438.0,7862940.0,64.0,11.2,10474.0,6213.0,0.02,130.0,2.1,4.2,49.2
2026-05-21,Total,매칭,Total,640383.0,640383.0,100.0,103005.0,16.1,35087520.0,64295110.0,386.0,7140980.0,61.0,11.1,9969.0,6039.0,0.02,112.0,1.9,3.9,54.5
2026-05-22,Total,매칭,Total,690927.0,690927.0,100.0,107539.0,15.6,55160730.0,87563070.0,442.0,10856960.0,59.0,12.4,11049.0,6643.0,0.02,134.0,2.0,4.0,44.0
2026-05-23,Total,매칭,Total,689939.0,689939.0,100.0,105767.0,15.3,79848570.0,97125190.0,534.0,8586650.0,66.0,8.8,12115.0,7029.0,0.02,143.0,2.0,4.4,46.2
2026-05-24,Total,매칭,Total,688895.0,688895.0,100.0,107891.0,15.7,67939720.0,104966150.0,574.0,9670480.0,79.0,9.2,12910.0,7429.0,0.02,172.0,2.3,4.4,45.9
2026-05-25,Total,매칭,Total,640383.0,640383.0,100.0,102303.0,16.0,61504910.0,83831770.0,491.0,8553500.0,66.0,10.2,12198.0,7092.0,0.02,149.0,2.1,4.0,44.3
2026-05-26,Total,매칭,Total,685818.0,685818.0,100.0,0.0,0.0,68410660.0,93874930.0,571.0,12647460.0,83.0,13.5,12528.0,7644.0,0.02,170.0,2.2,4.6,48.8
2026-05-27,Total,매칭,Total,640383.0,640383.0,100.0,102873.0,16.1,35768020.0,69164745.0,448.0,6694460.0,64.0,9.7,10742.0,6422.0,0.02,139.0,2.2,4.2,46.0
2026-05-28,Total,매칭,Total,682540.0,682540.0,100.0,108852.0,15.9,37806760.0,78534600.0,494.0,9995250.0,85.0,12.7,11879.0,7211.0,0.02,172.0,2.4,4.2,49.4
2026-05-29,Total,매칭,Total,680886.0,680886.0,100.0,109850.0,16.1,45840400.0,75718020.0,467.0,9180970.0,69.0,12.1,11022.0,6738.0,0.02,126.0,1.9,4.2,54.8
2026-05-30,Total,매칭,Total,680045.0,680045.0,100.0,107925.0,15.9,66672120.0,89851390.0,508.0,6339230.0,64.0,7.1,12212.0,7217.0,0.02,159.0,2.2,4.2,40.3
2026-05-31,Total,매칭,Total,678435.0,678435.0,100.0,108911.0,16.1,81925450.0,94111500.0,592.0,12440560.0,98.0,13.2,13499.0,7991.0,0.02,212.0,2.7,4.4,46.2
2026-06-01,Total,매칭,Total,676722.0,676722.0,100.0,105925.0,15.7,53138290.0,97846910.0,623.0,10260260.0,104.0,10.5,12724.0,7974.0,0.02,207.0,2.6,4.9,50.2
2026-06-02,Total,매칭,Total,674653.0,674653.0,100.0,108842.0,16.1,62505680.0,108741760.0,544.0,12332420.0,84.0,11.3,11995.0,7391.0,0.02,172.0,2.3,4.5,48.8
2026-06-03,Total,매칭,Total,673038.0,673038.0,100.0,108772.0,16.2,96788710.0,118795040.0,645.0,12840160.0,95.0,10.8,13445.0,7828.0,0.02,176.0,2.2,4.8,54.0
2026-06-04,Total,매칭,Total,670986.0,670986.0,100.0,107501.0,16.0,48545570.0,87126970.0,475.0,7466560.0,67.0,8.6,11425.0,6984.0,0.02,130.0,1.9,4.2,51.5
2026-06-05,Total,매칭,Total,664791.0,664791.0,100.0,105311.0,15.8,40387790.0,73242350.0,440.0,6134760.0,57.0,8.4,11024.0,6717.0,0.02,137.0,2.0,4.0,41.6
2026-06-06,Total,매칭,Total,663911.0,663911.0,100.0,106986.0,16.1,76347960.0,104357700.0,534.0,8682930.0,56.0,8.3,11688.0,6692.0,0.02,148.0,2.2,4.6,37.8
2026-06-07,Total,매칭,Total,662345.0,662345.0,100.0,108136.0,16.3,86470470.0,105028870.0,588.0,9173260.0,73.0,8.7,11907.0,6545.0,0.02,197.0,3.0,4.9,37.1
2026-06-08,Total,매칭,Total,661152.0,661152.0,100.0,0.0,0.0,43540280.0,67892320.0,424.0,7883780.0,75.0,11.6,9395.0,5116.0,0.01,151.0,3.0,4.5,49.7
2026-06-09,Total,매칭,Total,659886.0,659886.0,100.0,0.0,0.0,22410070.0,71934770.0,460.0,7871050.0,52.0,10.9,10093.0,5761.0,0.02,115.0,2.0,4.6,45.2
2026-06-10,Total,매칭,Total,657542.0,657542.0,100.0,106954.0,16.3,29775350.0,64335960.0,430.0,6284480.0,54.0,9.8,11088.0,6840.0,0.02,135.0,2.0,3.9,40.0
2026-06-11,Total,매칭,Total,656181.0,656181.0,100.0,107444.0,16.4,21994970.0,72995480.0,432.0,6554280.0,47.0,9.0,10731.0,6500.0,0.02,115.0,1.8,4.0,40.9
2026-06-12,Total,매칭,Total,653635.0,653635.0,100.0,106896.0,16.4,31120740.0,61509740.0,387.0,5507800.0,49.0,9.0,10125.0,6023.0,0.02,119.0,2.0,3.8,41.2
2026-06-13,Total,매칭,Total,653818.0,653818.0,100.0,105866.0,16.2,60502870.0,87242960.0,473.0,9141510.0,73.0,10.5,10704.0,6201.0,0.02,125.0,2.0,4.4,58.4
2026-06-14,Total,매칭,Total,652384.0,652384.0,100.0,107056.0,16.4,88710290.0,111720350.0,550.0,11806400.0,73.0,10.6,12415.0,7340.0,0.02,148.0,2.0,4.4,49.3
2026-06-15,Total,매칭,Total,648864.0,648864.0,100.0,105750.0,16.3,72726020.0,110446240.0,563.0,12940660.0,82.0,11.7,11835.0,7079.0,0.02,157.0,2.2,4.8,52.2
2026-06-16,Total,매칭,Total,643842.0,643842.0,100.0,106858.0,16.6,45896770.0,76831710.0,477.0,7118730.0,77.0,9.3,10243.0,5509.0,0.02,135.0,2.5,4.7,57.0
2026-06-17,Total,매칭,Total,643289.0,643289.0,100.0,106596.0,16.6,51033800.0,89319010.0,524.0,7661980.0,69.0,8.6,9992.0,5179.0,0.02,149.0,2.9,5.2,46.3
2026-06-18,Total,매칭,Total,643285.0,643285.0,100.0,105693.0,16.4,60522380.0,100372370.0,526.0,10739140.0,69.0,10.7,9557.0,4856.0,0.01,138.0,2.8,5.5,50.0
2026-06-19,Total,매칭,Total,642146.0,642146.0,100.0,105975.0,16.5,55463910.0,91578030.0,456.0,8185500.0,62.0,8.9,8852.0,4421.0,0.01,132.0,3.0,5.2,47.0
2026-06-20,Total,매칭,Total,641232.0,641232.0,100.0,105992.0,16.5,69097130.0,98916180.0,501.0,7902100.0,47.0,8.0,9878.0,4887.0,0.02,126.0,2.6,5.1,37.3
2026-06-21,Total,매칭,Total,640383.0,640383.0,100.0,107284.0,16.8,98479780.0,123787560.0,604.0,12951410.0,70.0,10.5,10205.0,4920.0,0.02,189.0,3.8,5.9,37.0
2026-06-22,Total,매칭,Total,637048.0,637048.0,100.0,105969.0,16.6,56391220.0,97202720.0,468.0,8658180.0,61.0,8.9,9868.0,5612.0,0.02,114.0,2.0,4.7,53.5
2026-06-23,Total,매칭,Total,638962.0,638962.0,100.0,103757.0,16.2,35621880.0,80647470.0,469.0,7168090.0,57.0,8.9,8380.0,4350.0,0.01,149.0,3.4,5.6,38.3
2026-06-24,Total,매칭,Total,637916.0,637916.0,100.0,104633.0,16.4,42033490.0,72121880.0,445.0,8368130.0,58.0,11.6,8504.0,4403.0,0.01,116.0,2.6,5.2,50.0
2026-06-25,Total,매칭,Total,633211.0,633211.0,100.0,104465.0,16.5,43778470.0,83174040.0,435.0,9306860.0,59.0,11.2,7938.0,4062.0,0.01,109.0,2.7,5.5,54.1
2026-06-26,Total,매칭,Total,635292.0,635292.0,100.0,103275.0,16.3,42193240.0,77407420.0,417.0,4934080.0,45.0,6.4,7472.0,3625.0,0.01,105.0,2.9,5.6,42.9
2026-06-27,Total,매칭,Total,634151.0,634151.0,100.0,0.0,0.0,69433540.0,101866640.0,523.0,7039140.0,55.0,6.9,8830.0,4138.0,0.01,126.0,3.0,5.9,43.7
2026-06-28,Total,매칭,Total,633392.0,633392.0,100.0,105198.0,16.6,99835960.0,120614430.0,667.0,11186300.0,92.0,9.3,10015.0,4900.0,0.02,179.0,3.7,6.7,51.4
2026-06-29,Total,매칭,Total,631328.0,631328.0,100.0,0.0,0.0,45562690.0,84759920.0,518.0,9649480.0,73.0,11.4,8879.0,4625.0,0.01,172.0,3.7,5.8,42.4
2026-06-30,Total,매칭,Total,628049.0,628049.0,100.0,103576.0,16.5,36530100.0,71251950.0,415.0,5822230.0,58.0,8.2,8726.0,4561.0,0.01,139.0,3.0,4.8,41.7
2026-07-01,Total,매칭,Total,627311.0,627311.0,100.0,102378.0,16.3,53919610.0,84025230.0,478.0,8198150.0,75.0,9.8,8546.0,4501.0,0.01,139.0,3.1,5.6,54.0
2026-07-02,Total,매칭,Total,625893.0,625893.0,100.0,101461.0,16.2,35935590.0,60830900.0,397.0,9694590.0,68.0,15.9,7806.0,4137.0,0.01,117.0,2.8,5.1,58.1
2026-07-03,Total,매칭,Total,625577.0,625577.0,100.0,101219.0,16.2,48847060.0,80489860.0,452.0,7596560.0,69.0,9.4,7779.0,3925.0,0.01,128.0,3.3,5.8,53.9
2026-07-04,Total,매칭,Total,625788.0,625788.0,100.0,104034.0,16.6,64107890.0,97585200.0,537.0,8226320.0,58.0,8.4,8891.0,4328.0,0.01,134.0,3.1,6.0,43.3
2026-07-05,Total,매칭,Total,624787.0,624787.0,100.0,104263.0,16.7,89922580.0,104962060.0,552.0,9412470.0,67.0,9.0,10814.0,5809.0,0.02,161.0,2.8,5.1,41.6
2026-07-06,Total,매칭,Total,622222.0,622222.0,100.0,104254.0,16.8,55057880.0,91130180.0,478.0,8500690.0,60.0,9.3,9366.0,5083.0,0.02,145.0,2.9,5.1,41.4
2026-07-07,Total,매칭,Total,620725.0,620725.0,100.0,103575.0,16.7,67866970.0,99334580.0,512.0,10676410.0,76.0,10.7,9427.0,4930.0,0.02,163.0,3.3,5.4,46.6
2026-07-08,Total,매칭,Total,620250.0,620250.0,100.0,105611.0,17.0,40739570.0,80984350.0,453.0,8322300.0,58.0,10.3,9203.0,4799.0,0.01,135.0,2.8,4.9,43.0
2026-07-09,Total,매칭,Total,617664.0,617664.0,100.0,103502.0,16.8,73553060.0,107762590.0,451.0,12090580.0,65.0,11.2,8800.0,4595.0,0.01,148.0,3.2,5.1,43.9
2026-07-10,Total,매칭,Total,615070.0,615070.0,100.0,103156.0,16.8,59131700.0,88056190.0,475.0,8574670.0,58.0,9.7,8203.0,4125.0,0.01,128.0,3.1,5.8,45.3
2026-07-11,Total,매칭,Total,614122.0,614122.0,100.0,102134.0,16.6,67554900.0,104462700.0,531.0,8909170.0,64.0,8.5,9360.0,4645.0,0.02,145.0,3.1,5.7,44.1
2026-07-12,Total,매칭,Total,612941.0,612941.0,100.0,103944.0,17.0,92954390.0,109701070.0,616.0,11311690.0,77.0,10.3,10477.0,5125.0,0.02,163.0,3.2,5.9,47.2
2026-07-13,Total,매칭,Total,611090.0,611090.0,100.0,101734.0,16.6,56729110.0,89186870.0,508.0,8955760.0,57.0,10.0,8588.0,4431.0,0.01,160.0,3.6,5.9,35.6
2026-07-14,Total,매칭,Total,609628.0,609628.0,100.0,103052.0,16.9,28595400.0,66009330.0,399.0,5620890.0,42.0,8.5,8630.0,4711.0,0.01,110.0,2.3,4.6,38.2
2026-07-15,Total,매칭,Total,713888.0,713888.0,100.0,114658.0,16.1,53404210.0,92314830.0,529.0,10178140.0,70.0,11.0,9637.0,5091.0,0.01,157.0,3.1,5.5,44.6
2026-07-16,Total,매칭,Total,809022.0,809022.0,100.0,112614.0,13.9,48792440.0,92680060.0,494.0,8373390.0,61.0,9.0,9177.0,4902.0,0.01,148.0,3.0,5.4,41.2
2026-07-17,Total,매칭,Total,890221.0,890221.0,100.0,114139.0,12.8,109567290.0,131695140.0,682.0,17582470.0,100.0,13.4,10810.0,5506.0,0.01,205.0,3.7,6.3,48.8
2026-07-18,Total,매칭,Total,914968.0,914968.0,100.0,117382.0,12.8,71477050.0,121776560.0,666.0,12275330.0,84.0,10.1,11672.0,6049.0,0.01,220.0,3.6,5.7,38.2
2026-07-19,Total,매칭,Total,953109.0,953109.0,100.0,126373.0,13.3,107558230.0,133965330.0,730.0,14173400.0,94.0,10.6,13234.0,7066.0,0.01,246.0,3.5,5.5,38.2
2026-07-20,Total,매칭,Total,957345.0,957345.0,100.0,126196.0,13.2,59167510.0,112746550.0,634.0,11412730.0,104.0,10.1,12287.0,6885.0,0.01,236.0,3.4,5.2,44.1
2026-07-21,Total,매칭,Total,962144.0,962144.0,100.0,127040.0,13.2,57292400.0,101643340.0,650.0,13573750.0,104.0,13.4,12372.0,6871.0,0.01,243.0,3.5,5.3,42.8
2026-07-22,Total,매칭,Total,955271.0,955271.0,100.0,129199.0,13.5,61017340.0,111008960.0,660.0,14050880.0,111.0,12.7,11714.0,6420.0,0.01,202.0,3.1,5.6,55.0
2026-07-23,Total,매칭,Total,861707.0,861707.0,100.0,103475.0,12.0,49947370.0,97200180.0,569.0,8933730.0,81.0,9.2,10381.0,6232.0,0.01,165.0,2.6,5.5,49.1
2026-07-24,Total,매칭,Total,866509.0,866509.0,100.0,103767.0,12.0,58293290.0,97181930.0,555.0,10247310.0,63.0,10.5,9498.0,4983.0,0.01,156.0,3.1,5.8,40.4
2026-07-25,Total,매칭,Total,870378.0,870378.0,100.0,105117.0,12.1,74601220.0,108082570.0,586.0,11101700.0,79.0,10.3,10241.0,5063.0,0.01,177.0,3.5,5.7,44.6
2026-07-26,Total,매칭,Total,877221.0,877221.0,100.0,105743.0,12.1,97982830.0,116275920.0,653.0,13252260.0,95.0,11.4,11772.0,6233.0,0.01,226.0,3.6,5.5,42.0
2026-07-27,Total,매칭,Total,872095.0,872095.0,100.0,104748.0,12.0,68434380.0,113483000.0,586.0,9589330.0,68.0,8.5,10841.0,5914.0,0.01,185.0,3.1,5.4,36.8
2026-07-28,Total,매칭,Total,870631.0,870631.0,100.0,104050.0,12.0,37342750.0,84531330.0,488.0,8221780.0,69.0,9.7,9458.0,5006.0,0.01,157.0,3.1,5.2,43.9
2026-07-29,Total,매칭,Total,871011.0,871011.0,100.0,103993.0,11.9,60993900.0,99789820.0,556.0,9336840.0,75.0,9.4,9447.0,4995.0,0.01,147.0,2.9,5.9,51.0
2026-01-01,Total,매칭,최저가,125521.0,125521.0,100.0,125521.0,100.0,154507570.0,178275870.0,584.0,16445240.0,70.0,9.2,8871.0,3708.0,0.07,178.0,4.8,6.6,39.3
2026-01-02,Total,매칭,최저가,124974.0,124974.0,100.0,124974.0,100.0,81096680.0,193643880.0,560.0,16026500.0,64.0,8.3,8426.0,3650.0,0.07,146.0,4.0,6.6,43.8
2026-01-03,Total,매칭,최저가,128053.0,128053.0,100.0,128053.0,100.0,94079140.0,201172570.0,552.0,18116750.0,67.0,9.0,9303.0,3706.0,0.07,175.0,4.7,5.9,38.3
2026-01-04,Total,매칭,최저가,125796.0,125796.0,100.0,125796.0,100.0,133768610.0,179587180.0,613.0,17596180.0,85.0,9.8,9674.0,3997.0,0.08,204.0,5.1,6.3,41.7
2026-01-05,Total,매칭,최저가,124592.0,124592.0,100.0,124592.0,100.0,87259210.0,161448300.0,514.0,19547880.0,95.0,12.1,7831.0,3222.0,0.06,165.0,5.1,6.6,57.6
2026-01-06,Total,매칭,최저가,123042.0,123042.0,100.0,123042.0,100.0,60059850.0,128997040.0,463.0,13928010.0,70.0,10.8,7371.0,3109.0,0.06,155.0,5.0,6.3,45.2
2026-01-07,Total,매칭,최저가,123492.0,123492.0,100.0,123492.0,100.0,89962350.0,153292450.0,487.0,17511820.0,69.0,11.4,7787.0,3343.0,0.06,147.0,4.4,6.3,46.9
2026-01-08,Total,매칭,최저가,123866.0,123866.0,100.0,123866.0,100.0,54158200.0,143520890.0,429.0,11828590.0,55.0,8.2,7188.0,3095.0,0.06,119.0,3.8,6.0,46.2
2026-01-09,Total,매칭,최저가,122976.0,122976.0,100.0,122976.0,100.0,60302550.0,120968610.0,372.0,7417480.0,42.0,6.1,6502.0,2666.0,0.05,116.0,4.4,5.7,36.2
2026-01-10,Total,매칭,최저가,123965.0,123965.0,100.0,123965.0,100.0,140126290.0,211910180.0,593.0,18304330.0,68.0,8.6,8462.0,3233.0,0.07,153.0,4.7,7.0,44.4
2026-01-11,Total,매칭,최저가,127500.0,127500.0,100.0,127500.0,100.0,203012160.0,257318180.0,768.0,26828290.0,105.0,10.4,10745.0,4401.0,0.08,229.0,5.2,7.1,45.9
2026-01-12,Total,매칭,최저가,126652.0,126652.0,100.0,126652.0,100.0,84409595.0,169796585.0,554.0,19327250.0,79.0,11.4,8771.0,3755.0,0.07,165.0,4.4,6.3,47.9
2026-01-13,Total,매칭,최저가,126448.0,126448.0,100.0,126448.0,100.0,104236960.0,204198940.0,580.0,17177960.0,79.0,8.4,8744.0,3604.0,0.07,160.0,4.4,6.6,49.4
2026-01-14,Total,매칭,최저가,125717.0,125717.0,100.0,125717.0,100.0,90387790.0,181838160.0,580.0,14817290.0,75.0,8.1,9023.0,3679.0,0.07,156.0,4.2,6.4,48.1
2026-01-15,Total,매칭,최저가,122940.0,122940.0,100.0,122940.0,100.0,33077090.0,112634440.0,423.0,10773970.0,63.0,9.6,7406.0,3196.0,0.06,147.0,4.6,5.7,42.9
2026-01-16,Total,매칭,최저가,123442.0,123442.0,100.0,123442.0,100.0,73720210.0,146641680.0,447.0,10089740.0,58.0,6.9,6863.0,2798.0,0.06,128.0,4.6,6.5,45.3
2026-01-17,Total,매칭,최저가,124821.0,124821.0,100.0,124821.0,100.0,80182660.0,163366650.0,500.0,16825560.0,65.0,10.3,7957.0,3161.0,0.06,140.0,4.4,6.3,46.4
2026-01-18,Total,매칭,최저가,127627.0,127627.0,100.0,127627.0,100.0,161104470.0,202805210.0,649.0,23234880.0,100.0,11.5,9129.0,3625.0,0.07,188.0,5.2,7.1,53.2
2026-01-19,Total,매칭,최저가,126192.0,126192.0,100.0,126192.0,100.0,95650890.0,168654210.0,541.0,17349560.0,74.0,10.3,8431.0,3536.0,0.07,159.0,4.5,6.4,46.5
2026-01-20,Total,매칭,최저가,127075.0,127075.0,100.0,127075.0,100.0,63983100.0,150228200.0,537.0,17952050.0,91.0,11.9,8320.0,3513.0,0.07,144.0,4.1,6.5,63.2
2026-01-21,Total,매칭,최저가,125300.0,125300.0,100.0,125300.0,100.0,88418140.0,173557360.0,567.0,15496040.0,80.0,8.9,8225.0,3559.0,0.07,172.0,4.8,6.9,46.5
2026-01-22,Total,매칭,최저가,124840.0,124840.0,100.0,124840.0,100.0,89189320.0,147267190.0,498.0,14403010.0,77.0,9.8,7659.0,3306.0,0.06,139.0,4.2,6.5,55.4
2026-01-23,Total,매칭,최저가,126260.0,126260.0,100.0,126260.0,100.0,94274820.0,182635870.0,564.0,10032120.0,56.0,5.5,7577.0,2992.0,0.06,110.0,3.7,7.4,50.9
2026-01-24,Total,매칭,최저가,130049.0,130049.0,100.0,130049.0,100.0,111654290.0,176903190.0,583.0,18041430.0,83.0,10.2,8535.0,3220.0,0.07,189.0,5.9,6.8,43.9
2026-01-25,Total,매칭,최저가,134076.0,134076.0,100.0,134076.0,100.0,170551830.0,220056200.0,703.0,20690200.0,104.0,9.4,9884.0,3977.0,0.07,209.0,5.3,7.1,49.8
2026-01-26,Total,매칭,최저가,133263.0,133263.0,100.0,133263.0,100.0,78480135.0,146732910.0,522.0,14169840.0,80.0,9.7,7956.0,3230.0,0.06,179.0,5.5,6.6,44.7
2026-01-27,Total,매칭,최저가,124770.0,124770.0,100.0,124770.0,100.0,48719100.0,129574190.0,469.0,10471570.0,57.0,8.1,7067.0,2798.0,0.06,126.0,4.5,6.6,45.2
2026-01-28,Total,매칭,최저가,125051.0,125051.0,100.0,125051.0,100.0,50110300.0,111022570.0,406.0,12695900.0,56.0,11.4,6734.0,2732.0,0.05,127.0,4.6,6.0,44.1
2026-01-29,Total,매칭,최저가,129263.0,129263.0,100.0,129263.0,100.0,62874560.0,121113470.0,424.0,14249990.0,66.0,11.8,6613.0,2673.0,0.05,121.0,4.5,6.4,54.5
2026-01-30,Total,매칭,최저가,133776.0,133776.0,100.0,133776.0,100.0,70769330.0,139021950.0,443.0,11120490.0,55.0,8.0,6588.0,2647.0,0.05,93.0,3.5,6.7,59.1
2026-01-31,Total,매칭,최저가,129197.0,129197.0,100.0,129197.0,100.0,77815790.0,147335450.0,433.0,10665120.0,53.0,7.2,7331.0,2726.0,0.06,147.0,5.4,5.9,36.1
2026-02-01,Total,매칭,최저가,132181.0,132181.0,100.0,132181.0,100.0,167977660.0,203308840.0,688.0,16642160.0,81.0,8.2,8592.0,3301.0,0.07,168.0,5.1,8.0,48.2
2026-02-02,Total,매칭,최저가,130604.0,130604.0,100.0,130604.0,100.0,60582480.0,119989090.0,439.0,12131310.0,59.0,10.1,6870.0,2815.0,0.05,119.0,4.2,6.4,49.6
2026-02-03,Total,매칭,최저가,132117.0,132117.0,100.0,132117.0,100.0,88016390.0,165081640.0,525.0,13964570.0,79.0,8.5,7378.0,2979.0,0.06,144.0,4.8,7.1,54.9
2026-02-04,Total,매칭,최저가,133751.0,133751.0,100.0,133751.0,100.0,87908500.0,168346090.0,537.0,8579580.0,55.0,5.1,7351.0,2971.0,0.05,134.0,4.5,7.3,41.0
2026-02-05,Total,매칭,최저가,135767.0,135767.0,100.0,135767.0,100.0,60788650.0,112467210.0,452.0,14418130.0,75.0,12.8,7034.0,2872.0,0.05,127.0,4.4,6.4,59.1
2026-02-06,Total,매칭,최저가,134512.0,134512.0,100.0,134512.0,100.0,64152150.0,117742160.0,416.0,13832020.0,54.0,11.7,6941.0,2774.0,0.05,124.0,4.5,6.0,43.5
2026-02-07,Total,매칭,최저가,130122.0,130122.0,100.0,130122.0,100.0,89343060.0,139439480.0,513.0,13103520.0,72.0,9.4,7916.0,2932.0,0.06,149.0,5.1,6.5,48.3
2026-02-08,Total,매칭,최저가,133839.0,133839.0,100.0,133839.0,100.0,158281520.0,188867360.0,758.0,22257980.0,110.0,11.8,10018.0,4050.0,0.07,221.0,5.5,7.6,49.8
2026-02-09,Total,매칭,최저가,134253.0,134253.0,100.0,134253.0,100.0,66543740.0,136482880.0,558.0,14610510.0,81.0,10.7,7603.0,3112.0,0.06,149.0,4.8,7.3,54.4
2026-02-10,Total,매칭,최저가,134872.0,134872.0,100.0,134872.0,100.0,69114650.0,111595120.0,457.0,11608780.0,65.0,10.4,7252.0,3023.0,0.05,145.0,4.8,6.3,44.8
2026-02-11,Total,매칭,최저가,134986.0,134986.0,100.0,134986.0,100.0,77738430.0,127039220.0,491.0,13492040.0,73.0,10.6,6990.0,2852.0,0.05,133.0,4.7,7.0,54.9
2026-02-12,Total,매칭,최저가,135682.0,135682.0,100.0,135682.0,100.0,64801170.0,118223970.0,453.0,9733980.0,57.0,8.2,6437.0,2542.0,0.05,111.0,4.4,7.0,51.4
2026-02-13,Total,매칭,최저가,135334.0,135334.0,100.0,135334.0,100.0,53806870.0,105760300.0,382.0,8330900.0,44.0,7.9,6144.0,2385.0,0.05,100.0,4.2,6.2,44.0
2026-02-14,Total,매칭,최저가,138056.0,138056.0,100.0,138056.0,100.0,77445470.0,143946250.0,460.0,14468700.0,59.0,10.1,7054.0,2707.0,0.05,130.0,4.8,6.5,45.4
2026-02-15,Total,매칭,최저가,136265.0,136265.0,100.0,136265.0,100.0,107129510.0,131275930.0,438.0,13383420.0,63.0,10.2,7162.0,2854.0,0.05,120.0,4.2,6.1,52.5
2026-02-16,Total,매칭,최저가,135725.0,135725.0,100.0,135725.0,100.0,106702120.0,130927700.0,426.0,15853480.0,69.0,12.1,6788.0,2626.0,0.05,142.0,5.4,6.3,48.6
2026-02-17,Total,매칭,최저가,134984.0,134984.0,100.0,134984.0,100.0,66295320.0,90237720.0,352.0,9254310.0,53.0,10.3,6670.0,2689.0,0.05,117.0,4.4,5.3,45.3
2026-02-18,Total,매칭,최저가,133843.0,133843.0,100.0,133843.0,100.0,118426950.0,140803800.0,575.0,15635170.0,88.0,11.1,8694.0,3631.0,0.06,186.0,5.1,6.6,47.3
2026-02-19,Total,매칭,최저가,132259.0,132259.0,100.0,132259.0,100.0,77597310.0,137278140.0,558.0,13416910.0,79.0,9.8,8049.0,3477.0,0.06,167.0,4.8,6.9,47.3
2026-02-20,Total,매칭,최저가,133391.0,133391.0,100.0,133391.0,100.0,101425960.0,152033170.0,559.0,17390380.0,86.0,11.4,7484.0,3030.0,0.06,176.0,5.8,7.5,48.9
2026-02-21,Total,매칭,최저가,132202.0,132202.0,100.0,132202.0,100.0,82883180.0,142397720.0,557.0,15118020.0,70.0,10.6,8698.0,3482.0,0.07,167.0,4.8,6.4,41.9
2026-02-22,Total,매칭,최저가,135584.0,135584.0,100.0,135584.0,100.0,190223220.0,232070210.0,810.0,19867630.0,100.0,8.6,10337.0,4197.0,0.08,214.0,5.1,7.8,46.7
2026-02-23,Total,매칭,최저가,133643.0,133643.0,100.0,133643.0,100.0,66414140.0,155647780.0,573.0,13980570.0,73.0,9.0,8180.0,3448.0,0.06,166.0,4.8,7.0,44.0
2026-02-24,Total,매칭,최저가,131863.0,131863.0,100.0,131863.0,100.0,34761910.0,97578320.0,432.0,9962490.0,69.0,10.2,7336.0,3109.0,0.06,137.0,4.4,5.9,50.4
2026-02-25,Total,매칭,최저가,135123.0,135123.0,100.0,135123.0,100.0,57956450.0,132623610.0,512.0,12300430.0,66.0,9.3,7700.0,3301.0,0.06,142.0,4.3,6.6,46.5
2026-02-26,Total,매칭,최저가,134317.0,134317.0,100.0,134317.0,100.0,72037610.0,130861400.0,550.0,11087500.0,70.0,8.5,7653.0,3159.0,0.06,135.0,4.3,7.2,51.9
2026-02-27,Total,매칭,최저가,134328.0,134328.0,100.0,134328.0,100.0,76665520.0,138191865.0,479.0,10127310.0,63.0,7.3,7192.0,2884.0,0.05,121.0,4.2,6.7,52.1
2026-02-28,Total,매칭,최저가,132793.0,132793.0,100.0,132793.0,100.0,103220920.0,149348870.0,553.0,11659250.0,72.0,7.8,8096.0,3173.0,0.06,152.0,4.8,6.8,47.4
2026-03-01,Total,매칭,최저가,140178.0,140178.0,100.0,140178.0,100.0,173394250.0,225510880.0,765.0,18911600.0,103.0,8.4,10483.0,4399.0,0.07,206.0,4.7,7.3,50.0
2026-03-02,Total,매칭,최저가,140200.0,140200.0,100.0,140200.0,100.0,158913340.0,211456480.0,729.0,17598430.0,92.0,8.3,10547.0,4431.0,0.08,199.0,4.5,6.9,46.2
2026-03-03,Total,매칭,최저가,138888.0,138888.0,100.0,138888.0,100.0,76865520.0,156386380.0,555.0,12897500.0,73.0,8.2,7855.0,3227.0,0.06,145.0,4.5,7.1,50.3
2026-03-04,Total,매칭,최저가,108459.0,108459.0,100.0,108459.0,100.0,58653910.0,104527140.0,368.0,9960340.0,47.0,9.5,5154.0,1966.0,0.05,68.0,3.5,7.1,69.1
2026-03-05,Total,매칭,최저가,107730.0,107730.0,100.0,107730.0,100.0,34623350.0,83537010.0,317.0,6414550.0,44.0,7.7,5347.0,1981.0,0.05,93.0,4.7,5.9,47.3
2026-03-06,Total,매칭,최저가,108541.0,108541.0,100.0,108541.0,100.0,48248080.0,88146150.0,307.0,8248540.0,42.0,9.4,4899.0,1811.0,0.05,60.0,3.3,6.3,70.0
2026-03-07,Total,매칭,최저가,137091.0,137091.0,100.0,137091.0,100.0,121423080.0,176548410.0,669.0,14118920.0,81.0,8.0,8824.0,3437.0,0.06,172.0,5.0,7.6,47.1
2026-03-08,Total,매칭,최저가,111923.0,111923.0,100.0,111923.0,100.0,140838150.0,172050930.0,552.0,15576150.0,69.0,9.1,7137.0,2534.0,0.06,146.0,5.8,7.7,47.3
2026-03-09,Total,매칭,최저가,112227.0,112227.0,100.0,112227.0,100.0,44232830.0,103061990.0,340.0,9907750.0,50.0,9.6,5805.0,2258.0,0.05,94.0,4.2,5.9,53.2
2026-03-10,Total,매칭,최저가,137745.0,137745.0,100.0,137745.0,100.0,59826970.0,109107380.0,478.0,11816010.0,70.0,10.8,7670.0,3199.0,0.06,135.0,4.2,6.2,51.9
2026-03-11,Total,매칭,최저가,108533.0,108533.0,100.0,108533.0,100.0,28661220.0,70523430.0,289.0,8958270.0,43.0,12.7,5229.0,1942.0,0.05,84.0,4.3,5.5,51.2
2026-03-12,Total,매칭,최저가,107667.0,107667.0,100.0,107667.0,100.0,26248070.0,66315490.0,257.0,6331510.0,36.0,9.5,5294.0,2017.0,0.05,75.0,3.7,4.9,48.0
2026-03-13,Total,매칭,최저가,,,,,,,,,,,,,,,,,,
2026-03-14,Total,매칭,최저가,107973.0,107973.0,100.0,107973.0,100.0,58081500.0,91353680.0,303.0,8326520.0,37.0,9.1,5638.0,1943.0,0.05,72.0,3.7,5.4,51.4
2026-03-15,Total,매칭,최저가,141017.0,141017.0,100.0,141017.0,100.0,173519450.0,224515720.0,860.0,16873720.0,101.0,7.5,10653.0,4182.0,0.08,215.0,5.1,8.1,47.0
2026-03-16,Total,매칭,최저가,112012.0,112012.0,100.0,112012.0,100.0,39799750.0,95403760.0,354.0,9667420.0,48.0,10.1,6226.0,2338.0,0.06,95.0,4.1,5.7,50.5
2026-03-17,Total,매칭,최저가,110396.0,110396.0,100.0,110396.0,100.0,36131700.0,83984140.0,307.0,6328320.0,37.0,7.5,5696.0,2164.0,0.05,87.0,4.0,5.4,42.5
2026-03-18,Total,매칭,최저가,108108.0,108108.0,100.0,108108.0,100.0,42394770.0,76299980.0,299.0,6900290.0,45.0,9.0,5255.0,2017.0,0.05,86.0,4.3,5.7,52.3
2026-03-19,Total,매칭,최저가,136788.0,136788.0,100.0,136788.0,100.0,54933760.0,114441160.0,516.0,9201220.0,63.0,8.0,7746.0,3212.0,0.06,138.0,4.3,6.7,45.7
2026-03-20,Total,매칭,최저가,135984.0,135984.0,100.0,135984.0,100.0,47583760.0,99168420.0,428.0,6492910.0,42.0,6.5,7395.0,3048.0,0.05,117.0,3.8,5.8,35.9
2026-03-21,Total,매칭,최저가,131286.0,131286.0,100.0,131286.0,100.0,71319420.0,108329050.0,486.0,13153610.0,66.0,12.1,7563.0,2740.0,0.06,131.0,4.8,6.4,50.4
2026-03-22,Total,매칭,최저가,136255.0,136255.0,100.0,136255.0,100.0,172889140.0,208351940.0,836.0,17005530.0,94.0,8.2,10786.0,4048.0,0.08,213.0,5.3,7.8,44.1
2026-03-23,Total,매칭,최저가,105676.0,105676.0,100.0,105676.0,100.0,45186040.0,91316950.0,359.0,6773980.0,40.0,7.4,5916.0,2084.0,0.06,88.0,4.2,6.1,45.5
2026-03-24,Total,매칭,최저가,102807.0,102807.0,100.0,102807.0,100.0,34744000.0,71980690.0,244.0,4709330.0,28.0,6.5,4897.0,1819.0,0.05,63.0,3.5,5.0,44.4
2026-03-25,Total,매칭,최저가,102894.0,102894.0,100.0,102894.0,100.0,40421760.0,69662660.0,263.0,6529480.0,34.0,9.4,4698.0,1828.0,0.05,66.0,3.6,5.6,51.5
2026-03-26,Total,매칭,최저가,106449.0,106449.0,100.0,106449.0,100.0,33934030.0,65987440.0,270.0,4487670.0,31.0,6.8,4569.0,1638.0,0.04,52.0,3.2,5.9,59.6
2026-03-27,Total,매칭,최저가,105121.0,105121.0,100.0,105121.0,100.0,29909490.0,63866010.0,250.0,2965430.0,17.0,4.6,4511.0,1606.0,0.04,51.0,3.2,5.5,33.3
2026-03-28,Total,매칭,최저가,124547.0,124547.0,100.0,124547.0,100.0,87854510.0,127499430.0,488.0,10641030.0,51.0,8.3,7523.0,2760.0,0.06,107.0,3.9,6.5,47.7
2026-03-29,Total,매칭,최저가,130552.0,130552.0,100.0,130552.0,100.0,174267950.0,215567190.0,843.0,15154650.0,76.0,7.0,9952.0,3885.0,0.08,179.0,4.6,8.5,42.5
2026-03-30,Total,매칭,최저가,128677.0,128677.0,100.0,128677.0,100.0,76784450.0,144201560.0,633.0,15870460.0,77.0,11.0,8220.0,3283.0,0.06,155.0,4.7,7.7,49.7
2026-03-31,Total,매칭,최저가,103715.0,103715.0,100.0,103715.0,100.0,19777000.0,52220840.0,263.0,6975870.0,44.0,13.4,4929.0,1877.0,0.05,79.0,4.2,5.3,55.7
2026-04-01,Total,매칭,최저가,104470.0,104470.0,100.0,104470.0,100.0,32142870.0,72907120.0,314.0,4304450.0,32.0,5.9,5006.0,1814.0,0.05,82.0,4.5,6.3,39.0
2026-04-02,Total,매칭,최저가,121839.0,121839.0,100.0,121839.0,100.0,37325320.0,76912580.0,405.0,6917850.0,52.0,9.0,6698.0,3088.0,0.05,96.0,3.1,6.0,54.2
2026-04-03,Total,매칭,최저가,109513.0,109513.0,100.0,109513.0,100.0,49179330.0,86732890.0,377.0,6613400.0,38.0,7.6,5444.0,2086.0,0.05,92.0,4.4,6.9,41.3
2026-04-04,Total,매칭,최저가,114935.0,114935.0,100.0,114935.0,100.0,98740270.0,153114770.0,627.0,9639950.0,53.0,6.3,7556.0,2782.0,0.07,138.0,5.0,8.3,38.4
2026-04-05,Total,매칭,최저가,116240.0,116240.0,100.0,116240.0,100.0,162686380.0,192498280.0,762.0,14359240.0,88.0,7.5,8332.0,3149.0,0.07,188.0,6.0,9.1,46.8
2026-04-06,Total,매칭,최저가,98828.0,98828.0,100.0,98828.0,100.0,47295630.0,90449490.0,373.0,4255590.0,29.0,4.7,5556.0,2060.0,0.06,76.0,3.7,6.7,38.2
2026-04-07,Total,매칭,최저가,111127.0,111127.0,100.0,111127.0,100.0,66983390.0,107419070.0,489.0,16452890.0,76.0,15.3,6627.0,2565.0,0.06,129.0,5.0,7.4,58.9
2026-04-08,Total,매칭,최저가,99385.0,99385.0,100.0,99385.0,100.0,80437650.0,118118040.0,490.0,8370260.0,57.0,7.1,6103.0,2078.0,0.06,109.0,5.2,8.0,52.3
2026-04-09,Total,매칭,최저가,100519.0,100519.0,100.0,100519.0,100.0,52804190.0,95690620.0,364.0,8855440.0,37.0,9.3,5305.0,1828.0,0.05,74.0,4.0,6.9,50.0
2026-04-10,Total,매칭,최저가,114154.0,114154.0,100.0,114154.0,100.0,60555810.0,103174970.0,439.0,10177790.0,57.0,9.9,6421.0,2549.0,0.06,109.0,4.3,6.8,52.3
2026-04-11,Total,매칭,최저가,114769.0,114769.0,100.0,114769.0,100.0,73903890.0,116921630.0,523.0,9224290.0,62.0,7.9,6991.0,2632.0,0.06,122.0,4.6,7.5,50.8
2026-04-12,Total,매칭,최저가,116700.0,116700.0,100.0,116700.0,100.0,130671900.0,150263390.0,681.0,14014470.0,75.0,9.3,8155.0,3216.0,0.07,168.0,5.2,8.4,44.6
2026-04-13,Total,매칭,최저가,115064.0,115064.0,100.0,115064.0,100.0,74072770.0,123832200.0,587.0,14900010.0,83.0,12.0,7284.0,2974.0,0.06,155.0,5.2,8.1,53.5
2026-04-14,Total,매칭,최저가,114668.0,114668.0,100.0,114668.0,100.0,54461590.0,114113470.0,555.0,9632500.0,62.0,8.4,7233.0,3001.0,0.06,134.0,4.5,7.7,46.3
2026-04-15,Total,매칭,최저가,115013.0,115013.0,100.0,115013.0,100.0,45985850.0,108909720.0,576.0,9367300.0,64.0,8.6,6918.0,2777.0,0.06,124.0,4.5,8.3,51.6
2026-04-16,Total,매칭,최저가,114857.0,114857.0,100.0,114857.0,100.0,52977310.0,101629120.0,508.0,4594290.0,46.0,4.5,6627.0,2651.0,0.06,106.0,4.0,7.7,43.4
2026-04-17,Total,매칭,최저가,113928.0,113928.0,100.0,113928.0,100.0,50112570.0,91447380.0,448.0,7510730.0,48.0,8.2,5841.0,2236.0,0.05,81.0,3.6,7.7,59.3
2026-04-18,Total,매칭,최저가,112688.0,112688.0,100.0,112688.0,100.0,71886010.0,104084700.0,512.0,9439790.0,55.0,9.1,6685.0,2399.0,0.06,111.0,4.6,7.7,49.5
2026-04-19,Total,매칭,최저가,114970.0,114970.0,100.0,114970.0,100.0,109950850.0,131368350.0,657.0,13969650.0,82.0,10.6,8090.0,3043.0,0.07,181.0,5.9,8.1,45.3
2026-04-20,Total,매칭,최저가,114678.0,114678.0,100.0,114678.0,100.0,56085830.0,98465940.0,512.0,8510980.0,58.0,8.6,6869.0,2712.0,0.06,118.0,4.4,7.5,49.2
2026-04-21,Total,매칭,최저가,116762.0,116762.0,100.0,116762.0,100.0,49050020.0,98093960.0,486.0,6901900.0,55.0,7.0,6672.0,2653.0,0.06,112.0,4.2,7.3,49.1
2026-04-22,Total,매칭,최저가,115727.0,115727.0,100.0,115727.0,100.0,61185430.0,94272700.0,490.0,7953760.0,55.0,8.4,6533.0,2486.0,0.06,105.0,4.2,7.5,52.4
2026-04-23,Total,매칭,최저가,102623.0,102623.0,100.0,102623.0,100.0,49319320.0,83682800.0,354.0,4312090.0,33.0,5.2,4975.0,1805.0,0.05,72.0,4.0,7.1,45.8
2026-04-24,Total,매칭,최저가,,,,,,,,,,,,,,,,,,
2026-04-25,Total,매칭,최저가,,,,,,,,,,,,,,,,,,
2026-04-26,Total,매칭,최저가,,,,,,,,,,,,,,,,,,
2026-04-27,Total,매칭,최저가,,,,,,,,,,,,,,,,,,
2026-04-28,Total,매칭,최저가,,,,,,,,,,,,,,,,,,
2026-04-29,Total,매칭,최저가,,,,,,,,,,,,,,,,,,
2026-04-30,Total,매칭,최저가,113814.0,113814.0,100.0,113814.0,100.0,49031770.0,80979710.0,408.0,6549360.0,38.0,8.1,5832.0,2551.0,0.05,82.0,3.2,7.0,46.3
2026-05-01,Total,매칭,최저가,111329.0,111329.0,100.0,111329.0,100.0,71224890.0,87818130.0,499.0,9139770.0,93.0,10.4,6542.0,2607.0,0.06,163.0,6.3,7.6,57.1
2026-05-02,Total,매칭,최저가,114967.0,114967.0,100.0,114967.0,100.0,104664600.0,127019410.0,553.0,12921210.0,72.0,10.2,7398.0,3092.0,0.06,141.0,4.6,7.5,51.1
2026-05-03,Total,매칭,최저가,113977.0,113977.0,100.0,113977.0,100.0,90755730.0,137166650.0,611.0,15104320.0,97.0,11.0,8625.0,3973.0,0.08,177.0,4.5,7.1,54.8
2026-05-04,Total,매칭,최저가,,,,,,,,,,,,,,,,,,
2026-05-05,Total,매칭,최저가,102997.0,102997.0,100.0,102997.0,100.0,80709790.0,108404350.0,566.0,11646060.0,75.0,10.7,7398.0,3057.0,0.07,156.0,5.1,7.7,48.1
2026-05-06,Total,매칭,최저가,104764.0,104764.0,100.0,104764.0,100.0,84033460.0,109200810.0,513.0,11046560.0,70.0,10.1,6105.0,2603.0,0.06,124.0,4.8,8.4,56.5
2026-05-07,Total,매칭,최저가,,,,,,,,,,,,,,,,,,
2026-05-08,Total,매칭,최저가,110272.0,110272.0,100.0,110272.0,100.0,43931080.0,82520420.0,401.0,8388210.0,48.0,10.2,5368.0,2203.0,0.05,91.0,4.1,7.5,52.7
2026-05-09,Total,매칭,최저가,,,,,,,,,,,,,,,,,,
2026-05-10,Total,매칭,최저가,,,,,,,,,,,,,,,,,,
2026-05-11,Total,매칭,최저가,108165.0,108165.0,100.0,108165.0,100.0,37321960.0,74261740.0,355.0,7126770.0,42.0,9.6,5907.0,2733.0,0.05,84.0,3.1,6.0,50.0
2026-05-12,Total,매칭,최저가,109124.0,109124.0,100.0,109124.0,100.0,40112730.0,80271640.0,420.0,6160840.0,44.0,7.7,6386.0,2880.0,0.06,109.0,3.8,6.6,40.4
2026-05-13,Total,매칭,최저가,110818.0,110818.0,100.0,110818.0,100.0,60502270.0,106834860.0,487.0,7837200.0,56.0,7.3,6578.0,3044.0,0.06,107.0,3.5,7.4,52.3
2026-05-14,Total,매칭,최저가,110098.0,110098.0,100.0,110098.0,100.0,51972430.0,88834920.0,450.0,8500770.0,69.0,9.6,6410.0,2910.0,0.06,120.0,4.1,7.0,57.5
2026-05-15,Total,매칭,최저가,109254.0,109254.0,100.0,109254.0,100.0,39502740.0,77255220.0,422.0,6779700.0,42.0,8.8,5733.0,2432.0,0.05,85.0,3.5,7.4,49.4
2026-05-16,Total,매칭,최저가,107412.0,107412.0,100.0,107412.0,100.0,34165000.0,53038990.0,329.0,5306530.0,43.0,10.0,5266.0,2195.0,0.05,85.0,3.9,6.2,50.6
2026-05-17,Total,매칭,최저가,107058.0,107058.0,100.0,107058.0,100.0,61506980.0,77083030.0,391.0,5121580.0,43.0,6.6,6288.0,2773.0,0.06,95.0,3.4,6.2,45.3
2026-05-18,Total,매칭,최저가,103547.0,103547.0,100.0,103547.0,100.0,32366180.0,63118360.0,387.0,4173930.0,33.0,6.6,5398.0,2358.0,0.05,89.0,3.8,7.2,37.1
2026-05-19,Total,매칭,최저가,102568.0,102568.0,100.0,102568.0,100.0,28380303.0,55960133.0,319.0,5206440.0,38.0,9.3,5026.0,2210.0,0.05,65.0,2.9,6.3,58.5
2026-05-20,Total,매칭,최저가,103567.0,103567.0,100.0,103567.0,100.0,23419290.0,49821500.0,284.0,4680890.0,40.0,9.4,4785.0,2099.0,0.05,69.0,3.3,5.9,58.0
2026-05-21,Total,매칭,최저가,103005.0,103005.0,100.0,103005.0,100.0,27659140.0,51924190.0,286.0,4498680.0,41.0,8.7,4659.0,2062.0,0.05,66.0,3.2,6.1,62.1
2026-05-22,Total,매칭,최저가,107539.0,107539.0,100.0,107539.0,100.0,38769370.0,64884980.0,302.0,4844360.0,26.0,7.5,4966.0,2194.0,0.05,59.0,2.7,6.1,44.1
2026-05-23,Total,매칭,최저가,105767.0,105767.0,100.0,105767.0,100.0,45855970.0,57848650.0,295.0,4443940.0,34.0,7.7,4882.0,2046.0,0.05,74.0,3.6,6.0,45.9
2026-05-24,Total,매칭,최저가,107891.0,107891.0,100.0,107891.0,100.0,43435010.0,72232830.0,383.0,4767220.0,38.0,6.6,5891.0,2465.0,0.05,96.0,3.9,6.5,39.6
2026-05-25,Total,매칭,최저가,102303.0,102303.0,100.0,102303.0,100.0,47471730.0,66556990.0,339.0,6355770.0,38.0,9.5,5724.0,2408.0,0.06,78.0,3.2,5.9,48.7
2026-05-26,Total,매칭,최저가,,,,,,,,,,,,,,,,,,
2026-05-27,Total,매칭,최저가,102873.0,102873.0,100.0,102873.0,100.0,27498780.0,51106850.0,299.0,4760900.0,38.0,9.3,5031.0,2235.0,0.05,86.0,3.8,5.9,44.2
2026-05-28,Total,매칭,최저가,108852.0,108852.0,100.0,108852.0,100.0,28471020.0,58624080.0,320.0,6675970.0,52.0,11.4,5245.0,2384.0,0.05,99.0,4.2,6.1,52.5
2026-05-29,Total,매칭,최저가,109850.0,109850.0,100.0,109850.0,100.0,38811390.0,60179910.0,336.0,6089890.0,42.0,10.1,5094.0,2332.0,0.05,66.0,2.8,6.6,63.6
2026-05-30,Total,매칭,최저가,107925.0,107925.0,100.0,107925.0,100.0,39707250.0,53900250.0,305.0,3198220.0,30.0,5.9,5354.0,2346.0,0.05,81.0,3.5,5.7,37.0
2026-05-31,Total,매칭,최저가,108911.0,108911.0,100.0,108911.0,100.0,60834010.0,69536910.0,399.0,7535430.0,55.0,10.8,6057.0,2666.0,0.06,110.0,4.1,6.6,50.0
2026-06-01,Total,매칭,최저가,105925.0,105925.0,100.0,105925.0,100.0,36725140.0,66755420.0,366.0,5515750.0,44.0,8.3,5377.0,2600.0,0.05,91.0,3.5,6.8,48.4
2026-06-02,Total,매칭,최저가,108842.0,108842.0,100.0,108842.0,100.0,47682030.0,84726780.0,369.0,5901490.0,43.0,7.0,5531.0,2565.0,0.05,95.0,3.7,6.7,45.3
2026-06-03,Total,매칭,최저가,108772.0,108772.0,100.0,108772.0,100.0,77377610.0,95001760.0,485.0,9116500.0,59.0,9.6,6519.0,2807.0,0.06,108.0,3.8,7.4,54.6
2026-06-04,Total,매칭,최저가,107501.0,107501.0,100.0,107501.0,100.0,40915010.0,70672310.0,353.0,5791610.0,47.0,8.2,5330.0,2450.0,0.05,89.0,3.6,6.6,52.8
2026-06-05,Total,매칭,최저가,105311.0,105311.0,100.0,105311.0,100.0,31290970.0,57658280.0,317.0,4400890.0,31.0,7.6,5041.0,2262.0,0.05,75.0,3.3,6.3,41.3
2026-06-06,Total,매칭,최저가,106986.0,106986.0,100.0,106986.0,100.0,56934280.0,79627960.0,371.0,7286720.0,42.0,9.2,5555.0,2321.0,0.05,84.0,3.6,6.7,50.0
2026-06-07,Total,매칭,최저가,108136.0,108136.0,100.0,108136.0,100.0,73591650.0,88647900.0,463.0,7686410.0,57.0,8.7,6191.0,2568.0,0.06,133.0,5.2,7.5,42.9
2026-06-08,Total,매칭,최저가,,,,,,,,,,,,,,,,,,
2026-06-09,Total,매칭,최저가,,,,,,,,,,,,,,,,,,
2026-06-10,Total,매칭,최저가,106954.0,106954.0,100.0,106954.0,100.0,23346440.0,49231710.0,309.0,3893550.0,27.0,7.9,5145.0,2398.0,0.05,74.0,3.1,6.0,36.5
2026-06-11,Total,매칭,최저가,107444.0,107444.0,100.0,107444.0,100.0,15996850.0,54483220.0,295.0,2993830.0,23.0,5.5,5063.0,2344.0,0.05,56.0,2.4,5.8,41.1
2026-06-12,Total,매칭,최저가,106896.0,106896.0,100.0,106896.0,100.0,23484350.0,45617650.0,272.0,3424000.0,27.0,7.5,4820.0,2130.0,0.05,67.0,3.1,5.6,40.3
2026-06-13,Total,매칭,최저가,105866.0,105866.0,100.0,105866.0,100.0,42059480.0,60545530.0,303.0,5652810.0,39.0,9.3,4881.0,2064.0,0.05,65.0,3.1,6.2,60.0
2026-06-14,Total,매칭,최저가,107056.0,107056.0,100.0,107056.0,100.0,71276530.0,90911470.0,422.0,7191480.0,42.0,7.9,5958.0,2616.0,0.06,75.0,2.9,7.1,56.0
2026-06-15,Total,매칭,최저가,105750.0,105750.0,100.0,105750.0,100.0,50890610.0,80853040.0,390.0,6867300.0,47.0,8.5,5974.0,2901.0,0.06,84.0,2.9,6.5,56.0
2026-06-16,Total,매칭,최저가,106858.0,106858.0,100.0,106858.0,100.0,36591960.0,58517950.0,338.0,4373850.0,47.0,7.5,5241.0,2147.0,0.05,75.0,3.5,6.4,62.7
2026-06-17,Total,매칭,최저가,106596.0,106596.0,100.0,106596.0,100.0,36892080.0,64948870.0,359.0,4775060.0,37.0,7.4,5147.0,2021.0,0.05,84.0,4.2,7.0,44.0
2026-06-18,Total,매칭,최저가,105693.0,105693.0,100.0,105693.0,100.0,42271280.0,66663120.0,359.0,6835540.0,35.0,10.3,4929.0,1843.0,0.05,81.0,4.4,7.3,43.2
2026-06-19,Total,매칭,최저가,105975.0,105975.0,100.0,105975.0,100.0,38792450.0,64576850.0,336.0,5531500.0,36.0,8.6,4702.0,1714.0,0.04,74.0,4.3,7.1,48.6
2026-06-20,Total,매칭,최저가,105992.0,105992.0,100.0,105992.0,100.0,44743660.0,67921330.0,334.0,4692120.0,26.0,6.9,5004.0,1813.0,0.05,67.0,3.7,6.7,38.8
2026-06-21,Total,매칭,최저가,107284.0,107284.0,100.0,107284.0,100.0,80578780.0,102181260.0,471.0,8644710.0,50.0,8.5,5555.0,1939.0,0.05,113.0,5.8,8.5,44.2
2026-06-22,Total,매칭,최저가,105969.0,105969.0,100.0,105969.0,100.0,44083780.0,74893940.0,346.0,5942340.0,42.0,7.9,4983.0,2114.0,0.05,65.0,3.1,6.9,64.6
2026-06-23,Total,매칭,최저가,103757.0,103757.0,100.0,103757.0,100.0,29648110.0,63325700.0,347.0,4492220.0,31.0,7.1,4319.0,1708.0,0.04,80.0,4.7,8.0,38.8
2026-06-24,Total,매칭,최저가,104633.0,104633.0,100.0,104633.0,100.0,33391310.0,55571590.0,324.0,6346510.0,36.0,11.4,4402.0,1724.0,0.04,62.0,3.6,7.4,58.1
2026-06-25,Total,매칭,최저가,104465.0,104465.0,100.0,104465.0,100.0,31492490.0,62628590.0,322.0,5248340.0,38.0,8.4,4027.0,1493.0,0.04,65.0,4.4,8.0,58.5
2026-06-26,Total,매칭,최저가,103275.0,103275.0,100.0,103275.0,100.0,29448810.0,57629080.0,294.0,3511880.0,27.0,6.1,3855.0,1352.0,0.04,58.0,4.3,7.6,46.6
2026-06-27,Total,매칭,최저가,,,,,,,,,,,,,,,,,,
2026-06-28,Total,매칭,최저가,105198.0,105198.0,100.0,105198.0,100.0,81407370.0,98540870.0,528.0,7277390.0,59.0,7.4,5484.0,2029.0,0.05,100.0,4.9,9.6,59.0
2026-06-29,Total,매칭,최저가,,,,,,,,,,,,,,,,,,
2026-06-30,Total,매칭,최저가,103576.0,103576.0,100.0,103576.0,100.0,24978270.0,50282100.0,290.0,3714230.0,33.0,7.4,4530.0,1758.0,0.04,86.0,4.9,6.4,38.4
2026-07-01,Total,매칭,최저가,102378.0,102378.0,100.0,102378.0,100.0,37470290.0,57311860.0,294.0,4268000.0,34.0,7.4,3986.0,1563.0,0.04,55.0,3.5,7.4,61.8
2026-07-02,Total,매칭,최저가,101461.0,101461.0,100.0,101461.0,100.0,23611890.0,41132310.0,252.0,4566780.0,31.0,11.1,3634.0,1435.0,0.04,44.0,3.1,6.9,70.5
2026-07-03,Total,매칭,최저가,101219.0,101219.0,100.0,101219.0,100.0,32260750.0,52622250.0,285.0,3869160.0,37.0,7.4,3843.0,1395.0,0.04,56.0,4.0,7.4,66.1
2026-07-04,Total,매칭,최저가,104034.0,104034.0,100.0,104034.0,100.0,50036920.0,75373180.0,408.0,4588460.0,33.0,6.1,4797.0,1744.0,0.05,71.0,4.1,8.5,46.5
2026-07-05,Total,매칭,최저가,104263.0,104263.0,100.0,104263.0,100.0,70696330.0,82052350.0,424.0,5088810.0,41.0,6.2,5592.0,2128.0,0.05,83.0,3.9,7.6,49.4
2026-07-06,Total,매칭,최저가,104254.0,104254.0,100.0,104254.0,100.0,45412270.0,70861830.0,341.0,5858480.0,38.0,8.3,4789.0,1996.0,0.05,75.0,3.8,7.1,50.7
2026-07-07,Total,매칭,최저가,103575.0,103575.0,100.0,103575.0,100.0,44910790.0,67990810.0,382.0,7679670.0,47.0,11.3,4970.0,1996.0,0.05,97.0,4.9,7.7,48.5
2026-07-08,Total,매칭,최저가,105611.0,105611.0,100.0,105611.0,100.0,32081970.0,61627400.0,342.0,5027800.0,39.0,8.2,4843.0,1907.0,0.05,72.0,3.8,7.1,54.2
2026-07-09,Total,매칭,최저가,103502.0,103502.0,100.0,103502.0,100.0,37682430.0,62799230.0,307.0,6042380.0,36.0,9.6,4489.0,1689.0,0.04,78.0,4.6,6.8,46.2
2026-07-10,Total,매칭,최저가,103156.0,103156.0,100.0,103156.0,100.0,45892740.0,68811100.0,364.0,5074960.0,36.0,7.4,4381.0,1592.0,0.04,64.0,4.0,8.3,56.3
2026-07-11,Total,매칭,최저가,102134.0,102134.0,100.0,102134.0,100.0,43624090.0,64180190.0,342.0,5659750.0,33.0,8.8,4677.0,1649.0,0.05,79.0,4.8,7.3,41.8
2026-07-12,Total,매칭,최저가,103944.0,103944.0,100.0,103944.0,100.0,75921290.0,89071970.0,469.0,7947390.0,53.0,8.9,5462.0,1949.0,0.05,91.0,4.7,8.6,58.2
2026-07-13,Total,매칭,최저가,101734.0,101734.0,100.0,101734.0,100.0,43461060.0,66663930.0,354.0,4337470.0,35.0,6.5,4470.0,1722.0,0.04,81.0,4.7,7.9,43.2
2026-07-14,Total,매칭,최저가,103052.0,103052.0,100.0,103052.0,100.0,23270790.0,50671060.0,295.0,3990200.0,30.0,7.9,4420.0,1881.0,0.04,61.0,3.2,6.7,49.2
2026-07-15,Total,매칭,최저가,114658.0,114658.0,100.0,114658.0,100.0,38669000.0,72279570.0,404.0,6275750.0,41.0,8.7,5075.0,2040.0,0.04,87.0,4.3,8.0,47.1
2026-07-16,Total,매칭,최저가,112614.0,112614.0,100.0,112614.0,100.0,32111180.0,62328990.0,325.0,4141700.0,34.0,6.6,4471.0,1746.0,0.04,74.0,4.2,7.3,45.9
2026-07-17,Total,매칭,최저가,114139.0,114139.0,100.0,114139.0,100.0,75177630.0,91343060.0,444.0,8851390.0,45.0,9.7,5050.0,1804.0,0.04,90.0,5.0,8.8,50.0
2026-07-18,Total,매칭,최저가,117382.0,117382.0,100.0,117382.0,100.0,46367830.0,85075950.0,469.0,6805240.0,54.0,8.0,5705.0,2140.0,0.05,113.0,5.3,8.2,47.8
2026-07-19,Total,매칭,최저가,126373.0,126373.0,100.0,126373.0,100.0,75133740.0,91793870.0,482.0,8695400.0,47.0,9.5,6551.0,2597.0,0.05,120.0,4.6,7.4,39.2
2026-07-20,Total,매칭,최저가,126196.0,126196.0,100.0,126196.0,100.0,37046660.0,75138200.0,413.0,6183810.0,59.0,8.2,5696.0,2405.0,0.05,115.0,4.8,7.3,51.3
2026-07-21,Total,매칭,최저가,127040.0,127040.0,100.0,127040.0,100.0,34038140.0,61660910.0,387.0,5814470.0,48.0,9.4,5760.0,2444.0,0.05,112.0,4.6,6.7,42.9
2026-07-22,Total,매칭,최저가,129199.0,129199.0,100.0,129199.0,100.0,43504740.0,76461840.0,430.0,7353280.0,60.0,9.6,5834.0,2432.0,0.05,94.0,3.9,7.4,63.8
2026-07-23,Total,매칭,최저가,103475.0,103475.0,100.0,103475.0,100.0,28449180.0,57037390.0,348.0,4446460.0,38.0,7.8,5189.0,2030.0,0.05,68.0,3.3,6.7,55.9
2026-07-24,Total,매칭,최저가,103767.0,103767.0,100.0,103767.0,100.0,38147140.0,64814110.0,370.0,4849880.0,34.0,7.5,4895.0,1831.0,0.05,83.0,4.5,7.6,41.0
2026-07-25,Total,매칭,최저가,105117.0,105117.0,100.0,105117.0,100.0,44178590.0,67814000.0,370.0,6947560.0,43.0,10.2,5175.0,1904.0,0.05,87.0,4.6,7.1,49.4
2026-07-26,Total,매칭,최저가,105743.0,105743.0,100.0,105743.0,100.0,71387200.0,83197800.0,437.0,8662750.0,55.0,10.4,5779.0,2205.0,0.05,106.0,4.8,7.6,51.9
2026-07-27,Total,매칭,최저가,104748.0,104748.0,100.0,104748.0,100.0,50366460.0,75487820.0,391.0,5338570.0,34.0,7.1,5396.0,2202.0,0.05,91.0,4.1,7.2,37.4
2026-07-28,Total,매칭,최저가,104050.0,104050.0,100.0,104050.0,100.0,23450390.0,53245460.0,309.0,4820540.0,41.0,9.1,4544.0,1797.0,0.04,73.0,4.1,6.8,56.2
2026-07-29,Total,매칭,최저가,103993.0,103993.0,100.0,103993.0,100.0,44405220.0,71867350.0,375.0,6004860.0,41.0,8.4,4775.0,1876.0,0.05,77.0,4.1,7.9,53.2
2026-01-01,e-영업1,Total,Total,10960.0,8630.0,78.7,6247.0,57.0,57977890.0,71595720.0,225.0,3887470.0,20.0,5.4,3810.0,1081.0,0.35,59.0,5.5,5.9,33.9
2026-01-02,e-영업1,Total,Total,10960.0,8688.0,79.3,6407.0,58.5,34616000.0,79379180.0,213.0,7153810.0,20.0,9.0,3476.0,1068.0,0.32,46.0,4.3,6.1,43.5
2026-01-03,e-영업1,Total,Total,10920.0,8667.0,79.4,6383.0,58.5,39481390.0,74431480.0,229.0,8607670.0,31.0,11.6,4239.0,1153.0,0.39,58.0,5.0,5.4,53.4
2026-01-04,e-영업1,Total,Total,10889.0,8647.0,79.4,6324.0,58.1,71551740.0,88418770.0,259.0,6626780.0,30.0,7.5,4279.0,1226.0,0.39,74.0,6.0,6.1,40.5
2026-01-05,e-영업1,Total,Total,10938.0,8638.0,79.0,6227.0,56.9,46562180.0,69998030.0,224.0,7659610.0,32.0,10.9,3457.0,976.0,0.32,56.0,5.7,6.5,57.1
2026-01-06,e-영업1,Total,Total,11024.0,8654.0,78.5,5714.0,51.8,27129700.0,63785950.0,213.0,6185180.0,27.0,9.7,3468.0,1037.0,0.31,64.0,6.2,6.1,42.2
2026-01-07,e-영업1,Total,Total,11018.0,8619.0,78.2,6063.0,55.0,30688530.0,72685250.0,210.0,8599620.0,30.0,11.8,3527.0,1122.0,0.32,61.0,5.4,6.0,49.2
2026-01-08,e-영업1,Total,Total,11034.0,8644.0,78.3,5871.0,53.2,22271720.0,62000480.0,178.0,4478580.0,21.0,7.2,3310.0,1037.0,0.3,50.0,4.8,5.4,42.0
2026-01-09,e-영업1,Total,Total,11131.0,8676.0,77.9,5810.0,52.2,35754360.0,67477600.0,187.0,6154200.0,27.0,9.1,3458.0,1024.0,0.31,56.0,5.5,5.4,48.2
2026-01-10,e-영업1,Total,Total,11101.0,8662.0,78.0,6148.0,55.4,64285860.0,98086670.0,253.0,7247630.0,25.0,7.4,4457.0,1307.0,0.4,67.0,5.1,5.7,37.3
2026-01-11,e-영업1,Total,Total,11041.0,8639.0,78.2,6414.0,58.1,86867550.0,111616330.0,293.0,15175980.0,38.0,13.6,4610.0,1345.0,0.42,88.0,6.5,6.4,43.2
2026-01-12,e-영업1,Total,Total,11095.0,8594.0,77.5,6345.0,57.2,48849790.0,80802690.0,234.0,9121110.0,32.0,11.3,3879.0,1207.0,0.35,62.0,5.1,6.0,51.6
2026-01-13,e-영업1,Total,Total,11221.0,8582.0,76.5,6682.0,59.5,43952990.0,90494420.0,240.0,6983220.0,32.0,7.7,3981.0,1183.0,0.35,70.0,5.9,6.0,45.7
2026-01-14,e-영업1,Total,Total,10960.0,8336.0,76.1,6970.0,63.6,55683320.0,95528950.0,272.0,8834500.0,36.0,9.2,4033.0,1212.0,0.37,54.0,4.5,6.7,66.7
2026-01-15,e-영업1,Total,Total,10948.0,8384.0,76.6,6586.0,60.2,20316380.0,62098250.0,174.0,5132760.0,21.0,8.3,3362.0,1054.0,0.31,53.0,5.0,5.2,39.6
2026-01-16,e-영업1,Total,Total,11030.0,8346.0,75.7,6232.0,56.5,26400370.0,68303290.0,174.0,6998180.0,18.0,10.2,3290.0,1008.0,0.3,46.0,4.6,5.3,39.1
2026-01-17,e-영업1,Total,Total,11010.0,8361.0,75.9,6690.0,60.8,33267070.0,70635960.0,177.0,7681400.0,17.0,10.9,3752.0,1121.0,0.34,42.0,3.7,4.7,40.5
2026-01-18,e-영업1,Total,Total,10956.0,8394.0,76.6,6937.0,63.3,66257620.0,77535710.0,231.0,9686230.0,28.0,12.5,4139.0,1230.0,0.38,62.0,5.0,5.6,45.2
2026-01-19,e-영업1,Total,Total,11039.0,8411.0,76.2,6906.0,62.6,30086630.0,64445400.0,184.0,7944200.0,22.0,12.3,3634.0,1091.0,0.33,48.0,4.4,5.1,45.8
2026-01-20,e-영업1,Total,Total,11054.0,8405.0,76.0,6776.0,61.3,29601580.0,69990590.0,217.0,7338610.0,33.0,10.5,3482.0,1082.0,0.31,50.0,4.6,6.2,66.0
2026-01-21,e-영업1,Total,Total,11124.0,8449.0,76.0,6760.0,60.8,38108180.0,81740570.0,225.0,6399830.0,27.0,7.8,3723.0,1177.0,0.33,56.0,4.8,6.0,48.2
2026-01-22,e-영업1,Total,Total,11215.0,8525.0,76.0,6290.0,56.1,52810010.0,81286340.0,208.0,4686310.0,20.0,5.8,3348.0,1002.0,0.3,45.0,4.5,6.2,44.4
2026-01-23,e-영업1,Total,Total,11330.0,8588.0,75.8,6737.0,59.5,42440640.0,86926400.0,206.0,4117980.0,13.0,4.7,3510.0,999.0,0.31,43.0,4.3,5.9,30.2
2026-01-24,e-영업1,Total,Total,11309.0,8634.0,76.3,6671.0,59.0,52907230.0,82227170.0,225.0,7502170.0,29.0,9.1,3976.0,1068.0,0.35,74.0,6.9,5.7,39.2
2026-01-25,e-영업1,Total,Total,11246.0,8649.0,76.9,6765.0,60.2,76291190.0,100014860.0,266.0,8505960.0,30.0,8.5,4280.0,1206.0,0.38,67.0,5.6,6.2,44.8
2026-01-26,e-영업1,Total,Total,11279.0,8639.0,76.6,6739.0,59.7,25506080.0,62593540.0,189.0,5698340.0,33.0,9.1,3537.0,1062.0,0.31,72.0,6.8,5.3,45.8
2026-01-27,e-영업1,Total,Total,11340.0,8673.0,76.5,6521.0,57.5,40278480.0,72915120.0,188.0,4500540.0,17.0,6.2,3403.0,964.0,0.3,42.0,4.4,5.5,40.5
2026-01-28,e-영업1,Total,Total,11322.0,8653.0,76.4,6557.0,57.9,32261910.0,69710630.0,195.0,6419550.0,23.0,9.2,3303.0,991.0,0.29,41.0,4.1,5.9,56.1
2026-01-29,e-영업1,Total,Total,11382.0,8667.0,76.1,6756.0,59.4,26564630.0,58213110.0,180.0,6731880.0,28.0,11.6,3140.0,941.0,0.28,48.0,5.1,5.7,58.3
2026-01-30,e-영업1,Total,Total,11474.0,8675.0,75.6,6969.0,60.7,40369870.0,69696310.0,183.0,6725540.0,25.0,9.6,3130.0,984.0,0.27,38.0,3.9,5.8,65.8
2026-01-31,e-영업1,Total,Total,11514.0,8717.0,75.7,7266.0,63.1,30052480.0,68186470.0,178.0,3666170.0,13.0,5.4,3661.0,997.0,0.32,57.0,5.7,4.9,22.8
2026-02-01,e-영업1,Total,Total,11457.0,8703.0,76.0,7041.0,61.5,74537210.0,87082900.0,275.0,7422460.0,33.0,8.5,4114.0,1144.0,0.36,64.0,5.6,6.7,51.6
2026-02-02,e-영업1,Total,Total,11528.0,8712.0,75.6,6939.0,60.2,23353880.0,49104160.0,159.0,6207310.0,23.0,12.6,3261.0,1011.0,0.28,32.0,3.2,4.9,71.9
2026-02-03,e-영업1,Total,Total,11620.0,8785.0,75.6,6892.0,59.3,44992150.0,82399670.0,223.0,6652280.0,24.0,8.1,3429.0,972.0,0.3,38.0,3.9,6.5,63.2
2026-02-04,e-영업1,Total,Total,11685.0,8799.0,75.3,6801.0,58.2,40146050.0,75176580.0,194.0,4747390.0,23.0,6.3,3139.0,874.0,0.27,50.0,5.7,6.2,46.0
2026-02-05,e-영업1,Total,Total,11760.0,8886.0,75.6,7284.0,61.9,14547110.0,37178500.0,147.0,5015820.0,26.0,13.5,3003.0,865.0,0.26,46.0,5.3,4.9,56.5
2026-02-06,e-영업1,Total,Total,11848.0,8980.0,75.8,6864.0,57.9,20620420.0,47028250.0,141.0,3784330.0,13.0,8.0,3041.0,872.0,0.26,29.0,3.3,4.6,44.8
2026-02-07,e-영업1,Total,Total,11783.0,8984.0,76.2,7027.0,59.6,26617300.0,57870040.0,180.0,5201240.0,22.0,9.0,3670.0,992.0,0.31,50.0,5.0,4.9,44.0
2026-02-08,e-영업1,Total,Total,11735.0,9009.0,76.8,7473.0,63.7,54822180.0,67553160.0,223.0,9010110.0,31.0,13.3,4082.0,1149.0,0.35,63.0,5.5,5.5,49.2
2026-02-09,e-영업1,Total,Total,11819.0,9027.0,76.4,7440.0,62.9,34748800.0,63463980.0,192.0,6266080.0,27.0,9.9,3201.0,914.0,0.27,45.0,4.9,6.0,60.0
2026-02-10,e-영업1,Total,Total,11868.0,9000.0,75.8,7043.0,59.3,30159850.0,45789570.0,154.0,2981160.0,19.0,6.5,3220.0,976.0,0.27,48.0,4.9,4.8,39.6
2026-02-11,e-영업1,Total,Total,11928.0,9053.0,75.9,7318.0,61.4,25465580.0,50546980.0,202.0,5201370.0,27.0,10.3,3092.0,926.0,0.26,48.0,5.2,6.5,56.3
2026-02-12,e-영업1,Total,Total,12057.0,9119.0,75.6,7243.0,60.1,21043630.0,43576810.0,168.0,4083580.0,19.0,9.4,2768.0,724.0,0.23,32.0,4.4,6.1,59.4
2026-02-13,e-영업1,Total,Total,12127.0,9217.0,76.0,7414.0,61.1,18566120.0,40559160.0,139.0,3393480.0,16.0,8.4,2655.0,707.0,0.22,34.0,4.8,5.2,47.1
2026-02-14,e-영업1,Total,Total,12112.0,9244.0,76.3,7726.0,63.8,18497180.0,47547700.0,143.0,4273730.0,18.0,9.0,3008.0,784.0,0.25,42.0,5.4,4.8,42.9
2026-02-15,e-영업1,Total,Total,12100.0,9274.0,76.6,7805.0,64.5,32427310.0,38897900.0,110.0,3669340.0,13.0,9.4,3041.0,848.0,0.25,28.0,3.3,3.6,46.4
2026-02-16,e-영업1,Total,Total,12076.0,9300.0,77.0,7855.0,65.0,33316430.0,43314880.0,108.0,4662180.0,14.0,10.8,2784.0,738.0,0.23,31.0,4.2,3.9,45.2
2026-02-17,e-영업1,Total,Total,12044.0,9309.0,77.3,7735.0,64.2,17266440.0,25950330.0,89.0,2092080.0,13.0,8.1,2680.0,721.0,0.22,28.0,3.9,3.3,46.4
2026-02-18,e-영업1,Total,Total,11998.0,9303.0,77.5,7713.0,64.3,40157440.0,48820220.0,170.0,5598200.0,22.0,11.5,3509.0,1026.0,0.29,49.0,4.8,4.8,44.9
2026-02-19,e-영업1,Total,Total,12128.0,9355.0,77.1,7724.0,63.7,24475280.0,46995010.0,149.0,4069750.0,20.0,8.7,3021.0,953.0,0.25,41.0,4.3,4.9,48.8
2026-02-20,e-영업1,Total,Total,12256.0,9393.0,76.6,7809.0,63.7,39358540.0,62829760.0,186.0,6777440.0,26.0,10.8,3121.0,914.0,0.25,49.0,5.4,6.0,53.1
2026-02-21,e-영업1,Total,Total,12227.0,9432.0,77.1,7735.0,63.3,34011230.0,68562690.0,208.0,6195100.0,24.0,9.0,3953.0,1052.0,0.32,70.0,6.7,5.3,34.3
2026-02-22,e-영업1,Total,Total,12138.0,9400.0,77.4,8376.0,69.0,68374560.0,86153860.0,266.0,8628610.0,38.0,10.0,4337.0,1276.0,0.36,66.0,5.2,6.1,57.6
2026-02-23,e-영업1,Total,Total,12262.0,9448.0,77.1,8372.0,68.3,26120970.0,69553990.0,215.0,3987020.0,22.0,5.7,3297.0,988.0,0.27,51.0,5.2,6.5,43.1
2026-02-24,e-영업1,Total,Total,12414.0,9479.0,76.4,7769.0,62.6,18643870.0,49868240.0,187.0,5316340.0,29.0,10.7,3180.0,1006.0,0.26,55.0,5.5,5.9,52.7
2026-02-25,e-영업1,Total,Total,12552.0,9544.0,76.0,7994.0,63.7,21971400.0,51334170.0,173.0,6487310.0,24.0,12.6,3140.0,933.0,0.25,46.0,4.9,5.5,52.2
2026-02-26,e-영업1,Total,Total,12744.0,9611.0,75.4,8161.0,64.0,40820240.0,64396920.0,203.0,5595530.0,24.0,8.7,3187.0,887.0,0.25,45.0,5.1,6.4,53.3
2026-02-27,e-영업1,Total,Total,12739.0,9588.0,75.3,8531.0,67.0,29333950.0,53865500.0,187.0,2578660.0,14.0,4.8,2921.0,796.0,0.23,33.0,4.1,6.4,42.4
2026-02-28,e-영업1,Total,Total,12539.0,9486.0,75.7,7755.0,61.8,53431370.0,87523790.0,237.0,7084720.0,26.0,8.1,3728.0,1031.0,0.3,51.0,4.9,6.4,51.0
2026-03-01,e-영업1,Total,Total,12485.0,9508.0,76.2,8609.0,69.0,62518760.0,85131510.0,246.0,5247080.0,29.0,6.2,4155.0,1232.0,0.33,49.0,4.0,5.9,59.2
2026-03-02,e-영업1,Total,Total,12426.0,9487.0,76.3,8590.0,69.1,62902330.0,82706370.0,234.0,6597300.0,25.0,8.0,4218.0,1216.0,0.34,59.0,4.9,5.5,42.4
2026-03-03,e-영업1,Total,Total,11988.0,9036.0,75.4,8147.0,68.0,33825910.0,65494740.0,195.0,6156960.0,24.0,9.4,3074.0,894.0,0.26,64.0,7.2,6.3,37.5
2026-03-04,e-영업1,Total,Total,6503.0,3841.0,59.1,3314.0,51.0,10929090.0,61512020.0,184.0,5898390.0,20.0,9.6,1360.0,346.0,0.21,11.0,3.2,13.5,181.8
2026-03-05,e-영업1,Total,Total,6565.0,3858.0,58.8,3386.0,51.6,2847750.0,48443040.0,158.0,4770150.0,18.0,9.8,1424.0,358.0,0.22,17.0,4.7,11.1,105.9
2026-03-06,e-영업1,Total,Total,6615.0,3921.0,59.3,3138.0,47.4,9196820.0,57139010.0,157.0,6007240.0,18.0,10.5,1452.0,377.0,0.22,18.0,4.8,10.8,100.0
2026-03-07,e-영업1,Total,Total,9971.0,7301.0,73.2,5534.0,55.5,44606280.0,82019490.0,234.0,7876010.0,29.0,9.6,3441.0,889.0,0.35,52.0,5.8,6.8,55.8
2026-03-08,e-영업1,Total,Total,6741.0,3967.0,58.8,3402.0,50.5,27021200.0,81757000.0,219.0,7631990.0,27.0,9.3,1990.0,496.0,0.3,29.0,5.8,11.0,93.1
2026-03-09,e-영업1,Total,Total,6747.0,3967.0,58.8,3330.0,49.4,6466790.0,49406120.0,132.0,3344860.0,14.0,6.8,1609.0,410.0,0.24,15.0,3.7,8.2,93.3
2026-03-10,e-영업1,Total,Total,10001.0,7135.0,71.3,5644.0,56.4,22631550.0,45262890.0,151.0,2920870.0,21.0,6.5,2797.0,874.0,0.28,53.0,6.1,5.4,39.6
2026-03-11,e-영업1,Total,Total,6878.0,3977.0,57.8,3375.0,49.1,8086760.0,45861320.0,155.0,4652600.0,19.0,10.1,1596.0,413.0,0.23,23.0,5.6,9.7,82.6
2026-03-12,e-영업1,Total,Total,6961.0,3977.0,57.1,3317.0,47.7,2342410.0,33700420.0,129.0,6114240.0,26.0,18.1,1651.0,447.0,0.24,21.0,4.7,7.8,123.8
2026-03-13,e-영업1,Total,Total,6986.0,3891.0,55.7,0.0,0.0,9378060.0,35431180.0,125.0,2601780.0,16.0,7.3,1677.0,428.0,0.24,22.0,5.1,7.5,72.7
2026-03-14,e-영업1,Total,Total,7104.0,3891.0,54.8,3464.0,48.8,16147990.0,47806120.0,154.0,3097880.0,14.0,6.5,2014.0,475.0,0.28,27.0,5.7,7.6,51.9
2026-03-15,e-영업1,Total,Total,10068.0,7104.0,70.6,6196.0,61.5,38480790.0,53995230.0,198.0,4219940.0,27.0,7.8,3828.0,1011.0,0.38,66.0,6.5,5.2,40.9
2026-03-16,e-영업1,Total,Total,7143.0,3891.0,54.5,3605.0,50.5,7532790.0,35467880.0,124.0,3097170.0,11.0,8.7,1887.0,487.0,0.26,18.0,3.7,6.6,61.1
2026-03-17,e-영업1,Total,Total,7236.0,3891.0,53.8,3532.0,48.8,11166300.0,43355140.0,138.0,4575880.0,16.0,10.6,1682.0,454.0,0.23,23.0,5.1,8.2,69.6
2026-03-18,e-영업1,Total,Total,7345.0,3891.0,53.0,3825.0,52.1,10271390.0,31778250.0,119.0,2637970.0,14.0,8.3,1801.0,453.0,0.25,23.0,5.1,6.6,60.9
2026-03-19,e-영업1,Total,Total,10454.0,6889.0,65.9,6448.0,61.7,16643940.0,38220110.0,149.0,4050010.0,22.0,10.6,2748.0,833.0,0.26,38.0,4.6,5.4,57.9
2026-03-20,e-영업1,Total,Total,10618.0,6888.0,64.9,6462.0,60.9,19103890.0,36580970.0,138.0,2092680.0,10.0,5.7,2634.0,744.0,0.25,29.0,3.9,5.2,34.5
2026-03-21,e-영업1,Total,Total,10595.0,6864.0,64.8,5861.0,55.3,28254060.0,44610380.0,152.0,5938910.0,21.0,13.3,3040.0,718.0,0.29,43.0,6.0,5.0,48.8
2026-03-22,e-영업1,Total,Total,10542.0,6817.0,64.7,6206.0,58.9,52356940.0,70619410.0,222.0,7266360.0,30.0,10.3,3785.0,985.0,0.36,56.0,5.7,5.9,53.6
2026-03-23,e-영업1,Total,Total,7616.0,3891.0,51.1,3911.0,51.4,15387420.0,35474590.0,120.0,2710160.0,12.0,7.6,1826.0,397.0,0.24,19.0,4.8,6.6,63.2
2026-03-24,e-영업1,Total,Total,7720.0,3891.0,50.4,3680.0,47.7,13703160.0,44570220.0,125.0,4412300.0,15.0,9.9,1840.0,438.0,0.24,25.0,5.7,6.8,60.0
2026-03-25,e-영업1,Total,Total,7774.0,3891.0,50.1,3864.0,49.7,8952790.0,36126330.0,120.0,1924000.0,9.0,5.3,1782.0,432.0,0.23,15.0,3.5,6.7,60.0
2026-03-26,e-영업1,Total,Total,7850.0,3891.0,49.6,4095.0,52.2,11064710.0,40798190.0,140.0,2669400.0,15.0,6.5,1670.0,408.0,0.21,20.0,4.9,8.4,75.0
2026-03-27,e-영업1,Total,Total,7949.0,3891.0,48.9,4454.0,56.0,13376860.0,41571290.0,136.0,769950.0,5.0,1.9,1749.0,424.0,0.22,15.0,3.5,7.8,33.3
2026-03-28,e-영업1,Total,Total,10990.0,6775.0,61.6,6481.0,59.0,30331450.0,50836720.0,176.0,3112410.0,12.0,6.1,3122.0,737.0,0.28,44.0,6.0,5.6,27.3
2026-03-29,e-영업1,Total,Total,10926.0,6719.0,61.5,6942.0,63.5,47975790.0,64391260.0,207.0,3974660.0,18.0,6.2,3376.0,829.0,0.31,50.0,6.0,6.1,36.0
2026-03-30,e-영업1,Total,Total,10964.0,6650.0,60.7,6961.0,63.5,17083170.0,44143040.0,169.0,5036480.0,24.0,11.4,2789.0,702.0,0.25,29.0,4.1,6.1,82.8
2026-03-31,e-영업1,Total,Total,8231.0,3891.0,47.3,4451.0,54.1,11802390.0,34807340.0,130.0,4920440.0,18.0,14.1,1892.0,447.0,0.23,16.0,3.6,6.9,112.5
2026-04-01,e-영업1,Total,Total,8323.0,3891.0,46.7,4448.0,53.4,10499280.0,30129850.0,121.0,2497900.0,15.0,8.3,1932.0,424.0,0.23,23.0,5.4,6.3,65.2
2026-04-02,e-영업1,Total,Total,10401.0,5937.0,57.1,5913.0,56.9,9977480.0,32784810.0,142.0,4218840.0,22.0,12.9,2516.0,792.0,0.24,36.0,4.5,5.6,61.1
2026-04-03,e-영업1,Total,Total,10567.0,5927.0,56.1,6049.0,57.2,19749960.0,41286740.0,166.0,4125550.0,24.0,10.0,2395.0,609.0,0.23,34.0,5.6,6.9,70.6
2026-04-04,e-영업1,Total,Total,10549.0,5921.0,56.1,6665.0,63.2,22867040.0,40542870.0,167.0,3965640.0,17.0,9.8,2725.0,622.0,0.26,29.0,4.7,6.1,58.6
2026-04-05,e-영업1,Total,Total,10527.0,5896.0,56.0,6927.0,65.8,40613790.0,51941820.0,204.0,4009940.0,20.0,7.7,3054.0,736.0,0.29,50.0,6.8,6.7,40.0
2026-04-06,e-영업1,Total,Total,8570.0,3891.0,45.4,4853.0,56.6,12080830.0,36691650.0,139.0,2065550.0,14.0,5.6,1968.0,509.0,0.23,21.0,4.1,7.1,66.7
2026-04-07,e-영업1,Total,Total,10703.0,5854.0,54.7,5971.0,55.8,32212400.0,54877980.0,227.0,10680170.0,42.0,19.5,2932.0,794.0,0.27,52.0,6.5,7.7,80.8
2026-04-08,e-영업1,Total,Total,8656.0,3891.0,45.0,5931.0,68.5,27705590.0,56498530.0,210.0,3731670.0,20.0,6.6,2365.0,572.0,0.27,22.0,3.8,8.9,90.9
2026-04-09,e-영업1,Total,Total,8707.0,3891.0,44.7,5878.0,67.5,10578790.0,32615260.0,118.0,4066010.0,18.0,12.5,2016.0,518.0,0.23,23.0,4.4,5.9,78.3
2026-04-10,e-영업1,Total,Total,10834.0,5779.0,53.3,6616.0,61.1,21973260.0,36650880.0,151.0,4042550.0,20.0,11.0,2483.0,703.0,0.23,36.0,5.1,6.1,55.6
2026-04-11,e-영업1,Total,Total,10838.0,5788.0,53.4,6644.0,61.3,17981190.0,33134410.0,126.0,1768550.0,11.0,5.3,2654.0,636.0,0.24,45.0,7.1,4.7,24.4
2026-04-12,e-영업1,Total,Total,10787.0,5760.0,53.4,6769.0,62.8,40437490.0,50307840.0,208.0,2553550.0,14.0,5.1,3011.0,780.0,0.28,41.0,5.3,6.9,34.1
2026-04-13,e-영업1,Total,Total,10878.0,5743.0,52.8,6847.0,62.9,22267380.0,39943150.0,172.0,2805030.0,19.0,7.0,2628.0,717.0,0.24,36.0,5.0,6.5,52.8
2026-04-14,e-영업1,Total,Total,11002.0,5756.0,52.3,6776.0,61.6,23393590.0,40571970.0,174.0,2224430.0,14.0,5.5,2508.0,706.0,0.23,24.0,3.4,6.9,58.3
2026-04-15,e-영업1,Total,Total,11055.0,5705.0,51.6,6897.0,62.4,13195220.0,31513000.0,142.0,2633480.0,14.0,8.4,2525.0,700.0,0.23,23.0,3.3,5.6,60.9
2026-04-16,e-영업1,Total,Total,11079.0,5661.0,51.1,6710.0,60.6,18010430.0,37886210.0,167.0,3231580.0,19.0,8.5,2487.0,678.0,0.22,37.0,5.5,6.7,51.4
2026-04-17,e-영업1,Total,Total,11096.0,5667.0,51.1,6457.0,58.2,11426080.0,27143690.0,131.0,1227000.0,11.0,4.5,2138.0,530.0,0.19,20.0,3.8,6.1,55.0
2026-04-18,e-영업1,Total,Total,11085.0,5659.0,51.1,6680.0,60.3,26662300.0,45348780.0,173.0,3397040.0,18.0,7.5,2664.0,613.0,0.24,28.0,4.6,6.5,64.3
2026-04-19,e-영업1,Total,Total,11051.0,5631.0,51.0,6951.0,62.9,35654530.0,41494340.0,181.0,3370450.0,16.0,8.1,2990.0,741.0,0.27,40.0,5.4,6.1,40.0
2026-04-20,e-영업1,Total,Total,11201.0,5624.0,50.2,6899.0,61.6,24088740.0,40463590.0,182.0,4861700.0,20.0,12.0,2517.0,643.0,0.22,22.0,3.4,7.2,90.9
2026-04-21,e-영업1,Total,Total,11228.0,5599.0,49.9,7364.0,65.6,12711610.0,32038300.0,142.0,2765700.0,15.0,8.6,2596.0,710.0,0.23,22.0,3.1,5.5,68.2
2026-04-22,e-영업1,Total,Total,11197.0,5493.0,49.1,7278.0,65.0,28101610.0,44264890.0,191.0,4469900.0,26.0,10.1,2673.0,729.0,0.24,44.0,6.0,7.1,59.1
2026-04-23,e-영업1,Total,Total,9214.0,3891.0,42.2,5686.0,61.7,20408720.0,39432190.0,158.0,2766900.0,19.0,7.0,2256.0,562.0,0.24,22.0,3.9,7.0,86.4
2026-04-24,e-영업1,Total,Total,11260.0,5462.0,48.5,0.0,0.0,26413730.0,44097550.0,181.0,3335500.0,18.0,7.6,2571.0,733.0,0.23,33.0,4.5,7.0,54.5
2026-04-25,e-영업1,Total,Total,11260.0,5462.0,48.5,0.0,0.0,36610800.0,51919460.0,191.0,3799300.0,21.0,7.3,2973.0,731.0,0.26,40.0,5.5,6.4,52.5
2026-04-26,e-영업1,Total,Total,11245.0,5447.0,48.4,0.0,0.0,62695140.0,78465660.0,297.0,4634020.0,23.0,5.9,3269.0,803.0,0.29,49.0,6.1,9.1,46.9
2026-04-27,e-영업1,Total,Total,11244.0,5408.0,48.1,0.0,0.0,22033890.0,41823220.0,196.0,2652770.0,17.0,6.3,2782.0,772.0,0.25,33.0,4.3,7.0,51.5
2026-04-28,e-영업1,Total,Total,11254.0,5389.0,47.9,0.0,0.0,31754060.0,50081660.0,209.0,2853450.0,16.0,5.7,2758.0,824.0,0.25,28.0,3.4,7.6,57.1
2026-04-29,e-영업1,Total,Total,11296.0,5387.0,47.7,0.0,0.0,20794150.0,40873050.0,169.0,2309450.0,11.0,5.7,2492.0,679.0,0.22,46.0,6.8,6.8,23.9
2026-04-30,e-영업1,Total,Total,11238.0,5247.0,46.7,7210.0,64.2,22443510.0,41759780.0,170.0,2489150.0,15.0,6.0,2331.0,603.0,0.21,28.0,4.6,7.3,53.6
2026-05-01,e-영업1,Total,Total,11200.0,5214.0,46.6,6858.0,61.2,35254470.0,48228640.0,200.0,1813780.0,10.0,3.8,2834.0,655.0,0.25,25.0,3.8,7.1,40.0
2026-05-02,e-영업1,Total,Total,11189.0,5192.0,46.4,7283.0,65.1,36045460.0,46735000.0,191.0,4417900.0,19.0,9.5,2796.0,652.0,0.25,35.0,5.4,6.8,54.3
2026-05-03,e-영업1,Total,Total,11162.0,5170.0,46.3,7275.0,65.2,32109050.0,52147410.0,222.0,5007580.0,26.0,9.6,3278.0,888.0,0.29,51.0,5.7,6.8,51.0
2026-05-04,e-영업1,Total,Total,11153.0,5159.0,46.3,0.0,0.0,26484830.0,49920550.0,205.0,3321970.0,16.0,6.7,2969.0,848.0,0.27,50.0,5.9,6.9,32.0
2026-05-05,e-영업1,Total,Total,9689.0,3891.0,40.2,5951.0,61.4,33271520.0,52026140.0,226.0,3608820.0,18.0,6.9,3029.0,767.0,0.31,36.0,4.7,7.5,50.0
2026-05-06,e-영업1,Total,Total,9701.0,3891.0,40.1,5723.0,59.0,29096410.0,44158140.0,187.0,2833020.0,18.0,6.4,2451.0,642.0,0.25,32.0,5.0,7.6,56.3
2026-05-07,e-영업1,Total,Total,9715.0,3891.0,40.1,0.0,0.0,16111780.0,31316410.0,151.0,2420950.0,14.0,7.7,2255.0,631.0,0.23,20.0,3.2,6.7,70.0
2026-05-08,e-영업1,Total,Total,11172.0,5007.0,44.8,7287.0,65.2,23078940.0,49392530.0,198.0,3030600.0,16.0,6.1,2551.0,682.0,0.23,26.0,3.8,7.8,61.5
2026-05-09,e-영업1,Total,Total,11192.0,5006.0,44.7,0.0,0.0,29138280.0,48046720.0,200.0,5839630.0,24.0,12.2,2815.0,637.0,0.25,34.0,5.3,7.1,70.6
2026-05-10,e-영업1,Total,Total,11141.0,4972.0,44.6,0.0,0.0,38496850.0,45876730.0,205.0,3054450.0,18.0,6.7,2966.0,698.0,0.27,36.0,5.2,6.9,50.0
2026-05-11,e-영업1,Total,Total,11136.0,4874.0,43.8,7096.0,63.7,19743930.0,41798160.0,163.0,3002180.0,16.0,7.2,2526.0,730.0,0.23,28.0,3.8,6.5,57.1
2026-05-12,e-영업1,Total,Total,11070.0,4823.0,43.6,7068.0,63.8,24884850.0,51962000.0,207.0,3410900.0,16.0,6.6,2781.0,804.0,0.25,28.0,3.5,7.4,57.1
2026-05-13,e-영업1,Total,Total,11010.0,4750.0,43.1,7502.0,68.1,39340260.0,62345550.0,246.0,4180500.0,28.0,6.7,2777.0,808.0,0.25,33.0,4.1,8.9,84.8
2026-05-14,e-영업1,Total,Total,10882.0,4626.0,42.5,7285.0,66.9,40388550.0,60796030.0,223.0,5080660.0,20.0,8.4,2698.0,841.0,0.25,32.0,3.8,8.3,62.5
2026-05-15,e-영업1,Total,Total,10932.0,4618.0,42.2,7208.0,65.9,20531380.0,41494760.0,196.0,1781700.0,13.0,4.3,2591.0,721.0,0.24,27.0,3.7,7.6,48.1
2026-05-16,e-영업1,Total,Total,10932.0,4622.0,42.3,6763.0,61.9,27786030.0,45378890.0,193.0,3789700.0,14.0,8.4,2886.0,757.0,0.26,36.0,4.8,6.7,38.9
2026-05-17,e-영업1,Total,Total,10890.0,4601.0,42.2,6244.0,57.3,51395870.0,64628330.0,287.0,4026250.0,25.0,6.2,3340.0,916.0,0.31,48.0,5.2,8.6,52.1
2026-05-18,e-영업1,Total,Total,10097.0,3891.0,38.5,6141.0,60.8,11237400.0,28267980.0,145.0,1778400.0,15.0,6.3,2374.0,703.0,0.24,31.0,4.4,6.1,48.4
2026-05-19,e-영업1,Total,Total,10109.0,3891.0,38.5,5770.0,57.1,7791680.0,28379730.0,141.0,2324730.0,18.0,8.2,2345.0,727.0,0.23,31.0,4.3,6.0,58.1
2026-05-20,e-영업1,Total,Total,10143.0,3891.0,38.4,5422.0,53.5,6660190.0,27514730.0,141.0,3842330.0,21.0,14.0,2302.0,641.0,0.23,34.0,5.3,6.1,61.8
2026-05-21,e-영업1,Total,Total,10173.0,3891.0,38.2,5580.0,54.9,17532650.0,32002410.0,154.0,2133400.0,17.0,6.7,2144.0,653.0,0.21,22.0,3.4,7.2,77.3
2026-05-22,e-영업1,Total,Total,10925.0,4445.0,40.7,6333.0,58.0,12958870.0,35297750.0,139.0,1221580.0,8.0,3.5,2297.0,697.0,0.21,26.0,3.7,6.1,30.8
2026-05-23,e-영업1,Total,Total,10927.0,4444.0,40.7,6189.0,56.6,29215540.0,36793300.0,163.0,2413800.0,17.0,6.6,2600.0,667.0,0.24,34.0,5.1,6.3,50.0
2026-05-24,e-영업1,Total,Total,10899.0,4421.0,40.6,6358.0,58.3,22509120.0,43952860.0,193.0,2851000.0,18.0,6.5,2772.0,787.0,0.25,40.0,5.1,7.0,45.0
2026-05-25,e-영업1,Total,Total,10318.0,3891.0,37.7,5642.0,54.7,27118200.0,40324880.0,189.0,2939600.0,16.0,7.3,2910.0,789.0,0.28,34.0,4.3,6.5,47.1
2026-05-26,e-영업1,Total,Total,10944.0,4415.0,40.3,0.0,0.0,36237270.0,48903660.0,226.0,4609390.0,27.0,9.4,2822.0,855.0,0.26,45.0,5.3,8.0,60.0
2026-05-27,e-영업1,Total,Total,10334.0,3891.0,37.7,5563.0,53.8,17100530.0,31027520.0,138.0,2954830.0,13.0,9.5,2386.0,696.0,0.23,21.0,3.0,5.8,61.9
2026-05-28,e-영업1,Total,Total,10991.0,4396.0,40.0,6109.0,55.6,15664180.0,32614410.0,168.0,3116760.0,23.0,9.6,2550.0,794.0,0.23,30.0,3.8,6.6,76.7
2026-05-29,e-영업1,Total,Total,11057.0,4385.0,39.7,6558.0,59.3,17588940.0,34834770.0,175.0,2135620.0,16.0,6.1,2511.0,748.0,0.23,23.0,3.1,7.0,69.6
2026-05-30,e-영업1,Total,Total,11028.0,4381.0,39.7,6253.0,56.7,29257330.0,39927730.0,193.0,4034760.0,26.0,10.1,2928.0,814.0,0.27,51.0,6.3,6.6,51.0
2026-05-31,e-영업1,Total,Total,10937.0,4313.0,39.4,6340.0,58.0,40677050.0,51078490.0,237.0,6143050.0,29.0,12.0,3155.0,941.0,0.29,37.0,3.9,7.5,78.4
2026-06-01,e-영업1,Total,Total,11011.0,4318.0,39.2,6281.0,57.0,20866010.0,43227530.0,210.0,3835250.0,23.0,8.9,2666.0,804.0,0.24,35.0,4.4,7.9,65.7
2026-06-02,e-영업1,Total,Total,11081.0,4332.0,39.1,5833.0,52.6,24221730.0,42505800.0,180.0,3698720.0,18.0,8.7,2709.0,783.0,0.24,30.0,3.8,6.6,60.0
2026-06-03,e-영업1,Total,Total,11029.0,4303.0,39.0,6088.0,55.2,46196230.0,60748850.0,252.0,4925900.0,27.0,8.1,3278.0,830.0,0.3,33.0,4.0,7.7,81.8
2026-06-04,e-영업1,Total,Total,11008.0,4251.0,38.6,6077.0,55.2,19999790.0,41891120.0,195.0,2112140.0,18.0,5.0,2647.0,771.0,0.24,32.0,4.2,7.4,56.3
2026-06-05,e-영업1,Total,Total,11045.0,4261.0,38.6,5786.0,52.4,28804970.0,48615520.0,228.0,3234780.0,23.0,6.7,2943.0,838.0,0.27,36.0,4.3,7.7,63.9
2026-06-06,e-영업1,Total,Total,11009.0,4231.0,38.4,5917.0,53.7,43318000.0,63050730.0,269.0,5706100.0,26.0,9.1,3304.0,845.0,0.3,47.0,5.6,8.1,55.3
2026-06-07,e-영업1,Total,Total,10789.0,4037.0,37.4,5996.0,55.6,51464800.0,64437780.0,309.0,3121200.0,23.0,4.8,3471.0,974.0,0.32,52.0,5.3,8.9,44.2
2026-06-08,e-영업1,Total,Total,10808.0,4003.0,37.0,0.0,0.0,25822610.0,38641990.0,201.0,2795280.0,20.0,7.2,2655.0,740.0,0.25,31.0,4.2,7.6,64.5
2026-06-09,e-영업1,Total,Total,10907.0,4032.0,37.0,0.0,0.0,11020910.0,40246200.0,200.0,2744900.0,15.0,6.8,2736.0,815.0,0.25,35.0,4.3,7.3,42.9
2026-06-10,e-영업1,Total,Total,10876.0,4028.0,37.0,5882.0,54.1,24103860.0,43723440.0,217.0,3786480.0,21.0,8.7,2826.0,865.0,0.26,54.0,6.2,7.7,38.9
2026-06-11,e-영업1,Total,Total,10937.0,4045.0,37.0,5823.0,53.2,15218370.0,46770270.0,237.0,2406670.0,18.0,5.1,2901.0,911.0,0.27,31.0,3.4,8.2,58.1
2026-06-12,e-영업1,Total,Total,11002.0,4082.0,37.1,5695.0,51.8,28956040.0,48105640.0,222.0,3698130.0,20.0,7.7,2840.0,873.0,0.26,38.0,4.4,7.8,52.6
2026-06-13,e-영업1,Total,Total,10988.0,4069.0,37.0,5660.0,51.5,36851820.0,53435200.0,263.0,3801500.0,20.0,7.1,3085.0,858.0,0.28,46.0,5.4,8.5,43.5
2026-06-14,e-영업1,Total,Total,10957.0,4047.0,36.9,5911.0,53.9,57454260.0,73347250.0,321.0,4342980.0,23.0,5.9,3418.0,952.0,0.31,32.0,3.4,9.4,71.9
2026-06-15,e-영업1,Total,Total,10959.0,4076.0,37.2,5676.0,51.8,38711270.0,61416630.0,299.0,6649900.0,31.0,10.8,3636.0,1293.0,0.33,46.0,3.6,8.2,67.4
2026-06-16,e-영업1,Total,Total,10984.0,4064.0,37.0,6331.0,57.6,41780110.0,66758900.0,294.0,4077050.0,27.0,6.1,3256.0,929.0,0.3,64.0,6.9,9.0,42.2
2026-06-17,e-영업1,Total,Total,10991.0,4048.0,36.8,6198.0,56.4,33246050.0,67285410.0,305.0,4559180.0,32.0,6.8,3292.0,886.0,0.3,40.0,4.5,9.3,80.0
2026-06-18,e-영업1,Total,Total,10788.0,3977.0,36.9,6218.0,57.6,35711350.0,59001380.0,273.0,7087140.0,28.0,12.0,3251.0,856.0,0.3,49.0,5.7,8.4,57.1
2026-06-19,e-영업1,Total,Total,10788.0,3923.0,36.4,6233.0,57.8,31693700.0,57185100.0,266.0,3979510.0,22.0,7.0,3061.0,786.0,0.28,41.0,5.2,8.7,53.7
2026-06-20,e-영업1,Total,Total,10796.0,3916.0,36.3,6001.0,55.6,41916430.0,60522340.0,260.0,3969200.0,19.0,6.6,3351.0,869.0,0.31,43.0,4.9,7.8,44.2
2026-06-21,e-영업1,Total,Total,10741.0,3891.0,36.2,5952.0,55.4,65560900.0,82775500.0,336.0,4322160.0,25.0,5.2,3655.0,928.0,0.34,55.0,5.9,9.2,45.5
2026-06-22,e-영업1,Total,Total,10805.0,3899.0,36.1,6075.0,56.2,27744510.0,57769690.0,262.0,3611730.0,20.0,6.3,3002.0,859.0,0.28,34.0,4.0,8.7,58.8
2026-06-23,e-영업1,Total,Total,10759.0,3856.0,35.8,5281.0,49.1,14045580.0,44344750.0,231.0,3223300.0,16.0,7.3,2598.0,745.0,0.24,36.0,4.8,8.9,44.4
2026-06-24,e-영업1,Total,Total,10838.0,3900.0,36.0,5198.0,48.0,22290070.0,43874750.0,210.0,3047250.0,20.0,6.9,2604.0,718.0,0.24,39.0,5.4,8.1,51.3
2026-06-25,e-영업1,Total,Total,10788.0,3877.0,35.9,5400.0,50.1,20045140.0,46706550.0,239.0,3199400.0,23.0,6.9,2599.0,734.0,0.24,34.0,4.6,9.2,67.6
2026-06-26,e-영업1,Total,Total,10877.0,3861.0,35.5,5225.0,48.0,26225920.0,48592890.0,247.0,3892700.0,24.0,8.0,2647.0,686.0,0.24,43.0,6.3,9.3,55.8
2026-06-27,e-영업1,Total,Total,10884.0,3861.0,35.5,0.0,0.0,27474360.0,52707610.0,242.0,1898600.0,10.0,3.6,3164.0,801.0,0.29,40.0,5.0,7.6,25.0
2026-06-28,e-영업1,Total,Total,10852.0,3844.0,35.4,5331.0,49.1,55609290.0,68620770.0,337.0,3698560.0,27.0,5.4,3460.0,947.0,0.32,53.0,5.6,9.7,50.9
2026-06-29,e-영업1,Total,Total,10854.0,3806.0,35.1,0.0,0.0,28489910.0,47909040.0,240.0,3102090.0,17.0,6.5,2923.0,887.0,0.27,35.0,3.9,8.2,48.6
2026-06-30,e-영업1,Total,Total,10763.0,3711.0,34.5,5098.0,47.4,25212690.0,47400940.0,232.0,4237980.0,22.0,8.9,2845.0,869.0,0.26,37.0,4.3,8.2,59.5
2026-07-01,e-영업1,Total,Total,10803.0,3739.0,34.6,5055.0,46.8,25770910.0,45029330.0,227.0,3052180.0,21.0,6.8,2829.0,856.0,0.26,29.0,3.4,8.0,72.4
2026-07-02,e-영업1,Total,Total,10811.0,3719.0,34.4,5151.0,47.6,19452930.0,41151040.0,219.0,3925930.0,27.0,9.5,2555.0,767.0,0.24,36.0,4.7,8.6,75.0
2026-07-03,e-영업1,Total,Total,10910.0,3722.0,34.1,5060.0,46.4,28654410.0,48514490.0,226.0,3225300.0,21.0,6.6,2627.0,760.0,0.24,31.0,4.1,8.6,67.7
2026-07-04,e-영업1,Total,Total,10880.0,3703.0,34.0,5292.0,48.6,33573990.0,54952560.0,255.0,5631200.0,30.0,10.2,3216.0,918.0,0.3,47.0,5.1,7.9,63.8
2026-07-05,e-영업1,Total,Total,10827.0,3684.0,34.0,5301.0,49.0,49258400.0,56534770.0,298.0,4564800.0,29.0,8.1,3626.0,1126.0,0.33,49.0,4.4,8.2,59.2
2026-07-06,e-영업1,Total,Total,10880.0,3684.0,33.9,5267.0,48.4,29686810.0,46199170.0,237.0,4138940.0,27.0,9.0,3081.0,1023.0,0.28,44.0,4.3,7.7,61.4
2026-07-07,e-영업1,Total,Total,10948.0,3680.0,33.6,5139.0,46.9,32751860.0,52148570.0,257.0,5034600.0,28.0,9.7,3130.0,1025.0,0.29,45.0,4.4,8.2,62.2
2026-07-08,e-영업1,Total,Total,10947.0,3666.0,33.5,5727.0,52.3,29354720.0,54619630.0,281.0,5355900.0,32.0,9.8,3108.0,939.0,0.28,43.0,4.6,9.0,74.4
2026-07-09,e-영업1,Total,Total,10918.0,3625.0,33.2,5509.0,50.5,29038150.0,53761520.0,263.0,6257980.0,37.0,11.6,2959.0,891.0,0.27,43.0,4.8,8.9,86.0
2026-07-10,e-영업1,Total,Total,11015.0,3632.0,33.0,5527.0,50.2,29167650.0,46093730.0,226.0,3260280.0,25.0,7.1,2816.0,837.0,0.26,48.0,5.7,8.0,52.1
2026-07-11,e-영업1,Total,Total,10984.0,3632.0,33.1,4799.0,43.7,30660980.0,48719050.0,234.0,2678950.0,15.0,5.5,3022.0,821.0,0.28,45.0,5.5,7.7,33.3
2026-07-12,e-영업1,Total,Total,10930.0,3605.0,33.0,4967.0,45.4,55145120.0,68247510.0,312.0,6033930.0,33.0,8.8,3514.0,950.0,0.32,53.0,5.6,8.9,62.3
2026-07-13,e-영업1,Total,Total,10964.0,3566.0,32.5,4959.0,45.2,29410000.0,43395680.0,226.0,2423900.0,18.0,5.6,2777.0,799.0,0.25,37.0,4.6,8.1,48.6
2026-07-14,e-영업1,Total,Total,11064.0,3571.0,32.3,5028.0,45.4,18251830.0,36593640.0,210.0,2256330.0,11.0,6.2,2622.0,788.0,0.24,31.0,3.9,8.0,35.5
2026-07-15,e-영업1,Total,Total,11170.0,5920.0,53.0,5078.0,45.5,20571620.0,40589760.0,218.0,4268160.0,28.0,10.5,2578.0,710.0,0.23,42.0,5.9,8.5,66.7
2026-07-16,e-영업1,Total,Total,11155.0,7147.0,64.1,5142.0,46.1,15808750.0,36690990.0,212.0,2872700.0,20.0,7.8,2376.0,652.0,0.21,24.0,3.7,8.9,83.3
2026-07-17,e-영업1,Total,Total,11129.0,7504.0,67.4,5033.0,45.2,37212540.0,45729640.0,249.0,3738130.0,26.0,8.2,2772.0,703.0,0.25,47.0,6.7,9.0,55.3
2026-07-18,e-영업1,Total,Total,11094.0,7626.0,68.7,5144.0,46.4,24789510.0,45312510.0,226.0,3644290.0,24.0,8.0,2956.0,743.0,0.27,50.0,6.7,7.6,48.0
2026-07-19,e-영업1,Total,Total,11042.0,8170.0,74.0,5107.0,46.3,35651010.0,45207250.0,244.0,3927450.0,20.0,8.7,3209.0,834.0,0.29,52.0,6.2,7.6,38.5
2026-07-20,e-영업1,Total,Total,11226.0,8215.0,73.2,5099.0,45.4,23011180.0,42599240.0,200.0,3461060.0,23.0,8.1,2587.0,752.0,0.23,51.0,6.8,7.7,45.1
2026-07-21,e-영업1,Total,Total,11302.0,8275.0,73.2,4906.0,43.4,24564720.0,38948400.0,176.0,4222900.0,22.0,10.8,2602.0,744.0,0.23,42.0,5.6,6.8,52.4
2026-07-22,e-영업1,Total,Total,11299.0,8268.0,73.2,4861.0,43.0,19974400.0,39084750.0,199.0,5358530.0,28.0,13.7,2653.0,754.0,0.23,37.0,4.9,7.5,75.7
2026-07-23,e-영업1,Total,Total,11209.0,8266.0,73.7,4762.0,42.5,16515600.0,34139800.0,180.0,1994190.0,17.0,5.8,2504.0,692.0,0.22,27.0,3.9,7.2,63.0
2026-07-24,e-영업1,Total,Total,11255.0,8324.0,74.0,4757.0,42.3,21815340.0,35156100.0,184.0,2311550.0,15.0,6.6,2578.0,770.0,0.23,27.0,3.5,7.1,55.6
2026-07-25,e-영업1,Total,Total,11212.0,8383.0,74.8,4435.0,39.6,16582480.0,31695750.0,174.0,1962780.0,20.0,6.2,2802.0,739.0,0.25,33.0,4.5,6.2,60.6
2026-07-26,e-영업1,Total,Total,11162.0,8375.0,75.0,4676.0,41.9,29177540.0,31702880.0,175.0,3755470.0,21.0,11.8,2762.0,727.0,0.25,37.0,5.1,6.3,56.8
2026-07-27,e-영업1,Total,Total,11230.0,8384.0,74.7,4602.0,41.0,17806180.0,29123300.0,166.0,2620100.0,13.0,9.0,2621.0,756.0,0.23,35.0,4.6,6.3,37.1
2026-07-28,e-영업1,Total,Total,11276.0,8424.0,74.7,4138.0,36.7,11797580.0,30283170.0,158.0,1852230.0,13.0,6.1,2332.0,658.0,0.21,34.0,5.2,6.8,38.2
2026-07-29,e-영업1,Total,Total,11444.0,8502.0,74.3,4382.0,38.3,19337770.0,34660810.0,176.0,3969940.0,26.0,11.5,2403.0,682.0,0.21,40.0,5.9,7.3,65.0
2026-01-01,e-영업1,Total,최저가,6247.0,4643.0,74.3,6247.0,100.0,51125360.0,63581630.0,198.0,3493370.0,18.0,5.5,3120.0,827.0,0.5,45.0,5.4,6.3,40.0
2026-01-02,e-영업1,Total,최저가,6407.0,4834.0,75.4,6407.0,100.0,29160690.0,70298490.0,182.0,6141810.0,15.0,8.7,2951.0,860.0,0.46,35.0,4.1,6.2,42.9
2026-01-03,e-영업1,Total,최저가,6383.0,4817.0,75.5,6383.0,100.0,34886060.0,63948150.0,200.0,6296170.0,25.0,9.8,3493.0,886.0,0.55,43.0,4.9,5.7,58.1
2026-01-04,e-영업1,Total,최저가,6324.0,4763.0,75.3,6324.0,100.0,53348690.0,69093970.0,215.0,4079780.0,21.0,5.9,3450.0,923.0,0.55,63.0,6.8,6.2,33.3
2026-01-05,e-영업1,Total,최저가,6227.0,4758.0,76.4,6227.0,100.0,40444080.0,54910230.0,175.0,6358310.0,23.0,11.6,2755.0,713.0,0.44,44.0,6.2,6.4,52.3
2026-01-06,e-영업1,Total,최저가,5714.0,4192.0,73.4,5714.0,100.0,12327210.0,36756210.0,138.0,3576680.0,19.0,9.7,2375.0,655.0,0.42,47.0,7.2,5.8,40.4
2026-01-07,e-영업1,Total,최저가,6063.0,4480.0,73.9,6063.0,100.0,24242970.0,53046120.0,166.0,7230000.0,23.0,13.6,2734.0,827.0,0.45,45.0,5.4,6.1,51.1
2026-01-08,e-영업1,Total,최저가,5871.0,4319.0,73.6,5871.0,100.0,11371610.0,42846320.0,115.0,3400700.0,14.0,7.9,2296.0,667.0,0.39,31.0,4.6,5.0,45.2
2026-01-09,e-영업1,Total,최저가,5810.0,4263.0,73.4,5810.0,100.0,18967710.0,40142950.0,116.0,3082600.0,15.0,7.7,2411.0,691.0,0.41,38.0,5.5,4.8,39.5
2026-01-10,e-영업1,Total,최저가,6148.0,4562.0,74.2,6148.0,100.0,54999590.0,80482140.0,208.0,5495530.0,17.0,6.8,3501.0,950.0,0.57,53.0,5.6,5.9,32.1
2026-01-11,e-영업1,Total,최저가,6414.0,4808.0,75.0,6414.0,100.0,73844220.0,94565250.0,254.0,11453730.0,30.0,12.1,3850.0,1048.0,0.6,77.0,7.3,6.6,39.0
2026-01-12,e-영업1,Total,최저가,6345.0,4778.0,75.3,6345.0,100.0,40926090.0,66889940.0,194.0,6565100.0,23.0,9.8,3051.0,873.0,0.48,47.0,5.4,6.4,48.9
2026-01-13,e-영업1,Total,최저가,6682.0,5062.0,75.8,6682.0,100.0,35643830.0,74243930.0,189.0,5938240.0,25.0,8.0,3170.0,886.0,0.47,48.0,5.4,6.0,52.1
2026-01-14,e-영업1,Total,최저가,6970.0,5220.0,74.9,6970.0,100.0,53919370.0,90846300.0,252.0,8487100.0,33.0,9.3,3535.0,1027.0,0.51,48.0,4.7,7.1,68.8
2026-01-15,e-영업1,Total,최저가,6586.0,4888.0,74.2,6586.0,100.0,15439930.0,50670000.0,147.0,4631860.0,16.0,9.1,2897.0,868.0,0.44,44.0,5.1,5.1,36.4
2026-01-16,e-영업1,Total,최저가,6232.0,4514.0,72.4,6232.0,100.0,24497040.0,58238780.0,147.0,4905380.0,13.0,8.4,2572.0,723.0,0.41,36.0,5.0,5.7,36.1
2026-01-17,e-영업1,Total,최저가,6690.0,4849.0,72.5,6690.0,100.0,27398870.0,61827060.0,147.0,6764400.0,13.0,10.9,3126.0,886.0,0.47,33.0,3.7,4.7,39.4
2026-01-18,e-영업1,Total,최저가,6937.0,5135.0,74.0,6937.0,100.0,62320270.0,73044310.0,213.0,9686230.0,28.0,13.3,3503.0,972.0,0.5,55.0,5.7,6.1,50.9
2026-01-19,e-영업1,Total,최저가,6906.0,5132.0,74.3,6906.0,100.0,28184580.0,58659570.0,159.0,7376850.0,17.0,12.6,3132.0,898.0,0.45,41.0,4.6,5.1,41.5
2026-01-20,e-영업1,Total,최저가,6776.0,4947.0,73.0,6776.0,100.0,28714300.0,63078710.0,188.0,5460910.0,26.0,8.7,2944.0,875.0,0.43,43.0,4.9,6.4,60.5
2026-01-21,e-영업1,Total,최저가,6760.0,4940.0,73.1,6760.0,100.0,33392430.0,74623190.0,190.0,5281100.0,19.0,7.1,3000.0,841.0,0.44,47.0,5.6,6.3,40.4
2026-01-22,e-영업1,Total,최저가,6290.0,4484.0,71.3,6290.0,100.0,42028430.0,62716310.0,157.0,3478960.0,13.0,5.5,2545.0,699.0,0.4,31.0,4.4,6.2,41.9
2026-01-23,e-영업1,Total,최저가,6737.0,4864.0,72.2,6737.0,100.0,39150760.0,77423540.0,183.0,4062780.0,13.0,5.2,2878.0,766.0,0.43,34.0,4.4,6.4,38.2
2026-01-24,e-영업1,Total,최저가,6671.0,4732.0,70.9,6671.0,100.0,50679900.0,73671310.0,194.0,6084690.0,23.0,8.3,3244.0,807.0,0.49,60.0,7.4,6.0,38.3
2026-01-25,e-영업1,Total,최저가,6765.0,4869.0,72.0,6765.0,100.0,66621460.0,87743930.0,242.0,7504460.0,27.0,8.6,3587.0,956.0,0.53,54.0,5.6,6.7,50.0
2026-01-26,e-영업1,Total,최저가,6739.0,4888.0,72.5,6739.0,100.0,25084930.0,56504030.0,162.0,4774620.0,25.0,8.5,2902.0,822.0,0.43,55.0,6.7,5.6,45.5
2026-01-27,e-영업1,Total,최저가,6521.0,4652.0,71.3,6521.0,100.0,16005460.0,41534620.0,136.0,3417440.0,13.0,8.2,2406.0,620.0,0.37,26.0,4.2,5.7,50.0
2026-01-28,e-영업1,Total,최저가,6557.0,4665.0,71.1,6557.0,100.0,18899950.0,45659890.0,132.0,4174850.0,16.0,9.1,2381.0,657.0,0.36,29.0,4.4,5.5,55.2
2026-01-29,e-영업1,Total,최저가,6756.0,4857.0,71.9,6756.0,100.0,25457330.0,51498350.0,154.0,5474880.0,23.0,10.6,2465.0,678.0,0.36,37.0,5.5,6.2,62.2
2026-01-30,e-영업1,Total,최저가,6969.0,5054.0,72.5,6969.0,100.0,34684090.0,61080730.0,154.0,5964640.0,22.0,9.8,2612.0,764.0,0.37,32.0,4.2,5.9,68.8
2026-01-31,e-영업1,Total,최저가,7266.0,5238.0,72.1,7266.0,100.0,29336130.0,63268840.0,154.0,2915870.0,9.0,4.6,3080.0,767.0,0.42,51.0,6.6,5.0,17.6
2026-02-01,e-영업1,Total,최저가,7041.0,5047.0,71.7,7041.0,100.0,66041200.0,76114190.0,239.0,6094360.0,28.0,8.0,3412.0,860.0,0.48,50.0,5.8,7.0,56.0
2026-02-02,e-영업1,Total,최저가,6939.0,4989.0,71.9,6939.0,100.0,18789920.0,37385500.0,134.0,4842460.0,18.0,13.0,2633.0,766.0,0.38,27.0,3.5,5.1,66.7
2026-02-03,e-영업1,Total,최저가,6892.0,4938.0,71.6,6892.0,100.0,40941120.0,66083070.0,176.0,4223080.0,17.0,6.4,2648.0,723.0,0.38,27.0,3.7,6.6,63.0
2026-02-04,e-영업1,Total,최저가,6801.0,4821.0,70.9,6801.0,100.0,32908030.0,62989700.0,157.0,2427560.0,12.0,3.9,2450.0,611.0,0.36,33.0,5.4,6.4,36.4
2026-02-05,e-영업1,Total,최저가,7284.0,5260.0,72.2,7284.0,100.0,11640440.0,28781230.0,97.0,2797140.0,14.0,9.7,2275.0,609.0,0.31,29.0,4.8,4.3,48.3
2026-02-06,e-영업1,Total,최저가,6864.0,4904.0,71.4,6864.0,100.0,14114830.0,32585690.0,92.0,2453880.0,8.0,7.5,2251.0,599.0,0.33,16.0,2.7,4.1,50.0
2026-02-07,e-영업1,Total,최저가,7027.0,5028.0,71.6,7027.0,100.0,25244050.0,50295030.0,151.0,3406580.0,18.0,6.8,2991.0,731.0,0.43,38.0,5.2,5.0,47.4
2026-02-08,e-영업1,Total,최저가,7473.0,5513.0,73.8,7473.0,100.0,47849220.0,58601020.0,189.0,8180080.0,26.0,14.0,3358.0,822.0,0.45,52.0,6.3,5.6,50.0
2026-02-09,e-영업1,Total,최저가,7440.0,5530.0,74.3,7440.0,100.0,31350560.0,57209860.0,162.0,5235500.0,21.0,9.2,2594.0,674.0,0.35,32.0,4.7,6.2,65.6
2026-02-10,e-영업1,Total,최저가,7043.0,5067.0,71.9,7043.0,100.0,28551990.0,41267310.0,132.0,2575460.0,16.0,6.2,2655.0,779.0,0.38,31.0,4.0,5.0,51.6
2026-02-11,e-영업1,Total,최저가,7318.0,5325.0,72.8,7318.0,100.0,19885050.0,41941300.0,153.0,4595940.0,21.0,11.0,2521.0,694.0,0.34,29.0,4.2,6.1,72.4
2026-02-12,e-영업1,Total,최저가,7243.0,5272.0,72.8,7243.0,100.0,15643020.0,35932800.0,137.0,3271530.0,17.0,9.1,2264.0,560.0,0.31,24.0,4.3,6.1,70.8
2026-02-13,e-영업1,Total,최저가,7414.0,5340.0,72.0,7414.0,100.0,18321320.0,35438910.0,114.0,2789680.0,12.0,7.9,2190.0,534.0,0.3,24.0,4.5,5.2,50.0
2026-02-14,e-영업1,Total,최저가,7726.0,5623.0,72.8,7726.0,100.0,16958780.0,43663510.0,127.0,3730380.0,15.0,8.5,2542.0,612.0,0.33,36.0,5.9,5.0,41.7
2026-02-15,e-영업1,Total,최저가,7805.0,5747.0,73.6,7805.0,100.0,29521980.0,35766580.0,99.0,3111860.0,10.0,8.7,2582.0,684.0,0.33,27.0,3.9,3.8,37.0
2026-02-16,e-영업1,Total,최저가,7855.0,5823.0,74.1,7855.0,100.0,30138930.0,38102490.0,94.0,3569680.0,11.0,9.4,2352.0,575.0,0.3,22.0,3.8,4.0,50.0
2026-02-17,e-영업1,Total,최저가,7735.0,5763.0,74.5,7735.0,100.0,15607490.0,23475430.0,77.0,2092080.0,13.0,8.9,2255.0,576.0,0.29,24.0,4.2,3.4,54.2
2026-02-18,e-영업1,Total,최저가,7713.0,5770.0,74.8,7713.0,100.0,34342510.0,42627190.0,148.0,5319800.0,20.0,12.5,2920.0,782.0,0.38,42.0,5.4,5.1,47.6
2026-02-19,e-영업1,Total,최저가,7724.0,5819.0,75.3,7724.0,100.0,22259580.0,39463420.0,126.0,3207910.0,15.0,8.1,2500.0,750.0,0.32,34.0,4.5,5.0,44.1
2026-02-20,e-영업1,Total,최저가,7809.0,5849.0,74.9,7809.0,100.0,34120300.0,51799880.0,152.0,5905950.0,22.0,11.4,2584.0,712.0,0.33,43.0,6.0,5.9,51.2
2026-02-21,e-영업1,Total,최저가,7735.0,5686.0,73.5,7735.0,100.0,28514950.0,59909760.0,178.0,5774300.0,20.0,9.6,3333.0,838.0,0.43,59.0,7.0,5.3,33.9
2026-02-22,e-영업1,Total,최저가,8376.0,6347.0,75.8,8376.0,100.0,64122010.0,78268040.0,238.0,7697220.0,35.0,9.8,3723.0,1044.0,0.44,56.0,5.4,6.4,62.5
2026-02-23,e-영업1,Total,최저가,8372.0,6392.0,76.3,8372.0,100.0,20091250.0,57751840.0,181.0,2501320.0,16.0,4.3,2826.0,799.0,0.34,41.0,5.1,6.4,39.0
2026-02-24,e-영업1,Total,최저가,7769.0,5769.0,74.3,7769.0,100.0,15576820.0,39155950.0,143.0,4247990.0,23.0,10.8,2525.0,753.0,0.33,39.0,5.2,5.7,59.0
2026-02-25,e-영업1,Total,최저가,7994.0,5852.0,73.2,7994.0,100.0,20138600.0,45326270.0,151.0,5823710.0,21.0,12.8,2648.0,754.0,0.33,36.0,4.8,5.7,58.3
2026-02-26,e-영업1,Total,최저가,8161.0,5960.0,73.0,8161.0,100.0,36172660.0,55506900.0,171.0,4538130.0,20.0,8.2,2721.0,711.0,0.33,41.0,5.8,6.3,48.8
2026-02-27,e-영업1,Total,최저가,8531.0,6179.0,72.4,8531.0,100.0,25872290.0,48448590.0,160.0,2362460.0,12.0,4.9,2510.0,648.0,0.29,27.0,4.2,6.4,44.4
2026-02-28,e-영업1,Total,최저가,7755.0,5376.0,69.3,7755.0,100.0,42654360.0,71111780.0,201.0,3591270.0,18.0,5.1,3001.0,758.0,0.39,35.0,4.6,6.7,51.4
2026-03-01,e-영업1,Total,최저가,8609.0,6282.0,73.0,8609.0,100.0,55701460.0,75669460.0,221.0,4832230.0,26.0,6.4,3596.0,1007.0,0.42,45.0,4.5,6.1,57.8
2026-03-02,e-영업1,Total,최저가,8590.0,6314.0,73.5,8590.0,100.0,55975180.0,74975020.0,211.0,5179100.0,22.0,6.9,3597.0,975.0,0.42,49.0,5.0,5.9,44.9
2026-03-03,e-영업1,Total,최저가,8147.0,6029.0,74.0,8147.0,100.0,25816040.0,53804470.0,154.0,3865080.0,17.0,7.2,2482.0,659.0,0.3,49.0,7.4,6.2,34.7
2026-03-04,e-영업1,Total,최저가,3314.0,2211.0,66.7,3314.0,100.0,7509680.0,45286720.0,138.0,4416990.0,17.0,9.8,982.0,223.0,0.3,8.0,3.6,14.1,212.5
2026-03-05,e-영업1,Total,최저가,3386.0,2202.0,65.0,3386.0,100.0,2863550.0,46246940.0,145.0,3970750.0,17.0,8.6,1075.0,230.0,0.32,13.0,5.7,13.5,130.8
2026-03-06,e-영업1,Total,최저가,3138.0,1939.0,61.8,3138.0,100.0,5042420.0,49687110.0,124.0,3660690.0,10.0,7.4,1023.0,256.0,0.33,9.0,3.5,12.1,111.1
2026-03-07,e-영업1,Total,최저가,5534.0,3597.0,65.0,5534.0,100.0,41194600.0,69638910.0,197.0,5611010.0,20.0,8.1,2766.0,672.0,0.5,36.0,5.4,7.1,55.6
2026-03-08,e-영업1,Total,최저가,3402.0,2132.0,62.7,3402.0,100.0,23480940.0,74576010.0,198.0,7134490.0,25.0,9.6,1516.0,354.0,0.45,24.0,6.8,13.1,104.2
2026-03-09,e-영업1,Total,최저가,3330.0,2097.0,63.0,3330.0,100.0,7392400.0,45816140.0,118.0,2375460.0,11.0,5.2,1173.0,274.0,0.35,14.0,5.1,10.1,78.6
2026-03-10,e-영업1,Total,최저가,5644.0,3592.0,63.6,5644.0,100.0,18139850.0,34984790.0,115.0,2221670.0,15.0,6.4,2093.0,608.0,0.37,36.0,5.9,5.5,41.7
2026-03-11,e-영업1,Total,최저가,3375.0,1938.0,57.4,3375.0,100.0,5556160.0,35360020.0,124.0,4345600.0,17.0,12.3,1160.0,265.0,0.34,21.0,7.9,10.7,81.0
2026-03-12,e-영업1,Total,최저가,3317.0,1849.0,55.7,3317.0,100.0,3244560.0,25367260.0,92.0,5011790.0,20.0,19.8,1227.0,310.0,0.37,16.0,5.2,7.5,125.0
2026-03-13,e-영업1,Total,최저가,,,,,,,,,,,,,,,,,,
2026-03-14,e-영업1,Total,최저가,3464.0,1828.0,52.8,3464.0,100.0,10886540.0,33779670.0,109.0,2225380.0,11.0,6.6,1413.0,300.0,0.41,16.0,5.3,7.7,68.8
2026-03-15,e-영업1,Total,최저가,6196.0,3858.0,62.3,6196.0,100.0,27869190.0,38247160.0,143.0,2334510.0,16.0,6.1,2816.0,679.0,0.45,44.0,6.5,5.1,36.4
2026-03-16,e-영업1,Total,최저가,3605.0,1976.0,54.8,3605.0,100.0,4188210.0,22480360.0,80.0,1207980.0,5.0,5.4,1325.0,333.0,0.37,10.0,3.0,6.0,50.0
2026-03-17,e-영업1,Total,최저가,3532.0,1835.0,52.0,3532.0,100.0,9331750.0,34618090.0,114.0,3773780.0,14.0,10.9,1189.0,298.0,0.34,16.0,5.4,9.6,87.5
2026-03-18,e-영업1,Total,최저가,3825.0,1951.0,51.0,3825.0,100.0,6620360.0,26113770.0,96.0,2416570.0,12.0,9.3,1346.0,310.0,0.35,17.0,5.5,7.1,70.6
2026-03-19,e-영업1,Total,최저가,6448.0,3809.0,59.1,6448.0,100.0,13047340.0,32875510.0,128.0,3405310.0,17.0,10.4,2143.0,594.0,0.33,29.0,4.9,6.0,58.6
2026-03-20,e-영업1,Total,최저가,6462.0,3759.0,58.2,6462.0,100.0,14655090.0,27018620.0,104.0,1469480.0,8.0,5.4,2029.0,549.0,0.31,21.0,3.8,5.1,38.1
2026-03-21,e-영업1,Total,최저가,5861.0,3172.0,54.1,5861.0,100.0,20780260.0,33667330.0,112.0,4707760.0,16.0,14.0,2079.0,454.0,0.35,28.0,6.2,5.4,57.1
2026-03-22,e-영업1,Total,최저가,6206.0,3453.0,55.6,6206.0,100.0,44357860.0,61055030.0,184.0,5003180.0,19.0,8.2,2895.0,686.0,0.47,42.0,6.1,6.4,45.2
2026-03-23,e-영업1,Total,최저가,3911.0,1863.0,47.6,3911.0,100.0,12862470.0,28410340.0,95.0,2167760.0,10.0,7.6,1353.0,266.0,0.35,14.0,5.3,7.0,71.4
2026-03-24,e-영업1,Total,최저가,3680.0,1629.0,44.3,3680.0,100.0,9479960.0,30637570.0,90.0,2207980.0,10.0,7.2,1167.0,263.0,0.32,17.0,6.5,7.7,58.8
2026-03-25,e-영업1,Total,최저가,3864.0,1675.0,43.3,3864.0,100.0,4143000.0,23556690.0,78.0,1364600.0,5.0,5.8,1220.0,288.0,0.32,7.0,2.4,6.4,71.4
2026-03-26,e-영업1,Total,최저가,4095.0,1789.0,43.7,4095.0,100.0,6517080.0,28853660.0,103.0,2402000.0,13.0,8.3,1132.0,259.0,0.28,14.0,5.4,9.1,92.9
2026-03-27,e-영업1,Total,최저가,4454.0,2035.0,45.7,4454.0,100.0,9648660.0,31950950.0,111.0,769950.0,5.0,2.4,1389.0,311.0,0.31,10.0,3.2,8.0,50.0
2026-03-28,e-영업1,Total,최저가,6481.0,3382.0,52.2,6481.0,100.0,25133850.0,40433070.0,137.0,2456210.0,9.0,6.1,2353.0,505.0,0.36,27.0,5.3,5.8,33.3
2026-03-29,e-영업1,Total,최저가,6942.0,3767.0,54.3,6942.0,100.0,39743050.0,55366720.0,175.0,3604660.0,14.0,6.5,2702.0,627.0,0.39,37.0,5.9,6.5,37.8
2026-03-30,e-영업1,Total,최저가,6961.0,3766.0,54.1,6961.0,100.0,14224200.0,36882670.0,140.0,3964680.0,20.0,10.7,2249.0,513.0,0.32,24.0,4.7,6.2,83.3
2026-03-31,e-영업1,Total,최저가,4451.0,1994.0,44.8,4451.0,100.0,8856090.0,28303260.0,106.0,4066640.0,14.0,14.4,1515.0,334.0,0.34,11.0,3.3,7.0,127.3
2026-04-01,e-영업1,Total,최저가,4448.0,2016.0,45.3,4448.0,100.0,8535930.0,26209500.0,107.0,2107700.0,13.0,8.0,1581.0,323.0,0.36,14.0,4.3,6.8,92.9
2026-04-02,e-영업1,Total,최저가,5913.0,2874.0,48.6,5913.0,100.0,9290060.0,25697040.0,105.0,2584340.0,14.0,10.1,1953.0,610.0,0.33,24.0,3.9,5.4,58.3
2026-04-03,e-영업1,Total,최저가,6049.0,2874.0,47.5,6049.0,100.0,18286540.0,32900580.0,124.0,3479470.0,19.0,10.6,1744.0,426.0,0.29,27.0,6.3,7.1,70.4
2026-04-04,e-영업1,Total,최저가,6665.0,3260.0,48.9,6665.0,100.0,18419340.0,33322970.0,144.0,3009640.0,14.0,9.0,2199.0,450.0,0.33,24.0,5.3,6.5,58.3
2026-04-05,e-영업1,Total,최저가,6927.0,3401.0,49.1,6927.0,100.0,37187300.0,47872250.0,185.0,3774640.0,18.0,7.9,2556.0,572.0,0.37,43.0,7.5,7.2,41.9
2026-04-06,e-영업1,Total,최저가,4853.0,2095.0,43.2,4853.0,100.0,9496880.0,30752700.0,113.0,762050.0,7.0,2.5,1602.0,385.0,0.33,13.0,3.4,7.1,53.8
2026-04-07,e-영업1,Total,최저가,5971.0,2662.0,44.6,5971.0,100.0,22241690.0,33128690.0,140.0,7150440.0,25.0,21.6,1947.0,501.0,0.33,33.0,6.6,7.2,75.8
2026-04-08,e-영업1,Total,최저가,5931.0,2657.0,44.8,5931.0,100.0,26009890.0,47066250.0,187.0,3357670.0,18.0,7.1,2080.0,469.0,0.35,21.0,4.5,9.0,85.7
2026-04-09,e-영업1,Total,최저가,5878.0,2559.0,43.5,5878.0,100.0,10024990.0,30887060.0,107.0,3661410.0,15.0,11.9,1730.0,420.0,0.29,17.0,4.0,6.2,88.2
2026-04-10,e-영업1,Total,최저가,6616.0,2927.0,44.2,6616.0,100.0,18060380.0,29073910.0,122.0,2286450.0,13.0,7.9,1892.0,488.0,0.29,25.0,5.1,6.4,52.0
2026-04-11,e-영업1,Total,최저가,6644.0,2900.0,43.6,6644.0,100.0,14840630.0,24926960.0,94.0,1453650.0,8.0,5.8,2027.0,452.0,0.31,32.0,7.1,4.6,25.0
2026-04-12,e-영업1,Total,최저가,6769.0,3007.0,44.4,6769.0,100.0,34733790.0,43522540.0,178.0,2091600.0,11.0,4.8,2421.0,559.0,0.36,29.0,5.2,7.4,37.9
2026-04-13,e-영업1,Total,최저가,6847.0,3094.0,45.2,6847.0,100.0,18917420.0,33514230.0,144.0,2696030.0,18.0,8.0,2103.0,521.0,0.31,30.0,5.8,6.8,60.0
2026-04-14,e-영업1,Total,최저가,6776.0,3001.0,44.3,6776.0,100.0,19328890.0,34447970.0,145.0,2011130.0,11.0,5.8,2033.0,537.0,0.3,19.0,3.5,7.1,57.9
2026-04-15,e-영업1,Total,최저가,6897.0,3062.0,44.4,6897.0,100.0,10521040.0,25969360.0,117.0,2213080.0,10.0,8.5,2088.0,537.0,0.3,18.0,3.4,5.6,55.6
2026-04-16,e-영업1,Total,최저가,6710.0,2899.0,43.2,6710.0,100.0,15936630.0,32385360.0,137.0,2209880.0,15.0,6.8,1997.0,495.0,0.3,32.0,6.5,6.9,46.9
2026-04-17,e-영업1,Total,최저가,6457.0,2797.0,43.3,6457.0,100.0,6475100.0,19636980.0,91.0,851400.0,7.0,4.3,1648.0,365.0,0.26,13.0,3.6,5.5,53.8
2026-04-18,e-영업1,Total,최저가,6680.0,2814.0,42.1,6680.0,100.0,23834290.0,38024250.0,146.0,2777140.0,13.0,7.3,2076.0,414.0,0.31,21.0,5.1,7.0,61.9
2026-04-19,e-영업1,Total,최저가,6951.0,2866.0,41.2,6951.0,100.0,31906380.0,36721890.0,160.0,3370450.0,16.0,9.2,2449.0,543.0,0.35,35.0,6.4,6.5,45.7
2026-04-20,e-영업1,Total,최저가,6899.0,2850.0,41.3,6899.0,100.0,21121470.0,34304720.0,149.0,3934700.0,17.0,11.5,2028.0,486.0,0.29,20.0,4.1,7.3,85.0
2026-04-21,e-영업1,Total,최저가,7364.0,3136.0,42.6,7364.0,100.0,11071660.0,25937440.0,115.0,2203900.0,13.0,8.5,2079.0,537.0,0.28,15.0,2.8,5.5,86.7
2026-04-22,e-영업1,Total,최저가,7278.0,3084.0,42.4,7278.0,100.0,27955540.0,41174670.0,171.0,4110200.0,23.0,10.0,2168.0,542.0,0.3,33.0,6.1,7.9,69.7
2026-04-23,e-영업1,Total,최저가,5686.0,2112.0,37.1,5686.0,100.0,15208050.0,31906570.0,121.0,1995300.0,11.0,6.3,1754.0,397.0,0.31,20.0,5.0,6.9,55.0
2026-04-24,e-영업1,Total,최저가,,,,,,,,,,,,,,,,,,
2026-04-25,e-영업1,Total,최저가,,,,,,,,,,,,,,,,,,
2026-04-26,e-영업1,Total,최저가,,,,,,,,,,,,,,,,,,
2026-04-27,e-영업1,Total,최저가,,,,,,,,,,,,,,,,,,
2026-04-28,e-영업1,Total,최저가,,,,,,,,,,,,,,,,,,
2026-04-29,e-영업1,Total,최저가,,,,,,,,,,,,,,,,,,
2026-04-30,e-영업1,Total,최저가,7210.0,2815.0,39.0,7210.0,100.0,18045420.0,34539780.0,143.0,1876150.0,10.0,5.4,1909.0,448.0,0.26,16.0,3.6,7.5,62.5
2026-05-01,e-영업1,Total,최저가,6858.0,2639.0,38.5,6858.0,100.0,28950480.0,38584570.0,169.0,1501280.0,9.0,3.9,2325.0,498.0,0.34,18.0,3.6,7.3,50.0
2026-05-02,e-영업1,Total,최저가,7283.0,2910.0,40.0,7283.0,100.0,27371450.0,35832990.0,153.0,2649100.0,13.0,7.4,2190.0,450.0,0.3,23.0,5.1,7.0,56.5
2026-05-03,e-영업1,Total,최저가,7275.0,2894.0,39.8,7275.0,100.0,28922570.0,46516380.0,194.0,4503700.0,21.0,9.7,2734.0,666.0,0.38,44.0,6.6,7.1,47.7
2026-05-04,e-영업1,Total,최저가,,,,,,,,,,,,,,,,,,
2026-05-05,e-영업1,Total,최저가,5951.0,2150.0,36.1,5951.0,100.0,29586520.0,44894540.0,201.0,2643920.0,16.0,5.9,2557.0,593.0,0.43,32.0,5.4,7.9,50.0
2026-05-06,e-영업1,Total,최저가,5723.0,2054.0,35.9,5723.0,100.0,21925660.0,35426590.0,159.0,1747420.0,12.0,4.9,2004.0,470.0,0.35,22.0,4.7,7.9,54.5
2026-05-07,e-영업1,Total,최저가,,,,,,,,,,,,,,,,,,
2026-05-08,e-영업1,Total,최저가,7287.0,2910.0,39.9,7287.0,100.0,23350340.0,43730660.0,172.0,2938800.0,15.0,6.7,2037.0,505.0,0.28,19.0,3.8,8.4,78.9
2026-05-09,e-영업1,Total,최저가,,,,,,,,,,,,,,,,,,
2026-05-10,e-영업1,Total,최저가,,,,,,,,,,,,,,,,,,
2026-05-11,e-영업1,Total,최저가,7096.0,2815.0,39.7,7096.0,100.0,17636280.0,34577060.0,141.0,2402080.0,12.0,6.9,1999.0,535.0,0.28,20.0,3.7,7.1,60.0
2026-05-12,e-영업1,Total,최저가,7068.0,2720.0,38.5,7068.0,100.0,19392470.0,42729900.0,183.0,2901600.0,14.0,6.8,2225.0,566.0,0.31,21.0,3.7,8.2,66.7
2026-05-13,e-영업1,Total,최저가,7502.0,3007.0,40.1,7502.0,100.0,34854720.0,54383910.0,215.0,3842400.0,25.0,7.1,2415.0,646.0,0.32,31.0,4.8,8.9,80.6
2026-05-14,e-영업1,Total,최저가,7285.0,2901.0,39.8,7285.0,100.0,32692860.0,50648940.0,190.0,4506560.0,18.0,8.9,2259.0,645.0,0.31,19.0,2.9,8.4,94.7
2026-05-15,e-영업1,Total,최저가,7208.0,2855.0,39.6,7208.0,100.0,18558110.0,37005920.0,172.0,1781700.0,13.0,4.8,2179.0,549.0,0.3,26.0,4.7,7.9,50.0
2026-05-16,e-영업1,Total,최저가,6763.0,2669.0,39.5,6763.0,100.0,24219730.0,39139690.0,165.0,3190000.0,12.0,8.2,2401.0,558.0,0.36,28.0,5.0,6.9,42.9
2026-05-17,e-영업1,Total,최저가,6244.0,2652.0,42.5,6244.0,100.0,44669040.0,56808220.0,257.0,4026250.0,25.0,7.1,2756.0,726.0,0.44,42.0,5.8,9.3,59.5
2026-05-18,e-영업1,Total,최저가,6141.0,2275.0,37.0,6141.0,100.0,8691480.0,22966130.0,125.0,1471100.0,12.0,6.4,1934.0,506.0,0.31,24.0,4.7,6.5,50.0
2026-05-19,e-영업1,Total,최저가,5770.0,2063.0,35.8,5770.0,100.0,8916150.0,24546350.0,117.0,2105080.0,16.0,8.6,1874.0,531.0,0.32,22.0,4.1,6.2,72.7
2026-05-20,e-영업1,Total,최저가,5422.0,2015.0,37.2,5422.0,100.0,6181390.0,22618930.0,115.0,2259930.0,15.0,10.0,1805.0,457.0,0.33,22.0,4.8,6.4,68.2
2026-05-21,e-영업1,Total,최저가,5580.0,2109.0,37.8,5580.0,100.0,14149150.0,26059510.0,129.0,1476700.0,11.0,5.7,1654.0,449.0,0.3,21.0,4.7,7.8,52.4
2026-05-22,e-영업1,Total,최저가,6333.0,2533.0,40.0,6333.0,100.0,9519020.0,29104200.0,120.0,1052580.0,7.0,3.6,1835.0,505.0,0.29,23.0,4.6,6.5,30.4
2026-05-23,e-영업1,Total,최저가,6189.0,2451.0,39.6,6189.0,100.0,22487240.0,27656700.0,127.0,2039600.0,15.0,7.4,2005.0,460.0,0.32,25.0,5.4,6.3,60.0
2026-05-24,e-영업1,Total,최저가,6358.0,2542.0,40.0,6358.0,100.0,17608520.0,35526860.0,164.0,2297600.0,15.0,6.5,2251.0,584.0,0.35,32.0,5.5,7.3,46.9
2026-05-25,e-영업1,Total,최저가,5642.0,2148.0,38.1,5642.0,100.0,21935590.0,32364800.0,154.0,2172300.0,12.0,6.7,2401.0,580.0,0.43,29.0,5.0,6.4,41.4
2026-05-26,e-영업1,Total,최저가,,,,,,,,,,,,,,,,,,
2026-05-27,e-영업1,Total,최저가,5563.0,2078.0,37.4,5563.0,100.0,14719640.0,24332980.0,115.0,1834430.0,9.0,7.5,1810.0,482.0,0.33,13.0,2.7,6.4,69.2
2026-05-28,e-영업1,Total,최저가,6109.0,2357.0,38.6,6109.0,100.0,12560370.0,24661100.0,131.0,1794460.0,15.0,7.3,1905.0,557.0,0.31,22.0,3.9,6.9,68.2
2026-05-29,e-영업1,Total,최저가,6558.0,2583.0,39.4,6558.0,100.0,15476710.0,30128770.0,152.0,1966620.0,15.0,6.5,2045.0,542.0,0.31,18.0,3.3,7.4,83.3
2026-05-30,e-영업1,Total,최저가,6253.0,2403.0,38.4,6253.0,100.0,22082730.0,29913330.0,143.0,2651200.0,19.0,8.9,2299.0,595.0,0.37,36.0,6.1,6.2,52.8
2026-05-31,e-영업1,Total,최저가,6340.0,2458.0,38.8,6340.0,100.0,31874820.0,39035500.0,189.0,3885170.0,22.0,10.0,2569.0,665.0,0.41,30.0,4.5,7.4,73.3
2026-06-01,e-영업1,Total,최저가,6281.0,2429.0,38.7,6281.0,100.0,18090420.0,35821590.0,172.0,2958500.0,18.0,8.3,2177.0,613.0,0.35,27.0,4.4,7.9,66.7
2026-06-02,e-영업1,Total,최저가,5833.0,2230.0,38.2,5833.0,100.0,18305320.0,33946680.0,136.0,2295020.0,11.0,6.8,2165.0,567.0,0.37,21.0,3.7,6.3,52.4
2026-06-03,e-영업1,Total,최저가,6088.0,2379.0,39.1,6088.0,100.0,35685320.0,47795040.0,204.0,2063900.0,17.0,4.3,2644.0,588.0,0.43,22.0,3.7,7.7,77.3
2026-06-04,e-영업1,Total,최저가,6077.0,2367.0,39.0,6077.0,100.0,13698930.0,32405200.0,151.0,2081140.0,17.0,6.4,2114.0,569.0,0.35,28.0,4.9,7.1,60.7
2026-06-05,e-영업1,Total,최저가,5786.0,2222.0,38.4,5786.0,100.0,23811840.0,39273010.0,193.0,2656180.0,18.0,6.8,2405.0,624.0,0.42,32.0,5.1,8.0,56.3
2026-06-06,e-영업1,Total,최저가,5917.0,2312.0,39.1,5917.0,100.0,29503480.0,45415610.0,195.0,4658600.0,21.0,10.3,2610.0,584.0,0.44,36.0,6.2,7.5,58.3
2026-06-07,e-영업1,Total,최저가,5996.0,2287.0,38.1,5996.0,100.0,45160300.0,56125980.0,276.0,2921800.0,21.0,5.2,2988.0,782.0,0.5,44.0,5.6,9.2,47.7
2026-06-08,e-영업1,Total,최저가,,,,,,,,,,,,,,,,,,
2026-06-09,e-영업1,Total,최저가,,,,,,,,,,,,,,,,,,
2026-06-10,e-영업1,Total,최저가,5882.0,2213.0,37.6,5882.0,100.0,22515360.0,37714380.0,195.0,2815580.0,16.0,7.5,2305.0,619.0,0.39,42.0,6.8,8.5,38.1
2026-06-11,e-영업1,Total,최저가,5823.0,2164.0,37.2,5823.0,100.0,12729900.0,39608100.0,203.0,1801520.0,14.0,4.5,2338.0,637.0,0.4,23.0,3.6,8.7,60.9
2026-06-12,e-영업1,Total,최저가,5695.0,2128.0,37.4,5695.0,100.0,22706160.0,35704560.0,176.0,1985330.0,13.0,5.6,2212.0,610.0,0.39,29.0,4.8,8.0,44.8
2026-06-13,e-영업1,Total,최저가,5660.0,2080.0,36.7,5660.0,100.0,28673790.0,40881690.0,214.0,2606800.0,16.0,6.4,2467.0,616.0,0.44,41.0,6.7,8.7,39.0
2026-06-14,e-영업1,Total,최저가,5911.0,2243.0,37.9,5911.0,100.0,47434860.0,59570150.0,279.0,3024980.0,18.0,5.1,2821.0,690.0,0.48,23.0,3.3,9.9,78.3
2026-06-15,e-영업1,Total,최저가,5676.0,2135.0,37.6,5676.0,100.0,26834810.0,45660370.0,225.0,4336740.0,18.0,9.5,2837.0,886.0,0.5,30.0,3.4,7.9,60.0
2026-06-16,e-영업1,Total,최저가,6331.0,2426.0,38.3,6331.0,100.0,30669620.0,46416710.0,224.0,2732750.0,18.0,5.9,2503.0,631.0,0.4,46.0,7.3,8.9,39.1
2026-06-17,e-영업1,Total,최저가,6198.0,2336.0,37.7,6198.0,100.0,24678750.0,50197560.0,223.0,2826780.0,18.0,5.6,2549.0,604.0,0.41,23.0,3.8,8.7,78.3
2026-06-18,e-영업1,Total,최저가,6218.0,2406.0,38.7,6218.0,100.0,29007420.0,47819850.0,223.0,5716640.0,20.0,12.0,2646.0,625.0,0.43,37.0,5.9,8.4,54.1
2026-06-19,e-영업1,Total,최저가,6233.0,2402.0,38.5,6233.0,100.0,23989220.0,44890820.0,214.0,2512810.0,15.0,5.6,2570.0,586.0,0.41,28.0,4.8,8.3,53.6
2026-06-20,e-영업1,Total,최저가,6001.0,2287.0,38.1,6001.0,100.0,32737680.0,44545390.0,203.0,2780100.0,14.0,6.2,2683.0,606.0,0.45,33.0,5.4,7.6,42.4
2026-06-21,e-영업1,Total,최저가,5952.0,2316.0,38.9,5952.0,100.0,53870950.0,68462650.0,285.0,3621860.0,19.0,5.3,2991.0,646.0,0.5,37.0,5.7,9.5,51.4
2026-06-22,e-영업1,Total,최저가,6075.0,2316.0,38.1,6075.0,100.0,22704760.0,46418540.0,226.0,3276330.0,18.0,7.1,2467.0,619.0,0.41,29.0,4.7,9.2,62.1
2026-06-23,e-영업1,Total,최저가,5281.0,2016.0,38.2,5281.0,100.0,10462230.0,35409700.0,186.0,2786400.0,12.0,7.9,2019.0,506.0,0.38,21.0,4.2,9.2,57.1
2026-06-24,e-영업1,Total,최저가,5198.0,2013.0,38.7,5198.0,100.0,17845590.0,34180240.0,168.0,2477750.0,17.0,7.2,1960.0,465.0,0.38,26.0,5.6,8.6,65.4
2026-06-25,e-영업1,Total,최저가,5400.0,2066.0,38.3,5400.0,100.0,17976140.0,38788300.0,200.0,2489100.0,18.0,6.4,2034.0,490.0,0.38,24.0,4.9,9.8,75.0
2026-06-26,e-영업1,Total,최저가,5225.0,2014.0,38.5,5225.0,100.0,19547020.0,36856790.0,195.0,2954900.0,18.0,8.0,2099.0,467.0,0.4,28.0,6.0,9.3,64.3
2026-06-27,e-영업1,Total,최저가,,,,,,,,,,,,,,,,,,
2026-06-28,e-영업1,Total,최저가,5331.0,2078.0,39.0,5331.0,100.0,45624860.0,55916840.0,285.0,2642210.0,19.0,4.7,2773.0,631.0,0.52,29.0,4.6,10.3,65.5
2026-06-29,e-영업1,Total,최저가,,,,,,,,,,,,,,,,,,
2026-06-30,e-영업1,Total,최저가,5098.0,1955.0,38.3,5098.0,100.0,16488660.0,32328760.0,176.0,2741380.0,17.0,8.5,2182.0,581.0,0.43,25.0,4.3,8.1,68.0
2026-07-01,e-영업1,Total,최저가,5055.0,1976.0,39.1,5055.0,100.0,19230510.0,35156540.0,181.0,2192480.0,15.0,6.2,2177.0,570.0,0.43,18.0,3.2,8.3,83.3
2026-07-02,e-영업1,Total,최저가,5151.0,2004.0,38.9,5151.0,100.0,18291030.0,33855440.0,177.0,2747330.0,19.0,8.1,2007.0,540.0,0.39,21.0,3.9,8.8,90.5
2026-07-03,e-영업1,Total,최저가,5060.0,1954.0,38.6,5060.0,100.0,19966320.0,30444400.0,163.0,2424500.0,15.0,8.0,1943.0,504.0,0.38,21.0,4.2,8.4,71.4
2026-07-04,e-영업1,Total,최저가,5292.0,2098.0,39.6,5292.0,100.0,25766540.0,40425910.0,197.0,3259400.0,17.0,8.1,2489.0,657.0,0.47,28.0,4.3,7.9,60.7
2026-07-05,e-영업1,Total,최저가,5301.0,2118.0,40.0,5301.0,100.0,37662850.0,43336820.0,229.0,2499100.0,16.0,5.8,2688.0,709.0,0.51,24.0,3.4,8.5,66.7
2026-07-06,e-영업1,Total,최저가,5267.0,2097.0,39.8,5267.0,100.0,21130710.0,33517770.0,176.0,2655240.0,19.0,7.9,2229.0,626.0,0.42,28.0,4.5,7.9,67.9
2026-07-07,e-영업1,Total,최저가,5139.0,2008.0,39.1,5139.0,100.0,26286110.0,41392140.0,207.0,3115900.0,16.0,7.5,2336.0,676.0,0.45,26.0,3.8,8.9,61.5
2026-07-08,e-영업1,Total,최저가,5727.0,2314.0,40.4,5727.0,100.0,18394050.0,38953360.0,219.0,2783800.0,21.0,7.1,2383.0,609.0,0.42,32.0,5.3,9.2,65.6
2026-07-09,e-영업1,Total,최저가,5509.0,2194.0,39.8,5509.0,100.0,21293990.0,38287180.0,202.0,3277780.0,22.0,8.6,2259.0,575.0,0.41,31.0,5.4,8.9,71.0
2026-07-10,e-영업1,Total,최저가,5527.0,2206.0,39.9,5527.0,100.0,23095270.0,37172450.0,192.0,2205100.0,18.0,5.9,2180.0,543.0,0.39,27.0,5.0,8.8,66.7
2026-07-11,e-영업1,Total,최저가,4799.0,1843.0,38.4,4799.0,100.0,20565000.0,31679470.0,165.0,1679450.0,8.0,5.3,2187.0,490.0,0.46,28.0,5.7,7.5,28.6
2026-07-12,e-영업1,Total,최저가,4967.0,1941.0,39.1,4967.0,100.0,39906810.0,46648100.0,232.0,4336130.0,23.0,9.3,2544.0,572.0,0.51,32.0,5.6,9.1,71.9
2026-07-13,e-영업1,Total,최저가,4959.0,1946.0,39.2,4959.0,100.0,19364780.0,28108060.0,160.0,1548600.0,12.0,5.5,2033.0,495.0,0.41,27.0,5.5,7.9,44.4
2026-07-14,e-영업1,Total,최저가,5028.0,1933.0,38.4,5028.0,100.0,14997010.0,26093860.0,154.0,1372430.0,7.0,5.3,1927.0,501.0,0.38,24.0,4.8,8.0,29.2
2026-07-15,e-영업1,Total,최저가,5078.0,3566.0,70.2,5078.0,100.0,13323830.0,28498890.0,162.0,2303230.0,16.0,8.1,1929.0,454.0,0.38,21.0,4.6,8.4,76.2
2026-07-16,e-영업1,Total,최저가,5142.0,3686.0,71.7,5142.0,100.0,11910580.0,26292040.0,152.0,1011200.0,7.0,3.8,1788.0,416.0,0.35,14.0,3.4,8.5,50.0
2026-07-17,e-영업1,Total,최저가,5033.0,3606.0,71.6,5033.0,100.0,26710060.0,32951780.0,188.0,2369950.0,17.0,7.2,2103.0,462.0,0.42,34.0,7.4,8.9,50.0
2026-07-18,e-영업1,Total,최저가,5144.0,3740.0,72.7,5144.0,100.0,16721380.0,30980830.0,175.0,3114690.0,21.0,10.1,2235.0,471.0,0.43,33.0,7.0,7.8,63.6
2026-07-19,e-영업1,Total,최저가,5107.0,4130.0,80.9,5107.0,100.0,23190940.0,29036280.0,170.0,2426650.0,13.0,8.4,2465.0,560.0,0.48,39.0,7.0,6.9,33.3
2026-07-20,e-영업1,Total,최저가,5099.0,4150.0,81.4,5099.0,100.0,13419470.0,27843230.0,142.0,2432160.0,16.0,8.7,1847.0,463.0,0.36,28.0,6.0,7.7,57.1
2026-07-21,e-영업1,Total,최저가,4906.0,3953.0,80.6,4906.0,100.0,14275940.0,21977220.0,112.0,2123400.0,12.0,9.7,1796.0,440.0,0.37,24.0,5.5,6.2,50.0
2026-07-22,e-영업1,Total,최저가,4861.0,3917.0,80.6,4861.0,100.0,14842700.0,26657670.0,150.0,3139030.0,19.0,11.8,1935.0,488.0,0.4,24.0,4.9,7.8,79.2
2026-07-23,e-영업1,Total,최저가,4762.0,3895.0,81.8,4762.0,100.0,9179630.0,19483670.0,122.0,1458790.0,10.0,7.5,1765.0,415.0,0.37,12.0,2.9,6.9,83.3
2026-07-24,e-영업1,Total,최저가,4757.0,3890.0,81.8,4757.0,100.0,14982460.0,23546870.0,121.0,1546450.0,8.0,6.6,1734.0,423.0,0.36,14.0,3.3,7.0,57.1
2026-07-25,e-영업1,Total,최저가,4435.0,3596.0,81.1,4435.0,100.0,9262790.0,17543910.0,93.0,1064680.0,10.0,6.1,1729.0,347.0,0.39,16.0,4.6,5.4,62.5
2026-07-26,e-영업1,Total,최저가,4676.0,3843.0,82.2,4676.0,100.0,20489880.0,22034420.0,120.0,2517970.0,14.0,11.4,1916.0,423.0,0.41,23.0,5.4,6.3,60.9
2026-07-27,e-영업1,Total,최저가,4602.0,3785.0,82.2,4602.0,100.0,10769690.0,17825610.0,106.0,1438900.0,6.0,8.1,1795.0,432.0,0.39,20.0,4.6,5.9,30.0
2026-07-28,e-영업1,Total,최저가,4138.0,3351.0,81.0,4138.0,100.0,6355760.0,14242400.0,86.0,697050.0,6.0,4.9,1329.0,334.0,0.32,15.0,4.5,6.5,40.0
2026-07-29,e-영업1,Total,최저가,4382.0,3594.0,82.0,4382.0,100.0,7363440.0,18060130.0,98.0,2077960.0,11.0,11.5,1570.0,384.0,0.36,19.0,4.9,6.2,57.9
2026-01-01,e-영업1,매칭,Total,8630.0,8630.0,100.0,4643.0,53.8,49692710.0,58931810.0,212.0,3887470.0,20.0,6.6,3597.0,984.0,0.42,57.0,5.8,5.9,35.1
2026-01-02,e-영업1,매칭,Total,8688.0,8688.0,100.0,4834.0,55.6,33297960.0,73754440.0,197.0,6804430.0,18.0,9.2,3246.0,964.0,0.37,43.0,4.5,6.1,41.9
2026-01-03,e-영업1,매칭,Total,8667.0,8667.0,100.0,4817.0,55.6,37737980.0,70415910.0,215.0,8398690.0,30.0,11.9,3919.0,1021.0,0.45,54.0,5.3,5.5,55.6
2026-01-04,e-영업1,매칭,Total,8647.0,8647.0,100.0,4763.0,55.1,67137540.0,84004570.0,249.0,6587580.0,29.0,7.8,4043.0,1118.0,0.47,72.0,6.4,6.2,40.3
2026-01-05,e-영업1,매칭,Total,8638.0,8638.0,100.0,4758.0,55.1,44020650.0,66170700.0,213.0,6622110.0,29.0,10.0,3225.0,890.0,0.37,53.0,6.0,6.6,54.7
2026-01-06,e-영업1,매칭,Total,8654.0,8654.0,100.0,4192.0,48.4,25942260.0,61002010.0,203.0,6185180.0,27.0,10.1,3252.0,945.0,0.38,63.0,6.7,6.2,42.9
2026-01-07,e-영업1,매칭,Total,8619.0,8619.0,100.0,4480.0,52.0,32618320.0,69924690.0,198.0,8371620.0,28.0,12.0,3279.0,1006.0,0.38,55.0,5.5,6.0,50.9
2026-01-08,e-영업1,매칭,Total,8644.0,8644.0,100.0,4319.0,50.0,21120520.0,59958400.0,169.0,4478580.0,21.0,7.5,3088.0,927.0,0.36,46.0,5.0,5.5,45.7
2026-01-09,e-영업1,매칭,Total,8676.0,8676.0,100.0,4263.0,49.1,35989860.0,65691700.0,181.0,5013200.0,23.0,7.6,3224.0,926.0,0.37,48.0,5.2,5.6,47.9
2026-01-10,e-영업1,매칭,Total,8662.0,8662.0,100.0,4562.0,52.7,61240570.0,92298800.0,237.0,6026550.0,21.0,6.5,4172.0,1199.0,0.48,58.0,4.8,5.7,36.2
2026-01-11,e-영업1,매칭,Total,8639.0,8639.0,100.0,4808.0,55.7,84521360.0,109172560.0,283.0,14294780.0,36.0,13.1,4349.0,1242.0,0.5,84.0,6.8,6.5,42.9
2026-01-12,e-영업1,매칭,Total,8594.0,8594.0,100.0,4778.0,55.6,45910050.0,75912150.0,214.0,8873710.0,30.0,11.7,3655.0,1115.0,0.43,59.0,5.3,5.9,50.8
2026-01-13,e-영업1,매칭,Total,8582.0,8582.0,100.0,5062.0,59.0,43499890.0,88482120.0,235.0,6698620.0,30.0,7.6,3725.0,1076.0,0.43,66.0,6.1,6.3,45.5
2026-01-14,e-영업1,매칭,Total,8336.0,8336.0,100.0,5220.0,62.6,52815230.0,91623680.0,258.0,8195320.0,34.0,8.9,3763.0,1090.0,0.45,47.0,4.3,6.9,72.3
2026-01-15,e-영업1,매칭,Total,8384.0,8384.0,100.0,4888.0,58.3,18607700.0,58370070.0,161.0,4613500.0,18.0,7.9,3107.0,929.0,0.37,50.0,5.4,5.2,36.0
2026-01-16,e-영업1,매칭,Total,8346.0,8346.0,100.0,4514.0,54.1,25467560.0,65812280.0,162.0,6670180.0,17.0,10.1,3003.0,874.0,0.36,43.0,4.9,5.4,39.5
2026-01-17,e-영업1,매칭,Total,8361.0,8361.0,100.0,4849.0,58.0,31963550.0,69069740.0,168.0,7207100.0,16.0,10.4,3456.0,972.0,0.41,37.0,3.8,4.9,43.2
2026-01-18,e-영업1,매칭,Total,8394.0,8394.0,100.0,5135.0,61.2,65077040.0,75879550.0,224.0,9574450.0,27.0,12.6,3850.0,1104.0,0.46,52.0,4.7,5.8,51.9
2026-01-19,e-영업1,매칭,Total,8411.0,8411.0,100.0,5132.0,61.0,29017050.0,63166840.0,176.0,7721650.0,20.0,12.2,3320.0,957.0,0.39,43.0,4.5,5.3,46.5
2026-01-20,e-영업1,매칭,Total,8405.0,8405.0,100.0,4947.0,58.9,28058560.0,66847770.0,209.0,6196330.0,29.0,9.3,3236.0,984.0,0.39,46.0,4.7,6.5,63.0
2026-01-21,e-영업1,매칭,Total,8449.0,8449.0,100.0,4940.0,58.5,35363050.0,78586440.0,214.0,6197280.0,25.0,7.9,3448.0,1068.0,0.41,50.0,4.7,6.2,50.0
2026-01-22,e-영업1,매칭,Total,8525.0,8525.0,100.0,4484.0,52.6,50170650.0,76218120.0,195.0,4488310.0,19.0,5.9,3093.0,875.0,0.36,42.0,4.8,6.3,45.2
2026-01-23,e-영업1,매칭,Total,8588.0,8588.0,100.0,4864.0,56.6,39274800.0,83123360.0,193.0,4117980.0,13.0,5.0,3230.0,878.0,0.38,35.0,4.0,6.0,37.1
2026-01-24,e-영업1,매칭,Total,8634.0,8634.0,100.0,4732.0,54.8,48075980.0,75718640.0,215.0,6461770.0,26.0,8.5,3665.0,918.0,0.42,62.0,6.8,5.9,41.9
2026-01-25,e-영업1,매칭,Total,8649.0,8649.0,100.0,4869.0,56.3,73101490.0,96737160.0,254.0,8310880.0,28.0,8.6,3980.0,1062.0,0.46,63.0,5.9,6.4,44.4
2026-01-26,e-영업1,매칭,Total,8639.0,8639.0,100.0,4888.0,56.6,22134150.0,58627360.0,179.0,5578340.0,32.0,9.5,3285.0,941.0,0.38,70.0,7.4,5.4,45.7
2026-01-27,e-영업1,매칭,Total,8673.0,8673.0,100.0,4652.0,53.6,39355020.0,71065380.0,182.0,4500540.0,17.0,6.3,3153.0,850.0,0.36,39.0,4.6,5.8,43.6
2026-01-28,e-영업1,매칭,Total,8653.0,8653.0,100.0,4665.0,53.9,34342260.0,66884720.0,183.0,5965800.0,19.0,8.9,3050.0,869.0,0.35,38.0,4.4,6.0,50.0
2026-01-29,e-영업1,매칭,Total,8667.0,8667.0,100.0,4857.0,56.0,25091190.0,56052940.0,168.0,6348680.0,26.0,11.3,2927.0,854.0,0.34,44.0,5.2,5.7,59.1
2026-01-30,e-영업1,매칭,Total,8675.0,8675.0,100.0,5054.0,58.3,32682190.0,61896850.0,178.0,5775540.0,24.0,9.3,2877.0,861.0,0.33,34.0,3.9,6.2,70.6
2026-01-31,e-영업1,매칭,Total,8717.0,8717.0,100.0,5238.0,60.1,27600520.0,65176510.0,167.0,3666170.0,13.0,5.6,3365.0,856.0,0.39,55.0,6.4,5.0,23.6
2026-02-01,e-영업1,매칭,Total,8703.0,8703.0,100.0,5047.0,58.0,70404830.0,82401740.0,257.0,6440480.0,29.0,7.8,3827.0,1030.0,0.44,55.0,5.3,6.7,52.7
2026-02-02,e-영업1,매칭,Total,8712.0,8712.0,100.0,4989.0,57.3,22797990.0,48084620.0,152.0,6026010.0,22.0,12.5,3026.0,899.0,0.35,30.0,3.3,5.0,73.3
2026-02-03,e-영업1,매칭,Total,8785.0,8785.0,100.0,4938.0,56.2,42095780.0,78333400.0,212.0,6652280.0,24.0,8.5,3184.0,862.0,0.36,32.0,3.7,6.7,75.0
2026-02-04,e-영업1,매칭,Total,8799.0,8799.0,100.0,4821.0,54.8,38595220.0,72972050.0,188.0,4449390.0,21.0,6.1,2909.0,764.0,0.33,46.0,6.0,6.5,45.7
2026-02-05,e-영업1,매칭,Total,8886.0,8886.0,100.0,5260.0,59.2,12736500.0,35367890.0,140.0,4321950.0,23.0,12.2,2781.0,768.0,0.31,41.0,5.3,5.0,56.1
2026-02-06,e-영업1,매칭,Total,8980.0,8980.0,100.0,4904.0,54.6,19203080.0,45178070.0,132.0,3784330.0,13.0,8.4,2766.0,744.0,0.31,23.0,3.1,4.8,56.5
2026-02-07,e-영업1,매칭,Total,8984.0,8984.0,100.0,5028.0,56.0,24982620.0,54216400.0,161.0,4944560.0,19.0,9.1,3329.0,829.0,0.37,39.0,4.7,4.8,48.7
2026-02-08,e-영업1,매칭,Total,9009.0,9009.0,100.0,5513.0,61.2,52504100.0,64262980.0,209.0,8894010.0,30.0,13.8,3718.0,991.0,0.41,56.0,5.7,5.6,53.6
2026-02-09,e-영업1,매칭,Total,9027.0,9027.0,100.0,5530.0,61.3,28094820.0,55973200.0,180.0,5753680.0,24.0,10.3,2907.0,787.0,0.32,39.0,5.0,6.2,61.5
2026-02-10,e-영업1,매칭,Total,9000.0,9000.0,100.0,5067.0,56.3,28858790.0,43982430.0,143.0,2794580.0,17.0,6.4,2946.0,867.0,0.33,46.0,5.3,4.9,37.0
2026-02-11,e-영업1,매칭,Total,9053.0,9053.0,100.0,5325.0,58.8,23811300.0,46443600.0,185.0,4124090.0,22.0,8.9,2843.0,825.0,0.31,36.0,4.4,6.5,61.1
2026-02-12,e-영업1,매칭,Total,9119.0,9119.0,100.0,5272.0,57.8,18454230.0,39185010.0,153.0,2910080.0,16.0,7.4,2511.0,614.0,0.28,29.0,4.7,6.1,55.2
2026-02-13,e-영업1,매칭,Total,9217.0,9217.0,100.0,5340.0,57.9,17655440.0,38380980.0,130.0,3393480.0,16.0,8.8,2358.0,585.0,0.26,27.0,4.6,5.5,59.3
2026-02-14,e-영업1,매칭,Total,9244.0,9244.0,100.0,5623.0,60.8,16018020.0,43724440.0,130.0,4076750.0,16.0,9.3,2734.0,671.0,0.3,34.0,5.1,4.8,47.1
2026-02-15,e-영업1,매칭,Total,9274.0,9274.0,100.0,5747.0,62.0,28795350.0,33697640.0,95.0,3655840.0,12.0,10.8,2771.0,735.0,0.3,25.0,3.4,3.4,48.0
2026-02-16,e-영업1,매칭,Total,9300.0,9300.0,100.0,5823.0,62.6,29693410.0,37885600.0,98.0,3582800.0,11.0,9.5,2559.0,655.0,0.28,27.0,4.1,3.8,40.7
2026-02-17,e-영업1,매칭,Total,9309.0,9309.0,100.0,5763.0,61.9,14675260.0,22970150.0,83.0,2092080.0,13.0,9.1,2472.0,643.0,0.27,25.0,3.9,3.4,52.0
2026-02-18,e-영업1,매칭,Total,9303.0,9303.0,100.0,5770.0,62.0,35868000.0,42990680.0,152.0,4380440.0,19.0,10.2,3205.0,899.0,0.34,40.0,4.4,4.7,47.5
2026-02-19,e-영업1,매칭,Total,9355.0,9355.0,100.0,5819.0,62.2,22951320.0,44101490.0,141.0,4069750.0,20.0,9.2,2742.0,834.0,0.29,36.0,4.3,5.1,55.6
2026-02-20,e-영업1,매칭,Total,9393.0,9393.0,100.0,5849.0,62.3,37503080.0,60083340.0,174.0,5726960.0,22.0,9.5,2864.0,796.0,0.3,46.0,5.8,6.1,47.8
2026-02-21,e-영업1,매칭,Total,9432.0,9432.0,100.0,5686.0,60.3,29922850.0,61747710.0,184.0,5494800.0,19.0,8.9,3548.0,882.0,0.38,53.0,6.0,5.2,35.8
2026-02-22,e-영업1,매칭,Total,9400.0,9400.0,100.0,6347.0,67.5,62511210.0,77509530.0,232.0,6652500.0,26.0,8.6,3849.0,1025.0,0.41,49.0,4.8,6.0,53.1
2026-02-23,e-영업1,매칭,Total,9448.0,9448.0,100.0,6392.0,67.7,21297840.0,59543660.0,192.0,3128310.0,19.0,5.3,2946.0,822.0,0.31,41.0,5.0,6.5,46.3
2026-02-24,e-영업1,매칭,Total,9479.0,9479.0,100.0,5769.0,60.9,16954020.0,44070750.0,168.0,4592960.0,24.0,10.4,2800.0,825.0,0.3,48.0,5.8,6.0,50.0
2026-02-25,e-영업1,매칭,Total,9544.0,9544.0,100.0,5852.0,61.3,20461530.0,46917630.0,157.0,5581530.0,19.0,11.9,2866.0,822.0,0.3,43.0,5.2,5.5,44.2
2026-02-26,e-영업1,매칭,Total,9611.0,9611.0,100.0,5960.0,62.0,35460340.0,57023440.0,184.0,4031030.0,18.0,7.1,2862.0,757.0,0.3,35.0,4.6,6.4,51.4
2026-02-27,e-영업1,매칭,Total,9588.0,9588.0,100.0,6179.0,64.4,25343210.0,48412000.0,166.0,2151660.0,12.0,4.4,2648.0,685.0,0.28,28.0,4.1,6.3,42.9
2026-02-28,e-영업1,매칭,Total,9486.0,9486.0,100.0,5376.0,56.7,51251150.0,81957870.0,218.0,5762740.0,22.0,7.0,3398.0,892.0,0.36,48.0,5.4,6.4,45.8
2026-03-01,e-영업1,매칭,Total,9508.0,9508.0,100.0,6282.0,66.1,59576500.0,79838750.0,227.0,4851100.0,26.0,6.1,3764.0,1056.0,0.4,44.0,4.2,6.0,59.1
2026-03-02,e-영업1,매칭,Total,9487.0,9487.0,100.0,6314.0,66.6,59522390.0,78907130.0,221.0,6384820.0,23.0,8.1,3880.0,1090.0,0.41,48.0,4.4,5.7,47.9
2026-03-03,e-영업1,매칭,Total,9036.0,9036.0,100.0,6029.0,66.7,30297830.0,59934960.0,180.0,5513760.0,22.0,9.2,2824.0,799.0,0.31,55.0,6.9,6.4,40.0
2026-03-04,e-영업1,매칭,Total,3841.0,3841.0,100.0,2211.0,57.6,9733330.0,59483140.0,179.0,5594890.0,18.0,9.4,1176.0,289.0,0.31,7.0,2.4,15.2,257.1
2026-03-05,e-영업1,매칭,Total,3858.0,3858.0,100.0,2202.0,57.1,2394770.0,45938300.0,150.0,4350850.0,17.0,9.5,1224.0,291.0,0.32,17.0,5.8,12.3,100.0
2026-03-06,e-영업1,매칭,Total,3921.0,3921.0,100.0,1939.0,49.5,8738820.0,54083630.0,154.0,6007240.0,18.0,11.1,1214.0,284.0,0.31,12.0,4.2,12.7,150.0
2026-03-07,e-영업1,매칭,Total,7301.0,7301.0,100.0,3597.0,49.3,37318000.0,71492120.0,211.0,6497730.0,25.0,9.1,3067.0,737.0,0.42,44.0,6.0,6.9,56.8
2026-03-08,e-영업1,매칭,Total,3967.0,3967.0,100.0,2132.0,53.7,22159560.0,74589180.0,202.0,6530210.0,22.0,8.8,1659.0,367.0,0.42,21.0,5.7,12.2,104.8
2026-03-09,e-영업1,매칭,Total,3967.0,3967.0,100.0,2097.0,52.9,7079350.0,45360570.0,125.0,3076860.0,12.0,6.8,1324.0,309.0,0.33,7.0,2.3,9.4,171.4
2026-03-10,e-영업1,매칭,Total,7135.0,7135.0,100.0,3592.0,50.3,19474330.0,37526910.0,134.0,2822870.0,20.0,7.5,2453.0,723.0,0.34,47.0,6.5,5.5,42.6
2026-03-11,e-영업1,매칭,Total,3977.0,3977.0,100.0,1938.0,48.7,7400700.0,41720260.0,143.0,4250600.0,16.0,10.2,1291.0,289.0,0.32,11.0,3.8,11.1,145.5
2026-03-12,e-영업1,매칭,Total,3977.0,3977.0,100.0,1849.0,46.5,452910.0,28189560.0,111.0,5024740.0,22.0,17.8,1333.0,314.0,0.34,16.0,5.1,8.3,137.5
2026-03-13,e-영업1,매칭,Total,3891.0,3891.0,100.0,0.0,0.0,7821960.0,31090230.0,107.0,1947280.0,10.0,6.3,1337.0,316.0,0.34,13.0,4.1,8.0,76.9
2026-03-14,e-영업1,매칭,Total,3891.0,3891.0,100.0,1828.0,47.0,12726210.0,42809440.0,137.0,2688680.0,10.0,6.3,1636.0,352.0,0.42,19.0,5.4,8.4,52.6
2026-03-15,e-영업1,매칭,Total,7104.0,7104.0,100.0,3858.0,54.3,32799950.0,46588700.0,172.0,3775480.0,23.0,8.1,3288.0,753.0,0.46,50.0,6.6,5.2,46.0
2026-03-16,e-영업1,매칭,Total,3891.0,3891.0,100.0,1976.0,50.8,6903780.0,31193450.0,111.0,3097170.0,11.0,9.9,1533.0,353.0,0.39,14.0,4.0,7.2,78.6
2026-03-17,e-영업1,매칭,Total,3891.0,3891.0,100.0,1835.0,47.2,11300500.0,40606940.0,125.0,4297080.0,15.0,10.6,1366.0,342.0,0.35,20.0,5.8,9.2,75.0
2026-03-18,e-영업1,매칭,Total,3891.0,3891.0,100.0,1951.0,50.1,8444910.0,28782550.0,110.0,2423870.0,13.0,8.4,1454.0,346.0,0.37,17.0,4.9,7.6,76.5
2026-03-19,e-영업1,매칭,Total,6889.0,6889.0,100.0,3809.0,55.3,11190510.0,30696990.0,128.0,3373810.0,21.0,11.0,2390.0,685.0,0.35,31.0,4.5,5.4,67.7
2026-03-20,e-영업1,매칭,Total,6888.0,6888.0,100.0,3759.0,54.6,14306520.0,30495200.0,117.0,1645480.0,7.0,5.4,2289.0,599.0,0.33,23.0,3.8,5.1,30.4
2026-03-21,e-영업1,매칭,Total,6864.0,6864.0,100.0,3172.0,46.2,20986640.0,36333510.0,134.0,5791410.0,19.0,15.9,2610.0,578.0,0.38,40.0,6.9,5.1,47.5
2026-03-22,e-영업1,매칭,Total,6817.0,6817.0,100.0,3453.0,50.7,45434070.0,59200260.0,194.0,5870780.0,24.0,9.9,3282.0,800.0,0.48,44.0,5.5,5.9,54.5
2026-03-23,e-영업1,매칭,Total,3891.0,3891.0,100.0,1863.0,47.9,12267140.0,30769430.0,98.0,2275080.0,9.0,7.4,1428.0,303.0,0.37,11.0,3.6,6.9,81.8
2026-03-24,e-영업1,매칭,Total,3891.0,3891.0,100.0,1629.0,41.9,10343280.0,36039260.0,96.0,3678800.0,11.0,10.2,1435.0,315.0,0.37,16.0,5.1,6.7,68.8
2026-03-25,e-영업1,매칭,Total,3891.0,3891.0,100.0,1675.0,43.0,6312860.0,26140050.0,99.0,1386000.0,8.0,5.3,1390.0,317.0,0.36,11.0,3.5,7.1,72.7
2026-03-26,e-영업1,매칭,Total,3891.0,3891.0,100.0,1789.0,46.0,9676790.0,35495120.0,125.0,2068340.0,12.0,5.8,1330.0,306.0,0.34,18.0,5.9,9.4,66.7
2026-03-27,e-영업1,매칭,Total,3891.0,3891.0,100.0,2035.0,52.3,9951830.0,35021250.0,112.0,501950.0,3.0,1.4,1324.0,288.0,0.34,12.0,4.2,8.5,25.0
2026-03-28,e-영업1,매칭,Total,6775.0,6775.0,100.0,3382.0,49.9,24314990.0,42441280.0,150.0,2934750.0,11.0,6.9,2626.0,580.0,0.39,37.0,6.4,5.7,29.7
2026-03-29,e-영업1,매칭,Total,6719.0,6719.0,100.0,3767.0,56.1,39477590.0,54171200.0,178.0,3974660.0,18.0,7.3,2831.0,645.0,0.42,42.0,6.5,6.3,42.9
2026-03-30,e-영업1,매칭,Total,6650.0,6650.0,100.0,3766.0,56.6,13716750.0,36343960.0,145.0,4243480.0,21.0,11.7,2336.0,556.0,0.35,21.0,3.8,6.2,100.0
2026-03-31,e-영업1,매칭,Total,3891.0,3891.0,100.0,1994.0,51.2,7454870.0,26056340.0,105.0,3941620.0,14.0,15.1,1439.0,315.0,0.37,15.0,4.8,7.3,93.3
2026-04-01,e-영업1,매칭,Total,3891.0,3891.0,100.0,2016.0,51.8,4657580.0,20839850.0,92.0,1426700.0,8.0,6.8,1417.0,264.0,0.36,12.0,4.5,6.5,66.7
2026-04-02,e-영업1,매칭,Total,5937.0,5937.0,100.0,2874.0,48.4,6797020.0,23724550.0,113.0,2774860.0,15.0,11.7,1955.0,584.0,0.33,22.0,3.8,5.8,68.2
2026-04-03,e-영업1,매칭,Total,5927.0,5927.0,100.0,2874.0,48.5,9744110.0,27474510.0,123.0,2966450.0,19.0,10.8,1817.0,401.0,0.31,29.0,7.2,6.8,65.5
2026-04-04,e-영업1,매칭,Total,5921.0,5921.0,100.0,3260.0,55.1,15861540.0,30022770.0,123.0,2025260.0,8.0,6.7,2073.0,418.0,0.35,15.0,3.6,5.9,53.3
2026-04-05,e-영업1,매칭,Total,5896.0,5896.0,100.0,3401.0,57.7,30490550.0,37903760.0,156.0,2923560.0,16.0,7.7,2327.0,508.0,0.39,32.0,6.3,6.7,50.0
2026-04-06,e-영업1,매칭,Total,3891.0,3891.0,100.0,2095.0,53.8,6428240.0,23662250.0,100.0,1385450.0,9.0,5.9,1377.0,306.0,0.35,9.0,2.9,7.3,100.0
2026-04-07,e-영업1,매칭,Total,5854.0,5854.0,100.0,2662.0,45.5,17587480.0,34575300.0,155.0,6692470.0,28.0,19.4,2158.0,512.0,0.37,38.0,7.4,7.2,73.7
2026-04-08,e-영업1,매칭,Total,3891.0,3891.0,100.0,2657.0,68.3,16857590.0,35711770.0,142.0,2827670.0,15.0,7.9,1662.0,362.0,0.43,14.0,3.9,8.5,107.1
2026-04-09,e-영업1,매칭,Total,3891.0,3891.0,100.0,2559.0,65.8,5963460.0,23338730.0,87.0,2592900.0,12.0,11.1,1358.0,293.0,0.35,12.0,4.1,6.4,100.0
2026-04-10,e-영업1,매칭,Total,5779.0,5779.0,100.0,2927.0,50.6,13197610.0,24908180.0,113.0,2915600.0,14.0,11.7,1880.0,472.0,0.33,22.0,4.7,6.0,63.6
2026-04-11,e-영업1,매칭,Total,5788.0,5788.0,100.0,2900.0,50.1,12230590.0,22290310.0,93.0,1444400.0,8.0,6.5,1939.0,398.0,0.34,28.0,7.0,4.8,28.6
2026-04-12,e-영업1,매칭,Total,5760.0,5760.0,100.0,3007.0,52.2,30597860.0,36408900.0,149.0,1900050.0,8.0,5.2,2230.0,520.0,0.39,29.0,5.6,6.7,27.6
2026-04-13,e-영업1,매칭,Total,5743.0,5743.0,100.0,3094.0,53.9,17124300.0,27329670.0,125.0,1964030.0,14.0,7.2,1879.0,452.0,0.33,25.0,5.5,6.7,56.0
2026-04-14,e-영업1,매칭,Total,5756.0,5756.0,100.0,3001.0,52.1,13129430.0,24457560.0,123.0,1463280.0,8.0,6.0,1790.0,467.0,0.31,15.0,3.2,6.9,53.3
2026-04-15,e-영업1,매칭,Total,5705.0,5705.0,100.0,3062.0,53.7,6239570.0,20967190.0,103.0,1761180.0,11.0,8.4,1727.0,394.0,0.3,15.0,3.8,6.0,73.3
2026-04-16,e-영업1,매칭,Total,5661.0,5661.0,100.0,2899.0,51.2,10952300.0,24108700.0,116.0,1842880.0,13.0,7.6,1659.0,364.0,0.29,20.0,5.5,7.0,65.0
2026-04-17,e-영업1,매칭,Total,5667.0,5667.0,100.0,2797.0,49.4,7549420.0,17827630.0,96.0,925700.0,8.0,5.2,1450.0,304.0,0.26,14.0,4.6,6.6,57.1
2026-04-18,e-영업1,매칭,Total,5659.0,5659.0,100.0,2814.0,49.7,12917170.0,24170320.0,102.0,827200.0,5.0,3.4,1790.0,349.0,0.32,13.0,3.7,5.7,38.5
2026-04-19,e-영업1,매칭,Total,5631.0,5631.0,100.0,2866.0,50.9,19508910.0,22859820.0,110.0,2703250.0,14.0,11.8,1959.0,392.0,0.35,29.0,7.4,5.6,48.3
2026-04-20,e-영업1,매칭,Total,5624.0,5624.0,100.0,2850.0,50.7,13186330.0,24540880.0,114.0,1373300.0,6.0,5.6,1670.0,361.0,0.3,10.0,2.8,6.8,60.0
2026-04-21,e-영업1,매칭,Total,5599.0,5599.0,100.0,3136.0,56.0,4964950.0,18596130.0,86.0,1343500.0,8.0,7.2,1615.0,381.0,0.29,10.0,2.6,5.3,80.0
2026-04-22,e-영업1,매칭,Total,5493.0,5493.0,100.0,3084.0,56.1,13223110.0,22968680.0,112.0,2707900.0,16.0,11.8,1694.0,393.0,0.31,23.0,5.9,6.6,69.6
2026-04-23,e-영업1,매칭,Total,3891.0,3891.0,100.0,2112.0,54.3,13746000.0,23900130.0,96.0,1019600.0,6.0,4.3,1313.0,261.0,0.34,12.0,4.6,7.3,50.0
2026-04-24,e-영업1,매칭,Total,5462.0,5462.0,100.0,0.0,0.0,10897410.0,20465070.0,90.0,1499940.0,9.0,7.3,1533.0,370.0,0.28,11.0,3.0,5.9,81.8
2026-04-25,e-영업1,매칭,Total,5462.0,5462.0,100.0,0.0,0.0,15879420.0,24780090.0,108.0,1605400.0,12.0,6.5,1839.0,383.0,0.34,19.0,5.0,5.9,63.2
2026-04-26,e-영업1,매칭,Total,5447.0,5447.0,100.0,0.0,0.0,28665230.0,34395460.0,167.0,1686630.0,11.0,4.9,2017.0,406.0,0.37,22.0,5.4,8.3,50.0
2026-04-27,e-영업1,매칭,Total,5408.0,5408.0,100.0,0.0,0.0,13726040.0,22030470.0,113.0,1935520.0,13.0,8.8,1693.0,411.0,0.31,20.0,4.9,6.7,65.0
2026-04-28,e-영업1,매칭,Total,5389.0,5389.0,100.0,0.0,0.0,14732800.0,23569840.0,107.0,1017870.0,8.0,4.3,1601.0,390.0,0.3,14.0,3.6,6.7,57.1
2026-04-29,e-영업1,매칭,Total,5387.0,5387.0,100.0,0.0,0.0,11738000.0,19335040.0,92.0,1304850.0,8.0,6.7,1539.0,389.0,0.29,26.0,6.7,6.0,30.8
2026-04-30,e-영업1,매칭,Total,5247.0,5247.0,100.0,2815.0,53.6,10701100.0,17696310.0,92.0,1483200.0,10.0,8.4,1417.0,328.0,0.27,17.0,5.2,6.5,58.8
2026-05-01,e-영업1,매칭,Total,5214.0,5214.0,100.0,2639.0,50.6,14971190.0,20696690.0,107.0,1614780.0,9.0,7.8,1678.0,328.0,0.32,17.0,5.2,6.4,52.9
2026-05-02,e-영업1,매칭,Total,5192.0,5192.0,100.0,2910.0,56.0,16973340.0,23937330.0,106.0,3449600.0,14.0,14.4,1652.0,326.0,0.32,20.0,6.1,6.4,70.0
2026-05-03,e-영업1,매칭,Total,5170.0,5170.0,100.0,2894.0,56.0,16038180.0,26026270.0,119.0,3129380.0,16.0,12.0,2020.0,476.0,0.39,21.0,4.4,5.9,76.2
2026-05-04,e-영업1,매칭,Total,5159.0,5159.0,100.0,0.0,0.0,12160410.0,23383430.0,109.0,1768700.0,9.0,7.6,1819.0,466.0,0.35,25.0,5.4,6.0,36.0
2026-05-05,e-영업1,매칭,Total,3891.0,3891.0,100.0,2150.0,55.3,11784960.0,17889650.0,108.0,1873800.0,9.0,10.5,1718.0,399.0,0.44,19.0,4.8,6.3,47.4
2026-05-06,e-영업1,매칭,Total,3891.0,3891.0,100.0,2054.0,52.8,13270850.0,19253750.0,86.0,1689750.0,11.0,8.8,1389.0,325.0,0.36,18.0,5.5,6.2,61.1
2026-05-07,e-영업1,매칭,Total,3891.0,3891.0,100.0,0.0,0.0,5454770.0,12940770.0,73.0,1229550.0,8.0,9.5,1223.0,286.0,0.31,10.0,3.5,6.0,80.0
2026-05-08,e-영업1,매칭,Total,5007.0,5007.0,100.0,2910.0,58.1,9525300.0,18158160.0,94.0,1617000.0,9.0,8.9,1370.0,296.0,0.27,12.0,4.1,6.9,75.0
2026-05-09,e-영업1,매칭,Total,5006.0,5006.0,100.0,0.0,0.0,10919690.0,19042160.0,103.0,1981050.0,10.0,10.4,1612.0,318.0,0.32,18.0,5.7,6.4,55.6
2026-05-10,e-영업1,매칭,Total,4972.0,4972.0,100.0,0.0,0.0,19356770.0,22627870.0,110.0,2099900.0,13.0,9.3,1702.0,330.0,0.34,24.0,7.3,6.5,54.2
2026-05-11,e-영업1,매칭,Total,4874.0,4874.0,100.0,2815.0,57.8,7579730.0,17167160.0,80.0,922100.0,8.0,5.4,1462.0,402.0,0.3,12.0,3.0,5.5,66.7
2026-05-12,e-영업1,매칭,Total,4823.0,4823.0,100.0,2720.0,56.4,11647950.0,22072410.0,99.0,2239200.0,10.0,10.1,1604.0,418.0,0.33,15.0,3.6,6.2,66.7
2026-05-13,e-영업1,매칭,Total,4750.0,4750.0,100.0,3007.0,63.3,11981100.0,22049820.0,112.0,1693700.0,15.0,7.7,1537.0,392.0,0.32,21.0,5.4,7.3,71.4
2026-05-14,e-영업1,매칭,Total,4626.0,4626.0,100.0,2901.0,62.7,11750600.0,19349050.0,105.0,1660400.0,11.0,8.6,1442.0,394.0,0.31,17.0,4.3,7.3,64.7
2026-05-15,e-영업1,매칭,Total,4618.0,4618.0,100.0,2855.0,61.8,7850790.0,15434050.0,93.0,775600.0,6.0,5.0,1373.0,332.0,0.3,10.0,3.0,6.8,60.0
2026-05-16,e-영업1,매칭,Total,4622.0,4622.0,100.0,2669.0,57.7,5086980.0,13326190.0,78.0,945300.0,6.0,7.1,1499.0,350.0,0.32,19.0,5.4,5.2,31.6
2026-05-17,e-영업1,매칭,Total,4601.0,4601.0,100.0,2652.0,57.6,19260430.0,25072160.0,130.0,2139350.0,14.0,8.5,1851.0,449.0,0.4,23.0,5.1,7.0,60.9
2026-05-18,e-영업1,매칭,Total,3891.0,3891.0,100.0,2275.0,58.5,3092960.0,10485770.0,69.0,486100.0,6.0,4.6,1177.0,287.0,0.3,16.0,5.6,5.9,37.5
2026-05-19,e-영업1,매칭,Total,3891.0,3891.0,100.0,2063.0,53.0,5434180.0,12241980.0,62.0,999050.0,11.0,8.2,1188.0,301.0,0.31,12.0,4.0,5.2,91.7
2026-05-20,e-영업1,매칭,Total,3891.0,3891.0,100.0,2015.0,51.8,3507430.0,11131500.0,62.0,1815200.0,9.0,16.3,1130.0,263.0,0.29,15.0,5.7,5.5,60.0
2026-05-21,e-영업1,매칭,Total,3891.0,3891.0,100.0,2109.0,54.2,7644200.0,11984100.0,67.0,811500.0,8.0,6.8,1047.0,261.0,0.27,10.0,3.8,6.4,80.0
2026-05-22,e-영업1,매칭,Total,4445.0,4445.0,100.0,2533.0,57.0,3198030.0,11754680.0,67.0,111200.0,1.0,0.9,1142.0,291.0,0.26,13.0,4.5,5.9,7.7
2026-05-23,e-영업1,매칭,Total,4444.0,4444.0,100.0,2451.0,55.2,9966600.0,12346330.0,67.0,985520.0,8.0,8.0,1282.0,260.0,0.29,14.0,5.4,5.2,57.1
2026-05-24,e-영업1,매칭,Total,4421.0,4421.0,100.0,2542.0,57.5,8410120.0,15922560.0,93.0,1668600.0,12.0,10.5,1393.0,314.0,0.32,21.0,6.7,6.7,57.1
2026-05-25,e-영업1,매칭,Total,3891.0,3891.0,100.0,2148.0,55.2,9774980.0,12629130.0,80.0,694400.0,4.0,5.5,1360.0,304.0,0.35,13.0,4.3,5.9,30.8
2026-05-26,e-영업1,매칭,Total,4415.0,4415.0,100.0,0.0,0.0,13521610.0,16579580.0,101.0,1594780.0,13.0,9.6,1339.0,359.0,0.3,18.0,5.0,7.5,72.2
2026-05-27,e-영업1,매칭,Total,3891.0,3891.0,100.0,2078.0,53.4,6022370.0,9177000.0,53.0,846400.0,5.0,9.2,1085.0,252.0,0.28,9.0,3.6,4.9,55.6
2026-05-28,e-영업1,매칭,Total,4396.0,4396.0,100.0,2357.0,53.6,6685040.0,10931820.0,71.0,1318880.0,11.0,12.1,1196.0,325.0,0.27,14.0,4.3,5.9,78.6
2026-05-29,e-영업1,매칭,Total,4385.0,4385.0,100.0,2583.0,58.9,6769260.0,12474290.0,75.0,1132120.0,9.0,9.1,1174.0,297.0,0.27,10.0,3.4,6.4,90.0
2026-05-30,e-영업1,매칭,Total,4381.0,4381.0,100.0,2403.0,54.9,7903210.0,11561610.0,77.0,925900.0,9.0,8.0,1405.0,320.0,0.32,19.0,5.9,5.5,47.4
2026-05-31,e-영업1,매칭,Total,4313.0,4313.0,100.0,2458.0,57.0,13884950.0,16351430.0,96.0,2188980.0,12.0,13.4,1497.0,319.0,0.35,15.0,4.7,6.4,80.0
2026-06-01,e-영업1,매칭,Total,4318.0,4318.0,100.0,2429.0,56.3,8786890.0,15601720.0,90.0,1470200.0,10.0,9.4,1332.0,360.0,0.31,17.0,4.7,6.8,58.8
2026-06-02,e-영업1,매칭,Total,4332.0,4332.0,100.0,2230.0,51.5,11490730.0,18517160.0,75.0,1563520.0,12.0,8.4,1334.0,330.0,0.31,18.0,5.5,5.6,66.7
2026-06-03,e-영업1,매칭,Total,4303.0,4303.0,100.0,2379.0,55.3,15084080.0,20943360.0,109.0,1502900.0,15.0,7.2,1643.0,367.0,0.38,12.0,3.3,6.6,125.0
2026-06-04,e-영업1,매칭,Total,4251.0,4251.0,100.0,2367.0,55.7,11347230.0,17530480.0,98.0,1174760.0,12.0,6.7,1277.0,296.0,0.3,21.0,7.1,7.7,57.1
2026-06-05,e-영업1,매칭,Total,4261.0,4261.0,100.0,2222.0,52.1,12587140.0,19311350.0,114.0,1271280.0,11.0,6.6,1513.0,369.0,0.36,18.0,4.9,7.5,61.1
2026-06-06,e-영업1,매칭,Total,4231.0,4231.0,100.0,2312.0,54.6,16242940.0,22322100.0,119.0,2423200.0,11.0,10.9,1684.0,361.0,0.4,21.0,5.8,7.1,52.4
2026-06-07,e-영업1,매칭,Total,4037.0,4037.0,100.0,2287.0,56.7,21144770.0,26617350.0,159.0,1441400.0,12.0,5.4,1731.0,399.0,0.43,29.0,7.3,9.2,41.4
2026-06-08,e-영업1,매칭,Total,4003.0,4003.0,100.0,0.0,0.0,8730460.0,13428440.0,96.0,898580.0,10.0,6.7,1248.0,288.0,0.31,17.0,5.9,7.7,58.8
2026-06-09,e-영업1,매칭,Total,4032.0,4032.0,100.0,0.0,0.0,7621360.0,15754040.0,99.0,1001100.0,7.0,6.4,1337.0,321.0,0.33,12.0,3.7,7.4,58.3
2026-06-10,e-영업1,매칭,Total,4028.0,4028.0,100.0,2213.0,54.9,9348170.0,14883470.0,97.0,705500.0,6.0,4.7,1449.0,377.0,0.36,29.0,7.7,6.7,20.7
2026-06-11,e-영업1,매칭,Total,4045.0,4045.0,100.0,2164.0,53.5,6725640.0,16277040.0,104.0,812300.0,7.0,5.0,1452.0,388.0,0.36,14.0,3.6,7.2,50.0
2026-06-12,e-영업1,매칭,Total,4082.0,4082.0,100.0,2128.0,52.1,10049240.0,16745740.0,98.0,1387100.0,8.0,8.3,1323.0,314.0,0.32,17.0,5.4,7.4,47.1
2026-06-13,e-영업1,매칭,Total,4069.0,4069.0,100.0,2080.0,51.1,13429040.0,19469900.0,120.0,974800.0,7.0,5.0,1510.0,321.0,0.37,21.0,6.5,7.9,33.3
2026-06-14,e-영업1,매칭,Total,4047.0,4047.0,100.0,2243.0,55.4,18676320.0,23461820.0,140.0,1575480.0,11.0,6.7,1734.0,396.0,0.43,14.0,3.5,8.1,78.6
2026-06-15,e-영업1,매칭,Total,4076.0,4076.0,100.0,2135.0,52.4,13488750.0,22198910.0,134.0,2558760.0,16.0,11.5,1764.0,548.0,0.43,15.0,2.7,7.6,106.7
2026-06-16,e-영업1,매칭,Total,4064.0,4064.0,100.0,2426.0,59.7,10738320.0,19478060.0,113.0,804400.0,8.0,4.1,1593.0,351.0,0.39,21.0,6.0,7.1,38.1
2026-06-17,e-영업1,매칭,Total,4048.0,4048.0,100.0,2336.0,57.7,13355240.0,22383790.0,133.0,1844080.0,15.0,8.2,1617.0,366.0,0.4,15.0,4.1,8.2,100.0
2026-06-18,e-영업1,매칭,Total,3977.0,3977.0,100.0,2406.0,60.5,14179490.0,22575520.0,131.0,3092100.0,15.0,13.7,1516.0,315.0,0.38,24.0,7.6,8.6,62.5
2026-06-19,e-영업1,매칭,Total,3923.0,3923.0,100.0,2402.0,61.2,11742590.0,17608490.0,109.0,927000.0,8.0,5.3,1434.0,287.0,0.37,17.0,5.9,7.6,47.1
2026-06-20,e-영업1,매칭,Total,3916.0,3916.0,100.0,2287.0,58.4,13895600.0,19187300.0,105.0,1191600.0,6.0,6.2,1578.0,303.0,0.4,16.0,5.3,6.7,37.5
2026-06-21,e-영업1,매칭,Total,3891.0,3891.0,100.0,2316.0,59.5,18533600.0,23916400.0,130.0,1832780.0,10.0,7.7,1728.0,340.0,0.44,21.0,6.2,7.5,47.6
2026-06-22,e-영업1,매칭,Total,3899.0,3899.0,100.0,2316.0,59.4,10741270.0,18318950.0,110.0,1851920.0,11.0,10.1,1425.0,329.0,0.37,16.0,4.9,7.7,68.8
2026-06-23,e-영업1,매칭,Total,3856.0,3856.0,100.0,2016.0,52.3,2265340.0,11697660.0,84.0,1590400.0,9.0,13.6,1204.0,278.0,0.31,15.0,5.4,7.0,60.0
2026-06-24,e-영업1,매칭,Total,3900.0,3900.0,100.0,2013.0,51.6,9033950.0,15392080.0,90.0,1391880.0,11.0,9.0,1262.0,278.0,0.32,14.0,5.0,7.1,78.6
2026-06-25,e-영업1,매칭,Total,3877.0,3877.0,100.0,2066.0,53.3,6823340.0,14032140.0,102.0,1400100.0,12.0,10.0,1229.0,302.0,0.32,12.0,4.0,8.3,100.0
2026-06-26,e-영업1,매칭,Total,3861.0,3861.0,100.0,2014.0,52.2,8301560.0,14603030.0,92.0,1171820.0,9.0,8.0,1211.0,248.0,0.31,13.0,5.2,7.6,69.2
2026-06-27,e-영업1,매칭,Total,3861.0,3861.0,100.0,0.0,0.0,9309400.0,17088400.0,97.0,1306000.0,7.0,7.6,1542.0,317.0,0.4,15.0,4.7,6.3,46.7
2026-06-28,e-영업1,매칭,Total,3844.0,3844.0,100.0,2078.0,54.1,19721340.0,24413540.0,148.0,1468100.0,11.0,6.0,1671.0,360.0,0.43,22.0,6.1,8.9,50.0
2026-06-29,e-영업1,매칭,Total,3806.0,3806.0,100.0,0.0,0.0,8704000.0,15197380.0,92.0,1006290.0,7.0,6.6,1373.0,336.0,0.36,12.0,3.6,6.7,58.3
2026-06-30,e-영업1,매칭,Total,3711.0,3711.0,100.0,1955.0,52.7,9027330.0,15388260.0,85.0,582700.0,5.0,3.8,1271.0,325.0,0.34,11.0,3.4,6.7,45.5
2026-07-01,e-영업1,매칭,Total,3739.0,3739.0,100.0,1976.0,52.8,9517440.0,15967060.0,94.0,2267280.0,16.0,14.2,1249.0,316.0,0.33,12.0,3.8,7.5,133.3
2026-07-02,e-영업1,매칭,Total,3719.0,3719.0,100.0,2004.0,53.9,8256790.0,14045140.0,90.0,1392130.0,12.0,9.9,1168.0,279.0,0.31,15.0,5.4,7.7,80.0
2026-07-03,e-영업1,매칭,Total,3722.0,3722.0,100.0,1954.0,52.5,7899820.0,15331600.0,84.0,1203600.0,9.0,7.9,1180.0,272.0,0.32,7.0,2.6,7.1,128.6
2026-07-04,e-영업1,매칭,Total,3703.0,3703.0,100.0,2098.0,56.7,11366070.0,17995510.0,108.0,1791050.0,10.0,10.0,1398.0,322.0,0.38,13.0,4.0,7.7,76.9
2026-07-05,e-영업1,매칭,Total,3684.0,3684.0,100.0,2118.0,57.5,15314560.0,17390160.0,110.0,852600.0,7.0,4.9,1587.0,383.0,0.43,14.0,3.7,6.9,50.0
2026-07-06,e-영업1,매칭,Total,3684.0,3684.0,100.0,2097.0,56.9,7660980.0,14612980.0,86.0,1052400.0,7.0,7.2,1346.0,346.0,0.37,18.0,5.2,6.4,38.9
2026-07-07,e-영업1,매칭,Total,3680.0,3680.0,100.0,2008.0,54.6,9573260.0,16159560.0,106.0,2647400.0,15.0,16.4,1386.0,361.0,0.38,20.0,5.5,7.6,75.0
2026-07-08,e-영업1,매칭,Total,3666.0,3666.0,100.0,2314.0,63.1,6126390.0,15937780.0,86.0,1403100.0,8.0,8.8,1413.0,335.0,0.39,12.0,3.6,6.1,66.7
2026-07-09,e-영업1,매칭,Total,3625.0,3625.0,100.0,2194.0,60.5,8670750.0,13741950.0,94.0,1697600.0,11.0,12.4,1327.0,297.0,0.37,13.0,4.4,7.1,84.6
2026-07-10,e-영업1,매칭,Total,3632.0,3632.0,100.0,2206.0,60.7,9011620.0,14041220.0,94.0,1227400.0,11.0,8.7,1212.0,277.0,0.33,16.0,5.8,7.8,68.8
2026-07-11,e-영업1,매칭,Total,3632.0,3632.0,100.0,1843.0,50.7,10872950.0,15510050.0,97.0,735400.0,4.0,4.7,1358.0,274.0,0.37,11.0,4.0,7.1,36.4
2026-07-12,e-영업1,매칭,Total,3605.0,3605.0,100.0,1941.0,53.8,17034850.0,22210230.0,133.0,2444030.0,13.0,11.0,1576.0,337.0,0.44,12.0,3.6,8.4,108.3
2026-07-13,e-영업1,매칭,Total,3566.0,3566.0,100.0,1946.0,54.6,11050000.0,14745100.0,88.0,452900.0,3.0,3.1,1230.0,280.0,0.34,15.0,5.4,7.2,20.0
2026-07-14,e-영업1,매칭,Total,3571.0,3571.0,100.0,1933.0,54.1,7546980.0,11491880.0,80.0,969400.0,4.0,8.4,1106.0,276.0,0.31,14.0,5.1,7.2,28.6
2026-07-15,e-영업1,매칭,Total,5920.0,5920.0,100.0,3566.0,60.2,10007020.0,22599360.0,139.0,2064730.0,14.0,9.1,1925.0,461.0,0.33,23.0,5.0,7.2,60.9
2026-07-16,e-영업1,매칭,Total,7147.0,7147.0,100.0,3686.0,51.6,14222430.0,29346140.0,178.0,2484250.0,18.0,8.5,1931.0,468.0,0.27,21.0,4.5,9.2,85.7
2026-07-17,e-영업1,매칭,Total,7504.0,7504.0,100.0,3606.0,48.1,30777370.0,37620950.0,210.0,3117030.0,22.0,8.3,2281.0,503.0,0.3,37.0,7.4,9.2,59.5
2026-07-18,e-영업1,매칭,Total,7626.0,7626.0,100.0,3740.0,49.0,19980980.0,34887550.0,194.0,3644290.0,24.0,10.4,2477.0,566.0,0.32,42.0,7.4,7.8,57.1
2026-07-19,e-영업1,매칭,Total,8170.0,8170.0,100.0,4130.0,50.6,30303610.0,38404150.0,221.0,3927450.0,20.0,10.2,2787.0,685.0,0.34,43.0,6.3,7.9,46.5
2026-07-20,e-영업1,매칭,Total,8215.0,8215.0,100.0,4150.0,50.5,19392280.0,36474960.0,179.0,3293560.0,21.0,9.0,2224.0,584.0,0.27,44.0,7.5,8.0,47.7
2026-07-21,e-영업1,매칭,Total,8275.0,8275.0,100.0,3953.0,47.8,17309230.0,30037810.0,146.0,2788220.0,17.0,9.3,2257.0,581.0,0.27,34.0,5.9,6.5,50.0
2026-07-22,e-영업1,매칭,Total,8268.0,8268.0,100.0,3917.0,47.4,16882650.0,33662000.0,177.0,4668230.0,24.0,13.9,2305.0,594.0,0.28,34.0,5.7,7.7,70.6
2026-07-23,e-영업1,매칭,Total,8266.0,8266.0,100.0,3895.0,47.1,14679210.0,28516910.0,160.0,1825190.0,16.0,6.4,2176.0,548.0,0.26,21.0,3.8,7.4,76.2
2026-07-24,e-영업1,매칭,Total,8324.0,8324.0,100.0,3890.0,46.7,21049360.0,32869320.0,175.0,2152550.0,14.0,6.5,2205.0,564.0,0.26,24.0,4.3,7.9,58.3
2026-07-25,e-영업1,매칭,Total,8383.0,8383.0,100.0,3596.0,42.9,16027010.0,28728800.0,158.0,1883780.0,19.0,6.6,2328.0,508.0,0.28,27.0,5.3,6.8,70.4
2026-07-26,e-영업1,매칭,Total,8375.0,8375.0,100.0,3843.0,45.9,27394790.0,29734830.0,166.0,3303170.0,18.0,11.1,2447.0,599.0,0.29,33.0,5.5,6.8,54.5
2026-07-27,e-영업1,매칭,Total,8384.0,8384.0,100.0,3785.0,45.1,16390890.0,25925930.0,155.0,2451100.0,13.0,9.5,2347.0,638.0,0.28,30.0,4.7,6.6,43.3
2026-07-28,e-영업1,매칭,Total,8424.0,8424.0,100.0,3351.0,39.8,8757830.0,24305830.0,136.0,1580730.0,11.0,6.5,2076.0,555.0,0.25,32.0,5.8,6.6,34.4
2026-07-29,e-영업1,매칭,Total,8502.0,8502.0,100.0,3594.0,42.3,13950550.0,28581690.0,161.0,3278540.0,23.0,11.5,2140.0,580.0,0.25,36.0,6.2,7.5,63.9
2026-01-01,e-영업1,매칭,최저가,4643.0,4643.0,100.0,4643.0,100.0,43207380.0,51580120.0,186.0,3493370.0,18.0,6.8,2962.0,768.0,0.64,44.0,5.7,6.3,40.9
2026-01-02,e-영업1,매칭,최저가,4834.0,4834.0,100.0,4834.0,100.0,29003130.0,66376530.0,171.0,5916630.0,14.0,8.9,2796.0,800.0,0.58,34.0,4.3,6.1,41.2
2026-01-03,e-영업1,매칭,최저가,4817.0,4817.0,100.0,4817.0,100.0,31665850.0,60056780.0,186.0,6087190.0,24.0,10.1,3262.0,820.0,0.68,40.0,4.9,5.7,60.0
2026-01-04,e-영업1,매칭,최저가,4763.0,4763.0,100.0,4763.0,100.0,48934490.0,64679770.0,205.0,4040580.0,20.0,6.2,3281.0,858.0,0.69,63.0,7.3,6.2,31.7
2026-01-05,e-영업1,매칭,최저가,4758.0,4758.0,100.0,4758.0,100.0,38038650.0,52072200.0,166.0,5438110.0,21.0,10.4,2580.0,661.0,0.54,43.0,6.5,6.4,48.8
2026-01-06,e-영업1,매칭,최저가,4192.0,4192.0,100.0,4192.0,100.0,11972130.0,34804630.0,131.0,3576680.0,19.0,10.3,2212.0,601.0,0.53,47.0,7.8,5.9,40.4
2026-01-07,e-영업1,매칭,최저가,4480.0,4480.0,100.0,4480.0,100.0,25232460.0,51015460.0,155.0,7015500.0,21.0,13.8,2564.0,759.0,0.57,41.0,5.4,6.0,51.2
2026-01-08,e-영업1,매칭,최저가,4319.0,4319.0,100.0,4319.0,100.0,11398410.0,42116540.0,112.0,3400700.0,14.0,8.1,2125.0,592.0,0.49,27.0,4.6,5.3,51.9
2026-01-09,e-영업1,매칭,최저가,4263.0,4263.0,100.0,4263.0,100.0,19883310.0,39180550.0,112.0,2739000.0,13.0,7.0,2229.0,625.0,0.52,33.0,5.3,5.0,39.4
2026-01-10,e-영업1,매칭,최저가,4562.0,4562.0,100.0,4562.0,100.0,53671520.0,76821870.0,198.0,5286550.0,16.0,6.9,3289.0,877.0,0.72,50.0,5.7,6.0,32.0
2026-01-11,e-영업1,매칭,최저가,4808.0,4808.0,100.0,4808.0,100.0,72568230.0,93191680.0,246.0,11453730.0,30.0,12.3,3665.0,981.0,0.76,75.0,7.6,6.7,40.0
2026-01-12,e-영업1,매칭,최저가,4778.0,4778.0,100.0,4778.0,100.0,38683250.0,63654700.0,178.0,6486700.0,22.0,10.2,2906.0,825.0,0.61,46.0,5.6,6.1,47.8
2026-01-13,e-영업1,매칭,최저가,5062.0,5062.0,100.0,5062.0,100.0,35193330.0,72940230.0,185.0,5795840.0,24.0,7.9,3047.0,842.0,0.6,47.0,5.6,6.1,51.1
2026-01-14,e-영업1,매칭,최저가,5220.0,5220.0,100.0,5220.0,100.0,51051280.0,87180030.0,239.0,7847920.0,31.0,9.0,3333.0,937.0,0.64,45.0,4.8,7.2,68.9
2026-01-15,e-영업1,매칭,최저가,4888.0,4888.0,100.0,4888.0,100.0,13997650.0,47208220.0,136.0,4379000.0,15.0,9.3,2705.0,782.0,0.55,42.0,5.4,5.0,35.7
2026-01-16,e-영업1,매칭,최저가,4514.0,4514.0,100.0,4514.0,100.0,23665470.0,56017310.0,137.0,4577380.0,12.0,8.2,2358.0,630.0,0.52,33.0,5.2,5.8,36.4
2026-01-17,e-영업1,매칭,최저가,4849.0,4849.0,100.0,4849.0,100.0,26668650.0,60834140.0,140.0,6764400.0,13.0,11.1,2899.0,775.0,0.6,31.0,4.0,4.8,41.9
2026-01-18,e-영업1,매칭,최저가,5135.0,5135.0,100.0,5135.0,100.0,61139690.0,71388150.0,206.0,9574450.0,27.0,13.4,3274.0,876.0,0.64,47.0,5.4,6.3,57.4
2026-01-19,e-영업1,매칭,최저가,5132.0,5132.0,100.0,5132.0,100.0,27349200.0,57615210.0,153.0,7273300.0,16.0,12.6,2909.0,804.0,0.57,37.0,4.6,5.3,43.2
2026-01-20,e-영업1,매칭,최저가,4947.0,4947.0,100.0,4947.0,100.0,27171280.0,60969490.0,182.0,4877930.0,23.0,8.0,2760.0,799.0,0.56,40.0,5.0,6.6,57.5
2026-01-21,e-영업1,매칭,최저가,4940.0,4940.0,100.0,4940.0,100.0,30973350.0,71795110.0,181.0,5177550.0,18.0,7.2,2804.0,764.0,0.57,42.0,5.5,6.5,42.9
2026-01-22,e-영업1,매칭,최저가,4484.0,4484.0,100.0,4484.0,100.0,41407870.0,60584190.0,150.0,3280960.0,12.0,5.4,2326.0,597.0,0.52,29.0,4.9,6.4,41.4
2026-01-23,e-영업1,매칭,최저가,4864.0,4864.0,100.0,4864.0,100.0,36215320.0,73850900.0,172.0,4062780.0,13.0,5.5,2670.0,672.0,0.55,28.0,4.2,6.4,46.4
2026-01-24,e-영업1,매칭,최저가,4732.0,4732.0,100.0,4732.0,100.0,46688750.0,68002880.0,186.0,5763390.0,22.0,8.5,3024.0,704.0,0.64,54.0,7.7,6.2,40.7
2026-01-25,e-영업1,매칭,최저가,4869.0,4869.0,100.0,4869.0,100.0,63431760.0,84466230.0,230.0,7309380.0,25.0,8.7,3348.0,853.0,0.69,52.0,6.1,6.9,48.1
2026-01-26,e-영업1,매칭,최저가,4888.0,4888.0,100.0,4888.0,100.0,22756380.0,53581230.0,153.0,4654620.0,24.0,8.7,2702.0,734.0,0.55,53.0,7.2,5.7,45.3
2026-01-27,e-영업1,매칭,최저가,4652.0,4652.0,100.0,4652.0,100.0,15321780.0,40311840.0,132.0,3417440.0,13.0,8.5,2217.0,542.0,0.48,24.0,4.4,6.0,54.2
2026-01-28,e-영업1,매칭,최저가,4665.0,4665.0,100.0,4665.0,100.0,21000480.0,43919640.0,124.0,3734600.0,12.0,8.5,2185.0,577.0,0.47,26.0,4.5,5.7,46.2
2026-01-29,e-영업1,매칭,최저가,4857.0,4857.0,100.0,4857.0,100.0,24093290.0,49545160.0,144.0,5091680.0,21.0,10.3,2321.0,620.0,0.48,35.0,5.6,6.2,60.0
2026-01-30,e-영업1,매칭,최저가,5054.0,5054.0,100.0,5054.0,100.0,28541190.0,54826050.0,151.0,5014640.0,21.0,9.1,2437.0,688.0,0.48,28.0,4.1,6.2,75.0
2026-01-31,e-영업1,매칭,최저가,5238.0,5238.0,100.0,5238.0,100.0,26924670.0,60299380.0,144.0,2915870.0,9.0,4.8,2854.0,668.0,0.54,49.0,7.3,5.0,18.4
2026-02-01,e-영업1,매칭,최저가,5047.0,5047.0,100.0,5047.0,100.0,62424120.0,72057130.0,224.0,5112380.0,24.0,7.1,3203.0,796.0,0.63,43.0,5.4,7.0,55.8
2026-02-02,e-영업1,매칭,최저가,4989.0,4989.0,100.0,4989.0,100.0,18620930.0,36752860.0,130.0,4661160.0,17.0,12.7,2467.0,695.0,0.49,25.0,3.6,5.3,68.0
2026-02-03,e-영업1,매칭,최저가,4938.0,4938.0,100.0,4938.0,100.0,39185500.0,63157550.0,170.0,4223080.0,17.0,6.7,2468.0,651.0,0.5,23.0,3.5,6.9,73.9
2026-02-04,e-영업1,매칭,최저가,4821.0,4821.0,100.0,4821.0,100.0,32052780.0,61480750.0,152.0,2298560.0,11.0,3.7,2278.0,534.0,0.47,31.0,5.8,6.7,35.5
2026-02-05,e-영업1,매칭,최저가,5260.0,5260.0,100.0,5260.0,100.0,10232470.0,27373260.0,92.0,2237570.0,12.0,8.2,2106.0,540.0,0.4,26.0,4.8,4.4,46.2
2026-02-06,e-영업1,매칭,최저가,4904.0,4904.0,100.0,4904.0,100.0,13349030.0,31429290.0,87.0,2453880.0,8.0,7.8,2040.0,511.0,0.42,13.0,2.5,4.3,61.5
2026-02-07,e-영업1,매칭,최저가,5028.0,5028.0,100.0,5028.0,100.0,23237810.0,47167490.0,135.0,3149900.0,15.0,6.7,2686.0,604.0,0.53,32.0,5.3,5.0,46.9
2026-02-08,e-영업1,매칭,최저가,5513.0,5513.0,100.0,5513.0,100.0,46772420.0,56552120.0,178.0,8180080.0,26.0,14.5,3060.0,714.0,0.56,48.0,6.7,5.8,54.2
2026-02-09,e-영업1,매칭,최저가,5530.0,5530.0,100.0,5530.0,100.0,25497080.0,50648580.0,153.0,5146400.0,19.0,10.2,2366.0,589.0,0.43,28.0,4.8,6.5,67.9
2026-02-10,e-영업1,매칭,최저가,5067.0,5067.0,100.0,5067.0,100.0,27250930.0,39460170.0,121.0,2388880.0,14.0,6.1,2415.0,693.0,0.48,29.0,4.2,5.0,48.3
2026-02-11,e-영업1,매칭,최저가,5325.0,5325.0,100.0,5325.0,100.0,18913670.0,38679820.0,138.0,3900060.0,18.0,10.1,2322.0,619.0,0.44,23.0,3.7,5.9,78.3
2026-02-12,e-영업1,매칭,최저가,5272.0,5272.0,100.0,5272.0,100.0,14275600.0,33579280.0,125.0,2797030.0,15.0,8.3,2076.0,485.0,0.39,22.0,4.5,6.0,68.2
2026-02-13,e-영업1,매칭,최저가,5340.0,5340.0,100.0,5340.0,100.0,16823240.0,33318530.0,106.0,2789680.0,12.0,8.4,1958.0,458.0,0.37,20.0,4.4,5.4,60.0
2026-02-14,e-영업1,매칭,최저가,5623.0,5623.0,100.0,5623.0,100.0,14363520.0,40199250.0,115.0,3533400.0,13.0,8.8,2321.0,538.0,0.41,28.0,5.2,5.0,46.4
2026-02-15,e-영업1,매칭,최저가,5747.0,5747.0,100.0,5747.0,100.0,27593820.0,32270120.0,88.0,3111860.0,10.0,9.6,2353.0,602.0,0.41,24.0,4.0,3.7,41.7
2026-02-16,e-영업1,매칭,최저가,5823.0,5823.0,100.0,5823.0,100.0,28411610.0,35625410.0,88.0,3189300.0,9.0,9.0,2148.0,514.0,0.37,19.0,3.7,4.1,47.4
2026-02-17,e-영업1,매칭,최저가,5763.0,5763.0,100.0,5763.0,100.0,13770510.0,21249450.0,72.0,2092080.0,13.0,9.8,2076.0,514.0,0.36,21.0,4.1,3.5,61.9
2026-02-18,e-영업1,매칭,최저가,5770.0,5770.0,100.0,5770.0,100.0,30080070.0,36824650.0,131.0,4102040.0,17.0,11.1,2701.0,704.0,0.47,35.0,5.0,4.9,48.6
2026-02-19,e-영업1,매칭,최저가,5819.0,5819.0,100.0,5819.0,100.0,20316620.0,36569900.0,118.0,3207910.0,15.0,8.8,2285.0,663.0,0.39,29.0,4.4,5.2,51.7
2026-02-20,e-영업1,매칭,최저가,5849.0,5849.0,100.0,5849.0,100.0,32990040.0,49778660.0,143.0,5267670.0,19.0,10.6,2398.0,642.0,0.41,41.0,6.4,6.0,46.3
2026-02-21,e-영업1,매칭,최저가,5686.0,5686.0,100.0,5686.0,100.0,24709370.0,54076580.0,156.0,5074000.0,15.0,9.4,3001.0,706.0,0.53,45.0,6.4,5.2,33.3
2026-02-22,e-영업1,매칭,최저가,6347.0,6347.0,100.0,6347.0,100.0,58862460.0,70845310.0,205.0,6130110.0,23.0,8.7,3316.0,852.0,0.52,40.0,4.7,6.2,57.5
2026-02-23,e-영업1,매칭,최저가,6392.0,6392.0,100.0,6392.0,100.0,17363990.0,51695560.0,166.0,2225160.0,13.0,4.3,2520.0,663.0,0.39,34.0,5.1,6.6,38.2
2026-02-24,e-영업1,매칭,최저가,5769.0,5769.0,100.0,5769.0,100.0,13848570.0,33831260.0,125.0,3524610.0,18.0,10.4,2217.0,617.0,0.38,34.0,5.5,5.6,52.9
2026-02-25,e-영업1,매칭,최저가,5852.0,5852.0,100.0,5852.0,100.0,19588930.0,42413130.0,139.0,5086930.0,17.0,12.0,2399.0,661.0,0.41,34.0,5.1,5.8,50.0
2026-02-26,e-영업1,매칭,최저가,5960.0,5960.0,100.0,5960.0,100.0,31968160.0,49607820.0,154.0,3745830.0,16.0,7.6,2434.0,602.0,0.41,32.0,5.3,6.3,50.0
2026-02-27,e-영업1,매칭,최저가,6179.0,6179.0,100.0,6179.0,100.0,23274150.0,44387690.0,143.0,1935460.0,10.0,4.4,2278.0,571.0,0.37,22.0,3.9,6.3,45.5
2026-02-28,e-영업1,매칭,최저가,5376.0,5376.0,100.0,5376.0,100.0,40571100.0,65801820.0,184.0,2269290.0,14.0,3.4,2734.0,666.0,0.51,33.0,5.0,6.7,42.4
2026-03-01,e-영업1,매칭,최저가,6282.0,6282.0,100.0,6282.0,100.0,54273400.0,73389100.0,207.0,4595250.0,24.0,6.3,3270.0,876.0,0.52,41.0,4.7,6.3,58.5
2026-03-02,e-영업1,매칭,최저가,6314.0,6314.0,100.0,6314.0,100.0,53528440.0,72108980.0,201.0,4966620.0,20.0,6.9,3305.0,890.0,0.52,38.0,4.3,6.1,52.6
2026-03-03,e-영업1,매칭,최저가,6029.0,6029.0,100.0,6029.0,100.0,23301060.0,50947090.0,144.0,3769880.0,16.0,7.4,2278.0,597.0,0.38,41.0,6.9,6.3,39.0
2026-03-04,e-영업1,매칭,최저가,2211.0,2211.0,100.0,2211.0,100.0,6672920.0,43616840.0,134.0,4113490.0,15.0,9.4,829.0,176.0,0.37,4.0,2.3,16.2,375.0
2026-03-05,e-영업1,매칭,최저가,2202.0,2202.0,100.0,2202.0,100.0,2424070.0,43755700.0,137.0,3551450.0,16.0,8.1,905.0,183.0,0.41,13.0,7.1,15.1,123.1
2026-03-06,e-영업1,매칭,최저가,1939.0,1939.0,100.0,1939.0,100.0,4584420.0,46950730.0,121.0,3660690.0,10.0,7.8,794.0,171.0,0.41,4.0,2.3,15.2,250.0
2026-03-07,e-영업1,매칭,최저가,3597.0,3597.0,100.0,3597.0,100.0,35062320.0,61335840.0,179.0,4910730.0,18.0,8.0,2445.0,551.0,0.68,31.0,5.6,7.3,58.1
2026-03-08,e-영업1,매칭,최저가,2132.0,2132.0,100.0,2132.0,100.0,19004760.0,67793650.0,181.0,6032710.0,20.0,8.9,1202.0,242.0,0.56,16.0,6.6,15.1,125.0
2026-03-09,e-영업1,매칭,최저가,2097.0,2097.0,100.0,2097.0,100.0,7292400.0,42285940.0,112.0,2107460.0,9.0,5.0,937.0,194.0,0.45,6.0,3.1,12.0,150.0
2026-03-10,e-영업1,매칭,최저가,3592.0,3592.0,100.0,3592.0,100.0,15388230.0,28634810.0,103.0,2123670.0,14.0,7.4,1793.0,489.0,0.5,31.0,6.3,5.7,45.2
2026-03-11,e-영업1,매칭,최저가,1938.0,1938.0,100.0,1938.0,100.0,5038300.0,32706560.0,115.0,3943600.0,14.0,12.1,897.0,172.0,0.46,9.0,5.2,12.8,155.6
2026-03-12,e-영업1,매칭,최저가,1849.0,1849.0,100.0,1849.0,100.0,1549560.0,21277060.0,79.0,3935790.0,17.0,18.5,944.0,206.0,0.51,12.0,5.8,8.4,141.7
2026-03-13,e-영업1,매칭,최저가,,,,,,,,,,,,,,,,,,
2026-03-14,e-영업1,매칭,최저가,1828.0,1828.0,100.0,1828.0,100.0,7761660.0,29079890.0,94.0,1916880.0,8.0,6.6,1069.0,192.0,0.58,9.0,4.7,8.8,88.9
2026-03-15,e-영업1,매칭,최저가,3858.0,3858.0,100.0,3858.0,100.0,23277650.0,32327930.0,122.0,1965650.0,14.0,6.1,2300.0,452.0,0.6,29.0,6.4,5.3,48.3
2026-03-16,e-영업1,매칭,최저가,1976.0,1976.0,100.0,1976.0,100.0,3703380.0,18350110.0,68.0,1207980.0,5.0,6.6,1024.0,225.0,0.52,6.0,2.7,6.6,83.3
2026-03-17,e-영업1,매칭,최저가,1835.0,1835.0,100.0,1835.0,100.0,9294050.0,32715190.0,104.0,3494980.0,13.0,10.7,908.0,205.0,0.49,14.0,6.8,11.5,92.9
2026-03-18,e-영업1,매칭,최저가,1951.0,1951.0,100.0,1951.0,100.0,5130760.0,23454950.0,89.0,2202470.0,11.0,9.4,1017.0,223.0,0.52,11.0,4.9,8.8,100.0
2026-03-19,e-영업1,매칭,최저가,3809.0,3809.0,100.0,3809.0,100.0,7652910.0,25411390.0,107.0,2729110.0,16.0,10.7,1810.0,479.0,0.48,24.0,5.0,5.9,66.7
2026-03-20,e-영업1,매칭,최저가,3759.0,3759.0,100.0,3759.0,100.0,10593120.0,21668250.0,86.0,1236480.0,6.0,5.7,1737.0,442.0,0.46,19.0,4.3,5.0,31.6
2026-03-21,e-영업1,매칭,최저가,3172.0,3172.0,100.0,3172.0,100.0,13791840.0,25895660.0,97.0,4573760.0,15.0,17.7,1706.0,343.0,0.54,25.0,7.3,5.7,60.0
2026-03-22,e-영업1,매칭,최저가,3453.0,3453.0,100.0,3453.0,100.0,37927270.0,50128160.0,160.0,3762580.0,15.0,7.5,2426.0,531.0,0.7,33.0,6.2,6.6,45.5
2026-03-23,e-영업1,매칭,최저가,1863.0,1863.0,100.0,1863.0,100.0,10694190.0,24657180.0,78.0,1732680.0,7.0,7.0,1001.0,189.0,0.54,7.0,3.7,7.8,100.0
2026-03-24,e-영업1,매칭,최저가,1629.0,1629.0,100.0,1629.0,100.0,7183980.0,24097610.0,66.0,1474480.0,6.0,6.1,795.0,162.0,0.49,8.0,4.9,8.3,75.0
2026-03-25,e-영업1,매칭,최저가,1675.0,1675.0,100.0,1675.0,100.0,2242970.0,16157410.0,58.0,826600.0,4.0,5.1,826.0,186.0,0.49,5.0,2.7,7.0,80.0
2026-03-26,e-영업1,매칭,최저가,1789.0,1789.0,100.0,1789.0,100.0,5245860.0,24066290.0,89.0,1951040.0,11.0,8.1,805.0,172.0,0.45,12.0,7.0,11.1,91.7
2026-03-27,e-영업1,매칭,최저가,2035.0,2035.0,100.0,2035.0,100.0,6671830.0,25849110.0,89.0,501950.0,3.0,1.9,995.0,190.0,0.49,8.0,4.2,8.9,37.5
2026-03-28,e-영업1,매칭,최저가,3382.0,3382.0,100.0,3382.0,100.0,19382390.0,32751630.0,114.0,2278550.0,8.0,7.0,1880.0,385.0,0.56,23.0,6.0,6.1,34.8
2026-03-29,e-영업1,매칭,최저가,3767.0,3767.0,100.0,3767.0,100.0,32532850.0,46568760.0,149.0,3604660.0,14.0,7.7,2186.0,470.0,0.58,29.0,6.2,6.8,48.3
2026-03-30,e-영업1,매칭,최저가,3766.0,3766.0,100.0,3766.0,100.0,11470980.0,30285490.0,120.0,3330680.0,18.0,11.0,1829.0,397.0,0.49,19.0,4.8,6.6,94.7
2026-03-31,e-영업1,매칭,최저가,1994.0,1994.0,100.0,1994.0,100.0,4595770.0,20775840.0,83.0,3175020.0,10.0,15.3,1094.0,218.0,0.55,10.0,4.6,7.6,100.0
2026-04-01,e-영업1,매칭,최저가,2016.0,2016.0,100.0,2016.0,100.0,4343730.0,18720200.0,81.0,1187700.0,7.0,6.3,1130.0,201.0,0.56,6.0,3.0,7.2,116.7
2026-04-02,e-영업1,매칭,최저가,2874.0,2874.0,100.0,2874.0,100.0,5365000.0,18011180.0,81.0,1646560.0,9.0,9.1,1462.0,442.0,0.51,14.0,3.2,5.5,64.3
2026-04-03,e-영업1,매칭,최저가,2874.0,2874.0,100.0,2874.0,100.0,10910410.0,22210250.0,95.0,2449370.0,15.0,11.0,1279.0,276.0,0.45,23.0,8.3,7.4,65.2
2026-04-04,e-영업1,매칭,최저가,3260.0,3260.0,100.0,3260.0,100.0,13952140.0,26142170.0,110.0,1366260.0,7.0,5.2,1617.0,287.0,0.5,11.0,3.8,6.8,63.6
2026-04-05,e-영업1,매칭,최저가,3401.0,3401.0,100.0,3401.0,100.0,27572320.0,34612450.0,141.0,2688260.0,14.0,7.8,1916.0,380.0,0.56,28.0,7.4,7.4,50.0
2026-04-06,e-영업1,매칭,최저가,2095.0,2095.0,100.0,2095.0,100.0,4915990.0,19704000.0,83.0,717950.0,6.0,3.6,1089.0,223.0,0.52,7.0,3.1,7.6,85.7
2026-04-07,e-영업1,매칭,최저가,2662.0,2662.0,100.0,2662.0,100.0,10937620.0,18383720.0,89.0,4692340.0,18.0,25.5,1304.0,306.0,0.49,22.0,7.2,6.8,81.8
2026-04-08,e-영업1,매칭,최저가,2657.0,2657.0,100.0,2657.0,100.0,16019290.0,29136890.0,127.0,2453670.0,13.0,8.4,1440.0,293.0,0.54,13.0,4.4,8.8,100.0
2026-04-09,e-영업1,매칭,최저가,2559.0,2559.0,100.0,2559.0,100.0,4890660.0,21798530.0,78.0,2188300.0,9.0,10.0,1139.0,228.0,0.45,8.0,3.5,6.8,112.5
2026-04-10,e-영업1,매칭,최저가,2927.0,2927.0,100.0,2927.0,100.0,11157830.0,19392710.0,87.0,1301700.0,7.0,6.7,1353.0,309.0,0.46,14.0,4.5,6.4,50.0
2026-04-11,e-영업1,매칭,최저가,2900.0,2900.0,100.0,2900.0,100.0,9228130.0,15870560.0,67.0,1209600.0,6.0,7.6,1416.0,279.0,0.49,19.0,6.8,4.7,31.6
2026-04-12,e-영업1,매칭,최저가,3007.0,3007.0,100.0,3007.0,100.0,26388710.0,31785350.0,126.0,1438100.0,5.0,4.5,1747.0,362.0,0.58,20.0,5.5,7.2,25.0
2026-04-13,e-영업1,매칭,최저가,3094.0,3094.0,100.0,3094.0,100.0,14788540.0,22313950.0,103.0,1855030.0,13.0,8.3,1451.0,313.0,0.47,22.0,7.0,7.1,59.1
2026-04-14,e-영업1,매칭,최저가,3001.0,3001.0,100.0,3001.0,100.0,10294530.0,20428560.0,98.0,1348980.0,6.0,6.6,1379.0,332.0,0.46,11.0,3.3,7.1,54.5
2026-04-15,e-영업1,매칭,최저가,3062.0,3062.0,100.0,3062.0,100.0,4559290.0,17324210.0,82.0,1340780.0,7.0,7.7,1362.0,295.0,0.44,11.0,3.7,6.0,63.6
2026-04-16,e-영업1,매칭,최저가,2899.0,2899.0,100.0,2899.0,100.0,8506600.0,19849650.0,92.0,1311380.0,10.0,6.6,1279.0,249.0,0.44,16.0,6.4,7.2,62.5
2026-04-17,e-영업1,매칭,최저가,2797.0,2797.0,100.0,2797.0,100.0,5023900.0,13915980.0,68.0,629100.0,5.0,4.5,1044.0,194.0,0.37,9.0,4.6,6.5,55.6
2026-04-18,e-영업1,매칭,최저가,2814.0,2814.0,100.0,2814.0,100.0,13074520.0,21069670.0,86.0,782700.0,4.0,3.7,1319.0,225.0,0.47,9.0,4.0,6.5,44.4
2026-04-19,e-영업1,매칭,최저가,2866.0,2866.0,100.0,2866.0,100.0,17447610.0,20356320.0,96.0,2703250.0,14.0,13.3,1529.0,263.0,0.53,25.0,9.5,6.3,56.0
2026-04-20,e-영업1,매칭,최저가,2850.0,2850.0,100.0,2850.0,100.0,11321210.0,19927260.0,89.0,678500.0,4.0,3.4,1255.0,255.0,0.44,8.0,3.1,7.1,50.0
2026-04-21,e-영업1,매칭,최저가,3136.0,3136.0,100.0,3136.0,100.0,4450750.0,14922170.0,67.0,1159600.0,7.0,7.8,1263.0,281.0,0.4,5.0,1.8,5.3,140.0
2026-04-22,e-영업1,매칭,최저가,3084.0,3084.0,100.0,3084.0,100.0,13139340.0,20782810.0,99.0,2388700.0,13.0,11.5,1342.0,288.0,0.44,18.0,6.3,7.4,72.2
2026-04-23,e-영업1,매칭,최저가,2112.0,2112.0,100.0,2112.0,100.0,10958630.0,20294510.0,77.0,734500.0,4.0,3.6,973.0,165.0,0.46,11.0,6.7,7.9,36.4
2026-04-24,e-영업1,매칭,최저가,,,,,,,,,,,,,,,,,,
2026-04-25,e-영업1,매칭,최저가,,,,,,,,,,,,,,,,,,
2026-04-26,e-영업1,매칭,최저가,,,,,,,,,,,,,,,,,,
2026-04-27,e-영업1,매칭,최저가,,,,,,,,,,,,,,,,,,
2026-04-28,e-영업1,매칭,최저가,,,,,,,,,,,,,,,,,,
2026-04-29,e-영업1,매칭,최저가,,,,,,,,,,,,,,,,,,
2026-04-30,e-영업1,매칭,최저가,2815.0,2815.0,100.0,2815.0,100.0,8913040.0,14304990.0,72.0,1029200.0,6.0,7.2,1062.0,214.0,0.38,7.0,3.3,6.8,85.7
2026-05-01,e-영업1,매칭,최저가,2639.0,2639.0,100.0,2639.0,100.0,11720070.0,15914990.0,89.0,1302280.0,8.0,8.2,1314.0,238.0,0.5,12.0,5.0,6.8,66.7
2026-05-02,e-영업1,매칭,최저가,2910.0,2910.0,100.0,2910.0,100.0,11535340.0,16932730.0,80.0,1899800.0,9.0,11.2,1204.0,201.0,0.41,13.0,6.5,6.6,69.2
2026-05-03,e-영업1,매칭,최저가,2894.0,2894.0,100.0,2894.0,100.0,14104150.0,22633340.0,102.0,2972900.0,14.0,13.1,1593.0,326.0,0.55,18.0,5.5,6.4,77.8
2026-05-04,e-영업1,매칭,최저가,,,,,,,,,,,,,,,,,,
2026-05-05,e-영업1,매칭,최저가,2150.0,2150.0,100.0,2150.0,100.0,10578260.0,15495550.0,93.0,1179200.0,7.0,7.6,1367.0,300.0,0.64,17.0,5.7,6.8,41.2
2026-05-06,e-영업1,매칭,최저가,2054.0,2054.0,100.0,2054.0,100.0,9141050.0,14544550.0,69.0,1014650.0,7.0,7.0,1081.0,229.0,0.53,12.0,5.2,6.4,58.3
2026-05-07,e-영업1,매칭,최저가,,,,,,,,,,,,,,,,,,
2026-05-08,e-영업1,매칭,최저가,2910.0,2910.0,100.0,2910.0,100.0,10718850.0,16006810.0,82.0,1525200.0,8.0,9.5,997.0,196.0,0.34,8.0,4.1,8.2,100.0
2026-05-09,e-영업1,매칭,최저가,,,,,,,,,,,,,,,,,,
2026-05-10,e-영업1,매칭,최저가,,,,,,,,,,,,,,,,,,
2026-05-11,e-영업1,매칭,최저가,2815.0,2815.0,100.0,2815.0,100.0,6548230.0,14254160.0,70.0,723200.0,6.0,5.1,1073.0,279.0,0.38,9.0,3.2,6.5,66.7
2026-05-12,e-영업1,매칭,최저가,2720.0,2720.0,100.0,2720.0,100.0,9830570.0,19244110.0,85.0,2000200.0,9.0,10.4,1180.0,275.0,0.43,12.0,4.4,7.2,75.0
2026-05-13,e-영업1,매칭,최저가,3007.0,3007.0,100.0,3007.0,100.0,10223860.0,18478480.0,98.0,1613600.0,14.0,8.7,1302.0,305.0,0.43,20.0,6.6,7.5,70.0
2026-05-14,e-영업1,매칭,최저가,2901.0,2901.0,100.0,2901.0,100.0,9522200.0,16260350.0,88.0,1634300.0,10.0,10.1,1172.0,284.0,0.4,12.0,4.2,7.5,83.3
2026-05-15,e-영업1,매칭,최저가,2855.0,2855.0,100.0,2855.0,100.0,7479550.0,14529210.0,83.0,775600.0,6.0,5.3,1110.0,250.0,0.39,9.0,3.6,7.5,66.7
2026-05-16,e-영업1,매칭,최저가,2669.0,2669.0,100.0,2669.0,100.0,3433880.0,11177690.0,65.0,726000.0,5.0,6.5,1202.0,252.0,0.45,15.0,6.0,5.4,33.3
2026-05-17,e-영업1,매칭,최저가,2652.0,2652.0,100.0,2652.0,100.0,18511980.0,24279710.0,119.0,2139350.0,14.0,8.8,1510.0,348.0,0.57,22.0,6.3,7.9,63.6
2026-05-18,e-영업1,매칭,최저가,2275.0,2275.0,100.0,2275.0,100.0,2843360.0,8597420.0,60.0,307800.0,4.0,3.6,908.0,201.0,0.4,12.0,6.0,6.6,33.3
2026-05-19,e-영업1,매칭,최저가,2063.0,2063.0,100.0,2063.0,100.0,5699030.0,11096480.0,53.0,974400.0,10.0,8.8,832.0,195.0,0.4,8.0,4.1,6.4,125.0
2026-05-20,e-영업1,매칭,최저가,2015.0,2015.0,100.0,2015.0,100.0,3452430.0,8481900.0,43.0,609000.0,4.0,7.2,804.0,161.0,0.4,7.0,4.3,5.3,57.1
2026-05-21,e-영업1,매칭,최저가,2109.0,2109.0,100.0,2109.0,100.0,6516300.0,10146200.0,55.0,584800.0,4.0,5.8,741.0,158.0,0.35,9.0,5.7,7.4,44.4
2026-05-22,e-영업1,매칭,최저가,2533.0,2533.0,100.0,2533.0,100.0,1770180.0,9741430.0,57.0,111200.0,1.0,1.1,872.0,196.0,0.34,12.0,6.1,6.5,8.3
2026-05-23,e-영업1,매칭,최저가,2451.0,2451.0,100.0,2451.0,100.0,7419300.0,9034080.0,48.0,985520.0,8.0,10.9,920.0,170.0,0.38,13.0,7.6,5.2,61.5
2026-05-24,e-영업1,매칭,최저가,2542.0,2542.0,100.0,2542.0,100.0,7641320.0,13873560.0,77.0,1588500.0,11.0,11.4,1062.0,222.0,0.42,18.0,8.1,7.3,61.1
2026-05-25,e-영업1,매칭,최저가,2148.0,2148.0,100.0,2148.0,100.0,8502880.0,10704930.0,68.0,694400.0,4.0,6.5,1064.0,208.0,0.5,12.0,5.8,6.4,33.3
2026-05-26,e-영업1,매칭,최저가,,,,,,,,,,,,,,,,,,
2026-05-27,e-영업1,매칭,최저가,2078.0,2078.0,100.0,2078.0,100.0,6785630.0,7930310.0,43.0,703300.0,4.0,8.9,763.0,168.0,0.37,5.0,3.0,5.6,80.0
2026-05-28,e-영업1,매칭,최저가,2357.0,2357.0,100.0,2357.0,100.0,6855840.0,9223120.0,59.0,843980.0,8.0,9.2,831.0,213.0,0.35,11.0,5.2,7.1,72.7
2026-05-29,e-영업1,매칭,최저가,2583.0,2583.0,100.0,2583.0,100.0,6669160.0,11502090.0,68.0,963120.0,8.0,8.4,928.0,205.0,0.36,8.0,3.9,7.3,100.0
2026-05-30,e-영업1,매칭,최저가,2403.0,2403.0,100.0,2403.0,100.0,4986640.0,7548140.0,51.0,684700.0,7.0,9.1,962.0,199.0,0.4,12.0,6.0,5.3,58.3
2026-05-31,e-영업1,매칭,최저가,2458.0,2458.0,100.0,2458.0,100.0,11650170.0,13782750.0,81.0,1519780.0,9.0,11.0,1150.0,219.0,0.47,10.0,4.6,7.0,90.0
2026-06-01,e-영업1,매칭,최저가,2429.0,2429.0,100.0,2429.0,100.0,8661290.0,13740920.0,73.0,1168600.0,8.0,8.5,1028.0,275.0,0.42,13.0,4.7,7.1,61.5
2026-06-02,e-영업1,매칭,최저가,2230.0,2230.0,100.0,2230.0,100.0,9225720.0,15448100.0,52.0,817820.0,5.0,5.3,986.0,219.0,0.44,10.0,4.6,5.3,50.0
2026-06-03,e-영업1,매칭,최저가,2379.0,2379.0,100.0,2379.0,100.0,12672600.0,17521380.0,92.0,1076600.0,11.0,6.1,1289.0,258.0,0.54,8.0,3.1,7.1,137.5
2026-06-04,e-영업1,매칭,최저가,2367.0,2367.0,100.0,2367.0,100.0,9214210.0,13987580.0,77.0,1143760.0,11.0,8.2,994.0,216.0,0.42,20.0,9.3,7.7,55.0
2026-06-05,e-영업1,매칭,최저가,2222.0,2222.0,100.0,2222.0,100.0,10325340.0,15911750.0,97.0,1191180.0,10.0,7.5,1207.0,271.0,0.54,18.0,6.6,8.0,55.6
2026-06-06,e-영업1,매칭,최저가,2312.0,2312.0,100.0,2312.0,100.0,11684740.0,17478400.0,89.0,2423200.0,11.0,13.9,1309.0,246.0,0.57,17.0,6.9,6.8,64.7
2026-06-07,e-영업1,매칭,최저가,2287.0,2287.0,100.0,2287.0,100.0,20035870.0,25420250.0,149.0,1441400.0,12.0,5.7,1503.0,328.0,0.66,25.0,7.6,9.9,48.0
2026-06-08,e-영업1,매칭,최저가,,,,,,,,,,,,,,,,,,
2026-06-09,e-영업1,매칭,최저가,,,,,,,,,,,,,,,,,,
2026-06-10,e-영업1,매칭,최저가,2213.0,2213.0,100.0,2213.0,100.0,8155090.0,13089790.0,89.0,606500.0,5.0,4.6,1184.0,280.0,0.54,23.0,8.2,7.5,21.7
2026-06-11,e-영업1,매칭,최저가,2164.0,2164.0,100.0,2164.0,100.0,6469940.0,14966040.0,96.0,694000.0,6.0,4.6,1196.0,292.0,0.55,13.0,4.5,8.0,46.2
2026-06-12,e-영업1,매칭,최저가,2128.0,2128.0,100.0,2128.0,100.0,9167060.0,13957660.0,83.0,950100.0,5.0,6.8,1013.0,225.0,0.48,13.0,5.8,8.2,38.5
2026-06-13,e-영업1,매칭,최저가,2080.0,2080.0,100.0,2080.0,100.0,11186240.0,15615640.0,98.0,688400.0,5.0,4.4,1189.0,232.0,0.57,20.0,8.6,8.2,25.0
2026-06-14,e-영업1,매칭,최저가,2243.0,2243.0,100.0,2243.0,100.0,17060920.0,21526020.0,130.0,1575480.0,11.0,7.3,1430.0,293.0,0.64,9.0,3.1,9.1,122.2
2026-06-15,e-영업1,매칭,최저가,2135.0,2135.0,100.0,2135.0,100.0,10741740.0,18436900.0,112.0,1754300.0,10.0,9.5,1435.0,402.0,0.67,13.0,3.2,7.8,76.9
2026-06-16,e-영업1,매칭,최저가,2426.0,2426.0,100.0,2426.0,100.0,9170480.0,16057320.0,91.0,531700.0,5.0,3.3,1237.0,251.0,0.51,18.0,7.2,7.4,27.8
2026-06-17,e-영업1,매칭,최저가,2336.0,2336.0,100.0,2336.0,100.0,9470440.0,16721790.0,92.0,776580.0,6.0,4.6,1234.0,247.0,0.53,9.0,3.6,7.5,66.7
2026-06-18,e-영업1,매칭,최저가,2406.0,2406.0,100.0,2406.0,100.0,11946130.0,19467660.0,111.0,2612000.0,11.0,13.4,1266.0,231.0,0.53,19.0,8.2,8.8,57.9
2026-06-19,e-영업1,매칭,최저가,2402.0,2402.0,100.0,2402.0,100.0,10630330.0,16094730.0,99.0,821200.0,6.0,5.1,1214.0,218.0,0.51,12.0,5.5,8.2,50.0
2026-06-20,e-영업1,매칭,최저가,2287.0,2287.0,100.0,2287.0,100.0,12197800.0,15305000.0,84.0,1135800.0,5.0,7.4,1250.0,209.0,0.55,12.0,5.7,6.7,41.7
2026-06-21,e-영업1,매칭,최저가,2316.0,2316.0,100.0,2316.0,100.0,17478900.0,22275800.0,121.0,1757980.0,9.0,7.9,1391.0,229.0,0.6,17.0,7.4,8.7,52.9
2026-06-22,e-영업1,매칭,최저가,2316.0,2316.0,100.0,2316.0,100.0,10055470.0,17534150.0,104.0,1851920.0,11.0,10.6,1192.0,244.0,0.51,12.0,4.9,8.7,91.7
2026-06-23,e-영업1,매칭,최저가,2016.0,2016.0,100.0,2016.0,100.0,1685840.0,10635660.0,74.0,1224600.0,6.0,11.5,979.0,203.0,0.49,11.0,5.4,7.6,54.5
2026-06-24,e-영업1,매칭,최저가,2013.0,2013.0,100.0,2013.0,100.0,8482470.0,14164570.0,79.0,1253880.0,10.0,8.9,1009.0,194.0,0.5,11.0,5.7,7.8,90.9
2026-06-25,e-영업1,매칭,최저가,2066.0,2066.0,100.0,2066.0,100.0,6312890.0,12911990.0,91.0,1231100.0,11.0,9.5,984.0,204.0,0.48,11.0,5.4,9.2,100.0
2026-06-26,e-영업1,매칭,최저가,2014.0,2014.0,100.0,2014.0,100.0,8541360.0,14009230.0,85.0,1171820.0,9.0,8.4,995.0,176.0,0.49,10.0,5.7,8.5,90.0
2026-06-27,e-영업1,매칭,최저가,,,,,,,,,,,,,,,,,,
2026-06-28,e-영업1,매칭,최저가,2078.0,2078.0,100.0,2078.0,100.0,18414390.0,22931390.0,138.0,1289100.0,10.0,5.6,1411.0,265.0,0.68,15.0,5.7,9.8,66.7
2026-06-29,e-영업1,매칭,최저가,,,,,,,,,,,,,,,,,,
2026-06-30,e-영업1,매칭,최저가,1955.0,1955.0,100.0,1955.0,100.0,6776880.0,12495760.0,74.0,582700.0,5.0,4.7,1024.0,235.0,0.52,8.0,3.4,7.2,62.5
2026-07-01,e-영업1,매칭,최저가,1976.0,1976.0,100.0,1976.0,100.0,8182240.0,13758270.0,79.0,1647780.0,12.0,12.0,1003.0,226.0,0.51,8.0,3.5,7.9,150.0
2026-07-02,e-영업1,매칭,최저가,2004.0,2004.0,100.0,2004.0,100.0,7778190.0,12719640.0,78.0,1148330.0,10.0,9.0,925.0,203.0,0.46,11.0,5.4,8.4,90.9
2026-07-03,e-영업1,매칭,최저가,1954.0,1954.0,100.0,1954.0,100.0,5806720.0,9790100.0,65.0,1128800.0,8.0,11.5,860.0,171.0,0.44,5.0,2.9,7.6,160.0
2026-07-04,e-영업1,매칭,최저가,2098.0,2098.0,100.0,2098.0,100.0,10878270.0,15220910.0,95.0,1045750.0,6.0,6.9,1141.0,242.0,0.54,11.0,4.5,8.3,54.5
2026-07-05,e-영업1,매칭,최저가,2118.0,2118.0,100.0,2118.0,100.0,13270460.0,15276760.0,94.0,586400.0,5.0,3.8,1253.0,266.0,0.59,13.0,4.9,7.5,38.5
2026-07-06,e-영업1,매칭,최저가,2097.0,2097.0,100.0,2097.0,100.0,6616880.0,12244980.0,74.0,760700.0,6.0,6.2,1050.0,250.0,0.5,10.0,4.0,7.0,60.0
2026-07-07,e-영업1,매칭,최저가,2008.0,2008.0,100.0,2008.0,100.0,9630060.0,15013560.0,97.0,2225300.0,13.0,14.8,1126.0,275.0,0.56,16.0,5.8,8.6,81.3
2026-07-08,e-영업1,매칭,최저가,2314.0,2314.0,100.0,2314.0,100.0,5221390.0,14304180.0,78.0,710700.0,6.0,5.0,1196.0,250.0,0.52,11.0,4.4,6.5,54.5
2026-07-09,e-영업1,매칭,최저가,2194.0,2194.0,100.0,2194.0,100.0,8672250.0,12559950.0,87.0,1138700.0,8.0,9.1,1086.0,206.0,0.49,10.0,4.9,8.0,80.0
2026-07-10,e-영업1,매칭,최저가,2206.0,2206.0,100.0,2206.0,100.0,8683920.0,13225620.0,89.0,1183400.0,10.0,8.9,1027.0,206.0,0.47,11.0,5.3,8.7,90.9
2026-07-11,e-영업1,매칭,최저가,1843.0,1843.0,100.0,1843.0,100.0,9378450.0,12416550.0,78.0,735400.0,4.0,5.9,1015.0,170.0,0.55,9.0,5.3,7.7,44.4
2026-07-12,e-영업1,매칭,최저가,1941.0,1941.0,100.0,1941.0,100.0,14754250.0,19608130.0,120.0,1557030.0,10.0,7.9,1216.0,238.0,0.63,11.0,4.6,9.9,90.9
2026-07-13,e-영업1,매칭,최저가,1946.0,1946.0,100.0,1946.0,100.0,9994380.0,12838180.0,78.0,452900.0,3.0,3.5,974.0,206.0,0.5,11.0,5.3,8.0,27.3
2026-07-14,e-영업1,매칭,최저가,1933.0,1933.0,100.0,1933.0,100.0,7348180.0,10042980.0,73.0,557200.0,3.0,5.5,893.0,207.0,0.46,14.0,6.8,8.2,21.4
2026-07-15,e-영업1,매칭,최저가,3566.0,3566.0,100.0,3566.0,100.0,8205310.0,20052750.0,123.0,1578700.0,10.0,7.9,1633.0,366.0,0.46,16.0,4.4,7.5,62.5
2026-07-16,e-영업1,매칭,최저가,3686.0,3686.0,100.0,3686.0,100.0,10931430.0,22084240.0,133.0,1011200.0,7.0,4.6,1536.0,332.0,0.42,13.0,3.9,8.7,53.8
2026-07-17,e-영업1,매칭,최저가,3606.0,3606.0,100.0,3606.0,100.0,23192270.0,28005270.0,161.0,2003250.0,14.0,7.2,1798.0,358.0,0.5,26.0,7.3,9.0,53.8
2026-07-18,e-영업1,매칭,최저가,3740.0,3740.0,100.0,3740.0,100.0,13887250.0,25259570.0,154.0,3114690.0,21.0,12.3,1914.0,382.0,0.51,28.0,7.3,8.0,75.0
2026-07-19,e-영업1,매칭,최저가,4130.0,4130.0,100.0,4130.0,100.0,19840240.0,25511280.0,158.0,2426650.0,13.0,9.5,2207.0,493.0,0.53,34.0,6.9,7.2,38.2
2026-07-20,e-영업1,매칭,최저가,4150.0,4150.0,100.0,4150.0,100.0,12049920.0,24954100.0,129.0,2432160.0,16.0,9.7,1640.0,391.0,0.4,25.0,6.4,7.9,64.0
2026-07-21,e-영업1,매칭,최저가,3953.0,3953.0,100.0,3953.0,100.0,11306250.0,18267930.0,97.0,1534020.0,10.0,8.4,1614.0,377.0,0.41,19.0,5.0,6.0,52.6
2026-07-22,e-영업1,매칭,최저가,3917.0,3917.0,100.0,3917.0,100.0,12691250.0,22939320.0,133.0,2758330.0,17.0,12.0,1730.0,406.0,0.44,22.0,5.4,7.7,77.3
2026-07-23,e-영업1,매칭,최저가,3895.0,3895.0,100.0,3895.0,100.0,9403760.0,17744710.0,113.0,1289790.0,9.0,7.3,1595.0,359.0,0.41,11.0,3.1,7.1,81.8
2026-07-24,e-영업1,매칭,최저가,3890.0,3890.0,100.0,3890.0,100.0,14311580.0,22307390.0,116.0,1546450.0,8.0,6.9,1568.0,356.0,0.4,14.0,3.9,7.4,57.1
2026-07-25,e-영업1,매칭,최저가,3596.0,3596.0,100.0,3596.0,100.0,8514550.0,16401690.0,89.0,985680.0,9.0,6.0,1549.0,298.0,0.43,13.0,4.4,5.7,69.2
2026-07-26,e-영업1,매칭,최저가,3843.0,3843.0,100.0,3843.0,100.0,19449810.0,20994350.0,114.0,2348970.0,13.0,11.2,1755.0,370.0,0.46,22.0,5.9,6.5,59.1
2026-07-27,e-영업1,매칭,최저가,3785.0,3785.0,100.0,3785.0,100.0,9735430.0,16290770.0,100.0,1269900.0,6.0,7.8,1637.0,373.0,0.43,18.0,4.8,6.1,33.3
2026-07-28,e-영업1,매칭,최저가,3351.0,3351.0,100.0,3351.0,100.0,6410190.0,12996120.0,81.0,697050.0,6.0,5.4,1198.0,296.0,0.36,15.0,5.1,6.8,40.0
2026-07-29,e-영업1,매칭,최저가,3594.0,3594.0,100.0,3594.0,100.0,6054070.0,16639460.0,90.0,1764560.0,9.0,10.6,1447.0,344.0,0.4,18.0,5.2,6.2,50.0
2026-01-01,e-영업2,Total,Total,23524.0,19227.0,81.7,19843.0,84.4,118254640.0,137002370.0,378.0,13378010.0,46.0,9.8,4939.0,1567.0,0.21,100.0,6.4,7.7,46.0
2026-01-02,e-영업2,Total,Total,23486.0,19234.0,81.9,19517.0,83.1,41676950.0,121790070.0,324.0,8664520.0,33.0,7.1,4432.0,1524.0,0.19,85.0,5.6,7.3,38.8
2026-01-03,e-영업2,Total,Total,23337.0,19125.0,82.0,21509.0,92.2,58829120.0,138928550.0,331.0,11540170.0,34.0,8.3,5307.0,1771.0,0.23,91.0,5.1,6.2,37.4
2026-01-04,e-영업2,Total,Total,23147.0,18973.0,82.0,20819.0,89.9,79835300.0,109269970.0,349.0,10700700.0,46.0,9.8,5353.0,1738.0,0.23,119.0,6.8,6.5,38.7
2026-01-05,e-영업2,Total,Total,23319.0,19023.0,81.6,20811.0,89.2,51299480.0,116642260.0,322.0,11775260.0,52.0,10.1,4345.0,1426.0,0.19,82.0,5.8,7.4,63.4
2026-01-06,e-영업2,Total,Total,23385.0,19095.0,81.7,20681.0,88.4,46263320.0,96477700.0,307.0,10023690.0,46.0,10.4,4346.0,1506.0,0.19,85.0,5.6,7.1,54.1
2026-01-07,e-영업2,Total,Total,23555.0,19246.0,81.7,19802.0,84.1,63101420.0,107955220.0,310.0,11271140.0,45.0,10.4,4414.0,1523.0,0.19,93.0,6.1,7.0,48.4
2026-01-08,e-영업2,Total,Total,23428.0,19200.0,82.0,20573.0,87.8,38820300.0,101226960.0,289.0,8798480.0,35.0,8.7,4177.0,1436.0,0.18,72.0,5.0,6.9,48.6
2026-01-09,e-영업2,Total,Total,23406.0,19166.0,81.9,17919.0,76.6,48778340.0,106860430.0,296.0,6641070.0,29.0,6.2,4105.0,1308.0,0.18,76.0,5.8,7.2,38.2
2026-01-10,e-영업2,Total,Total,23279.0,19098.0,82.0,18828.0,80.9,93827910.0,155690620.0,399.0,10807120.0,37.0,6.9,5226.0,1582.0,0.22,81.0,5.1,7.6,45.7
2026-01-11,e-영업2,Total,Total,23114.0,18975.0,82.1,21245.0,91.9,118055200.0,146551570.0,436.0,12147590.0,50.0,8.3,5521.0,1690.0,0.24,95.0,5.6,7.9,52.6
2026-01-12,e-영업2,Total,Total,23198.0,19043.0,82.1,20591.0,88.8,40085280.0,100830300.0,318.0,13867360.0,47.0,13.8,4625.0,1577.0,0.2,84.0,5.3,6.9,56.0
2026-01-13,e-영업2,Total,Total,23272.0,19122.0,82.2,20461.0,87.9,65691050.0,135805700.0,350.0,11067900.0,39.0,8.1,4775.0,1486.0,0.21,89.0,6.0,7.3,43.8
2026-01-14,e-영업2,Total,Total,23449.0,19320.0,82.4,20437.0,87.2,36314310.0,102554690.0,313.0,7187150.0,30.0,7.0,4756.0,1443.0,0.2,75.0,5.2,6.6,40.0
2026-01-15,e-영업2,Total,Total,23772.0,19553.0,82.3,18498.0,77.8,11554380.0,77210130.0,277.0,9441470.0,38.0,12.2,4146.0,1429.0,0.17,74.0,5.2,6.7,51.4
2026-01-16,e-영업2,Total,Total,23728.0,19520.0,82.3,20253.0,85.4,56397860.0,103113930.0,304.0,5758380.0,26.0,5.6,4034.0,1348.0,0.17,54.0,4.0,7.5,48.1
2026-01-17,e-영업2,Total,Total,23606.0,19432.0,82.3,20144.0,85.3,66959520.0,124333840.0,366.0,10807190.0,42.0,8.7,4720.0,1459.0,0.2,97.0,6.6,7.8,43.3
2026-01-18,e-영업2,Total,Total,23435.0,19306.0,82.4,21967.0,93.7,96444040.0,127242380.0,394.0,11969910.0,53.0,9.4,5156.0,1619.0,0.22,93.0,5.7,7.6,57.0
2026-01-19,e-영업2,Total,Total,23563.0,19464.0,82.6,21019.0,89.2,73273060.0,114376900.0,354.0,8687480.0,44.0,7.6,4583.0,1521.0,0.19,98.0,6.4,7.7,44.9
2026-01-20,e-영업2,Total,Total,23613.0,19568.0,82.9,22225.0,94.1,28566370.0,82041230.0,292.0,10229060.0,43.0,12.5,4484.0,1498.0,0.19,65.0,4.3,6.5,66.2
2026-01-21,e-영업2,Total,Total,23738.0,19715.0,83.1,20314.0,85.6,57501980.0,103755900.0,348.0,9913970.0,45.0,9.6,4383.0,1446.0,0.18,96.0,6.6,7.9,46.9
2026-01-22,e-영업2,Total,Total,23740.0,19796.0,83.4,20145.0,84.9,52893000.0,94637440.0,343.0,11247210.0,57.0,11.9,4330.0,1480.0,0.18,91.0,6.1,7.9,62.6
2026-01-23,e-영업2,Total,Total,23735.0,19805.0,83.4,21689.0,91.4,58621250.0,113051930.0,370.0,4113310.0,28.0,3.6,4471.0,1391.0,0.19,54.0,3.9,8.3,51.9
2026-01-24,e-영업2,Total,Total,23590.0,19700.0,83.5,19678.0,83.4,70697590.0,123618540.0,405.0,13377760.0,49.0,10.8,5389.0,1670.0,0.23,119.0,7.1,7.5,41.2
2026-01-25,e-영업2,Total,Total,23365.0,19574.0,83.8,21958.0,94.0,108007860.0,139372940.0,450.0,13160620.0,66.0,9.4,5709.0,1795.0,0.24,122.0,6.8,7.9,54.1
2026-01-26,e-영업2,Total,Total,23396.0,19608.0,83.8,21876.0,93.5,60620820.0,101178230.0,341.0,8827450.0,45.0,8.7,4559.0,1399.0,0.19,94.0,6.7,7.5,47.9
2026-01-27,e-영업2,Total,Total,23424.0,19650.0,83.9,20181.0,86.2,40464660.0,106524970.0,341.0,6357180.0,33.0,6.0,4439.0,1374.0,0.19,77.0,5.6,7.7,42.9
2026-01-28,e-영업2,Total,Total,23520.0,19775.0,84.1,20629.0,87.7,38409120.0,86192320.0,312.0,12214080.0,49.0,14.2,4304.0,1427.0,0.18,87.0,6.1,7.2,56.3
2026-01-29,e-영업2,Total,Total,23504.0,19784.0,84.2,19407.0,82.6,35109610.0,78332880.0,284.0,8598740.0,35.0,11.0,4087.0,1410.0,0.17,74.0,5.2,6.9,47.3
2026-01-30,e-영업2,Total,Total,23553.0,19784.0,84.0,21320.0,90.5,51686900.0,94878160.0,300.0,5716780.0,28.0,6.0,4056.0,1357.0,0.17,53.0,3.9,7.4,52.8
2026-01-31,e-영업2,Total,Total,23539.0,19777.0,84.0,19698.0,83.7,65530000.0,114466810.0,377.0,10247010.0,50.0,9.0,4869.0,1552.0,0.21,92.0,5.9,7.7,54.3
2026-02-01,e-영업2,Total,Total,23327.0,19599.0,84.0,20470.0,87.8,115011150.0,142077590.0,464.0,11755110.0,49.0,8.3,5452.0,1787.0,0.23,128.0,7.2,8.5,38.3
2026-02-02,e-영업2,Total,Total,23276.0,19553.0,84.0,20129.0,86.5,50295830.0,95364890.0,332.0,8697900.0,42.0,9.1,4234.0,1452.0,0.18,74.0,5.1,7.8,56.8
2026-02-03,e-영업2,Total,Total,23183.0,19479.0,84.0,20847.0,89.9,57444540.0,113250660.0,376.0,10510570.0,51.0,9.3,4502.0,1482.0,0.19,93.0,6.3,8.4,54.8
2026-02-04,e-영업2,Total,Total,23327.0,19608.0,84.1,20701.0,88.7,56361430.0,110952520.0,363.0,5714720.0,34.0,5.2,4369.0,1402.0,0.19,73.0,5.2,8.3,46.6
2026-02-05,e-영업2,Total,Total,23296.0,19594.0,84.1,19963.0,85.7,47998110.0,84480540.0,305.0,11089540.0,41.0,13.1,4114.0,1374.0,0.18,61.0,4.4,7.4,67.2
2026-02-06,e-영업2,Total,Total,23334.0,19637.0,84.2,20352.0,87.2,48182980.0,95340160.0,322.0,7965230.0,35.0,8.4,4290.0,1397.0,0.18,79.0,5.7,7.5,44.3
2026-02-07,e-영업2,Total,Total,23168.0,19495.0,84.1,18924.0,81.7,78578690.0,120136080.0,430.0,10302220.0,50.0,8.6,5240.0,1612.0,0.23,120.0,7.4,8.2,41.7
2026-02-08,e-영업2,Total,Total,22849.0,19251.0,84.3,20936.0,91.6,111014900.0,132277450.0,541.0,11955890.0,60.0,9.0,5858.0,1869.0,0.26,128.0,6.8,9.2,46.9
2026-02-09,e-영업2,Total,Total,22995.0,19362.0,84.2,20516.0,89.2,41832750.0,88000760.0,376.0,8426930.0,52.0,9.6,4633.0,1525.0,0.2,99.0,6.5,8.1,52.5
2026-02-10,e-영업2,Total,Total,23054.0,19419.0,84.2,20896.0,90.6,36241070.0,73279500.0,329.0,8772330.0,47.0,12.0,4265.0,1369.0,0.19,103.0,7.5,7.7,45.6
2026-02-11,e-영업2,Total,Total,23119.0,19496.0,84.3,20829.0,90.1,59932360.0,93472180.0,355.0,10355780.0,56.0,11.1,4154.0,1365.0,0.18,99.0,7.3,8.5,56.6
2026-02-12,e-영업2,Total,Total,23207.0,19607.0,84.5,19975.0,86.1,40374550.0,89174820.0,326.0,5142610.0,35.0,5.8,3945.0,1259.0,0.17,64.0,5.1,8.3,54.7
2026-02-13,e-영업2,Total,Total,23319.0,19738.0,84.6,20014.0,85.8,40863750.0,95091590.0,303.0,6065720.0,31.0,6.4,3741.0,1124.0,0.16,66.0,5.9,8.1,47.0
2026-02-14,e-영업2,Total,Total,23198.0,19675.0,84.8,21164.0,91.2,63277370.0,106559440.0,339.0,11479880.0,43.0,10.8,4425.0,1366.0,0.19,97.0,7.1,7.7,44.3
2026-02-15,e-영업2,Total,Total,23032.0,19550.0,84.9,21454.0,93.1,83925350.0,103763770.0,343.0,9257160.0,42.0,8.9,4577.0,1528.0,0.2,92.0,6.0,7.5,45.7
2026-02-16,e-영업2,Total,Total,22920.0,19469.0,84.9,21193.0,92.5,79578250.0,96380510.0,337.0,12929080.0,56.0,13.4,4400.0,1434.0,0.19,109.0,7.6,7.7,51.4
2026-02-17,e-영업2,Total,Total,22824.0,19417.0,85.1,20959.0,91.8,47995250.0,69280580.0,263.0,6254490.0,33.0,9.0,4140.0,1393.0,0.18,80.0,5.7,6.4,41.3
2026-02-18,e-영업2,Total,Total,22639.0,19257.0,85.1,20417.0,90.2,94773810.0,108074180.0,445.0,11121210.0,62.0,10.3,5599.0,1976.0,0.25,134.0,6.8,7.9,46.3
2026-02-19,e-영업2,Total,Total,22879.0,19450.0,85.0,20536.0,89.8,56934240.0,105437510.0,404.0,10866040.0,48.0,10.3,4780.0,1661.0,0.21,105.0,6.3,8.5,45.7
2026-02-20,e-영업2,Total,Total,23317.0,19894.0,85.3,19726.0,84.6,69739640.0,112269620.0,392.0,9082360.0,45.0,8.1,4580.0,1465.0,0.2,97.0,6.6,8.6,46.4
2026-02-21,e-영업2,Total,Total,23100.0,19706.0,85.3,18246.0,79.0,93053180.0,145013840.0,500.0,13218200.0,53.0,9.1,5601.0,1782.0,0.24,110.0,6.2,8.9,48.2
2026-02-22,e-영업2,Total,Total,22832.0,19472.0,85.3,20769.0,91.0,129074990.0,156296040.0,508.0,11186740.0,52.0,7.2,5969.0,1904.0,0.26,116.0,6.1,8.5,44.8
2026-02-23,e-영업2,Total,Total,22868.0,19508.0,85.3,20684.0,90.4,46089220.0,103031660.0,346.0,10784450.0,47.0,10.5,4608.0,1506.0,0.2,92.0,6.1,7.5,51.1
2026-02-24,e-영업2,Total,Total,22928.0,19570.0,85.4,19438.0,84.8,21491210.0,76792210.0,309.0,5949040.0,40.0,7.7,4361.0,1469.0,0.19,83.0,5.7,7.1,48.2
2026-02-25,e-영업2,Total,Total,22921.0,19561.0,85.3,20691.0,90.3,35135940.0,96074850.0,354.0,7332610.0,36.0,7.6,4331.0,1398.0,0.19,78.0,5.6,8.2,46.2
2026-02-26,e-영업2,Total,Total,22982.0,19608.0,85.3,19978.0,86.9,39777280.0,90314260.0,383.0,6074090.0,34.0,6.7,4495.0,1445.0,0.2,86.0,6.0,8.5,39.5
2026-02-27,e-영업2,Total,Total,23406.0,19893.0,85.0,20130.0,86.0,55371760.0,104343230.0,355.0,7650450.0,40.0,7.3,4367.0,1348.0,0.19,70.0,5.2,8.1,57.1
2026-02-28,e-영업2,Total,Total,23448.0,19923.0,85.0,16893.0,72.0,86351070.0,126150040.0,468.0,12424290.0,53.0,9.8,5569.0,1764.0,0.24,99.0,5.6,8.4,53.5
2026-03-01,e-영업2,Total,Total,23125.0,19645.0,85.0,21380.0,92.5,118812390.0,152715310.0,533.0,13006980.0,66.0,8.5,6277.0,2106.0,0.27,130.0,6.2,8.5,50.8
2026-03-02,e-영업2,Total,Total,22873.0,19429.0,84.9,21050.0,92.0,102018940.0,139996980.0,485.0,11802710.0,54.0,8.4,6246.0,2085.0,0.27,99.0,4.7,7.8,54.5
2026-03-03,e-영업2,Total,Total,23308.0,19741.0,84.7,20940.0,89.8,52185310.0,102456600.0,382.0,6879300.0,38.0,6.7,4641.0,1534.0,0.2,71.0,4.6,8.2,53.5
2026-03-04,e-영업2,Total,Total,21719.0,17766.0,81.8,17172.0,79.1,54511150.0,62870000.0,202.0,4687190.0,22.0,7.5,3853.0,1147.0,0.18,43.0,3.7,5.2,51.2
2026-03-05,e-영업2,Total,Total,21744.0,17782.0,81.8,16065.0,73.9,31674270.0,55023930.0,175.0,2855710.0,14.0,5.2,3833.0,1079.0,0.18,54.0,5.0,4.6,25.9
2026-03-06,e-영업2,Total,Total,21753.0,17801.0,81.8,15657.0,72.0,37744650.0,43713910.0,154.0,3468500.0,17.0,7.9,3701.0,1096.0,0.17,37.0,3.4,4.2,45.9
2026-03-07,e-영업2,Total,Total,25920.0,21804.0,84.1,20042.0,77.3,117309210.0,162176910.0,586.0,12795970.0,62.0,7.9,6250.0,1953.0,0.24,133.0,6.8,9.4,46.6
2026-03-08,e-영업2,Total,Total,21768.0,17810.0,81.8,18105.0,83.2,125216620.0,110268040.0,336.0,9420540.0,39.0,8.5,5212.0,1480.0,0.24,99.0,6.7,6.4,39.4
2026-03-09,e-영업2,Total,Total,21768.0,17810.0,81.8,17950.0,82.5,36351090.0,67654120.0,201.0,6436190.0,24.0,9.5,4120.0,1316.0,0.19,58.0,4.4,4.9,41.4
2026-03-10,e-영업2,Total,Total,26186.0,22250.0,85.0,20242.0,77.3,45755230.0,95796720.0,407.0,8901190.0,50.0,9.3,5474.0,1966.0,0.21,102.0,5.2,7.4,49.0
2026-03-11,e-영업2,Total,Total,21775.0,17810.0,81.8,14875.0,68.3,23340820.0,43412920.0,173.0,5355980.0,23.0,12.3,4073.0,1212.0,0.19,46.0,3.8,4.2,50.0
2026-03-12,e-영업2,Total,Total,21785.0,17810.0,81.8,15680.0,72.0,30910590.0,58354710.0,200.0,2486160.0,18.0,4.3,4129.0,1261.0,0.19,54.0,4.3,4.8,33.3
2026-03-13,e-영업2,Total,Total,21442.0,17500.0,81.6,0.0,0.0,31017160.0,62421830.0,204.0,4175400.0,17.0,6.7,4000.0,1166.0,0.19,40.0,3.4,5.1,42.5
2026-03-14,e-영업2,Total,Total,21464.0,17500.0,81.5,14965.0,69.7,65193960.0,99171870.0,260.0,8353000.0,25.0,8.4,4931.0,1329.0,0.23,71.0,5.3,5.3,35.2
2026-03-15,e-영업2,Total,Total,26134.0,22261.0,85.2,24238.0,92.7,151220300.0,192787160.0,707.0,14024050.0,68.0,7.3,7385.0,2363.0,0.28,154.0,6.5,9.6,44.2
2026-03-16,e-영업2,Total,Total,21470.0,17500.0,81.5,18252.0,85.0,35891120.0,76167850.0,247.0,6534050.0,29.0,8.6,4579.0,1361.0,0.21,64.0,4.7,5.4,45.3
2026-03-17,e-영업2,Total,Total,21471.0,17500.0,81.5,17113.0,79.7,33856690.0,58788110.0,199.0,3161270.0,18.0,5.4,4240.0,1272.0,0.2,58.0,4.6,4.7,31.0
2026-03-18,e-영업2,Total,Total,21481.0,17500.0,81.5,15348.0,71.4,39519010.0,70460010.0,238.0,4289140.0,25.0,6.1,4099.0,1209.0,0.19,58.0,4.8,5.8,43.1
2026-03-19,e-영업2,Total,Total,26627.0,22674.0,85.2,21123.0,79.3,48479270.0,105787260.0,448.0,8997910.0,55.0,8.5,5341.0,1807.0,0.2,92.0,5.1,8.4,59.8
2026-03-20,e-영업2,Total,Total,26671.0,22703.0,85.1,21054.0,78.9,40018280.0,95616990.0,370.0,6482880.0,34.0,6.8,5165.0,1698.0,0.19,80.0,4.7,7.2,42.5
2026-03-21,e-영업2,Total,Total,26523.0,22565.0,85.1,19200.0,72.4,76093020.0,121923540.0,505.0,13209310.0,62.0,10.8,6155.0,1850.0,0.23,115.0,6.2,8.2,53.9
2026-03-22,e-영업2,Total,Total,26240.0,22293.0,85.0,24270.0,92.5,129868880.0,154310700.0,611.0,11963590.0,63.0,7.8,7389.0,2303.0,0.28,156.0,6.8,8.3,40.4
2026-03-23,e-영업2,Total,Total,21518.0,17500.0,81.3,18387.0,85.4,33865030.0,63560520.0,237.0,4680320.0,23.0,7.4,4373.0,1262.0,0.2,61.0,4.8,5.4,37.7
2026-03-24,e-영업2,Total,Total,21527.0,17500.0,81.3,15148.0,70.4,32443140.0,62452140.0,201.0,3855090.0,19.0,6.2,4166.0,1196.0,0.19,56.0,4.7,4.8,33.9
2026-03-25,e-영업2,Total,Total,21530.0,17500.0,81.3,15025.0,69.8,49419240.0,72809400.0,246.0,5963650.0,24.0,8.2,3939.0,1181.0,0.18,59.0,5.0,6.2,40.7
2026-03-26,e-영업2,Total,Total,21542.0,17500.0,81.2,16004.0,74.3,38321110.0,56528190.0,204.0,1930680.0,11.0,3.4,3684.0,1019.0,0.17,36.0,3.5,5.5,30.6
2026-03-27,e-영업2,Total,Total,21554.0,17500.0,81.2,15466.0,71.8,36115560.0,64899760.0,215.0,2925190.0,15.0,4.5,3607.0,1001.0,0.17,35.0,3.5,6.0,42.9
2026-03-28,e-영업2,Total,Total,26345.0,22368.0,84.9,19847.0,75.3,104284320.0,149225170.0,516.0,12024730.0,52.0,8.1,6020.0,1833.0,0.23,102.0,5.6,8.6,51.0
2026-03-29,e-영업2,Total,Total,26087.0,22133.0,84.8,24220.0,92.8,141933830.0,172167470.0,672.0,10510360.0,53.0,6.1,6648.0,2048.0,0.25,123.0,6.0,10.1,43.1
2026-03-30,e-영업2,Total,Total,26519.0,22546.0,85.0,23206.0,87.5,73048560.0,130354640.0,553.0,10997180.0,53.0,8.4,5878.0,2017.0,0.22,117.0,5.8,9.4,45.3
2026-03-31,e-영업2,Total,Total,21575.0,17500.0,81.1,15498.0,71.8,25521690.0,54499070.0,228.0,7068820.0,29.0,13.0,3955.0,1185.0,0.18,56.0,4.7,5.8,51.8
2026-04-01,e-영업2,Total,Total,21587.0,17500.0,81.1,16111.0,74.6,42603700.0,78654920.0,313.0,3780710.0,24.0,4.8,3962.0,1132.0,0.18,60.0,5.3,7.9,40.0
2026-04-02,e-영업2,Total,Total,27460.0,23308.0,84.9,19670.0,71.6,37883760.0,84281000.0,380.0,4412210.0,40.0,5.2,5344.0,2213.0,0.19,71.0,3.2,7.1,56.3
2026-04-03,e-영업2,Total,Total,27358.0,23308.0,85.2,19473.0,71.2,59333880.0,108493110.0,422.0,4643080.0,27.0,4.3,4566.0,1493.0,0.17,70.0,4.7,9.2,38.6
2026-04-04,e-영업2,Total,Total,27256.0,23214.0,85.2,23039.0,84.5,90710830.0,141740570.0,544.0,9372450.0,41.0,6.6,5612.0,1680.0,0.21,97.0,5.8,9.7,42.3
2026-04-05,e-영업2,Total,Total,27013.0,22993.0,85.1,23608.0,87.4,139626510.0,168466060.0,623.0,13187340.0,68.0,7.8,6081.0,1938.0,0.23,139.0,7.2,10.2,48.9
2026-04-06,e-영업2,Total,Total,21616.0,17500.0,81.0,18311.0,84.7,41600390.0,74067330.0,286.0,3102000.0,17.0,4.2,4020.0,1215.0,0.19,57.0,4.7,7.1,29.8
2026-04-07,e-영업2,Total,Total,27268.0,23214.0,85.1,20875.0,76.6,77047160.0,119798450.0,521.0,14757280.0,71.0,12.3,5430.0,1683.0,0.2,115.0,6.8,9.6,61.7
2026-04-08,e-영업2,Total,Total,21628.0,17500.0,80.9,19215.0,88.8,62519890.0,87555960.0,339.0,6532540.0,42.0,7.5,4357.0,1166.0,0.2,82.0,7.0,7.8,51.2
2026-04-09,e-영업2,Total,Total,21633.0,17500.0,80.9,18936.0,87.5,42992380.0,72909190.0,256.0,4637990.0,18.0,6.4,3880.0,1137.0,0.18,44.0,3.9,6.6,40.9
2026-04-10,e-영업2,Total,Total,27076.0,22949.0,84.8,22327.0,82.5,56846530.0,96026270.0,365.0,8760070.0,41.0,9.1,4766.0,1568.0,0.18,78.0,5.0,7.7,52.6
2026-04-11,e-영업2,Total,Total,27088.0,22981.0,84.8,22358.0,82.5,70239870.0,112805120.0,441.0,8317220.0,40.0,7.4,5160.0,1590.0,0.19,71.0,4.5,8.5,56.3
2026-04-12,e-영업2,Total,Total,26839.0,22746.0,84.7,23305.0,86.8,110055260.0,126340470.0,526.0,13752810.0,64.0,10.9,5715.0,1809.0,0.21,129.0,7.1,9.2,49.6
2026-04-13,e-영업2,Total,Total,26917.0,22797.0,84.7,23111.0,85.9,66333630.0,111716560.0,477.0,12319430.0,56.0,11.0,5069.0,1695.0,0.19,107.0,6.3,9.4,52.3
2026-04-14,e-영업2,Total,Total,27199.0,23050.0,84.7,22701.0,83.5,46185670.0,98284890.0,450.0,8308090.0,52.0,8.5,5070.0,1681.0,0.19,102.0,6.1,8.9,51.0
2026-04-15,e-영업2,Total,Total,27282.0,23118.0,84.7,23040.0,84.5,45447970.0,101692810.0,500.0,7250590.0,43.0,7.1,4877.0,1525.0,0.18,96.0,6.3,10.3,44.8
2026-04-16,e-영업2,Total,Total,27271.0,23105.0,84.7,22941.0,84.1,46948600.0,90152170.0,430.0,2973810.0,28.0,3.3,4706.0,1501.0,0.17,71.0,4.7,9.1,39.4
2026-04-17,e-영업2,Total,Total,27204.0,23046.0,84.7,21658.0,79.6,51644410.0,96333260.0,431.0,6951960.0,38.0,7.2,4343.0,1315.0,0.16,66.0,5.0,9.9,57.6
2026-04-18,e-영업2,Total,Total,27088.0,22943.0,84.7,20842.0,76.9,76672110.0,113768740.0,492.0,10177190.0,55.0,8.9,5283.0,1580.0,0.2,99.0,6.3,9.3,55.6
2026-04-19,e-영업2,Total,Total,26854.0,22737.0,84.7,22503.0,83.8,100400330.0,120190820.0,543.0,10703170.0,60.0,8.9,5864.0,1830.0,0.22,110.0,6.0,9.3,54.5
2026-04-20,e-영업2,Total,Total,25745.0,21619.0,84.0,22022.0,85.5,52348640.0,91885370.0,421.0,6719880.0,40.0,7.3,4964.0,1593.0,0.19,85.0,5.3,8.5,47.1
2026-04-21,e-영업2,Total,Total,25767.0,21636.0,84.0,22572.0,87.6,46562220.0,87677260.0,403.0,5292740.0,36.0,6.0,4703.0,1516.0,0.18,87.0,5.7,8.6,41.4
2026-04-22,e-영업2,Total,Total,25889.0,21736.0,84.0,22468.0,86.8,50310260.0,77733730.0,383.0,4867470.0,33.0,6.3,4721.0,1537.0,0.18,73.0,4.7,8.1,45.2
2026-04-23,e-영업2,Total,Total,21693.0,17500.0,80.7,18155.0,83.7,37146340.0,68052010.0,278.0,3059800.0,21.0,4.5,3625.0,1062.0,0.17,48.0,4.5,7.7,43.8
2026-04-24,e-영업2,Total,Total,25744.0,21610.0,83.9,0.0,0.0,47061920.0,77032280.0,317.0,3282600.0,23.0,4.3,4053.0,1266.0,0.16,50.0,3.9,7.8,46.0
2026-04-25,e-영업2,Total,Total,25744.0,21610.0,83.9,0.0,0.0,77641340.0,115695590.0,463.0,6374870.0,38.0,5.5,4859.0,1397.0,0.19,84.0,6.0,9.5,45.2
2026-04-26,e-영업2,Total,Total,25504.0,21398.0,83.9,0.0,0.0,93605050.0,108993600.0,500.0,6577970.0,39.0,6.0,5611.0,1728.0,0.22,114.0,6.6,8.9,34.2
2026-04-27,e-영업2,Total,Total,24685.0,20579.0,83.4,0.0,0.0,57339220.0,88607150.0,431.0,6333730.0,38.0,7.1,4606.0,1542.0,0.19,82.0,5.3,9.4,46.3
2026-04-28,e-영업2,Total,Total,24666.0,20549.0,83.3,0.0,0.0,55219400.0,99469110.0,413.0,7393010.0,40.0,7.4,4479.0,1502.0,0.18,74.0,4.9,9.2,54.1
2026-04-29,e-영업2,Total,Total,24807.0,20672.0,83.3,0.0,0.0,60232340.0,92405500.0,406.0,7269530.0,41.0,7.9,4540.0,1609.0,0.18,74.0,4.6,8.9,55.4
2026-04-30,e-영업2,Total,Total,24815.0,20669.0,83.3,21767.0,87.7,42380420.0,76899220.0,350.0,4638100.0,27.0,6.0,4002.0,1385.0,0.16,73.0,5.3,8.7,37.0
2026-05-01,e-영업2,Total,Total,24599.0,20484.0,83.3,18761.0,76.3,90333680.0,109192560.0,460.0,9466060.0,54.0,8.7,4991.0,1590.0,0.2,118.0,7.4,9.2,45.8
2026-05-02,e-영업2,Total,Total,24545.0,20452.0,83.3,22091.0,90.0,100743430.0,121485330.0,479.0,12654800.0,56.0,10.4,5145.0,1727.0,0.21,114.0,6.6,9.3,49.1
2026-05-03,e-영업2,Total,Total,24338.0,20264.0,83.3,22120.0,90.9,79404550.0,120467820.0,496.0,12325740.0,73.0,10.2,5684.0,2089.0,0.23,132.0,6.3,8.7,55.3
2026-05-04,e-영업2,Total,Total,24304.0,20228.0,83.2,0.0,0.0,51519670.0,102305690.0,456.0,9290920.0,49.0,9.1,5086.0,1838.0,0.21,111.0,6.0,9.0,44.1
2026-05-05,e-영업2,Total,Total,21749.0,17500.0,80.5,18870.0,86.8,73308150.0,98543790.0,460.0,10827900.0,59.0,11.0,5267.0,1766.0,0.24,135.0,7.6,8.7,43.7
2026-05-06,e-영업2,Total,Total,21749.0,17500.0,80.5,18688.0,85.9,78551830.0,100304040.0,439.0,11297350.0,61.0,11.3,4331.0,1451.0,0.2,94.0,6.5,10.1,64.9
2026-05-07,e-영업2,Total,Total,21749.0,17500.0,80.5,0.0,0.0,26706980.0,65353860.0,308.0,4538880.0,31.0,6.9,3706.0,1181.0,0.17,64.0,5.4,8.3,48.4
2026-05-08,e-영업2,Total,Total,22959.0,18873.0,82.2,19796.0,86.2,37093090.0,74949930.0,341.0,6143830.0,40.0,8.2,3757.0,1179.0,0.16,70.0,5.9,9.1,57.1
2026-05-09,e-영업2,Total,Total,22905.0,18831.0,82.2,0.0,0.0,56941170.0,87333750.0,372.0,4487860.0,27.0,5.1,4452.0,1365.0,0.19,68.0,5.0,8.4,39.7
2026-05-10,e-영업2,Total,Total,22714.0,18665.0,82.2,0.0,0.0,66804360.0,79365520.0,376.0,6097240.0,36.0,7.7,4630.0,1413.0,0.2,93.0,6.6,8.1,38.7
2026-05-11,e-영업2,Total,Total,21903.0,17859.0,81.5,18387.0,83.9,31835540.0,66780360.0,272.0,5743150.0,32.0,8.6,3879.0,1400.0,0.18,72.0,5.1,7.0,44.4
2026-05-12,e-영업2,Total,Total,22021.0,17928.0,81.4,18763.0,85.2,35693050.0,72570130.0,344.0,4188890.0,28.0,5.8,4244.0,1542.0,0.19,76.0,4.9,8.1,36.8
2026-05-13,e-영업2,Total,Total,22133.0,18034.0,81.5,19347.0,87.4,55899750.0,98152640.0,402.0,5773600.0,35.0,5.9,4219.0,1515.0,0.19,66.0,4.4,9.5,53.0
2026-05-14,e-영업2,Total,Total,22291.0,18093.0,81.2,19423.0,87.1,53599400.0,88873240.0,379.0,6934430.0,44.0,7.8,4129.0,1411.0,0.19,86.0,6.1,9.2,51.2
2026-05-15,e-영업2,Total,Total,22194.0,18002.0,81.1,19630.0,88.4,41940480.0,73566210.0,343.0,6025020.0,31.0,8.2,3899.0,1331.0,0.18,65.0,4.9,8.8,47.7
2026-05-16,e-영업2,Total,Total,22124.0,17961.0,81.2,16221.0,73.3,56329610.0,80464620.0,380.0,6957390.0,42.0,8.6,4306.0,1446.0,0.19,73.0,5.0,8.8,57.5
2026-05-17,e-영업2,Total,Total,21940.0,17806.0,81.2,15771.0,71.9,78229350.0,96650640.0,436.0,8073720.0,49.0,8.4,4929.0,1701.0,0.22,97.0,5.7,8.8,50.5
2026-05-18,e-영업2,Total,Total,21799.0,17500.0,80.3,18180.0,83.4,26488620.0,61797190.0,324.0,3893800.0,25.0,6.3,3649.0,1287.0,0.17,60.0,4.7,8.9,41.7
2026-05-19,e-영업2,Total,Total,21801.0,17500.0,80.3,18099.0,83.0,21767320.0,52143720.0,269.0,4113100.0,24.0,7.9,3433.0,1191.0,0.16,50.0,4.2,7.8,48.0
2026-05-20,e-영업2,Total,Total,21814.0,17500.0,80.2,17957.0,82.3,24255100.0,49657030.0,256.0,3236400.0,24.0,6.5,3361.0,1193.0,0.15,43.0,3.6,7.6,55.8
2026-05-21,e-영업2,Total,Total,21816.0,17500.0,80.2,18650.0,85.5,20698170.0,43209600.0,213.0,3472210.0,26.0,8.0,3162.0,1093.0,0.14,49.0,4.5,6.7,53.1
2026-05-22,e-영업2,Total,Total,21978.0,17786.0,80.9,19228.0,87.5,38876660.0,59370750.0,247.0,4483560.0,23.0,7.6,3381.0,1206.0,0.15,43.0,3.6,7.3,53.5
2026-05-23,e-영업2,Total,Total,21946.0,17742.0,80.8,16829.0,76.7,59704350.0,74432950.0,316.0,6024730.0,33.0,8.1,3769.0,1234.0,0.17,71.0,5.8,8.4,46.5
2026-05-24,e-영업2,Total,Total,21817.0,17634.0,80.8,18502.0,84.8,35954420.0,62819730.0,297.0,3780520.0,21.0,6.0,4135.0,1388.0,0.19,69.0,5.0,7.2,30.4
2026-05-25,e-영업2,Total,Total,21844.0,17500.0,80.1,17476.0,80.0,46607100.0,66959910.0,292.0,6638700.0,35.0,9.9,4011.0,1353.0,0.18,61.0,4.5,7.3,57.4
2026-05-26,e-영업2,Total,Total,21904.0,17694.0,80.8,0.0,0.0,47283950.0,60335640.0,296.0,5414620.0,31.0,9.0,3906.0,1449.0,0.18,70.0,4.8,7.6,44.3
2026-05-27,e-영업2,Total,Total,21853.0,17500.0,80.1,18446.0,84.4,29650410.0,53637160.0,253.0,4275780.0,31.0,8.0,3381.0,1183.0,0.15,68.0,5.7,7.5,45.6
2026-05-28,e-영업2,Total,Total,21901.0,17676.0,80.7,19264.0,88.0,24573750.0,54150100.0,272.0,6003830.0,38.0,11.1,3410.0,1238.0,0.16,71.0,5.7,8.0,53.5
2026-05-29,e-영업2,Total,Total,21989.0,17748.0,80.7,19301.0,87.8,35849690.0,56039300.0,278.0,5289920.0,33.0,9.4,3334.0,1220.0,0.15,53.0,4.3,8.3,62.3
2026-05-30,e-영업2,Total,Total,21901.0,17670.0,80.7,16851.0,76.9,53347580.0,71829600.0,302.0,4394160.0,28.0,6.1,3904.0,1325.0,0.18,60.0,4.5,7.7,46.7
2026-05-31,e-영업2,Total,Total,21812.0,17594.0,80.7,17874.0,81.9,56391560.0,67698090.0,335.0,6379540.0,36.0,9.4,4168.0,1443.0,0.19,76.0,5.3,8.0,47.4
2026-06-01,e-영업2,Total,Total,21594.0,17407.0,80.6,15189.0,70.3,35661090.0,70782470.0,351.0,5235200.0,37.0,7.4,3589.0,1363.0,0.17,68.0,5.0,9.8,54.4
2026-06-02,e-영업2,Total,Total,21565.0,17360.0,80.5,18567.0,86.1,42401800.0,77538950.0,317.0,3844130.0,24.0,5.0,3598.0,1294.0,0.17,68.0,5.3,8.8,35.3
2026-06-03,e-영업2,Total,Total,21374.0,17187.0,80.4,19111.0,89.4,70806250.0,82468300.0,382.0,9250350.0,44.0,11.2,4274.0,1455.0,0.2,91.0,6.3,8.9,48.4
2026-06-04,e-영업2,Total,Total,21378.0,17182.0,80.4,19010.0,88.9,35708940.0,63750980.0,276.0,3698160.0,28.0,5.8,3430.0,1236.0,0.16,52.0,4.2,8.0,53.8
2026-06-05,e-영업2,Total,Total,21527.0,17305.0,80.4,18743.0,87.1,22595700.0,47342820.0,247.0,3702110.0,25.0,7.8,3394.0,1217.0,0.16,53.0,4.4,7.3,47.2
2026-06-06,e-영업2,Total,Total,21426.0,17220.0,80.4,18274.0,85.3,52473480.0,75459800.0,320.0,5538640.0,29.0,7.3,3836.0,1297.0,0.18,68.0,5.2,8.3,42.6
2026-06-07,e-영업2,Total,Total,21487.0,17295.0,80.5,18975.0,88.3,57331230.0,68564110.0,328.0,5710760.0,36.0,8.3,4121.0,1353.0,0.19,95.0,7.0,8.0,37.9
2026-06-08,e-영업2,Total,Total,21612.0,17394.0,80.5,0.0,0.0,38560630.0,51379800.0,245.0,5107890.0,31.0,9.9,3105.0,1063.0,0.14,55.0,5.2,7.9,56.4
2026-06-09,e-영업2,Total,Total,21655.0,17428.0,80.5,0.0,0.0,7166470.0,47053790.0,228.0,4578250.0,22.0,9.7,3129.0,1092.0,0.14,42.0,3.8,7.3,52.4
2026-06-10,e-영업2,Total,Total,21697.0,17430.0,80.3,18618.0,85.8,19474040.0,45000840.0,235.0,3840880.0,19.0,8.5,3113.0,1153.0,0.14,49.0,4.2,7.5,38.8
2026-06-11,e-영업2,Total,Total,21915.0,17622.0,80.4,18664.0,85.2,16583730.0,48130520.0,230.0,3361910.0,21.0,7.0,3245.0,1181.0,0.15,39.0,3.3,7.1,53.8
2026-06-12,e-영업2,Total,Total,22143.0,17818.0,80.5,18174.0,82.1,19132150.0,40704470.0,194.0,3169200.0,20.0,7.8,3171.0,1114.0,0.14,56.0,5.0,6.1,35.7
2026-06-13,e-영업2,Total,Total,22049.0,17735.0,80.4,17780.0,80.6,38779340.0,59402290.0,232.0,6971410.0,34.0,11.7,3501.0,1209.0,0.16,56.0,4.6,6.6,60.7
2026-06-14,e-영업2,Total,Total,21907.0,17615.0,80.4,18737.0,85.5,65096220.0,84923860.0,327.0,6176800.0,26.0,7.3,4074.0,1488.0,0.19,57.0,3.8,8.0,45.6
2026-06-15,e-영업2,Total,Total,22099.0,17751.0,80.3,18292.0,82.8,49063850.0,77663130.0,309.0,6749240.0,35.0,8.7,4404.0,1950.0,0.2,74.0,3.8,7.0,47.3
2026-06-16,e-영업2,Total,Total,22093.0,17740.0,80.3,19017.0,86.1,32182360.0,51707770.0,257.0,3825370.0,31.0,7.4,3554.0,1182.0,0.16,57.0,4.8,7.2,54.4
2026-06-17,e-영업2,Total,Total,22066.0,17719.0,80.3,19095.0,86.5,33821610.0,58703090.0,301.0,5315240.0,30.0,9.1,3537.0,1124.0,0.16,68.0,6.0,8.5,44.1
2026-06-18,e-영업2,Total,Total,22311.0,17810.0,79.8,19141.0,85.8,41475460.0,69007510.0,293.0,4484440.0,24.0,6.5,3341.0,1024.0,0.15,57.0,5.6,8.8,42.1
2026-06-19,e-영업2,Total,Total,22210.0,17713.0,79.8,18978.0,85.4,41207180.0,67185900.0,269.0,4746900.0,26.0,7.1,3280.0,996.0,0.15,54.0,5.4,8.2,48.1
2026-06-20,e-영업2,Total,Total,22120.0,17638.0,79.7,17713.0,80.1,50335380.0,77305570.0,324.0,6104060.0,27.0,7.9,3603.0,1023.0,0.16,62.0,6.1,9.0,43.5
2026-06-21,e-영업2,Total,Total,21960.0,17500.0,79.7,19061.0,86.8,73620120.0,92222500.0,386.0,7603700.0,39.0,8.2,3864.0,1035.0,0.18,90.0,8.7,10.0,43.3
2026-06-22,e-영업2,Total,Total,22006.0,17548.0,79.7,18933.0,86.0,38087040.0,67624670.0,274.0,4307840.0,26.0,6.4,3353.0,1121.0,0.15,49.0,4.4,8.2,53.1
2026-06-23,e-영업2,Total,Total,22067.0,17551.0,79.5,18755.0,85.0,28039250.0,63210000.0,296.0,3218580.0,22.0,5.1,3030.0,991.0,0.14,56.0,5.7,9.8,39.3
2026-06-24,e-영업2,Total,Total,22196.0,17652.0,79.5,19156.0,86.3,26397920.0,49393740.0,259.0,5084140.0,23.0,10.3,3085.0,1007.0,0.14,48.0,4.8,8.4,47.9
2026-06-25,e-영업2,Total,Total,22263.0,17665.0,79.3,19192.0,86.2,25913240.0,58988780.0,262.0,3807360.0,25.0,6.5,2898.0,912.0,0.13,50.0,5.5,9.0,50.0
2026-06-26,e-영업2,Total,Total,22302.0,17632.0,79.1,18958.0,85.0,28356660.0,59898480.0,250.0,2481980.0,16.0,4.1,2820.0,827.0,0.13,44.0,5.3,8.9,36.4
2026-06-27,e-영업2,Total,Total,22225.0,17566.0,79.0,0.0,0.0,50030860.0,78272720.0,346.0,4192050.0,28.0,5.4,3560.0,1034.0,0.16,66.0,6.4,9.7,42.4
2026-06-28,e-영업2,Total,Total,22040.0,17404.0,79.0,18894.0,85.7,80549030.0,95216230.0,452.0,6587630.0,48.0,6.9,4039.0,1232.0,0.18,85.0,6.9,11.2,56.5
2026-06-29,e-영업2,Total,Total,22013.0,17306.0,78.6,0.0,0.0,37933300.0,63870810.0,315.0,4142280.0,29.0,6.5,3457.0,1180.0,0.16,79.0,6.7,9.1,36.7
2026-06-30,e-영업2,Total,Total,21913.0,17172.0,78.4,18565.0,84.7,20296370.0,48259550.0,233.0,3698650.0,26.0,7.7,3229.0,1052.0,0.15,63.0,6.0,7.2,41.3
2026-07-01,e-영업2,Total,Total,22061.0,17438.0,79.0,16916.0,76.7,40326070.0,64033630.0,282.0,3388900.0,24.0,5.3,3142.0,1068.0,0.14,50.0,4.7,9.0,48.0
2026-07-02,e-영업2,Total,Total,21940.0,17324.0,79.0,16286.0,74.2,22613660.0,42213530.0,235.0,5516610.0,30.0,13.1,2832.0,965.0,0.13,45.0,4.7,8.3,66.7
2026-07-03,e-영업2,Total,Total,21833.0,17207.0,78.8,16299.0,74.7,35728340.0,60572060.0,291.0,3522120.0,28.0,5.8,3188.0,1033.0,0.15,54.0,5.2,9.1,51.9
2026-07-04,e-영업2,Total,Total,21727.0,17106.0,78.7,18119.0,83.4,47517780.0,75985300.0,371.0,5480730.0,34.0,7.2,3745.0,1132.0,0.17,64.0,5.7,9.9,53.1
2026-07-05,e-영업2,Total,Total,21580.0,16975.0,78.7,18769.0,87.0,73496900.0,86788260.0,387.0,7114430.0,45.0,8.2,4267.0,1432.0,0.2,72.0,5.0,9.1,62.5
2026-07-06,e-영업2,Total,Total,21533.0,16881.0,78.4,18589.0,86.3,42520090.0,66114330.0,299.0,4242590.0,28.0,6.4,3449.0,1224.0,0.16,63.0,5.1,8.7,44.4
2026-07-07,e-영업2,Total,Total,21632.0,16941.0,78.3,18548.0,85.7,42414250.0,66603070.0,321.0,6195890.0,37.0,9.3,3604.0,1204.0,0.17,72.0,6.0,8.9,51.4
2026-07-08,e-영업2,Total,Total,21505.0,16881.0,78.5,18393.0,85.5,33646170.0,60370010.0,299.0,5843760.0,35.0,9.7,3509.0,1166.0,0.16,59.0,5.1,8.5,59.3
2026-07-09,e-영업2,Total,Total,21493.0,16827.0,78.3,18245.0,84.9,35538950.0,62160400.0,273.0,5026930.0,31.0,8.1,3333.0,1123.0,0.16,72.0,6.4,8.2,43.1
2026-07-10,e-영업2,Total,Total,21577.0,16889.0,78.3,18425.0,85.4,43817330.0,70524250.0,315.0,5553680.0,33.0,7.9,3310.0,1068.0,0.15,46.0,4.3,9.5,71.7
2026-07-11,e-영업2,Total,Total,21489.0,16809.0,78.2,17132.0,79.7,45007910.0,77753510.0,343.0,6617810.0,40.0,8.5,3754.0,1136.0,0.17,80.0,7.0,9.1,50.0
2026-07-12,e-영업2,Total,Total,21343.0,16673.0,78.1,18513.0,86.7,69383150.0,80504690.0,397.0,6625940.0,44.0,8.2,4093.0,1220.0,0.19,81.0,6.6,9.7,54.3
2026-07-13,e-영업2,Total,Total,21370.0,16669.0,78.0,18400.0,86.1,39882440.0,64800260.0,304.0,3728570.0,29.0,5.8,3288.0,1067.0,0.15,65.0,6.1,9.2,44.6
2026-07-14,e-영업2,Total,Total,21463.0,16703.0,77.8,18325.0,85.4,15702370.0,47531270.0,245.0,3076780.0,21.0,6.5,3073.0,1059.0,0.14,36.0,3.4,8.0,58.3
2026-07-15,e-영업2,Total,Total,21533.0,17247.0,80.1,17375.0,80.7,32086420.0,56349950.0,278.0,3638970.0,26.0,6.5,3100.0,1025.0,0.14,49.0,4.8,9.0,53.1
2026-07-16,e-영업2,Total,Total,21555.0,17497.0,81.2,16883.0,78.3,28578890.0,55097600.0,234.0,3238860.0,24.0,5.9,2723.0,887.0,0.13,50.0,5.6,8.6,48.0
2026-07-17,e-영업2,Total,Total,21415.0,17654.0,82.4,17249.0,80.5,63818880.0,78371430.0,352.0,7449420.0,41.0,9.5,3306.0,1008.0,0.15,62.0,6.2,10.6,66.1
2026-07-18,e-영업2,Total,Total,21307.0,17730.0,83.2,17639.0,82.8,37955980.0,69665200.0,320.0,5266370.0,33.0,7.6,3548.0,1126.0,0.17,63.0,5.6,9.0,52.4
2026-07-19,e-영업2,Total,Total,21279.0,18032.0,84.7,17556.0,82.5,58102320.0,73545660.0,338.0,5474410.0,33.0,7.4,3793.0,1208.0,0.18,72.0,6.0,8.9,45.8
2026-07-20,e-영업2,Total,Total,21300.0,18045.0,84.7,17590.0,82.6,34816780.0,62227610.0,304.0,4264270.0,37.0,6.9,3317.0,1125.0,0.16,71.0,6.3,9.2,52.1
2026-07-21,e-영업2,Total,Total,21368.0,18110.0,84.8,18196.0,85.2,27061620.0,47005880.0,278.0,5497840.0,36.0,11.7,3291.0,1076.0,0.15,75.0,7.0,8.4,48.0
2026-07-22,e-영업2,Total,Total,21433.0,18171.0,84.8,18318.0,85.5,32058920.0,56242420.0,274.0,4231760.0,30.0,7.5,3321.0,1067.0,0.15,58.0,5.4,8.3,51.7
2026-07-23,e-영업2,Total,Total,21560.0,18226.0,84.5,17328.0,80.4,24187590.0,47293920.0,256.0,3947120.0,27.0,8.3,3295.0,1077.0,0.15,46.0,4.3,7.8,58.7
2026-07-24,e-영업2,Total,Total,21600.0,18241.0,84.4,18015.0,83.4,26649290.0,50236480.0,254.0,4748330.0,29.0,9.5,3181.0,1012.0,0.15,58.0,5.7,8.0,50.0
2026-07-25,e-영업2,Total,Total,21579.0,18258.0,84.6,17512.0,81.2,44523320.0,65006250.0,297.0,7010430.0,32.0,10.8,3516.0,1068.0,0.16,63.0,5.9,8.4,50.8
2026-07-26,e-영업2,Total,Total,21452.0,18167.0,84.7,18357.0,85.6,56510910.0,67840980.0,328.0,6678880.0,40.0,9.8,3621.0,1095.0,0.17,77.0,7.0,9.1,51.9
2026-07-27,e-영업2,Total,Total,21508.0,18225.0,84.7,18221.0,84.7,43715350.0,68685460.0,301.0,3793720.0,27.0,5.5,3534.0,1192.0,0.16,63.0,5.3,8.5,42.9
2026-07-28,e-영업2,Total,Total,21544.0,18240.0,84.7,18066.0,83.9,24964050.0,53653610.0,268.0,4535530.0,34.0,8.5,3114.0,1024.0,0.14,53.0,5.2,8.6,64.2
2026-07-29,e-영업2,Total,Total,21555.0,18275.0,84.8,18247.0,84.7,41214640.0,61334980.0,302.0,4487860.0,32.0,7.3,3225.0,1081.0,0.15,62.0,5.7,9.4,51.6
2026-01-01,e-영업2,Total,최저가,19843.0,15766.0,79.5,19843.0,100.0,98780300.0,112684430.0,310.0,10587080.0,31.0,9.4,4405.0,1341.0,0.22,86.0,6.4,7.0,36.0
2026-01-02,e-영업2,Total,최저가,19517.0,15437.0,79.1,19517.0,100.0,40157890.0,109272030.0,292.0,7168920.0,29.0,6.6,4054.0,1368.0,0.21,74.0,5.4,7.2,39.2
2026-01-03,e-영업2,Total,최저가,21509.0,17415.0,81.0,21509.0,100.0,55088320.0,131993400.0,314.0,11268470.0,31.0,8.5,4963.0,1626.0,0.23,87.0,5.4,6.3,35.6
2026-01-04,e-영업2,Total,최저가,20819.0,16761.0,80.5,20819.0,100.0,76359240.0,103833810.0,327.0,10223500.0,43.0,9.8,5016.0,1607.0,0.24,108.0,6.7,6.5,39.8
2026-01-05,e-영업2,Total,최저가,20811.0,16712.0,80.3,20811.0,100.0,47809120.0,100164820.0,290.0,11125460.0,48.0,11.1,4013.0,1288.0,0.19,73.0,5.7,7.2,65.8
2026-01-06,e-영업2,Total,최저가,20681.0,16562.0,80.1,20681.0,100.0,41445670.0,84105450.0,266.0,8905790.0,39.0,10.6,3889.0,1304.0,0.19,76.0,5.8,6.8,51.3
2026-01-07,e-영업2,Total,최저가,19802.0,15667.0,79.1,19802.0,100.0,59589690.0,95709370.0,273.0,9496510.0,35.0,9.9,3965.0,1344.0,0.2,76.0,5.7,6.9,46.1
2026-01-08,e-영업2,Total,최저가,20573.0,16548.0,80.4,20573.0,100.0,38453580.0,94376590.0,266.0,8058660.0,32.0,8.5,3819.0,1287.0,0.19,62.0,4.8,7.0,51.6
2026-01-09,e-영업2,Total,최저가,17919.0,13972.0,78.0,17919.0,100.0,33271680.0,70674430.0,213.0,3758960.0,18.0,5.3,3168.0,951.0,0.18,59.0,6.2,6.7,30.5
2026-01-10,e-영업2,Total,최저가,18828.0,14929.0,79.3,18828.0,100.0,79464880.0,125835920.0,327.0,9520000.0,32.0,7.6,4416.0,1253.0,0.23,71.0,5.7,7.4,45.1
2026-01-11,e-영업2,Total,최저가,21245.0,17276.0,81.3,21245.0,100.0,112321720.0,139208190.0,414.0,11445580.0,47.0,8.2,5241.0,1565.0,0.25,89.0,5.7,7.9,52.8
2026-01-12,e-영업2,Total,최저가,20591.0,16638.0,80.8,20591.0,100.0,40225610.0,95182380.0,299.0,12152400.0,41.0,12.8,4266.0,1398.0,0.21,78.0,5.6,7.0,52.6
2026-01-13,e-영업2,Total,최저가,20461.0,16506.0,80.7,20461.0,100.0,62365820.0,124023960.0,328.0,11067900.0,39.0,8.9,4448.0,1334.0,0.22,81.0,6.1,7.4,48.1
2026-01-14,e-영업2,Total,최저가,20437.0,16475.0,80.6,20437.0,100.0,33381890.0,88207980.0,276.0,6038150.0,26.0,6.8,4389.0,1310.0,0.21,64.0,4.9,6.3,40.6
2026-01-15,e-영업2,Total,최저가,18498.0,14571.0,78.8,18498.0,100.0,14648520.0,59644470.0,219.0,6356470.0,31.0,10.7,3538.0,1183.0,0.19,63.0,5.3,6.2,49.2
2026-01-16,e-영업2,Total,최저가,20253.0,16245.0,80.2,20253.0,100.0,48008670.0,87396290.0,255.0,4585480.0,22.0,5.2,3618.0,1174.0,0.18,44.0,3.7,7.0,50.0
2026-01-17,e-영업2,Total,최저가,20144.0,16139.0,80.1,20144.0,100.0,48641960.0,96148290.0,295.0,7885870.0,34.0,8.2,4154.0,1260.0,0.21,81.0,6.4,7.1,42.0
2026-01-18,e-영업2,Total,최저가,21967.0,17950.0,81.7,21967.0,100.0,95067340.0,125644620.0,382.0,11914610.0,52.0,9.5,5010.0,1566.0,0.23,87.0,5.6,7.6,59.8
2026-01-19,e-영업2,Total,최저가,21019.0,17103.0,81.4,21019.0,100.0,66965920.0,103331460.0,324.0,7925120.0,41.0,7.7,4286.0,1381.0,0.2,90.0,6.5,7.6,45.6
2026-01-20,e-영업2,Total,최저가,22225.0,18265.0,82.2,22225.0,100.0,29031690.0,78426450.0,278.0,10121260.0,42.0,12.9,4344.0,1437.0,0.2,61.0,4.2,6.4,68.9
2026-01-21,e-영업2,Total,최저가,20314.0,16433.0,80.9,20314.0,100.0,52303760.0,92991260.0,320.0,8202170.0,40.0,8.8,4084.0,1326.0,0.2,83.0,6.3,7.8,48.2
2026-01-22,e-영업2,Total,최저가,20145.0,16376.0,81.3,20145.0,100.0,42669640.0,78857880.0,296.0,9897950.0,45.0,12.6,3961.0,1328.0,0.2,72.0,5.4,7.5,62.5
2026-01-23,e-영업2,Total,최저가,21689.0,17896.0,82.5,21689.0,100.0,52837670.0,101740830.0,331.0,3999910.0,27.0,3.9,4162.0,1262.0,0.19,49.0,3.9,8.0,55.1
2026-01-24,e-영업2,Total,최저가,19678.0,15947.0,81.0,19678.0,100.0,59330840.0,102857190.0,346.0,12500800.0,46.0,12.2,4858.0,1436.0,0.25,102.0,7.1,7.1,45.1
2026-01-25,e-영업2,Total,최저가,21958.0,18239.0,83.1,21958.0,100.0,102339610.0,131545490.0,429.0,12562420.0,62.0,9.5,5584.0,1741.0,0.25,117.0,6.7,7.7,53.0
2026-01-26,e-영업2,Total,최저가,21876.0,18192.0,83.2,21876.0,100.0,58581510.0,93478020.0,328.0,8827450.0,45.0,9.4,4422.0,1343.0,0.2,90.0,6.7,7.4,50.0
2026-01-27,e-영업2,Total,최저가,20181.0,16591.0,82.2,20181.0,100.0,31825190.0,83618470.0,287.0,6124380.0,30.0,7.3,3966.0,1180.0,0.2,68.0,5.8,7.2,44.1
2026-01-28,e-영업2,Total,최저가,20629.0,17015.0,82.5,20629.0,100.0,29374970.0,65875350.0,260.0,9393920.0,41.0,14.3,3854.0,1246.0,0.19,80.0,6.4,6.7,51.3
2026-01-29,e-영업2,Total,최저가,19407.0,15972.0,82.3,19407.0,100.0,35283690.0,67777900.0,245.0,8074880.0,31.0,11.9,3529.0,1166.0,0.18,58.0,5.0,6.9,53.4
2026-01-30,e-영업2,Total,최저가,21320.0,17820.0,83.6,21320.0,100.0,40188340.0,79892340.0,261.0,5118250.0,26.0,6.4,3642.0,1169.0,0.17,48.0,4.1,7.2,54.2
2026-01-31,e-영업2,Total,최저가,19698.0,16293.0,82.7,19698.0,100.0,47337140.0,83311670.0,265.0,6828060.0,37.0,8.2,3871.0,1130.0,0.2,70.0,6.2,6.8,52.9
2026-02-01,e-영업2,Total,최저가,20470.0,17032.0,83.2,20470.0,100.0,103012310.0,128532670.0,416.0,10525700.0,43.0,8.2,4811.0,1499.0,0.24,99.0,6.6,8.6,43.4
2026-02-02,e-영업2,Total,최저가,20129.0,16883.0,83.9,20129.0,100.0,41231010.0,80153140.0,270.0,6713500.0,30.0,8.4,3586.0,1173.0,0.18,57.0,4.9,7.5,52.6
2026-02-03,e-영업2,Total,최저가,20847.0,17326.0,83.1,20847.0,100.0,49846460.0,95763070.0,325.0,8438510.0,44.0,8.8,4021.0,1266.0,0.19,83.0,6.6,8.1,53.0
2026-02-04,e-영업2,Total,최저가,20701.0,17147.0,82.8,20701.0,100.0,51061650.0,103019940.0,345.0,5352820.0,33.0,5.2,4129.0,1294.0,0.2,72.0,5.6,8.4,45.8
2026-02-05,e-영업2,Total,최저가,19963.0,16455.0,82.4,19963.0,100.0,45626370.0,79199300.0,290.0,9611140.0,39.0,12.1,3831.0,1255.0,0.19,51.0,4.1,7.6,76.5
2026-02-06,e-영업2,Total,최저가,20352.0,16839.0,82.7,20352.0,100.0,41203630.0,76054610.0,278.0,7386730.0,33.0,9.7,3870.0,1207.0,0.19,72.0,6.0,7.2,45.8
2026-02-07,e-영업2,Total,최저가,18924.0,15474.0,81.8,18924.0,100.0,57235680.0,83662690.0,311.0,7264220.0,38.0,8.7,4219.0,1187.0,0.22,91.0,7.7,7.4,41.8
2026-02-08,e-영업2,Total,최저가,20936.0,17509.0,83.6,20936.0,100.0,106017420.0,126517170.0,516.0,10961090.0,56.0,8.7,5605.0,1752.0,0.27,120.0,6.8,9.2,46.7
2026-02-09,e-영업2,Total,최저가,20516.0,17082.0,83.3,20516.0,100.0,38005870.0,80618160.0,343.0,7879830.0,46.0,9.8,4349.0,1391.0,0.21,87.0,6.3,7.9,52.9
2026-02-10,e-영업2,Total,최저가,20896.0,17427.0,83.4,20896.0,100.0,37907470.0,67537300.0,301.0,8418130.0,45.0,12.5,3941.0,1239.0,0.19,93.0,7.5,7.6,48.4
2026-02-11,e-영업2,Total,최저가,20829.0,17367.0,83.4,20829.0,100.0,56443630.0,85269380.0,329.0,9415180.0,52.0,11.0,3902.0,1260.0,0.19,91.0,7.2,8.4,57.1
2026-02-12,e-영업2,Total,최저가,19975.0,16528.0,82.7,19975.0,100.0,46232340.0,81862600.0,299.0,4704610.0,32.0,5.7,3648.0,1137.0,0.18,58.0,5.1,8.2,55.2
2026-02-13,e-영업2,Total,최저가,20014.0,16618.0,83.0,20014.0,100.0,37105670.0,73272350.0,258.0,5068120.0,26.0,6.9,3422.0,1000.0,0.17,57.0,5.7,7.5,45.6
2026-02-14,e-영업2,Total,최저가,21164.0,17735.0,83.8,21164.0,100.0,61133170.0,101608240.0,323.0,10504080.0,40.0,10.3,4225.0,1288.0,0.2,91.0,7.1,7.6,44.0
2026-02-15,e-영업2,Total,최저가,21454.0,18051.0,84.1,21454.0,100.0,78259610.0,96496030.0,324.0,8912060.0,41.0,9.2,4409.0,1454.0,0.21,82.0,5.6,7.3,50.0
2026-02-16,e-영업2,Total,최저가,21193.0,17830.0,84.1,21193.0,100.0,77090450.0,93892710.0,330.0,12452780.0,55.0,13.3,4249.0,1361.0,0.2,105.0,7.7,7.8,52.4
2026-02-17,e-영업2,Total,최저가,20959.0,17643.0,84.2,20959.0,100.0,50167930.0,66708580.0,254.0,6059690.0,31.0,9.1,3984.0,1311.0,0.19,76.0,5.8,6.4,40.8
2026-02-18,e-영업2,Total,최저가,20417.0,17122.0,83.9,20417.0,100.0,87729670.0,100513020.0,406.0,10467650.0,59.0,10.4,5205.0,1812.0,0.25,124.0,6.8,7.8,47.6
2026-02-19,e-영업2,Total,최저가,20536.0,17263.0,84.1,20536.0,100.0,57034240.0,96669610.0,369.0,9693040.0,45.0,10.0,4497.0,1536.0,0.22,98.0,6.4,8.2,45.9
2026-02-20,e-영업2,Total,최저가,19726.0,16422.0,83.3,19726.0,100.0,60353040.0,91757420.0,330.0,6778260.0,36.0,7.4,4109.0,1288.0,0.21,80.0,6.2,8.0,45.0
2026-02-21,e-영업2,Total,최저가,18246.0,14975.0,82.1,18246.0,100.0,50304900.0,81477060.0,340.0,8409500.0,36.0,10.3,4343.0,1271.0,0.24,70.0,5.5,7.8,51.4
2026-02-22,e-영업2,Total,최저가,20769.0,17502.0,84.3,20769.0,100.0,124346930.0,150927480.0,490.0,10538680.0,47.0,7.0,5706.0,1761.0,0.27,106.0,6.0,8.6,44.3
2026-02-23,e-영업2,Total,최저가,20684.0,17443.0,84.3,20684.0,100.0,43370180.0,95490520.0,328.0,10722150.0,46.0,11.2,4341.0,1384.0,0.21,87.0,6.3,7.6,52.9
2026-02-24,e-영업2,Total,최저가,19438.0,16196.0,83.3,19438.0,100.0,17816410.0,59966610.0,260.0,5640180.0,38.0,9.4,3866.0,1275.0,0.2,73.0,5.7,6.7,52.1
2026-02-25,e-영업2,Total,최저가,20691.0,17454.0,84.4,20691.0,100.0,32484040.0,85028020.0,318.0,6149490.0,32.0,7.2,4040.0,1282.0,0.2,66.0,5.1,7.9,48.5
2026-02-26,e-영업2,Total,최저가,19978.0,16731.0,83.7,19978.0,100.0,36382930.0,75519330.0,334.0,5602380.0,31.0,7.4,4087.0,1272.0,0.2,77.0,6.1,8.2,40.3
2026-02-27,e-영업2,Total,최저가,20130.0,16881.0,83.9,20130.0,100.0,52069510.0,90239020.0,306.0,6733490.0,36.0,7.5,3996.0,1197.0,0.2,61.0,5.1,7.7,59.0
2026-02-28,e-영업2,Total,최저가,16893.0,13730.0,81.3,16893.0,100.0,52696600.0,76287570.0,289.0,7385560.0,34.0,9.7,4062.0,1145.0,0.24,65.0,5.7,7.1,52.3
2026-03-01,e-영업2,Total,최저가,21380.0,18006.0,84.2,21380.0,100.0,115368620.0,148215490.0,510.0,12814850.0,63.0,8.6,6012.0,1993.0,0.28,127.0,6.4,8.5,49.6
2026-03-02,e-영업2,Total,최저가,21050.0,17696.0,84.1,21050.0,100.0,96115260.0,133388820.0,455.0,11161440.0,50.0,8.4,5991.0,1978.0,0.28,95.0,4.8,7.6,52.6
2026-03-03,e-영업2,Total,최저가,20940.0,17592.0,84.0,20940.0,100.0,49673520.0,96989280.0,357.0,6743470.0,37.0,7.0,4421.0,1427.0,0.21,65.0,4.6,8.1,56.9
2026-03-04,e-영업2,Total,최저가,17172.0,13984.0,81.4,17172.0,100.0,47766850.0,55769940.0,180.0,4388990.0,20.0,7.9,3310.0,952.0,0.19,32.0,3.4,5.4,62.5
2026-03-05,e-영업2,Total,최저가,16065.0,12841.0,79.9,16065.0,100.0,26982790.0,35023350.0,133.0,2192950.0,11.0,6.3,3280.0,900.0,0.2,47.0,5.2,4.1,23.4
2026-03-06,e-영업2,Total,최저가,15657.0,12455.0,79.5,15657.0,100.0,33873040.0,30298340.0,114.0,2582580.0,12.0,8.5,3042.0,872.0,0.19,28.0,3.2,3.7,42.9
2026-03-07,e-영업2,Total,최저가,20042.0,16257.0,81.1,20042.0,100.0,79713930.0,108054780.0,421.0,7814090.0,45.0,7.2,5222.0,1562.0,0.26,109.0,7.0,8.1,41.3
2026-03-08,e-영업2,Total,최저가,18105.0,14727.0,81.3,18105.0,100.0,115679750.0,98774650.0,318.0,8015640.0,36.0,8.1,4857.0,1340.0,0.27,93.0,6.9,6.5,38.7
2026-03-09,e-영업2,Total,최저가,17950.0,14683.0,81.8,17950.0,100.0,33637010.0,53922620.0,180.0,6145150.0,23.0,11.4,3740.0,1160.0,0.21,52.0,4.5,4.8,44.2
2026-03-10,e-영업2,Total,최저가,20242.0,16598.0,82.0,20242.0,100.0,36192400.0,69887200.0,303.0,6962510.0,37.0,10.0,4425.0,1477.0,0.22,67.0,4.5,6.8,55.2
2026-03-11,e-영업2,Total,최저가,14875.0,11602.0,78.0,14875.0,100.0,16797270.0,28509360.0,108.0,3226460.0,15.0,11.3,3176.0,892.0,0.21,32.0,3.6,3.4,46.9
2026-03-12,e-영업2,Total,최저가,15680.0,12394.0,79.0,15680.0,100.0,20001120.0,39868290.0,132.0,1254660.0,10.0,3.1,3218.0,929.0,0.21,38.0,4.1,4.1,26.3
2026-03-13,e-영업2,Total,최저가,,,,,,,,,,,,,,,,,,
2026-03-14,e-영업2,Total,최저가,14965.0,11709.0,78.2,14965.0,100.0,47667210.0,62779050.0,174.0,5410500.0,19.0,8.6,3753.0,945.0,0.25,47.0,5.0,4.6,40.4
2026-03-15,e-영업2,Total,최저가,24238.0,20471.0,84.5,24238.0,100.0,146362650.0,189023010.0,694.0,13902550.0,67.0,7.4,7225.0,2306.0,0.3,149.0,6.5,9.6,45.0
2026-03-16,e-영업2,Total,최저가,18252.0,14865.0,81.4,18252.0,100.0,36850660.0,72859490.0,237.0,6356490.0,27.0,8.7,4217.0,1218.0,0.23,58.0,4.8,5.6,46.6
2026-03-17,e-영업2,Total,최저가,17113.0,13776.0,80.5,17113.0,100.0,26462070.0,50271800.0,168.0,2397430.0,15.0,4.8,3661.0,1069.0,0.21,48.0,4.5,4.6,31.3
2026-03-18,e-영업2,Total,최저가,15348.0,12003.0,78.2,15348.0,100.0,34106130.0,48988910.0,155.0,3358920.0,18.0,6.9,3056.0,837.0,0.2,35.0,4.2,5.1,51.4
2026-03-19,e-영업2,Total,최저가,21123.0,17410.0,82.4,21123.0,100.0,34817460.0,75745980.0,329.0,5129460.0,36.0,6.8,4394.0,1400.0,0.21,68.0,4.9,7.5,52.9
2026-03-20,e-영업2,Total,최저가,21054.0,17364.0,82.5,21054.0,100.0,32182910.0,76579700.0,286.0,5087700.0,24.0,6.6,4245.0,1325.0,0.2,59.0,4.5,6.7,40.7
2026-03-21,e-영업2,Total,최저가,19200.0,15611.0,81.3,19200.0,100.0,47536090.0,77088270.0,328.0,6989290.0,41.0,9.1,4430.0,1180.0,0.23,70.0,5.9,7.4,58.6
2026-03-22,e-영업2,Total,최저가,24270.0,20477.0,84.4,24270.0,100.0,125841670.0,149339830.0,593.0,11642660.0,62.0,7.8,7171.0,2204.0,0.3,152.0,6.9,8.3,40.8
2026-03-23,e-영업2,Total,최저가,18387.0,14920.0,81.1,18387.0,100.0,30648170.0,60044260.0,226.0,3312520.0,19.0,5.5,4060.0,1132.0,0.22,54.0,4.8,5.6,35.2
2026-03-24,e-영업2,Total,최저가,15148.0,11776.0,77.7,15148.0,100.0,23572140.0,40048570.0,131.0,2663690.0,15.0,6.7,2911.0,808.0,0.19,41.0,5.1,4.5,36.6
2026-03-25,e-영업2,Total,최저가,15025.0,11609.0,77.3,15025.0,100.0,35744440.0,49694140.0,162.0,4763850.0,18.0,9.6,2775.0,810.0,0.18,40.0,4.9,5.8,45.0
2026-03-26,e-영업2,Total,최저가,16004.0,12575.0,78.6,16004.0,100.0,26955490.0,40606610.0,145.0,1582520.0,8.0,3.9,2773.0,730.0,0.17,25.0,3.4,5.2,32.0
2026-03-27,e-영업2,Total,최저가,15466.0,12007.0,77.6,15466.0,100.0,19780930.0,35038810.0,128.0,1674960.0,8.0,4.8,2614.0,688.0,0.17,24.0,3.5,4.9,33.3
2026-03-28,e-영업2,Total,최저가,19847.0,16161.0,81.4,19847.0,100.0,61477960.0,90395220.0,326.0,7832940.0,32.0,8.7,4431.0,1234.0,0.22,64.0,5.2,7.4,50.0
2026-03-29,e-영업2,Total,최저가,24220.0,20391.0,84.2,24220.0,100.0,138644590.0,168247630.0,658.0,10051830.0,51.0,6.0,6452.0,1969.0,0.27,119.0,6.0,10.2,42.9
2026-03-30,e-영업2,Total,최저가,23206.0,19393.0,83.6,23206.0,100.0,64707180.0,110446040.0,457.0,9340940.0,39.0,8.5,5244.0,1719.0,0.23,91.0,5.3,8.7,42.9
2026-03-31,e-영업2,Total,최저가,15498.0,12034.0,77.6,15498.0,100.0,12519010.0,27521800.0,130.0,2220460.0,13.0,8.1,2812.0,792.0,0.18,34.0,4.3,4.6,38.2
2026-04-01,e-영업2,Total,최저가,16111.0,12623.0,78.4,16111.0,100.0,30239680.0,53463930.0,201.0,2297210.0,15.0,4.3,2943.0,788.0,0.18,41.0,5.2,6.8,36.6
2026-04-02,e-영업2,Total,최저가,19670.0,15778.0,80.2,19670.0,100.0,28598900.0,55215050.0,274.0,3436960.0,31.0,6.2,3944.0,1492.0,0.2,55.0,3.7,6.9,56.4
2026-04-03,e-영업2,Total,최저가,19473.0,15744.0,80.9,19473.0,100.0,35850460.0,62331760.0,244.0,2673950.0,12.0,4.3,3080.0,929.0,0.16,44.0,4.7,7.9,27.3
2026-04-04,e-영업2,Total,최저가,23039.0,19175.0,83.2,23039.0,100.0,82589720.0,125375770.0,498.0,8090050.0,39.0,6.5,5092.0,1479.0,0.22,89.0,6.0,9.8,43.8
2026-04-05,e-영업2,Total,최저가,23608.0,19738.0,83.6,23608.0,100.0,130735920.0,158382270.0,587.0,12408040.0,65.0,7.8,5689.0,1780.0,0.24,128.0,7.2,10.3,50.8
2026-04-06,e-영업2,Total,최저가,18311.0,14669.0,80.1,18311.0,100.0,40588700.0,66997470.0,263.0,2850700.0,16.0,4.3,3765.0,1116.0,0.21,52.0,4.7,7.0,30.8
2026-04-07,e-영업2,Total,최저가,20875.0,17180.0,82.3,20875.0,100.0,50326370.0,82465190.0,341.0,9761030.0,43.0,11.8,4010.0,1171.0,0.19,68.0,5.8,8.5,63.2
2026-04-08,e-영업2,Total,최저가,19215.0,15542.0,80.9,19215.0,100.0,62276690.0,85985160.0,332.0,6014540.0,39.0,7.0,4180.0,1103.0,0.22,77.0,7.0,7.9,50.6
2026-04-09,e-영업2,Total,최저가,18936.0,15206.0,80.3,18936.0,100.0,45096130.0,69210840.0,247.0,4443640.0,17.0,6.4,3701.0,1054.0,0.2,41.0,3.9,6.7,41.5
2026-04-10,e-영업2,Total,최저가,22327.0,18427.0,82.5,22327.0,100.0,48394480.0,82552040.0,322.0,8384370.0,40.0,10.2,4170.0,1320.0,0.19,70.0,5.3,7.7,57.1
2026-04-11,e-영업2,Total,최저가,22358.0,18458.0,82.6,22358.0,100.0,59757240.0,96458070.0,379.0,7085770.0,34.0,7.3,4527.0,1361.0,0.2,65.0,4.8,8.4,52.3
2026-04-12,e-영업2,Total,최저가,23305.0,19368.0,83.1,23305.0,100.0,99575060.0,114114970.0,475.0,12362460.0,56.0,10.8,5184.0,1596.0,0.22,110.0,6.9,9.2,50.9
2026-04-13,e-영업2,Total,최저가,23111.0,19188.0,83.0,23111.0,100.0,58398530.0,99915010.0,434.0,11467480.0,52.0,11.5,4616.0,1506.0,0.2,98.0,6.5,9.4,53.1
2026-04-14,e-영업2,Total,최저가,22701.0,18845.0,83.0,22701.0,100.0,41736010.0,88492510.0,399.0,7135540.0,45.0,8.1,4467.0,1400.0,0.2,90.0,6.4,8.9,50.0
2026-04-15,e-영업2,Total,최저가,23040.0,19097.0,82.9,23040.0,100.0,39290970.0,88118220.0,438.0,6793240.0,39.0,7.7,4300.0,1296.0,0.19,79.0,6.1,10.2,49.4
2026-04-16,e-영업2,Total,최저가,22941.0,19009.0,82.9,22941.0,100.0,41593890.0,79367330.0,376.0,2476310.0,24.0,3.1,4143.0,1265.0,0.18,53.0,4.2,9.1,45.3
2026-04-17,e-영업2,Total,최저가,21658.0,17765.0,82.0,21658.0,100.0,45708200.0,78922000.0,357.0,6648810.0,35.0,8.4,3738.0,1098.0,0.17,53.0,4.8,9.6,66.0
2026-04-18,e-영업2,Total,최저가,20842.0,16934.0,81.2,20842.0,100.0,56829710.0,81109540.0,387.0,7070740.0,42.0,8.7,4458.0,1267.0,0.21,78.0,6.2,8.7,53.8
2026-04-19,e-영업2,Total,최저가,22503.0,18560.0,82.5,22503.0,100.0,90185280.0,108048570.0,505.0,10370070.0,56.0,9.6,5406.0,1648.0,0.24,104.0,6.3,9.3,53.8
2026-04-20,e-영업2,Total,최저가,22022.0,18100.0,82.2,22022.0,100.0,44633590.0,76934120.0,382.0,6261280.0,37.0,8.1,4476.0,1389.0,0.2,76.0,5.5,8.5,48.7
2026-04-21,e-영업2,Total,최저가,22572.0,18631.0,82.5,22572.0,100.0,43112970.0,81514010.0,375.0,4853840.0,34.0,6.0,4428.0,1408.0,0.2,81.0,5.8,8.5,42.0
2026-04-22,e-영업2,Total,최저가,22468.0,18585.0,82.7,22468.0,100.0,46492190.0,71193160.0,355.0,4702070.0,31.0,6.6,4327.0,1375.0,0.19,65.0,4.7,8.2,47.7
2026-04-23,e-영업2,Total,최저가,18155.0,14364.0,79.1,18155.0,100.0,36279430.0,62191900.0,248.0,2625400.0,18.0,4.2,3344.0,938.0,0.18,40.0,4.3,7.4,45.0
2026-04-24,e-영업2,Total,최저가,,,,,,,,,,,,,,,,,,
2026-04-25,e-영업2,Total,최저가,,,,,,,,,,,,,,,,,,
2026-04-26,e-영업2,Total,최저가,,,,,,,,,,,,,,,,,,
2026-04-27,e-영업2,Total,최저가,,,,,,,,,,,,,,,,,,
2026-04-28,e-영업2,Total,최저가,,,,,,,,,,,,,,,,,,
2026-04-29,e-영업2,Total,최저가,,,,,,,,,,,,,,,,,,
2026-04-30,e-영업2,Total,최저가,21767.0,18035.0,82.9,21767.0,100.0,39598700.0,71559890.0,317.0,4481300.0,25.0,6.3,3758.0,1280.0,0.17,66.0,5.2,8.4,37.9
2026-05-01,e-영업2,Total,최저가,18761.0,14986.0,79.9,18761.0,100.0,57650460.0,71428420.0,330.0,5832690.0,42.0,8.2,3891.0,1144.0,0.21,78.0,6.8,8.5,53.8
2026-05-02,e-영업2,Total,최저가,22091.0,18175.0,82.3,22091.0,100.0,91109500.0,110344570.0,428.0,11225500.0,46.0,10.2,4817.0,1568.0,0.22,96.0,6.1,8.9,47.9
2026-05-03,e-영업2,Total,최저가,22120.0,18217.0,82.4,22120.0,100.0,77026550.0,115660420.0,475.0,11613840.0,69.0,10.0,5445.0,1955.0,0.25,126.0,6.4,8.7,54.8
2026-05-04,e-영업2,Total,최저가,,,,,,,,,,,,,,,,,,
2026-05-05,e-영업2,Total,최저가,18870.0,15012.0,79.6,18870.0,100.0,72895230.0,95363570.0,452.0,10577300.0,58.0,11.1,5001.0,1624.0,0.27,130.0,8.0,9.0,44.6
2026-05-06,e-영업2,Total,최저가,18688.0,14863.0,79.5,18688.0,100.0,76036220.0,96514870.0,426.0,11142000.0,60.0,11.5,4073.0,1310.0,0.22,90.0,6.9,10.5,66.7
2026-05-07,e-영업2,Total,최저가,,,,,,,,,,,,,,,,,,
2026-05-08,e-영업2,Total,최저가,19796.0,16012.0,80.9,19796.0,100.0,31917790.0,66150630.0,304.0,5786430.0,37.0,8.7,3396.0,1050.0,0.17,65.0,6.2,9.0,56.9
2026-05-09,e-영업2,Total,최저가,,,,,,,,,,,,,,,,,,
2026-05-10,e-영업2,Total,최저가,,,,,,,,,,,,,,,,,,
2026-05-11,e-영업2,Total,최저가,18387.0,14677.0,79.8,18387.0,100.0,29696390.0,57980810.0,242.0,5167050.0,29.0,8.9,3482.0,1205.0,0.19,59.0,4.9,7.0,49.2
2026-05-12,e-영업2,Total,최저가,18763.0,15113.0,80.5,18763.0,100.0,29010900.0,59342850.0,296.0,3264890.0,23.0,5.5,3777.0,1281.0,0.2,68.0,5.3,7.8,33.8
2026-05-13,e-영업2,Total,최저가,19347.0,15559.0,80.4,19347.0,100.0,50108130.0,86933620.0,364.0,5243600.0,31.0,6.0,3911.0,1361.0,0.2,59.0,4.3,9.3,52.5
2026-05-14,e-영업2,Total,최저가,19423.0,15543.0,80.0,19423.0,100.0,45030560.0,75364950.0,322.0,6081030.0,40.0,8.1,3756.0,1223.0,0.19,75.0,6.1,8.6,53.3
2026-05-15,e-영업2,Total,최저가,19630.0,15760.0,80.3,19630.0,100.0,36653980.0,66049180.0,313.0,5220400.0,25.0,7.9,3568.0,1146.0,0.18,54.0,4.7,8.8,46.3
2026-05-16,e-영업2,Total,최저가,16221.0,12717.0,78.4,16221.0,100.0,26671090.0,37833160.0,207.0,3398890.0,21.0,9.0,2778.0,826.0,0.17,37.0,4.5,7.5,56.8
2026-05-17,e-영업2,Total,최저가,15771.0,12750.0,80.8,15771.0,100.0,37195440.0,47100610.0,215.0,1950860.0,18.0,4.1,3225.0,1031.0,0.2,40.0,3.9,6.7,45.0
2026-05-18,e-영업2,Total,최저가,18180.0,14447.0,79.5,18180.0,100.0,29566500.0,55901610.0,298.0,3240030.0,20.0,5.8,3336.0,1128.0,0.18,49.0,4.3,8.9,40.8
2026-05-19,e-영업2,Total,최저가,18099.0,14413.0,79.6,18099.0,100.0,17738840.0,42553720.0,233.0,3968200.0,22.0,9.3,3068.0,1023.0,0.17,46.0,4.5,7.6,47.8
2026-05-20,e-영업2,Total,최저가,17957.0,14228.0,79.2,17957.0,100.0,18861640.0,40129010.0,218.0,2742200.0,23.0,6.8,3005.0,998.0,0.17,41.0,4.1,7.3,56.1
2026-05-21,e-영업2,Total,최저가,18650.0,14940.0,80.1,18650.0,100.0,20282760.0,41230390.0,207.0,3472210.0,26.0,8.4,2973.0,1000.0,0.16,43.0,4.3,7.0,60.5
2026-05-22,e-영업2,Total,최저가,19228.0,15442.0,80.3,19228.0,100.0,34717780.0,53026540.0,220.0,3736300.0,19.0,7.0,3102.0,1064.0,0.16,34.0,3.2,7.1,55.9
2026-05-23,e-영업2,Total,최저가,16829.0,13121.0,78.0,16829.0,100.0,41192150.0,52194610.0,222.0,4075170.0,24.0,7.8,2867.0,876.0,0.17,51.0,5.8,7.7,47.1
2026-05-24,e-영업2,Total,최저가,18502.0,14738.0,79.7,18502.0,100.0,35092770.0,58757420.0,276.0,2957560.0,17.0,5.0,3741.0,1177.0,0.2,62.0,5.3,7.4,27.4
2026-05-25,e-영업2,Total,최저가,17476.0,13796.0,78.9,17476.0,100.0,41303060.0,59797620.0,264.0,5807500.0,29.0,9.7,3583.0,1151.0,0.21,50.0,4.3,7.4,58.0
2026-05-26,e-영업2,Total,최저가,,,,,,,,,,,,,,,,,,
2026-05-27,e-영업2,Total,최저가,18446.0,14710.0,79.7,18446.0,100.0,23631500.0,46193000.0,232.0,4142780.0,31.0,9.0,3157.0,1063.0,0.17,68.0,6.4,7.3,45.6
2026-05-28,e-영업2,Total,최저가,19264.0,15485.0,80.4,19264.0,100.0,20797800.0,48610250.0,241.0,5384780.0,34.0,11.1,3139.0,1090.0,0.16,63.0,5.8,7.7,54.0
2026-05-29,e-영업2,Total,최저가,19301.0,15515.0,80.4,19301.0,100.0,33049590.0,48750100.0,247.0,4305970.0,26.0,8.8,3047.0,1078.0,0.16,42.0,3.9,8.1,61.9
2026-05-30,e-영업2,Total,최저가,16851.0,13166.0,78.1,16851.0,100.0,36279080.0,48069690.0,231.0,2787000.0,20.0,5.8,3155.0,1009.0,0.19,41.0,4.1,7.3,48.8
2026-05-31,e-영업2,Total,최저가,17874.0,14151.0,79.2,17874.0,100.0,47942780.0,57123760.0,289.0,5537810.0,31.0,9.7,3598.0,1173.0,0.2,69.0,5.9,8.0,44.9
2026-06-01,e-영업2,Total,최저가,15189.0,11631.0,76.6,15189.0,100.0,26828610.0,52969290.0,267.0,4151450.0,30.0,7.8,2862.0,1020.0,0.19,50.0,4.9,9.3,60.0
2026-06-02,e-영업2,Total,최저가,18567.0,14892.0,80.2,18567.0,100.0,37779750.0,69335150.0,285.0,3670530.0,22.0,5.3,3297.0,1127.0,0.18,61.0,5.4,8.6,36.1
2026-06-03,e-영업2,Total,최저가,19111.0,15382.0,80.5,19111.0,100.0,65019850.0,76011900.0,353.0,8882850.0,42.0,11.7,3927.0,1244.0,0.21,85.0,6.8,9.0,49.4
2026-06-04,e-영업2,Total,최저가,19010.0,15278.0,80.4,19010.0,100.0,31368620.0,57026530.0,251.0,3497260.0,26.0,6.1,3119.0,1060.0,0.16,45.0,4.2,8.0,57.8
2026-06-05,e-영업2,Total,최저가,18743.0,15069.0,80.4,18743.0,100.0,19216060.0,41134030.0,211.0,3317510.0,21.0,8.1,2967.0,1016.0,0.16,45.0,4.4,7.1,46.7
2026-06-06,e-영업2,Total,최저가,18274.0,14609.0,79.9,18274.0,100.0,42458680.0,60647600.0,253.0,4869900.0,25.0,8.0,3247.0,1016.0,0.18,49.0,4.8,7.8,51.0
2026-06-07,e-영업2,Total,최저가,18975.0,15276.0,80.5,18975.0,100.0,52771350.0,63134580.0,303.0,4939410.0,32.0,7.8,3742.0,1174.0,0.2,82.0,7.0,8.1,39.0
2026-06-08,e-영업2,Total,최저가,,,,,,,,,,,,,,,,,,
2026-06-09,e-영업2,Total,최저가,,,,,,,,,,,,,,,,,,
2026-06-10,e-영업2,Total,최저가,18618.0,14973.0,80.4,18618.0,100.0,16424660.0,37825260.0,206.0,3401980.0,17.0,9.0,2664.0,917.0,0.14,35.0,3.8,7.7,48.6
2026-06-11,e-영업2,Total,최저가,18664.0,15029.0,80.5,18664.0,100.0,10162960.0,39373600.0,195.0,2720170.0,18.0,6.9,2763.0,942.0,0.15,32.0,3.4,7.1,56.3
2026-06-12,e-영업2,Total,최저가,18174.0,14541.0,80.0,18174.0,100.0,14225050.0,31342820.0,160.0,2569300.0,17.0,8.2,2729.0,897.0,0.15,43.0,4.8,5.9,39.5
2026-06-13,e-영업2,Total,최저가,17780.0,14170.0,79.7,17780.0,100.0,29835530.0,45770580.0,175.0,4432760.0,23.0,9.7,2805.0,899.0,0.16,33.0,3.7,6.2,69.7
2026-06-14,e-영업2,Total,최저가,18737.0,15103.0,80.6,18737.0,100.0,55581080.0,73244020.0,283.0,5074100.0,20.0,6.9,3479.0,1192.0,0.19,45.0,3.8,8.1,44.4
2026-06-15,e-영업2,Total,최저가,18292.0,14683.0,80.3,18292.0,100.0,39179590.0,62710440.0,256.0,4604940.0,28.0,7.3,3722.0,1581.0,0.2,58.0,3.7,6.9,48.3
2026-06-16,e-영업2,Total,최저가,19017.0,15359.0,80.8,19017.0,100.0,26280860.0,43024970.0,219.0,2579370.0,25.0,6.0,3085.0,955.0,0.16,41.0,4.3,7.1,61.0
2026-06-17,e-영업2,Total,최저가,19095.0,15455.0,80.9,19095.0,100.0,28100210.0,48544490.0,259.0,3933940.0,22.0,8.1,3100.0,912.0,0.16,57.0,6.3,8.4,38.6
2026-06-18,e-영업2,Total,최저가,19141.0,15376.0,80.3,19141.0,100.0,31349970.0,50208820.0,241.0,3566140.0,17.0,7.1,2940.0,829.0,0.15,44.0,5.3,8.2,38.6
2026-06-19,e-영업2,Total,최저가,18978.0,15265.0,80.4,18978.0,100.0,29225360.0,49978460.0,235.0,4463900.0,26.0,8.9,2854.0,804.0,0.15,47.0,5.8,8.2,55.3
2026-06-20,e-영업2,Total,최저가,17713.0,14055.0,79.3,17713.0,100.0,35045700.0,56605310.0,234.0,5165560.0,20.0,9.1,2971.0,766.0,0.17,43.0,5.6,7.9,46.5
2026-06-21,e-영업2,Total,최저가,19061.0,15360.0,80.6,19061.0,100.0,63129630.0,80183610.0,335.0,6458400.0,33.0,8.1,3386.0,851.0,0.18,76.0,8.9,9.9,43.4
2026-06-22,e-영업2,Total,최저가,18933.0,15257.0,80.6,18933.0,100.0,33218010.0,58043630.0,236.0,3354500.0,22.0,5.8,2869.0,890.0,0.15,41.0,4.6,8.2,53.7
2026-06-23,e-영업2,Total,최저가,18755.0,15053.0,80.3,18755.0,100.0,26316560.0,53234860.0,257.0,2672880.0,18.0,5.0,2651.0,818.0,0.14,49.0,6.0,9.7,36.7
2026-06-24,e-영업2,Total,최저가,19156.0,15388.0,80.3,19156.0,100.0,22901280.0,41858700.0,228.0,4559140.0,20.0,10.9,2695.0,808.0,0.14,41.0,5.1,8.5,48.8
2026-06-25,e-영업2,Total,최저가,19192.0,15404.0,80.3,19192.0,100.0,23523520.0,51050060.0,228.0,3688560.0,24.0,7.2,2550.0,751.0,0.13,43.0,5.7,8.9,55.8
2026-06-26,e-영업2,Total,최저가,18958.0,15186.0,80.1,18958.0,100.0,21569000.0,46325920.0,205.0,1777540.0,10.0,3.8,2426.0,641.0,0.13,33.0,5.1,8.5,30.3
2026-06-27,e-영업2,Total,최저가,,,,,,,,,,,,,,,,,,
2026-06-28,e-영업2,Total,최저가,18894.0,15148.0,80.2,18894.0,100.0,66865790.0,80565590.0,402.0,5858730.0,43.0,7.3,3572.0,1006.0,0.19,74.0,7.4,11.3,58.1
2026-06-29,e-영업2,Total,최저가,,,,,,,,,,,,,,,,,,
2026-06-30,e-영업2,Total,최저가,18565.0,14823.0,79.8,18565.0,100.0,13932540.0,37604810.0,198.0,3095450.0,19.0,8.2,2880.0,873.0,0.16,54.0,6.2,6.9,35.2
2026-07-01,e-영업2,Total,최저가,16916.0,13367.0,79.0,16916.0,100.0,29622340.0,45932980.0,205.0,2098740.0,13.0,4.6,2368.0,722.0,0.14,30.0,4.2,8.7,43.3
2026-07-02,e-영업2,Total,최저가,16286.0,12729.0,78.2,16286.0,100.0,15409510.0,30266380.0,172.0,2939450.0,16.0,9.7,2118.0,644.0,0.13,25.0,3.9,8.1,64.0
2026-07-03,e-영업2,Total,최저가,16299.0,12751.0,78.2,16299.0,100.0,26399990.0,45316230.0,218.0,2795520.0,20.0,6.2,2579.0,760.0,0.16,34.0,4.5,8.5,58.8
2026-07-04,e-영업2,Total,최저가,18119.0,14499.0,80.0,18119.0,100.0,42812220.0,65849740.0,331.0,4698030.0,30.0,7.1,3251.0,904.0,0.18,47.0,5.2,10.2,63.8
2026-07-05,e-영업2,Total,최저가,18769.0,15141.0,80.7,18769.0,100.0,63359170.0,73938130.0,342.0,5075730.0,35.0,6.9,3816.0,1188.0,0.2,60.0,5.1,9.0,58.3
2026-07-06,e-영업2,Total,최저가,18589.0,14991.0,80.6,18589.0,100.0,37798380.0,58684160.0,261.0,3746190.0,24.0,6.4,3061.0,1025.0,0.16,50.0,4.9,8.5,48.0
2026-07-07,e-영업2,Total,최저가,18548.0,14945.0,80.6,18548.0,100.0,37237700.0,57432320.0,293.0,5587690.0,34.0,9.7,3265.0,1036.0,0.18,66.0,6.4,9.0,51.5
2026-07-08,e-영업2,Total,최저가,18393.0,14848.0,80.7,18393.0,100.0,30644520.0,52248260.0,272.0,4419760.0,29.0,8.5,3164.0,1002.0,0.17,49.0,4.9,8.6,59.2
2026-07-09,e-영업2,Total,최저가,18245.0,14726.0,80.7,18245.0,100.0,29142610.0,52027010.0,217.0,4153430.0,25.0,8.0,2916.0,921.0,0.16,56.0,6.1,7.4,44.6
2026-07-10,e-영업2,Total,최저가,18425.0,14908.0,80.9,18425.0,100.0,38215980.0,61448600.0,276.0,4370380.0,26.0,7.1,2975.0,895.0,0.16,40.0,4.5,9.3,65.0
2026-07-11,e-영업2,Total,최저가,17132.0,13644.0,79.6,17132.0,100.0,35270860.0,53490500.0,257.0,4937950.0,26.0,9.2,3164.0,873.0,0.18,54.0,6.2,8.1,48.1
2026-07-12,e-영업2,Total,최저가,18513.0,14994.0,81.0,18513.0,100.0,62464350.0,71620090.0,354.0,6135140.0,40.0,8.6,3770.0,1072.0,0.2,72.0,6.7,9.4,55.6
2026-07-13,e-영업2,Total,최저가,18400.0,14889.0,80.9,18400.0,100.0,36860180.0,58622400.0,273.0,3589270.0,28.0,6.1,2971.0,909.0,0.16,52.0,5.7,9.2,53.8
2026-07-14,e-영업2,Total,최저가,18325.0,14841.0,81.0,18325.0,100.0,14275560.0,40696760.0,209.0,3076780.0,21.0,7.6,2710.0,881.0,0.15,27.0,3.1,7.7,77.8
2026-07-15,e-영업2,Total,최저가,17375.0,14303.0,82.3,17375.0,100.0,25986180.0,47746590.0,239.0,2944630.0,21.0,6.2,2721.0,841.0,0.16,42.0,5.0,8.8,50.0
2026-07-16,e-영업2,Total,최저가,16883.0,13842.0,82.0,16883.0,100.0,19907090.0,39656540.0,181.0,2266350.0,18.0,5.7,2300.0,692.0,0.14,40.0,5.8,7.9,45.0
2026-07-17,e-영업2,Total,최저가,17249.0,14197.0,82.3,17249.0,100.0,48577750.0,60237730.0,274.0,4697080.0,26.0,7.8,2847.0,787.0,0.17,41.0,5.2,9.6,63.4
2026-07-18,e-영업2,Total,최저가,17639.0,14618.0,82.9,17639.0,100.0,29457840.0,57677060.0,274.0,3472170.0,24.0,6.0,3114.0,911.0,0.18,48.0,5.3,8.8,50.0
2026-07-19,e-영업2,Total,최저가,17556.0,14816.0,84.4,17556.0,100.0,50429920.0,62252660.0,296.0,3976050.0,24.0,6.4,3350.0,1002.0,0.19,57.0,5.7,8.8,42.1
2026-07-20,e-영업2,Total,최저가,17590.0,14868.0,84.5,17590.0,100.0,26379550.0,49845470.0,253.0,2810850.0,25.0,5.6,2862.0,905.0,0.16,49.0,5.4,8.8,51.0
2026-07-21,e-영업2,Total,최저가,18196.0,15467.0,85.0,18196.0,100.0,20576220.0,38923880.0,236.0,3520020.0,25.0,9.0,2911.0,879.0,0.16,55.0,6.3,8.1,45.5
2026-07-22,e-영업2,Total,최저가,18318.0,15592.0,85.1,18318.0,100.0,28604900.0,51434200.0,255.0,3649300.0,27.0,7.1,2987.0,888.0,0.16,46.0,5.2,8.5,58.7
2026-07-23,e-영업2,Total,최저가,17328.0,14558.0,84.0,17328.0,100.0,17021890.0,33850790.0,196.0,2511920.0,20.0,7.4,2859.0,879.0,0.16,37.0,4.2,6.9,54.1
2026-07-24,e-영업2,Total,최저가,18015.0,15223.0,84.5,18015.0,100.0,21438010.0,39938480.0,219.0,2893230.0,20.0,7.2,2819.0,834.0,0.16,48.0,5.8,7.8,41.7
2026-07-25,e-영업2,Total,최저가,17512.0,14736.0,84.1,17512.0,100.0,32483640.0,48974770.0,252.0,5654340.0,26.0,11.5,3063.0,893.0,0.17,49.0,5.5,8.2,53.1
2026-07-26,e-영업2,Total,최저가,18357.0,15587.0,84.9,18357.0,100.0,50493500.0,60072210.0,295.0,5904280.0,34.0,9.8,3277.0,942.0,0.18,62.0,6.6,9.0,54.8
2026-07-27,e-영업2,Total,최저가,18221.0,15463.0,84.9,18221.0,100.0,39513960.0,57152170.0,270.0,3414020.0,23.0,6.0,3166.0,1022.0,0.17,53.0,5.2,8.5,43.4
2026-07-28,e-영업2,Total,최저가,18066.0,15326.0,84.8,18066.0,100.0,19107350.0,43020110.0,225.0,4112850.0,31.0,9.6,2762.0,854.0,0.15,43.0,5.0,8.1,72.1
2026-07-29,e-영업2,Total,최저가,18247.0,15544.0,85.2,18247.0,100.0,37656740.0,54382480.0,272.0,3942400.0,28.0,7.2,2905.0,925.0,0.16,52.0,5.6,9.4,53.8
2026-01-01,e-영업2,매칭,Total,19227.0,19227.0,100.0,15766.0,82.0,116156940.0,134270470.0,369.0,12592710.0,43.0,9.4,4694.0,1434.0,0.24,91.0,6.3,7.9,47.3
2026-01-02,e-영업2,매칭,Total,19234.0,19234.0,100.0,15437.0,80.3,38308050.0,117182520.0,311.0,8317720.0,32.0,7.1,4184.0,1380.0,0.22,76.0,5.5,7.4,42.1
2026-01-03,e-영업2,매칭,Total,19125.0,19125.0,100.0,17415.0,91.1,58163320.0,137806950.0,326.0,11281470.0,33.0,8.2,5023.0,1624.0,0.26,89.0,5.5,6.5,37.1
2026-01-04,e-영업2,매칭,Total,18973.0,18973.0,100.0,16761.0,88.3,76739000.0,106173670.0,337.0,10034600.0,44.0,9.5,5083.0,1588.0,0.27,109.0,6.9,6.6,40.4
2026-01-05,e-영업2,매칭,Total,19023.0,19023.0,100.0,16712.0,87.9,48916230.0,112299510.0,306.0,10638260.0,48.0,9.5,4122.0,1317.0,0.22,73.0,5.5,7.4,65.8
2026-01-06,e-영업2,매칭,Total,19095.0,19095.0,100.0,16562.0,86.7,44554420.0,93929100.0,296.0,9844890.0,44.0,10.5,4112.0,1389.0,0.22,79.0,5.7,7.2,55.7
2026-01-07,e-영업2,매칭,Total,19246.0,19246.0,100.0,15667.0,81.4,61907560.0,104352610.0,296.0,10464640.0,41.0,10.0,4176.0,1394.0,0.22,83.0,6.0,7.1,49.4
2026-01-08,e-영업2,매칭,Total,19200.0,19200.0,100.0,16548.0,86.2,36837040.0,98554700.0,276.0,8112180.0,32.0,8.2,3893.0,1295.0,0.2,67.0,5.2,7.1,47.8
2026-01-09,e-영업2,매칭,Total,19166.0,19166.0,100.0,13972.0,72.9,46199690.0,103829080.0,284.0,5760670.0,24.0,5.5,3870.0,1184.0,0.2,67.0,5.7,7.3,35.8
2026-01-10,e-영업2,매칭,Total,19098.0,19098.0,100.0,14929.0,78.2,91528100.0,152576910.0,391.0,10225720.0,35.0,6.7,4927.0,1425.0,0.26,75.0,5.3,7.9,46.7
2026-01-11,e-영업2,매칭,Total,18975.0,18975.0,100.0,17276.0,91.0,115194100.0,142875570.0,422.0,11462090.0,45.0,8.0,5190.0,1523.0,0.27,84.0,5.5,8.1,53.6
2026-01-12,e-영업2,매칭,Total,19043.0,19043.0,100.0,16638.0,87.4,36269430.0,96028250.0,301.0,12029160.0,39.0,12.5,4305.0,1399.0,0.23,78.0,5.6,7.0,50.0
2026-01-13,e-영업2,매칭,Total,19122.0,19122.0,100.0,16506.0,86.3,63450750.0,130780500.0,331.0,9954800.0,33.0,7.6,4484.0,1327.0,0.23,77.0,5.8,7.4,42.9
2026-01-14,e-영업2,매칭,Total,19320.0,19320.0,100.0,16475.0,85.3,34736010.0,98986490.0,300.0,6631550.0,28.0,6.7,4477.0,1301.0,0.23,72.0,5.5,6.7,38.9
2026-01-15,e-영업2,매칭,Total,19553.0,19553.0,100.0,14571.0,74.5,8874270.0,72699070.0,264.0,7486670.0,33.0,10.3,3892.0,1287.0,0.2,67.0,5.2,6.8,49.3
2026-01-16,e-영업2,매칭,Total,19520.0,19520.0,100.0,16245.0,83.2,52955260.0,98400730.0,288.0,5231780.0,23.0,5.3,3730.0,1183.0,0.19,52.0,4.4,7.7,44.2
2026-01-17,e-영업2,매칭,Total,19432.0,19432.0,100.0,16139.0,83.1,64226520.0,120217440.0,353.0,10498790.0,40.0,8.7,4389.0,1285.0,0.23,87.0,6.8,8.0,46.0
2026-01-18,e-영업2,매칭,Total,19306.0,19306.0,100.0,17950.0,93.0,91646240.0,122031180.0,374.0,10589110.0,46.0,8.7,4846.0,1441.0,0.25,81.0,5.6,7.7,56.8
2026-01-19,e-영업2,매칭,Total,19464.0,19464.0,100.0,17103.0,87.9,67031960.0,106976800.0,340.0,8076480.0,40.0,7.5,4263.0,1350.0,0.22,90.0,6.7,8.0,44.4
2026-01-20,e-영업2,매칭,Total,19568.0,19568.0,100.0,18265.0,93.3,27125270.0,78444630.0,277.0,10074260.0,42.0,12.8,4166.0,1345.0,0.21,59.0,4.4,6.6,71.2
2026-01-21,e-영업2,매칭,Total,19715.0,19715.0,100.0,16433.0,83.4,53675080.0,99238500.0,336.0,9221670.0,43.0,9.3,4126.0,1313.0,0.21,88.0,6.7,8.1,48.9
2026-01-22,e-영업2,매칭,Total,19796.0,19796.0,100.0,16376.0,82.7,49395200.0,87934140.0,319.0,10230710.0,52.0,11.6,4034.0,1318.0,0.2,80.0,6.1,7.9,65.0
2026-01-23,e-영업2,매칭,Total,19805.0,19805.0,100.0,17896.0,90.4,54702850.0,107103330.0,356.0,3846910.0,26.0,3.6,4183.0,1240.0,0.21,49.0,4.0,8.5,53.1
2026-01-24,e-영업2,매칭,Total,19700.0,19700.0,100.0,15947.0,80.9,68080130.0,120194780.0,391.0,12297700.0,45.0,10.2,5119.0,1529.0,0.26,112.0,7.3,7.6,40.2
2026-01-25,e-영업2,매칭,Total,19574.0,19574.0,100.0,18239.0,93.2,103142660.0,131620140.0,433.0,12026520.0,61.0,9.1,5423.0,1660.0,0.28,110.0,6.6,8.0,55.5
2026-01-26,e-영업2,매칭,Total,19608.0,19608.0,100.0,18192.0,92.8,52960240.0,92397490.0,312.0,7537090.0,37.0,8.2,4287.0,1275.0,0.22,82.0,6.4,7.3,45.1
2026-01-27,e-영업2,매칭,Total,19650.0,19650.0,100.0,16591.0,84.4,38881260.0,103611070.0,329.0,6134580.0,32.0,5.9,4169.0,1239.0,0.21,70.0,5.6,7.9,45.7
2026-01-28,e-영업2,매칭,Total,19775.0,19775.0,100.0,17015.0,86.0,35225840.0,81968300.0,294.0,10792160.0,42.0,13.2,4080.0,1316.0,0.21,77.0,5.9,7.2,54.5
2026-01-29,e-영업2,매칭,Total,19784.0,19784.0,100.0,15972.0,80.7,32495150.0,73945620.0,273.0,7317080.0,32.0,9.9,3858.0,1299.0,0.2,72.0,5.5,7.1,44.4
2026-01-30,e-영업2,매칭,Total,19784.0,19784.0,100.0,17820.0,90.1,48362340.0,90002000.0,285.0,4972780.0,25.0,5.5,3826.0,1239.0,0.19,50.0,4.0,7.4,50.0
2026-01-31,e-영업2,매칭,Total,19777.0,19777.0,100.0,16293.0,82.4,64657480.0,111506630.0,368.0,10135710.0,49.0,9.1,4562.0,1383.0,0.23,91.0,6.6,8.1,53.8
2026-02-01,e-영업2,매칭,Total,19599.0,19599.0,100.0,17032.0,86.9,109746070.0,135551750.0,450.0,11048950.0,46.0,8.2,5155.0,1625.0,0.26,117.0,7.2,8.7,39.3
2026-02-02,e-영업2,매칭,Total,19553.0,19553.0,100.0,16883.0,86.3,45181750.0,89353910.0,317.0,7753500.0,39.0,8.7,4015.0,1346.0,0.21,71.0,5.3,7.9,54.9
2026-02-03,e-영업2,매칭,Total,19479.0,19479.0,100.0,17326.0,88.9,53046440.0,107972000.0,361.0,9972970.0,49.0,9.2,4191.0,1301.0,0.22,87.0,6.7,8.6,56.3
2026-02-04,e-영업2,매칭,Total,19608.0,19608.0,100.0,17147.0,87.4,53190250.0,106177380.0,349.0,4716220.0,30.0,4.4,4111.0,1276.0,0.21,63.0,4.9,8.5,47.6
2026-02-05,e-영업2,매칭,Total,19594.0,19594.0,100.0,16455.0,84.0,42961370.0,77583500.0,280.0,9351420.0,34.0,12.1,3881.0,1263.0,0.2,55.0,4.4,7.2,61.8
2026-02-06,e-영업2,매칭,Total,19637.0,19637.0,100.0,16839.0,85.8,46109540.0,91910960.0,305.0,7368230.0,32.0,8.0,4017.0,1273.0,0.2,73.0,5.7,7.6,43.8
2026-02-07,e-영업2,매칭,Total,19495.0,19495.0,100.0,15474.0,79.4,75044490.0,114237480.0,412.0,10080320.0,48.0,8.8,4947.0,1478.0,0.25,108.0,7.3,8.3,44.4
2026-02-08,e-영업2,매칭,Total,19251.0,19251.0,100.0,17509.0,91.0,106447600.0,126643150.0,519.0,11530590.0,56.0,9.1,5560.0,1722.0,0.29,115.0,6.7,9.3,48.7
2026-02-09,e-영업2,매칭,Total,19362.0,19362.0,100.0,17082.0,88.2,37009050.0,81757140.0,355.0,6887170.0,45.0,8.4,4344.0,1375.0,0.22,89.0,6.5,8.2,50.6
2026-02-10,e-영업2,매칭,Total,19419.0,19419.0,100.0,17427.0,89.7,32737890.0,67941500.0,309.0,7351370.0,40.0,10.8,4011.0,1252.0,0.21,95.0,7.6,7.7,42.1
2026-02-11,e-영업2,매칭,Total,19496.0,19496.0,100.0,17367.0,89.1,57503560.0,90105580.0,343.0,9947380.0,54.0,11.0,3911.0,1232.0,0.2,91.0,7.4,8.8,59.3
2026-02-12,e-영업2,매칭,Total,19607.0,19607.0,100.0,16528.0,84.3,38680640.0,84718250.0,306.0,4735950.0,33.0,5.6,3717.0,1154.0,0.19,60.0,5.2,8.2,55.0
2026-02-13,e-영업2,매칭,Total,19738.0,19738.0,100.0,16618.0,84.2,38952570.0,89761430.0,284.0,5628720.0,28.0,6.3,3544.0,1034.0,0.18,62.0,6.0,8.0,45.2
2026-02-14,e-영업2,매칭,Total,19675.0,19675.0,100.0,17735.0,90.1,60264590.0,103053160.0,325.0,10220480.0,39.0,9.9,4208.0,1273.0,0.21,86.0,6.8,7.7,45.3
2026-02-15,e-영업2,매칭,Total,19550.0,19550.0,100.0,18051.0,92.3,79673210.0,99511630.0,325.0,8648160.0,39.0,8.7,4331.0,1400.0,0.22,83.0,5.9,7.5,47.0
2026-02-16,e-영업2,매칭,Total,19469.0,19469.0,100.0,17830.0,91.6,73916130.0,90226530.0,316.0,11805780.0,50.0,13.1,4177.0,1327.0,0.21,103.0,7.8,7.6,48.5
2026-02-17,e-영업2,매칭,Total,19417.0,19417.0,100.0,17643.0,90.9,45488430.0,66516060.0,250.0,5954530.0,31.0,9.0,3921.0,1289.0,0.2,70.0,5.4,6.4,44.3
2026-02-18,e-영업2,매칭,Total,19257.0,19257.0,100.0,17122.0,88.9,88113590.0,101413960.0,419.0,9074430.0,53.0,8.9,5315.0,1824.0,0.28,122.0,6.7,7.9,43.4
2026-02-19,e-영업2,매칭,Total,19450.0,19450.0,100.0,17263.0,88.8,52461880.0,98827450.0,390.0,9114340.0,41.0,9.2,4537.0,1537.0,0.23,90.0,5.9,8.6,45.6
2026-02-20,e-영업2,매칭,Total,19894.0,19894.0,100.0,16422.0,82.5,68249980.0,108348800.0,383.0,8644360.0,43.0,8.0,4337.0,1345.0,0.22,88.0,6.5,8.8,48.9
2026-02-21,e-영업2,매칭,Total,19706.0,19706.0,100.0,14975.0,76.0,91055720.0,141311620.0,484.0,13218200.0,53.0,9.4,5344.0,1649.0,0.27,105.0,6.4,9.1,50.5
2026-02-22,e-영업2,매칭,Total,19472.0,19472.0,100.0,17502.0,89.9,120305550.0,146597800.0,488.0,10555280.0,49.0,7.2,5667.0,1747.0,0.29,106.0,6.1,8.6,46.2
2026-02-23,e-영업2,매칭,Total,19508.0,19508.0,100.0,17443.0,89.4,41002290.0,96114220.0,332.0,10077490.0,44.0,10.5,4392.0,1405.0,0.23,88.0,6.3,7.6,50.0
2026-02-24,e-영업2,매칭,Total,19570.0,19570.0,100.0,16196.0,82.8,20722490.0,73020510.0,299.0,5879740.0,39.0,8.1,4130.0,1341.0,0.21,79.0,5.9,7.2,49.4
2026-02-25,e-영업2,매칭,Total,19561.0,19561.0,100.0,17454.0,89.2,34632530.0,92307760.0,336.0,6676570.0,33.0,7.2,4112.0,1279.0,0.21,74.0,5.8,8.2,44.6
2026-02-26,e-영업2,매칭,Total,19608.0,19608.0,100.0,16731.0,85.3,39406390.0,88277750.0,375.0,5905830.0,33.0,6.7,4260.0,1312.0,0.22,79.0,6.0,8.8,41.8
2026-02-27,e-영업2,매칭,Total,19893.0,19893.0,100.0,16881.0,84.9,51399420.0,99261790.0,338.0,6716050.0,35.0,6.8,4142.0,1239.0,0.21,64.0,5.2,8.2,54.7
2026-02-28,e-영업2,매칭,Total,19923.0,19923.0,100.0,13730.0,68.9,84324450.0,121211280.0,455.0,11605930.0,48.0,9.6,5313.0,1626.0,0.27,90.0,5.5,8.6,53.3
2026-03-01,e-영업2,매칭,Total,19645.0,19645.0,100.0,18006.0,91.7,112988170.0,145650050.0,515.0,13006980.0,66.0,8.9,5989.0,1956.0,0.3,123.0,6.3,8.6,53.7
2026-03-02,e-영업2,매칭,Total,19429.0,19429.0,100.0,17696.0,91.1,99467320.0,132444820.0,470.0,11037030.0,50.0,8.3,5930.0,1913.0,0.31,92.0,4.8,7.9,54.3
2026-03-03,e-영업2,매칭,Total,19741.0,19741.0,100.0,17592.0,89.1,49438840.0,98490630.0,369.0,6814800.0,37.0,6.9,4412.0,1420.0,0.22,63.0,4.4,8.4,58.7
2026-03-04,e-영업2,매칭,Total,17766.0,17766.0,100.0,13984.0,78.7,52545850.0,60374100.0,196.0,4436590.0,21.0,7.3,3659.0,1056.0,0.21,41.0,3.9,5.4,51.2
2026-03-05,e-영업2,매칭,Total,17782.0,17782.0,100.0,12841.0,72.2,28810710.0,52362870.0,165.0,1764550.0,10.0,3.4,3644.0,1002.0,0.2,48.0,4.8,4.5,20.8
2026-03-06,e-영업2,매칭,Total,17801.0,17801.0,100.0,12455.0,70.0,35548970.0,41600970.0,148.0,3468500.0,17.0,8.3,3520.0,1008.0,0.2,34.0,3.4,4.2,50.0
2026-03-07,e-영업2,매칭,Total,21804.0,21804.0,100.0,16257.0,74.6,110912180.0,156517820.0,566.0,11953530.0,58.0,7.6,5963.0,1820.0,0.27,125.0,6.9,9.5,46.4
2026-03-08,e-영업2,매칭,Total,17810.0,17810.0,100.0,14727.0,82.7,120206220.0,104259920.0,322.0,9042240.0,36.0,8.7,4953.0,1372.0,0.28,94.0,6.9,6.5,38.3
2026-03-09,e-영업2,매칭,Total,17810.0,17810.0,100.0,14683.0,82.4,34776040.0,65805560.0,196.0,5633290.0,22.0,8.6,3947.0,1234.0,0.22,55.0,4.5,5.0,40.0
2026-03-10,e-영업2,매칭,Total,22250.0,22250.0,100.0,16598.0,74.6,45028960.0,94283200.0,402.0,8645110.0,49.0,9.2,5214.0,1804.0,0.23,96.0,5.3,7.7,51.0
2026-03-11,e-영업2,매칭,Total,17810.0,17810.0,100.0,11602.0,65.1,21662840.0,42320360.0,167.0,4511700.0,19.0,10.7,3880.0,1121.0,0.22,43.0,3.8,4.3,44.2
2026-03-12,e-영업2,매칭,Total,17810.0,17810.0,100.0,12394.0,69.6,31566590.0,56638610.0,190.0,2098160.0,16.0,3.7,3931.0,1160.0,0.22,45.0,3.9,4.8,35.6
2026-03-13,e-영업2,매칭,Total,17500.0,17500.0,100.0,0.0,0.0,29276200.0,59685670.0,197.0,4175400.0,17.0,7.0,3780.0,1071.0,0.22,38.0,3.5,5.2,44.7
2026-03-14,e-영업2,매칭,Total,17500.0,17500.0,100.0,11709.0,66.9,61944500.0,92112690.0,249.0,8353000.0,25.0,9.1,4684.0,1205.0,0.27,66.0,5.5,5.3,37.9
2026-03-15,e-영업2,매칭,Total,22261.0,22261.0,100.0,20471.0,92.0,144312880.0,183324010.0,682.0,13371950.0,65.0,7.3,7094.0,2217.0,0.32,143.0,6.5,9.6,45.5
2026-03-16,e-영업2,매칭,Total,17500.0,17500.0,100.0,14865.0,84.9,31204000.0,72054390.0,238.0,5812750.0,27.0,8.1,4363.0,1261.0,0.25,59.0,4.7,5.5,45.8
2026-03-17,e-영업2,매칭,Total,17500.0,17500.0,100.0,13776.0,78.7,30684810.0,55937930.0,196.0,3161270.0,18.0,5.7,4010.0,1165.0,0.23,54.0,4.6,4.9,33.3
2026-03-18,e-영업2,매칭,Total,17500.0,17500.0,100.0,12003.0,68.6,35631410.0,67052130.0,225.0,3893720.0,23.0,5.8,3874.0,1116.0,0.22,51.0,4.6,5.8,45.1
2026-03-19,e-영업2,매칭,Total,22674.0,22674.0,100.0,17410.0,76.8,46266740.0,102215600.0,433.0,8801110.0,51.0,8.6,5100.0,1684.0,0.22,88.0,5.2,8.5,58.0
2026-03-20,e-영업2,매칭,Total,22703.0,22703.0,100.0,17364.0,76.5,39244360.0,89072270.0,354.0,5399280.0,31.0,6.1,4951.0,1595.0,0.22,76.0,4.8,7.2,40.8
2026-03-21,e-영업2,매칭,Total,22565.0,22565.0,100.0,15611.0,69.2,74244830.0,115013020.0,485.0,12494710.0,59.0,10.9,5902.0,1730.0,0.26,108.0,6.2,8.2,54.6
2026-03-22,e-영업2,매칭,Total,22293.0,22293.0,100.0,20477.0,91.9,126097780.0,150155300.0,596.0,11963590.0,63.0,8.0,7054.0,2123.0,0.32,141.0,6.6,8.4,44.7
2026-03-23,e-영업2,매칭,Total,17500.0,17500.0,100.0,14920.0,85.3,32650650.0,62516820.0,234.0,4586520.0,22.0,7.3,4142.0,1162.0,0.24,60.0,5.2,5.6,36.7
2026-03-24,e-영업2,매칭,Total,17500.0,17500.0,100.0,11776.0,67.3,32029000.0,61483580.0,196.0,3552390.0,16.0,5.8,3945.0,1098.0,0.23,49.0,4.5,5.0,32.7
2026-03-25,e-영업2,매칭,Total,17500.0,17500.0,100.0,11609.0,66.3,48730540.0,72047800.0,244.0,5963650.0,24.0,8.3,3747.0,1102.0,0.21,57.0,5.2,6.5,42.1
2026-03-26,e-영업2,매칭,Total,17500.0,17500.0,100.0,12575.0,71.9,36423160.0,53426490.0,197.0,1930680.0,11.0,3.6,3514.0,946.0,0.2,32.0,3.4,5.6,34.4
2026-03-27,e-영업2,매칭,Total,17500.0,17500.0,100.0,12007.0,68.6,35845250.0,63734600.0,209.0,2486790.0,13.0,3.9,3429.0,932.0,0.2,31.0,3.3,6.1,41.9
2026-03-28,e-영업2,매칭,Total,22368.0,22368.0,100.0,16161.0,72.3,101625400.0,144759850.0,503.0,11096270.0,49.0,7.7,5754.0,1695.0,0.26,91.0,5.4,8.7,53.8
2026-03-29,e-영업2,매칭,Total,22133.0,22133.0,100.0,20391.0,92.1,134469390.0,164081090.0,650.0,9410200.0,47.0,5.7,6361.0,1887.0,0.29,112.0,5.9,10.2,42.0
2026-03-30,e-영업2,매칭,Total,22546.0,22546.0,100.0,19393.0,86.0,68918450.0,125478210.0,536.0,9919920.0,51.0,7.9,5610.0,1871.0,0.25,108.0,5.8,9.6,47.2
2026-03-31,e-영업2,매칭,Total,17500.0,17500.0,100.0,12034.0,68.8,23530510.0,52403530.0,217.0,7068820.0,29.0,13.5,3758.0,1101.0,0.21,53.0,4.8,5.8,54.7
2026-04-01,e-영업2,매칭,Total,17500.0,17500.0,100.0,12623.0,72.1,36303080.0,73321150.0,297.0,3611950.0,22.0,4.9,3743.0,1031.0,0.21,55.0,5.3,7.9,40.0
2026-04-02,e-영업2,매칭,Total,23308.0,23308.0,100.0,15778.0,67.7,36576480.0,81080750.0,365.0,3925160.0,36.0,4.8,5133.0,2121.0,0.22,59.0,2.8,7.1,61.0
2026-04-03,e-영업2,매칭,Total,23308.0,23308.0,100.0,15744.0,67.5,54565890.0,101993380.0,407.0,4643080.0,27.0,4.6,4345.0,1372.0,0.19,65.0,4.7,9.4,41.5
2026-04-04,e-영업2,매칭,Total,23214.0,23214.0,100.0,19175.0,82.6,86307680.0,135476680.0,522.0,8370790.0,37.0,6.2,5353.0,1541.0,0.23,94.0,6.1,9.8,39.4
2026-04-05,e-영업2,매칭,Total,22993.0,22993.0,100.0,19738.0,85.8,133296280.0,160596960.0,595.0,10866280.0,59.0,6.8,5778.0,1771.0,0.25,130.0,7.3,10.3,45.4
2026-04-06,e-영업2,매칭,Total,17500.0,17500.0,100.0,14669.0,83.8,38116560.0,71572250.0,277.0,2941700.0,16.0,4.1,3836.0,1129.0,0.22,54.0,4.8,7.2,29.6
2026-04-07,e-영업2,매칭,Total,23214.0,23214.0,100.0,17180.0,74.0,72596940.0,114347630.0,499.0,13907780.0,65.0,12.2,5165.0,1558.0,0.22,107.0,6.9,9.7,60.7
2026-04-08,e-영업2,매칭,Total,17500.0,17500.0,100.0,15542.0,88.8,57976730.0,82689500.0,320.0,5474780.0,36.0,6.6,4139.0,1076.0,0.24,74.0,6.9,7.7,48.6
2026-04-09,e-영업2,매칭,Total,17500.0,17500.0,100.0,15206.0,86.9,41346380.0,69315790.0,247.0,4637990.0,18.0,6.7,3685.0,1039.0,0.21,43.0,4.1,6.7,41.9
2026-04-10,e-영업2,매칭,Total,22949.0,22949.0,100.0,18427.0,80.3,54151430.0,91477310.0,347.0,8453670.0,39.0,9.2,4566.0,1458.0,0.2,77.0,5.3,7.6,50.6
2026-04-11,e-영업2,매칭,Total,22981.0,22981.0,100.0,18458.0,80.3,66997410.0,107715460.0,427.0,7344920.0,38.0,6.8,4959.0,1484.0,0.22,65.0,4.4,8.6,58.5
2026-04-12,e-영업2,매칭,Total,22746.0,22746.0,100.0,19368.0,85.1,102099580.0,117548990.0,496.0,11872250.0,55.0,10.1,5442.0,1680.0,0.24,116.0,6.9,9.1,47.4
2026-04-13,e-영업2,매칭,Total,22797.0,22797.0,100.0,19188.0,84.2,61518670.0,105623400.0,457.0,11476810.0,52.0,10.9,4794.0,1550.0,0.21,97.0,6.3,9.5,53.6
2026-04-14,e-영업2,매칭,Total,23050.0,23050.0,100.0,18845.0,81.8,43420450.0,94523970.0,436.0,7781130.0,49.0,8.2,4829.0,1544.0,0.21,95.0,6.2,9.0,51.6
2026-04-15,e-영업2,매칭,Total,23118.0,23118.0,100.0,19097.0,82.6,40857450.0,94762290.0,481.0,6706690.0,40.0,7.1,4658.0,1414.0,0.2,80.0,5.7,10.3,50.0
2026-04-16,e-영업2,매칭,Total,23105.0,23105.0,100.0,19009.0,82.3,44781590.0,85286960.0,408.0,2744210.0,26.0,3.2,4480.0,1382.0,0.19,65.0,4.7,9.1,40.0
2026-04-17,e-영업2,매칭,Total,23046.0,23046.0,100.0,17765.0,77.1,46348670.0,88735600.0,402.0,5916400.0,33.0,6.7,4113.0,1190.0,0.18,57.0,4.8,9.8,57.9
2026-04-18,e-영업2,매칭,Total,22943.0,22943.0,100.0,16934.0,73.8,71372390.0,106026020.0,468.0,8432030.0,48.0,8.0,5025.0,1458.0,0.22,89.0,6.1,9.3,53.9
2026-04-19,e-영업2,매칭,Total,22737.0,22737.0,100.0,18560.0,81.6,94296170.0,112864500.0,514.0,9029470.0,51.0,8.0,5588.0,1696.0,0.25,102.0,6.0,9.2,50.0
2026-04-20,e-영업2,매칭,Total,21619.0,21619.0,100.0,18100.0,83.7,49439780.0,87603910.0,404.0,6719880.0,40.0,7.7,4739.0,1485.0,0.22,77.0,5.2,8.5,51.9
2026-04-21,e-영업2,매칭,Total,21636.0,21636.0,100.0,18631.0,86.1,44540000.0,83406240.0,389.0,5153440.0,35.0,6.2,4481.0,1406.0,0.21,79.0,5.6,8.7,44.3
2026-04-22,e-영업2,매칭,Total,21736.0,21736.0,100.0,18585.0,85.5,45710120.0,71384430.0,355.0,3748110.0,27.0,5.3,4449.0,1389.0,0.2,69.0,5.0,8.0,39.1
2026-04-23,e-영업2,매칭,Total,17500.0,17500.0,100.0,14364.0,82.1,34979540.0,64499490.0,262.0,2866300.0,19.0,4.4,3402.0,962.0,0.19,45.0,4.7,7.7,42.2
2026-04-24,e-영업2,매칭,Total,21610.0,21610.0,100.0,0.0,0.0,43616690.0,71479050.0,299.0,3223200.0,22.0,4.5,3772.0,1132.0,0.17,46.0,4.1,7.9,47.8
2026-04-25,e-영업2,매칭,Total,21610.0,21610.0,100.0,0.0,0.0,71212080.0,108684970.0,436.0,5423670.0,35.0,5.0,4565.0,1243.0,0.21,73.0,5.9,9.6,47.9
2026-04-26,e-영업2,매칭,Total,21398.0,21398.0,100.0,0.0,0.0,86296890.0,100545940.0,473.0,5165010.0,33.0,5.1,5243.0,1515.0,0.25,102.0,6.7,9.0,32.4
2026-04-27,e-영업2,매칭,Total,20579.0,20579.0,100.0,0.0,0.0,51661440.0,80882050.0,406.0,5788070.0,34.0,7.2,4321.0,1392.0,0.21,75.0,5.4,9.4,45.3
2026-04-28,e-영업2,매칭,Total,20549.0,20549.0,100.0,0.0,0.0,49523080.0,91590030.0,391.0,6139850.0,37.0,6.7,4191.0,1351.0,0.2,62.0,4.6,9.3,59.7
2026-04-29,e-영업2,매칭,Total,20672.0,20672.0,100.0,0.0,0.0,54733680.0,85798480.0,381.0,6368070.0,37.0,7.4,4268.0,1459.0,0.21,70.0,4.8,8.9,52.9
2026-04-30,e-영업2,매칭,Total,20669.0,20669.0,100.0,18035.0,87.3,37207180.0,64996520.0,324.0,4638100.0,27.0,7.1,3722.0,1249.0,0.18,64.0,5.1,8.7,42.2
2026-05-01,e-영업2,매칭,Total,20484.0,20484.0,100.0,14986.0,73.2,81537580.0,98840960.0,420.0,8499300.0,50.0,8.6,4610.0,1408.0,0.23,104.0,7.4,9.1,48.1
2026-05-02,e-영업2,매칭,Total,20452.0,20452.0,100.0,18175.0,88.9,92784550.0,111539090.0,448.0,10903640.0,51.0,9.8,4785.0,1538.0,0.23,105.0,6.8,9.4,48.6
2026-05-03,e-영업2,매칭,Total,20264.0,20264.0,100.0,18217.0,89.9,71625590.0,110174080.0,461.0,10960920.0,67.0,9.9,5258.0,1857.0,0.26,117.0,6.3,8.8,57.3
2026-05-04,e-영업2,매칭,Total,20228.0,20228.0,100.0,0.0,0.0,42303000.0,88877540.0,417.0,7616360.0,42.0,8.6,4766.0,1672.0,0.24,100.0,6.0,8.7,42.0
2026-05-05,e-영업2,매칭,Total,17500.0,17500.0,100.0,15012.0,85.8,64400530.0,88529210.0,422.0,9121680.0,50.0,10.3,4853.0,1556.0,0.28,117.0,7.5,8.7,42.7
2026-05-06,e-영업2,매칭,Total,17500.0,17500.0,100.0,14863.0,84.9,70532240.0,89811390.0,395.0,8353960.0,47.0,9.3,3944.0,1270.0,0.23,76.0,6.0,10.0,61.8
2026-05-07,e-영업2,매칭,Total,17500.0,17500.0,100.0,0.0,0.0,23290090.0,57514810.0,285.0,3848680.0,28.0,6.7,3429.0,1033.0,0.2,55.0,5.3,8.3,50.9
2026-05-08,e-영업2,매칭,Total,18873.0,18873.0,100.0,16012.0,84.8,33432250.0,67831130.0,312.0,5487510.0,35.0,8.1,3488.0,1050.0,0.18,60.0,5.7,8.9,58.3
2026-05-09,e-영업2,매칭,Total,18831.0,18831.0,100.0,0.0,0.0,54624550.0,80522620.0,347.0,3947740.0,24.0,4.9,4138.0,1203.0,0.22,58.0,4.8,8.4,41.4
2026-05-10,e-영업2,매칭,Total,18665.0,18665.0,100.0,0.0,0.0,62051840.0,73905040.0,355.0,5860980.0,33.0,7.9,4325.0,1265.0,0.23,86.0,6.8,8.2,38.4
2026-05-11,e-영업2,매칭,Total,17859.0,17859.0,100.0,14677.0,82.2,27153000.0,60422800.0,256.0,4909670.0,29.0,8.1,3559.0,1225.0,0.2,66.0,5.4,7.2,43.9
2026-05-12,e-영업2,매칭,Total,17928.0,17928.0,100.0,15113.0,84.3,30720630.0,64469510.0,318.0,3424730.0,23.0,5.3,3909.0,1364.0,0.22,69.0,5.1,8.1,33.3
2026-05-13,e-영업2,매칭,Total,18034.0,18034.0,100.0,15559.0,86.3,50402690.0,88333500.0,369.0,5773600.0,35.0,6.5,3869.0,1306.0,0.21,64.0,4.9,9.5,54.7
2026-05-14,e-영업2,매칭,Total,18093.0,18093.0,100.0,15543.0,85.9,46307060.0,79256840.0,350.0,6627570.0,43.0,8.4,3799.0,1232.0,0.21,79.0,6.4,9.2,54.4
2026-05-15,e-영업2,매칭,Total,18002.0,18002.0,100.0,15760.0,87.5,34863120.0,65218550.0,315.0,5534220.0,29.0,8.5,3520.0,1109.0,0.2,55.0,5.0,8.9,52.7
2026-05-16,e-영업2,매칭,Total,17961.0,17961.0,100.0,12717.0,70.8,48318090.0,71692900.0,348.0,6280530.0,39.0,8.8,3906.0,1228.0,0.22,66.0,5.4,8.9,59.1
2026-05-17,e-영업2,매칭,Total,17806.0,17806.0,100.0,12750.0,71.6,69950030.0,86368360.0,403.0,6146240.0,40.0,7.1,4557.0,1501.0,0.26,79.0,5.3,8.8,50.6
2026-05-18,e-영업2,매칭,Total,17500.0,17500.0,100.0,14447.0,82.6,22604040.0,54059310.0,293.0,3272690.0,22.0,6.1,3303.0,1104.0,0.19,54.0,4.9,8.9,40.7
2026-05-19,e-영업2,매칭,Total,17500.0,17500.0,100.0,14413.0,82.4,20810490.0,46154120.0,244.0,3564840.0,20.0,7.7,3126.0,1026.0,0.18,44.0,4.3,7.8,45.5
2026-05-20,e-영업2,매칭,Total,17500.0,17500.0,100.0,14228.0,81.3,20836290.0,44635060.0,235.0,2671740.0,21.0,6.0,3049.0,1017.0,0.17,38.0,3.7,7.7,55.3
2026-05-21,e-영업2,매칭,Total,17500.0,17500.0,100.0,14940.0,85.4,19562180.0,39888310.0,196.0,3318910.0,25.0,8.3,2866.0,930.0,0.16,44.0,4.7,6.8,56.8
2026-05-22,e-영업2,매칭,Total,17786.0,17786.0,100.0,15442.0,86.8,33786080.0,52096170.0,226.0,3923200.0,21.0,7.5,3052.0,1019.0,0.17,36.0,3.5,7.4,58.3
2026-05-23,e-영업2,매칭,Total,17742.0,17742.0,100.0,13121.0,74.0,50101210.0,63893500.0,287.0,4645210.0,29.0,7.3,3421.0,1038.0,0.19,63.0,6.1,8.4,46.0
2026-05-24,e-영업2,매칭,Total,17634.0,17634.0,100.0,14738.0,83.6,32242400.0,56110450.0,273.0,2721460.0,18.0,4.9,3715.0,1162.0,0.21,58.0,5.0,7.3,31.0
2026-05-25,e-영업2,매칭,Total,17500.0,17500.0,100.0,13796.0,78.8,38018170.0,55152280.0,256.0,4333380.0,27.0,7.9,3592.0,1152.0,0.21,52.0,4.5,7.1,51.9
2026-05-26,e-영업2,매칭,Total,17694.0,17694.0,100.0,0.0,0.0,44408750.0,56137360.0,278.0,4800900.0,29.0,8.6,3514.0,1248.0,0.2,59.0,4.7,7.9,49.2
2026-05-27,e-영업2,매칭,Total,17500.0,17500.0,100.0,14710.0,84.1,23313000.0,44731550.0,230.0,3658700.0,28.0,8.2,3057.0,1014.0,0.17,64.0,6.3,7.5,43.8
2026-05-28,e-영업2,매칭,Total,17676.0,17676.0,100.0,15485.0,87.6,20773220.0,47840100.0,239.0,4687750.0,33.0,9.8,3087.0,1070.0,0.17,63.0,5.9,7.7,52.4
2026-05-29,e-영업2,매칭,Total,17748.0,17748.0,100.0,15515.0,87.4,30778480.0,49048340.0,253.0,4931520.0,30.0,10.1,2982.0,1030.0,0.17,46.0,4.5,8.5,65.2
2026-05-30,e-영업2,매칭,Total,17670.0,17670.0,100.0,13166.0,74.5,43391740.0,60635950.0,266.0,2666940.0,18.0,4.4,3485.0,1118.0,0.2,49.0,4.4,7.6,36.7
2026-05-31,e-영업2,매칭,Total,17594.0,17594.0,100.0,14151.0,80.4,50031030.0,57477250.0,300.0,5221980.0,33.0,9.1,3730.0,1233.0,0.21,70.0,5.7,8.0,47.1
2026-06-01,e-영업2,매칭,Total,17407.0,17407.0,100.0,11631.0,66.8,31667410.0,63212170.0,316.0,4120700.0,30.0,6.5,3226.0,1183.0,0.19,62.0,5.2,9.8,48.4
2026-06-02,e-영업2,매칭,Total,17360.0,17360.0,100.0,14892.0,85.8,37497000.0,69346200.0,288.0,3345730.0,21.0,4.8,3239.0,1113.0,0.19,62.0,5.6,8.9,33.9
2026-06-03,e-영업2,매칭,Total,17187.0,17187.0,100.0,15382.0,89.5,61355300.0,71920650.0,336.0,7415950.0,37.0,10.3,3866.0,1263.0,0.22,71.0,5.6,8.7,52.1
2026-06-04,e-영업2,매칭,Total,17182.0,17182.0,100.0,15278.0,88.9,31363700.0,56708400.0,252.0,3211860.0,26.0,5.7,3072.0,1056.0,0.18,48.0,4.5,8.2,54.2
2026-06-05,e-영업2,매칭,Total,17305.0,17305.0,100.0,15069.0,87.1,21036020.0,43644390.0,228.0,3195510.0,21.0,7.3,3061.0,1065.0,0.18,47.0,4.4,7.4,44.7
2026-06-06,e-영업2,매칭,Total,17220.0,17220.0,100.0,14609.0,84.8,46137760.0,66391780.0,285.0,4817200.0,25.0,7.3,3451.0,1117.0,0.2,61.0,5.5,8.3,41.0
2026-06-07,e-영업2,매칭,Total,17295.0,17295.0,100.0,15276.0,88.3,50070220.0,60474900.0,289.0,4485920.0,30.0,7.4,3708.0,1160.0,0.21,82.0,7.1,7.8,36.6
2026-06-08,e-영업2,매칭,Total,17394.0,17394.0,100.0,0.0,0.0,32819850.0,43918580.0,213.0,4046050.0,25.0,9.2,2806.0,928.0,0.16,48.0,5.2,7.6,52.1
2026-06-09,e-영업2,매칭,Total,17428.0,17428.0,100.0,0.0,0.0,1310030.0,38537450.0,200.0,3733950.0,18.0,9.7,2792.0,927.0,0.16,34.0,3.7,7.2,52.9
2026-06-10,e-영업2,매칭,Total,17430.0,17430.0,100.0,14973.0,85.9,14801830.0,36367430.0,205.0,3391880.0,17.0,9.3,2776.0,986.0,0.16,38.0,3.9,7.4,44.7
2026-06-11,e-영업2,매칭,Total,17622.0,17622.0,100.0,15029.0,85.3,13717390.0,42166380.0,206.0,2227630.0,16.0,5.3,2919.0,1019.0,0.17,33.0,3.2,7.1,48.5
2026-06-12,e-영업2,매칭,Total,17818.0,17818.0,100.0,14541.0,81.6,14234360.0,31977580.0,168.0,2566700.0,18.0,8.0,2810.0,958.0,0.16,48.0,5.0,6.0,37.5
2026-06-13,e-영업2,매칭,Total,17735.0,17735.0,100.0,14170.0,79.9,33710760.0,51597810.0,210.0,5359810.0,29.0,10.4,3096.0,1013.0,0.17,40.0,3.9,6.8,72.5
2026-06-14,e-영업2,매칭,Total,17615.0,17615.0,100.0,15103.0,85.7,56588610.0,72176650.0,285.0,4989200.0,21.0,6.9,3610.0,1249.0,0.2,46.0,3.7,7.9,45.7
2026-06-15,e-영업2,매칭,Total,17751.0,17751.0,100.0,14683.0,82.7,42684320.0,66941920.0,272.0,5952300.0,31.0,8.9,3983.0,1725.0,0.22,64.0,3.7,6.8,48.4
2026-06-16,e-영업2,매칭,Total,17740.0,17740.0,100.0,15359.0,86.6,25830600.0,42653310.0,225.0,2683670.0,26.0,6.3,3145.0,984.0,0.18,40.0,4.1,7.2,65.0
2026-06-17,e-영업2,매칭,Total,17719.0,17719.0,100.0,15455.0,87.2,27017220.0,49422450.0,265.0,4023540.0,25.0,8.1,3121.0,921.0,0.18,53.0,5.8,8.5,47.2
2026-06-18,e-영업2,매칭,Total,17810.0,17810.0,100.0,15376.0,86.3,34507940.0,59586650.0,255.0,4205840.0,22.0,7.1,2957.0,853.0,0.17,50.0,5.9,8.6,44.0
2026-06-19,e-영업2,매칭,Total,17713.0,17713.0,100.0,15265.0,86.2,36225610.0,58796360.0,239.0,4621600.0,25.0,7.9,2913.0,825.0,0.16,50.0,6.1,8.2,50.0
2026-06-20,e-영업2,매칭,Total,17638.0,17638.0,100.0,14055.0,79.7,41809730.0,66072980.0,288.0,4033020.0,21.0,6.1,3252.0,866.0,0.18,49.0,5.7,8.9,42.9
2026-06-21,e-영업2,매칭,Total,17500.0,17500.0,100.0,15360.0,87.8,63802040.0,81229820.0,340.0,6465700.0,33.0,8.0,3432.0,856.0,0.2,81.0,9.5,9.9,40.7
2026-06-22,e-영업2,매칭,Total,17548.0,17548.0,100.0,15257.0,86.9,32201930.0,58202270.0,238.0,3707300.0,24.0,6.4,2938.0,912.0,0.17,42.0,4.6,8.1,57.1
2026-06-23,e-영업2,매칭,Total,17551.0,17551.0,100.0,15053.0,85.8,22245770.0,53799430.0,260.0,2725140.0,18.0,5.1,2689.0,829.0,0.15,49.0,5.9,9.7,36.7
2026-06-24,e-영업2,매칭,Total,17652.0,17652.0,100.0,15388.0,87.2,23495640.0,42624320.0,230.0,4547840.0,20.0,10.7,2712.0,839.0,0.15,37.0,4.4,8.5,54.1
2026-06-25,e-영업2,매칭,Total,17665.0,17665.0,100.0,15404.0,87.2,23006050.0,51566750.0,232.0,3236640.0,22.0,6.3,2547.0,742.0,0.14,44.0,5.9,9.1,50.0
2026-06-26,e-영업2,매칭,Total,17632.0,17632.0,100.0,15186.0,86.1,23838830.0,49877430.0,222.0,1864540.0,12.0,3.7,2497.0,675.0,0.14,38.0,5.6,8.9,31.6
2026-06-27,e-영업2,매칭,Total,17566.0,17566.0,100.0,0.0,0.0,43912080.0,68097100.0,312.0,3090410.0,23.0,4.5,3186.0,866.0,0.18,60.0,6.9,9.8,38.3
2026-06-28,e-영업2,매칭,Total,17404.0,17404.0,100.0,15148.0,87.0,66986490.0,80194790.0,400.0,5432590.0,42.0,6.8,3620.0,1052.0,0.21,68.0,6.5,11.0,61.8
2026-06-29,e-영업2,매칭,Total,17306.0,17306.0,100.0,0.0,0.0,27809160.0,51647170.0,273.0,3186120.0,25.0,6.2,3039.0,971.0,0.18,73.0,7.5,9.0,34.2
2026-06-30,e-영업2,매칭,Total,17172.0,17172.0,100.0,14823.0,86.3,21662690.0,42069790.0,207.0,2949230.0,22.0,7.0,2888.0,909.0,0.17,53.0,5.8,7.2,41.5
2026-07-01,e-영업2,매칭,Total,17438.0,17438.0,100.0,13367.0,76.7,29656720.0,50871680.0,241.0,2893640.0,20.0,5.7,2768.0,885.0,0.16,43.0,4.9,8.7,46.5
2026-07-02,e-영업2,매칭,Total,17324.0,17324.0,100.0,12729.0,73.5,17720160.0,32695190.0,193.0,4142150.0,22.0,12.7,2448.0,780.0,0.14,35.0,4.5,7.9,62.9
2026-07-03,e-영업2,매칭,Total,17207.0,17207.0,100.0,12751.0,74.1,30192420.0,51288210.0,252.0,2730000.0,25.0,5.3,2796.0,856.0,0.16,51.0,6.0,9.0,49.0
2026-07-04,e-영업2,매칭,Total,17106.0,17106.0,100.0,14499.0,84.8,39196190.0,65069810.0,320.0,3777510.0,27.0,5.8,3296.0,940.0,0.19,53.0,5.6,9.7,50.9
2026-07-05,e-영업2,매칭,Total,16975.0,16975.0,100.0,15141.0,89.2,58086800.0,68685560.0,322.0,4803710.0,34.0,7.0,3779.0,1194.0,0.22,57.0,4.8,8.5,59.6
2026-07-06,e-영업2,매칭,Total,16881.0,16881.0,100.0,14991.0,88.8,35835320.0,57064900.0,266.0,3719980.0,25.0,6.5,3063.0,1057.0,0.18,56.0,5.3,8.7,44.6
2026-07-07,e-영업2,매칭,Total,16941.0,16941.0,100.0,14945.0,88.2,37241880.0,55497490.0,278.0,5076070.0,30.0,9.1,3208.0,1033.0,0.19,62.0,6.0,8.7,48.4
2026-07-08,e-영업2,매칭,Total,16881.0,16881.0,100.0,14848.0,88.0,27556100.0,48435070.0,262.0,4120100.0,29.0,8.5,3106.0,990.0,0.18,50.0,5.1,8.4,58.0
2026-07-09,e-영업2,매칭,Total,16827.0,16827.0,100.0,14726.0,87.5,30575010.0,52994610.0,233.0,4454130.0,28.0,8.4,2949.0,948.0,0.18,61.0,6.4,7.9,45.9
2026-07-10,e-영업2,매칭,Total,16889.0,16889.0,100.0,14908.0,88.3,38945780.0,58621190.0,273.0,4406560.0,26.0,7.5,2949.0,898.0,0.17,42.0,4.7,9.3,61.9
2026-07-11,e-영업2,매칭,Total,16809.0,16809.0,100.0,13644.0,81.2,39311680.0,68058520.0,306.0,5409400.0,35.0,7.9,3355.0,972.0,0.2,66.0,6.8,9.1,53.0
2026-07-12,e-영업2,매칭,Total,16673.0,16673.0,100.0,14994.0,89.9,58679050.0,68300650.0,341.0,5211140.0,35.0,7.6,3672.0,1046.0,0.22,68.0,6.5,9.3,51.5
2026-07-13,e-영업2,매칭,Total,16669.0,16669.0,100.0,14889.0,89.3,32868430.0,54732600.0,273.0,3435970.0,27.0,6.3,2950.0,928.0,0.18,56.0,6.0,9.3,48.2
2026-07-14,e-영업2,매칭,Total,16703.0,16703.0,100.0,14841.0,88.9,11035540.0,38682980.0,207.0,2026300.0,15.0,5.2,2754.0,919.0,0.16,31.0,3.4,7.5,48.4
2026-07-15,e-영업2,매칭,Total,17247.0,17247.0,100.0,14303.0,82.9,27239820.0,50264130.0,252.0,3357770.0,23.0,6.7,2828.0,879.0,0.16,45.0,5.1,8.9,51.1
2026-07-16,e-영업2,매칭,Total,17497.0,17497.0,100.0,13842.0,79.1,25806960.0,50899010.0,221.0,2881260.0,22.0,5.7,2581.0,817.0,0.15,45.0,5.5,8.6,48.9
2026-07-17,e-영업2,매칭,Total,17654.0,17654.0,100.0,14197.0,80.4,60211010.0,73283660.0,331.0,7087160.0,39.0,9.7,3124.0,888.0,0.18,57.0,6.4,10.6,68.4
2026-07-18,e-영업2,매칭,Total,17730.0,17730.0,100.0,14618.0,82.4,34060890.0,64383900.0,304.0,4051650.0,29.0,6.3,3381.0,1052.0,0.19,53.0,5.0,9.0,54.7
2026-07-19,e-영업2,매칭,Total,18032.0,18032.0,100.0,14816.0,82.2,56699870.0,71065010.0,328.0,5419910.0,32.0,7.6,3660.0,1133.0,0.2,67.0,5.9,9.0,47.8
2026-07-20,e-영업2,매칭,Total,18045.0,18045.0,100.0,14868.0,82.4,31288460.0,57927610.0,292.0,3772070.0,34.0,6.5,3165.0,1041.0,0.18,68.0,6.5,9.2,50.0
2026-07-21,e-영업2,매칭,Total,18110.0,18110.0,100.0,15467.0,85.4,25138500.0,44607240.0,270.0,4482080.0,32.0,10.0,3168.0,1009.0,0.17,73.0,7.2,8.5,43.8
2026-07-22,e-영업2,매칭,Total,18171.0,18171.0,100.0,15592.0,85.8,30326100.0,53312040.0,268.0,4023160.0,29.0,7.5,3201.0,993.0,0.18,54.0,5.4,8.4,53.7
2026-07-23,e-영업2,매칭,Total,18226.0,18226.0,100.0,14558.0,79.9,22120200.0,43200030.0,241.0,3770120.0,26.0,8.7,3161.0,998.0,0.17,43.0,4.3,7.6,60.5
2026-07-24,e-영업2,매칭,Total,18241.0,18241.0,100.0,15223.0,83.5,25374850.0,47769440.0,243.0,4493430.0,27.0,9.4,3052.0,951.0,0.17,56.0,5.9,8.0,48.2
2026-07-25,e-영업2,매칭,Total,18258.0,18258.0,100.0,14736.0,80.7,43813400.0,63625030.0,292.0,6449970.0,30.0,10.1,3372.0,992.0,0.18,59.0,5.9,8.7,50.8
2026-07-26,e-영업2,매칭,Total,18167.0,18167.0,100.0,15587.0,85.8,54053620.0,64396030.0,318.0,6627280.0,39.0,10.3,3496.0,1027.0,0.19,74.0,7.2,9.1,52.7
2026-07-27,e-영업2,매칭,Total,18225.0,18225.0,100.0,15463.0,84.8,42129550.0,66217170.0,296.0,3626420.0,26.0,5.5,3390.0,1112.0,0.19,61.0,5.5,8.7,42.6
2026-07-28,e-영업2,매칭,Total,18240.0,18240.0,100.0,15326.0,84.0,22549890.0,48571130.0,255.0,4107870.0,32.0,8.5,3003.0,967.0,0.16,51.0,5.3,8.5,62.7
2026-07-29,e-영업2,매칭,Total,18275.0,18275.0,100.0,15544.0,85.1,38839100.0,58663040.0,293.0,4487860.0,32.0,7.7,3105.0,1016.0,0.17,60.0,5.9,9.4,53.3
2026-01-01,e-영업2,매칭,최저가,15766.0,15766.0,100.0,15766.0,100.0,96892300.0,110581630.0,301.0,9801780.0,28.0,8.9,4187.0,1227.0,0.27,77.0,6.3,7.2,36.4
2026-01-02,e-영업2,매칭,최저가,15437.0,15437.0,100.0,15437.0,100.0,37320590.0,105380880.0,281.0,7168920.0,29.0,6.8,3822.0,1232.0,0.25,66.0,5.4,7.4,43.9
2026-01-03,e-영업2,매칭,최저가,17415.0,17415.0,100.0,17415.0,100.0,54422520.0,130871800.0,309.0,11009770.0,30.0,8.4,4703.0,1490.0,0.27,85.0,5.7,6.6,35.3
2026-01-04,e-영업2,매칭,최저가,16761.0,16761.0,100.0,16761.0,100.0,73609740.0,101084310.0,316.0,9557400.0,41.0,9.5,4762.0,1469.0,0.28,98.0,6.7,6.6,41.8
2026-01-05,e-영업2,매칭,최저가,16712.0,16712.0,100.0,16712.0,100.0,46284320.0,96680520.0,277.0,10335260.0,45.0,10.7,3807.0,1190.0,0.23,66.0,5.5,7.3,68.2
2026-01-06,e-영업2,매칭,최저가,16562.0,16562.0,100.0,16562.0,100.0,40011570.0,82148450.0,257.0,8726990.0,37.0,10.6,3684.0,1205.0,0.22,70.0,5.8,7.0,52.9
2026-01-07,e-영업2,매칭,최저가,15667.0,15667.0,100.0,15667.0,100.0,58507030.0,92301610.0,261.0,8690010.0,31.0,9.4,3749.0,1230.0,0.24,66.0,5.4,7.0,47.0
2026-01-08,e-영업2,매칭,최저가,16548.0,16548.0,100.0,16548.0,100.0,36900520.0,92331330.0,255.0,7647160.0,30.0,8.3,3567.0,1166.0,0.22,59.0,5.1,7.1,50.8
2026-01-09,e-영업2,매칭,최저가,13972.0,13972.0,100.0,13972.0,100.0,31359780.0,68309830.0,205.0,3066560.0,15.0,4.5,2970.0,853.0,0.21,52.0,6.1,6.9,28.8
2026-01-10,e-영업2,매칭,최저가,14929.0,14929.0,100.0,14929.0,100.0,77591670.0,123626410.0,318.0,9520000.0,32.0,7.7,4200.0,1141.0,0.28,67.0,5.9,7.6,47.8
2026-01-11,e-영업2,매칭,최저가,17276.0,17276.0,100.0,17276.0,100.0,109460620.0,135532190.0,400.0,10760080.0,42.0,7.9,4935.0,1418.0,0.29,78.0,5.5,8.1,53.8
2026-01-12,e-영업2,매칭,최저가,16638.0,16638.0,100.0,16638.0,100.0,37179010.0,91149580.0,286.0,10600400.0,35.0,11.6,4003.0,1267.0,0.24,74.0,5.8,7.1,47.3
2026-01-13,e-영업2,매칭,최저가,16506.0,16506.0,100.0,16506.0,100.0,59787020.0,119308360.0,310.0,9954800.0,33.0,8.3,4199.0,1216.0,0.25,70.0,5.8,7.4,47.1
2026-01-14,e-영업2,매칭,최저가,16475.0,16475.0,100.0,16475.0,100.0,32030690.0,85303480.0,267.0,5482550.0,24.0,6.4,4123.0,1179.0,0.25,62.0,5.3,6.5,38.7
2026-01-15,e-영업2,매칭,최저가,14571.0,14571.0,100.0,14571.0,100.0,11968410.0,55133410.0,206.0,4401670.0,26.0,8.0,3308.0,1070.0,0.23,57.0,5.3,6.2,45.6
2026-01-16,e-영업2,매칭,최저가,16245.0,16245.0,100.0,16245.0,100.0,45008470.0,83304490.0,241.0,4237880.0,20.0,5.1,3345.0,1034.0,0.21,43.0,4.2,7.2,46.5
2026-01-17,e-영업2,매칭,최저가,16139.0,16139.0,100.0,16139.0,100.0,46375760.0,92498690.0,283.0,7577470.0,32.0,8.2,3836.0,1099.0,0.24,71.0,6.5,7.4,45.1
2026-01-18,e-영업2,매칭,최저가,17950.0,17950.0,100.0,17950.0,100.0,90423540.0,120587420.0,363.0,10533810.0,45.0,8.7,4726.0,1398.0,0.26,78.0,5.6,7.7,57.7
2026-01-19,e-영업2,매칭,최저가,17103.0,17103.0,100.0,17103.0,100.0,62695020.0,98012160.0,309.0,7314120.0,36.0,7.5,3992.0,1231.0,0.23,83.0,6.7,7.7,43.4
2026-01-20,e-영업2,매칭,최저가,18265.0,18265.0,100.0,18265.0,100.0,27793990.0,75033250.0,264.0,9966460.0,41.0,13.3,4030.0,1288.0,0.22,55.0,4.3,6.6,74.5
2026-01-21,e-영업2,매칭,최저가,16433.0,16433.0,100.0,16433.0,100.0,48691660.0,88688660.0,309.0,7509870.0,38.0,8.5,3842.0,1209.0,0.23,75.0,6.2,8.0,50.7
2026-01-22,e-영업2,매칭,최저가,16376.0,16376.0,100.0,16376.0,100.0,39911940.0,73699580.0,278.0,8992750.0,41.0,12.2,3674.0,1173.0,0.22,63.0,5.4,7.6,65.1
2026-01-23,e-영업2,매칭,최저가,17896.0,17896.0,100.0,17896.0,100.0,50199970.0,97466530.0,323.0,3733510.0,25.0,3.8,3905.0,1135.0,0.22,44.0,3.9,8.3,56.8
2026-01-24,e-영업2,매칭,최저가,15947.0,15947.0,100.0,15947.0,100.0,56713380.0,99433430.0,332.0,11420740.0,42.0,11.5,4610.0,1312.0,0.29,96.0,7.3,7.2,43.8
2026-01-25,e-영업2,매칭,최저가,18239.0,18239.0,100.0,18239.0,100.0,98534810.0,125848090.0,413.0,11493720.0,58.0,9.1,5313.0,1615.0,0.29,106.0,6.6,7.8,54.7
2026-01-26,e-영업2,매칭,최저가,18192.0,18192.0,100.0,18192.0,100.0,51143530.0,84919880.0,300.0,7537090.0,37.0,8.9,4157.0,1226.0,0.23,79.0,6.4,7.2,46.8
2026-01-27,e-영업2,매칭,최저가,16591.0,16591.0,100.0,16591.0,100.0,30599590.0,81385170.0,278.0,5901780.0,29.0,7.3,3728.0,1068.0,0.22,62.0,5.8,7.5,46.8
2026-01-28,e-영업2,매칭,최저가,17015.0,17015.0,100.0,17015.0,100.0,27317670.0,62607930.0,246.0,8520300.0,36.0,13.6,3642.0,1145.0,0.21,70.0,6.1,6.8,51.4
2026-01-29,e-영업2,매칭,최저가,15972.0,15972.0,100.0,15972.0,100.0,33768090.0,64752300.0,236.0,7046480.0,29.0,10.9,3370.0,1091.0,0.21,57.0,5.2,7.0,50.9
2026-01-30,e-영업2,매칭,최저가,17820.0,17820.0,100.0,17820.0,100.0,39005740.0,77775140.0,254.0,4827850.0,24.0,6.2,3498.0,1096.0,0.2,46.0,4.2,7.3,52.2
2026-01-31,e-영업2,매칭,최저가,16293.0,16293.0,100.0,16293.0,100.0,46077120.0,81403890.0,258.0,6716760.0,36.0,8.3,3697.0,1040.0,0.23,69.0,6.6,7.0,52.2
2026-02-01,e-영업2,매칭,최저가,17032.0,17032.0,100.0,17032.0,100.0,100141810.0,124628270.0,409.0,10525700.0,43.0,8.4,4646.0,1414.0,0.27,97.0,6.9,8.8,44.3
2026-02-02,e-영업2,매칭,최저가,16883.0,16883.0,100.0,16883.0,100.0,39837410.0,78402040.0,265.0,6713500.0,30.0,8.6,3462.0,1115.0,0.21,57.0,5.1,7.7,52.6
2026-02-03,e-영업2,매칭,최저가,17326.0,17326.0,100.0,17326.0,100.0,45448360.0,90484410.0,310.0,7900910.0,42.0,8.7,3730.0,1111.0,0.22,78.0,7.0,8.3,53.8
2026-02-04,e-영업2,매칭,최저가,17147.0,17147.0,100.0,17147.0,100.0,48520430.0,98874760.0,334.0,4653920.0,30.0,4.7,3891.0,1183.0,0.23,62.0,5.2,8.6,48.4
2026-02-05,e-영업2,매칭,최저가,16455.0,16455.0,100.0,16455.0,100.0,40589630.0,72302260.0,265.0,7873020.0,32.0,10.9,3602.0,1149.0,0.22,45.0,3.9,7.4,71.1
2026-02-06,e-영업2,매칭,최저가,16839.0,16839.0,100.0,16839.0,100.0,39062690.0,72963910.0,263.0,6958730.0,31.0,9.5,3620.0,1105.0,0.21,68.0,6.2,7.3,45.6
2026-02-07,e-영업2,매칭,최저가,15474.0,15474.0,100.0,15474.0,100.0,53948080.0,78180190.0,294.0,7153620.0,37.0,9.2,3963.0,1074.0,0.26,81.0,7.5,7.4,45.7
2026-02-08,e-영업2,매칭,최저가,17509.0,17509.0,100.0,17509.0,100.0,101783780.0,121216530.0,495.0,10535790.0,52.0,8.7,5336.0,1627.0,0.3,107.0,6.6,9.3,48.6
2026-02-09,e-영업2,매칭,최저가,17082.0,17082.0,100.0,17082.0,100.0,32882570.0,74374540.0,322.0,6340070.0,39.0,8.5,4083.0,1265.0,0.24,80.0,6.3,7.9,48.8
2026-02-10,e-영업2,매칭,최저가,17427.0,17427.0,100.0,17427.0,100.0,34515590.0,62310600.0,282.0,7108470.0,39.0,11.4,3705.0,1136.0,0.21,86.0,7.6,7.6,45.3
2026-02-11,e-영업2,매칭,최저가,17367.0,17367.0,100.0,17367.0,100.0,54243830.0,82131780.0,317.0,9006780.0,50.0,11.0,3667.0,1134.0,0.21,84.0,7.4,8.6,59.5
2026-02-12,e-영업2,매칭,최저가,16528.0,16528.0,100.0,16528.0,100.0,44538430.0,77583690.0,280.0,4297950.0,30.0,5.5,3431.0,1044.0,0.21,55.0,5.3,8.2,54.5
2026-02-13,e-영업2,매칭,최저가,16618.0,16618.0,100.0,16618.0,100.0,34021190.0,67942190.0,239.0,4631120.0,23.0,6.8,3234.0,921.0,0.19,54.0,5.9,7.4,42.6
2026-02-14,e-영업2,매칭,최저가,17735.0,17735.0,100.0,17735.0,100.0,58120390.0,98101960.0,309.0,9244680.0,36.0,9.4,4011.0,1196.0,0.23,80.0,6.7,7.7,45.0
2026-02-15,e-영업2,매칭,최저가,18051.0,18051.0,100.0,18051.0,100.0,74258070.0,92494490.0,306.0,8553660.0,39.0,9.2,4169.0,1331.0,0.23,74.0,5.6,7.3,52.7
2026-02-16,e-영업2,매칭,최저가,17830.0,17830.0,100.0,17830.0,100.0,72551030.0,88861430.0,311.0,11498480.0,50.0,12.9,4051.0,1269.0,0.23,100.0,7.9,7.7,50.0
2026-02-17,e-영업2,매칭,최저가,17643.0,17643.0,100.0,17643.0,100.0,47930110.0,64213060.0,241.0,5759730.0,29.0,9.0,3798.0,1232.0,0.22,68.0,5.5,6.3,42.6
2026-02-18,e-영업2,매칭,최저가,17122.0,17122.0,100.0,17122.0,100.0,81403110.0,94186460.0,381.0,8754530.0,51.0,9.3,4960.0,1685.0,0.29,114.0,6.8,7.7,44.7
2026-02-19,e-영업2,매칭,최저가,17263.0,17263.0,100.0,17263.0,100.0,53273540.0,90771210.0,357.0,8170340.0,39.0,9.0,4270.0,1422.0,0.25,86.0,6.0,8.4,45.3
2026-02-20,e-영업2,매칭,최저가,16422.0,16422.0,100.0,16422.0,100.0,59201380.0,88443600.0,324.0,6778260.0,36.0,7.7,3884.0,1185.0,0.24,74.0,6.2,8.3,48.6
2026-02-21,e-영업2,매칭,최저가,14975.0,14975.0,100.0,14975.0,100.0,48576440.0,78043840.0,324.0,8409500.0,36.0,10.8,4096.0,1151.0,0.27,67.0,5.8,7.9,53.7
2026-02-22,e-영업2,매칭,최저가,17502.0,17502.0,100.0,17502.0,100.0,115702790.0,141354540.0,470.0,9907220.0,44.0,7.0,5428.0,1622.0,0.31,98.0,6.0,8.7,44.9
2026-02-23,e-영업2,매칭,최저가,17443.0,17443.0,100.0,17443.0,100.0,38565730.0,88855560.0,314.0,10015190.0,43.0,11.3,4136.0,1290.0,0.24,83.0,6.4,7.6,51.8
2026-02-24,e-영업2,매칭,최저가,16196.0,16196.0,100.0,16196.0,100.0,17087690.0,56373910.0,250.0,5570880.0,37.0,9.9,3646.0,1157.0,0.23,69.0,6.0,6.9,53.6
2026-02-25,e-영업2,매칭,최저가,17454.0,17454.0,100.0,17454.0,100.0,32318520.0,81598820.0,302.0,5636490.0,30.0,6.9,3826.0,1171.0,0.22,62.0,5.3,7.9,48.4
2026-02-26,e-영업2,매칭,최저가,16731.0,16731.0,100.0,16731.0,100.0,36208720.0,73679500.0,327.0,5434120.0,30.0,7.4,3861.0,1149.0,0.23,70.0,6.1,8.5,42.9
2026-02-27,e-영업2,매칭,최저가,16881.0,16881.0,100.0,16881.0,100.0,47767670.0,85346580.0,290.0,5799090.0,31.0,6.8,3795.0,1107.0,0.22,57.0,5.1,7.6,54.4
2026-02-28,e-영업2,매칭,최저가,13730.0,13730.0,100.0,13730.0,100.0,51833900.0,73305870.0,284.0,6992660.0,32.0,9.5,3890.0,1067.0,0.28,60.0,5.6,7.3,53.3
2026-03-01,e-영업2,매칭,최저가,18006.0,18006.0,100.0,18006.0,100.0,109544400.0,141150230.0,492.0,12814850.0,63.0,9.1,5738.0,1851.0,0.32,120.0,6.5,8.6,52.5
2026-03-02,e-영업2,매칭,최저가,17696.0,17696.0,100.0,17696.0,100.0,94226580.0,126499600.0,443.0,10634800.0,47.0,8.4,5700.0,1827.0,0.32,89.0,4.9,7.8,52.8
2026-03-03,e-영업2,매칭,최저가,17592.0,17592.0,100.0,17592.0,100.0,46927050.0,93023310.0,344.0,6678970.0,36.0,7.2,4202.0,1322.0,0.24,57.0,4.3,8.2,63.2
2026-03-04,e-영업2,매칭,최저가,13984.0,13984.0,100.0,13984.0,100.0,46224090.0,53696580.0,175.0,4388990.0,20.0,8.2,3158.0,887.0,0.23,32.0,3.6,5.5,62.5
2026-03-05,e-영업2,매칭,최저가,12841.0,12841.0,100.0,12841.0,100.0,24372490.0,32615550.0,124.0,1355050.0,8.0,4.2,3124.0,837.0,0.24,42.0,5.0,4.0,19.0
2026-03-06,e-영업2,매칭,최저가,12455.0,12455.0,100.0,12455.0,100.0,32624740.0,29439640.0,111.0,2582580.0,12.0,8.8,2907.0,799.0,0.23,26.0,3.3,3.8,46.2
2026-03-07,e-영업2,매칭,최저가,16257.0,16257.0,100.0,16257.0,100.0,74646420.0,102926010.0,400.0,6971650.0,41.0,6.8,4966.0,1445.0,0.31,101.0,7.0,8.1,40.6
2026-03-08,e-영업2,매칭,최저가,14727.0,14727.0,100.0,14727.0,100.0,111023110.0,93120290.0,305.0,7637340.0,33.0,8.2,4633.0,1250.0,0.31,88.0,7.0,6.6,37.5
2026-03-09,e-영업2,매칭,최저가,14683.0,14683.0,100.0,14683.0,100.0,32205610.0,52074060.0,175.0,5342250.0,21.0,10.3,3579.0,1094.0,0.24,49.0,4.5,4.9,42.9
2026-03-10,e-영업2,매칭,최저가,16598.0,16598.0,100.0,16598.0,100.0,35568210.0,68629760.0,299.0,6962510.0,37.0,10.1,4244.0,1378.0,0.26,63.0,4.6,7.0,58.7
2026-03-11,e-영업2,매칭,최저가,11602.0,11602.0,100.0,11602.0,100.0,16592910.0,28034300.0,105.0,2895400.0,13.0,10.3,3031.0,826.0,0.26,30.0,3.6,3.5,43.3
2026-03-12,e-영업2,매칭,최저가,12394.0,12394.0,100.0,12394.0,100.0,21002920.0,38882290.0,126.0,1117260.0,9.0,2.9,3077.0,863.0,0.25,32.0,3.7,4.1,28.1
2026-03-13,e-영업2,매칭,최저가,,,,,,,,,,,,,,,,,,
2026-03-14,e-영업2,매칭,최저가,11709.0,11709.0,100.0,11709.0,100.0,45170810.0,57568050.0,168.0,5410500.0,19.0,9.4,3576.0,860.0,0.31,45.0,5.2,4.7,42.2
2026-03-15,e-영업2,매칭,최저가,20471.0,20471.0,100.0,20471.0,100.0,139793870.0,179898500.0,670.0,13250450.0,64.0,7.4,6941.0,2162.0,0.34,138.0,6.4,9.7,46.4
2026-03-16,e-영업2,매칭,최저가,14865.0,14865.0,100.0,14865.0,100.0,31676980.0,69057470.0,228.0,5635190.0,25.0,8.2,4034.0,1142.0,0.27,53.0,4.6,5.7,47.2
2026-03-17,e-영업2,매칭,최저가,13776.0,13776.0,100.0,13776.0,100.0,24063370.0,48194800.0,166.0,2397430.0,15.0,5.0,3493.0,988.0,0.25,45.0,4.6,4.8,33.3
2026-03-18,e-영업2,매칭,최저가,12003.0,12003.0,100.0,12003.0,100.0,30697250.0,46059750.0,145.0,3358920.0,18.0,7.3,2887.0,771.0,0.24,33.0,4.3,5.0,54.5
2026-03-19,e-영업2,매칭,최저가,17410.0,17410.0,100.0,17410.0,100.0,33186170.0,73283200.0,317.0,4932660.0,32.0,6.7,4203.0,1309.0,0.24,66.0,5.0,7.5,48.5
2026-03-20,e-영업2,매칭,최저가,17364.0,17364.0,100.0,17364.0,100.0,31763470.0,70538460.0,273.0,4004100.0,21.0,5.7,4081.0,1249.0,0.24,57.0,4.6,6.7,36.8
2026-03-21,e-영업2,매칭,최저가,15611.0,15611.0,100.0,15611.0,100.0,47998120.0,72765210.0,313.0,6800290.0,38.0,9.3,4248.0,1110.0,0.27,65.0,5.9,7.4,58.5
2026-03-22,e-영업2,매칭,최저가,20477.0,20477.0,100.0,20477.0,100.0,122314870.0,145428730.0,579.0,11642660.0,62.0,8.0,6862.0,2038.0,0.34,138.0,6.8,8.4,44.9
2026-03-23,e-영업2,매칭,최저가,14920.0,14920.0,100.0,14920.0,100.0,29566090.0,59132860.0,223.0,3218720.0,18.0,5.4,3850.0,1045.0,0.26,53.0,5.1,5.8,34.0
2026-03-24,e-영업2,매칭,최저가,11776.0,11776.0,100.0,11776.0,100.0,23387600.0,39309610.0,126.0,2360990.0,12.0,6.0,2733.0,731.0,0.23,37.0,5.1,4.6,32.4
2026-03-25,e-영업2,매칭,최저가,11609.0,11609.0,100.0,11609.0,100.0,35817340.0,49694140.0,162.0,4763850.0,18.0,9.6,2612.0,746.0,0.22,38.0,5.1,6.2,47.4
2026-03-26,e-영업2,매칭,최저가,12575.0,12575.0,100.0,12575.0,100.0,25154140.0,37601510.0,139.0,1582520.0,8.0,4.2,2630.0,679.0,0.21,22.0,3.2,5.3,36.4
2026-03-27,e-영업2,매칭,최저가,12007.0,12007.0,100.0,12007.0,100.0,19948820.0,34311850.0,123.0,1536160.0,7.0,4.5,2446.0,630.0,0.2,20.0,3.2,5.0,35.0
2026-03-28,e-영업2,매칭,최저가,16161.0,16161.0,100.0,16161.0,100.0,59984820.0,87234980.0,318.0,7043080.0,30.0,8.1,4210.0,1126.0,0.26,55.0,4.9,7.6,54.5
2026-03-29,e-영업2,매칭,최저가,20391.0,20391.0,100.0,20391.0,100.0,131480790.0,160461890.0,637.0,9208710.0,46.0,5.7,6177.0,1814.0,0.3,109.0,6.0,10.3,42.2
2026-03-30,e-영업2,매칭,최저가,19393.0,19393.0,100.0,19393.0,100.0,60874290.0,106036150.0,443.0,8263680.0,37.0,7.8,4984.0,1584.0,0.26,82.0,5.2,8.9,45.1
2026-03-31,e-영업2,매칭,최저가,12034.0,12034.0,100.0,12034.0,100.0,10377770.0,25945400.0,121.0,2220460.0,13.0,8.6,2667.0,729.0,0.22,32.0,4.4,4.5,40.6
2026-04-01,e-영업2,매칭,최저가,12623.0,12623.0,100.0,12623.0,100.0,24474570.0,48665670.0,188.0,2128450.0,13.0,4.4,2758.0,714.0,0.22,36.0,5.0,6.8,36.1
2026-04-02,e-영업2,매칭,최저가,15778.0,15778.0,100.0,15778.0,100.0,27894120.0,52617300.0,261.0,3103910.0,28.0,5.9,3759.0,1422.0,0.24,45.0,3.2,6.9,62.2
2026-04-03,e-영업2,매칭,최저가,15744.0,15744.0,100.0,15744.0,100.0,32030250.0,57306150.0,228.0,2673950.0,12.0,4.7,2899.0,840.0,0.18,41.0,4.9,7.9,29.3
2026-04-04,e-영업2,매칭,최저가,19175.0,19175.0,100.0,19175.0,100.0,78356670.0,119281980.0,476.0,7088390.0,35.0,5.9,4837.0,1343.0,0.25,87.0,6.5,9.8,40.2
2026-04-05,e-영업2,매칭,최저가,19738.0,19738.0,100.0,19738.0,100.0,124405690.0,150719720.0,559.0,10086980.0,56.0,6.7,5394.0,1631.0,0.27,119.0,7.3,10.4,47.1
2026-04-06,e-영업2,매칭,최저가,14669.0,14669.0,100.0,14669.0,100.0,37620330.0,65282450.0,257.0,2690400.0,15.0,4.1,3605.0,1048.0,0.25,50.0,4.8,7.1,30.0
2026-04-07,e-영업2,매칭,최저가,17180.0,17180.0,100.0,17180.0,100.0,47494570.0,78858090.0,327.0,9385830.0,40.0,11.9,3827.0,1086.0,0.22,65.0,6.0,8.5,61.5
2026-04-08,e-영업2,매칭,최저가,15542.0,15542.0,100.0,15542.0,100.0,57866530.0,81251700.0,315.0,5089780.0,35.0,6.3,3986.0,1030.0,0.26,71.0,6.9,7.9,49.3
2026-04-09,e-영업2,매칭,최저가,15206.0,15206.0,100.0,15206.0,100.0,43451530.0,66026940.0,240.0,4443640.0,17.0,6.7,3517.0,970.0,0.23,41.0,4.2,6.8,41.5
2026-04-10,e-영업2,매칭,최저가,18427.0,18427.0,100.0,18427.0,100.0,45699380.0,78003080.0,304.0,8077970.0,38.0,10.4,3989.0,1230.0,0.22,69.0,5.6,7.6,55.1
2026-04-11,e-영업2,매칭,최저가,18458.0,18458.0,100.0,18458.0,100.0,57096980.0,92117910.0,367.0,6532770.0,33.0,7.1,4335.0,1266.0,0.23,59.0,4.7,8.5,55.9
2026-04-12,e-영업2,매칭,최저가,19368.0,19368.0,100.0,19368.0,100.0,92295080.0,105999190.0,450.0,10764100.0,50.0,10.2,4918.0,1474.0,0.25,101.0,6.9,9.2,49.5
2026-04-13,e-영업2,매칭,최저가,19188.0,19188.0,100.0,19188.0,100.0,54147170.0,94461750.0,416.0,10624860.0,48.0,11.2,4358.0,1379.0,0.23,90.0,6.5,9.5,53.3
2026-04-14,e-영업2,매칭,최저가,18845.0,18845.0,100.0,18845.0,100.0,40343790.0,86156190.0,391.0,6608580.0,42.0,7.7,4267.0,1297.0,0.23,83.0,6.4,9.2,50.6
2026-04-15,e-영업2,매칭,최저가,19097.0,19097.0,100.0,19097.0,100.0,34520550.0,82702600.0,424.0,6457940.0,37.0,7.8,4100.0,1200.0,0.21,67.0,5.6,10.3,55.2
2026-04-16,e-영업2,매칭,최저가,19009.0,19009.0,100.0,19009.0,100.0,39851880.0,75271420.0,357.0,2246710.0,22.0,3.0,3926.0,1156.0,0.21,48.0,4.2,9.1,45.8
2026-04-17,e-영업2,매칭,최저가,17765.0,17765.0,100.0,17765.0,100.0,40600760.0,71788440.0,329.0,5613250.0,30.0,7.8,3523.0,984.0,0.2,44.0,4.5,9.3,68.2
2026-04-18,e-영업2,매칭,최저가,16934.0,16934.0,100.0,16934.0,100.0,51524590.0,74994520.0,366.0,5590180.0,36.0,7.5,4227.0,1156.0,0.25,69.0,6.0,8.7,52.2
2026-04-19,e-영업2,매칭,최저가,18560.0,18560.0,100.0,18560.0,100.0,85071620.0,102173350.0,479.0,8696370.0,47.0,8.5,5150.0,1525.0,0.28,97.0,6.4,9.3,48.5
2026-04-20,e-영업2,매칭,최저가,18100.0,18100.0,100.0,18100.0,100.0,42004030.0,72931960.0,365.0,6261280.0,37.0,8.6,4260.0,1300.0,0.24,68.0,5.2,8.6,54.4
2026-04-21,e-영업2,매칭,최저가,18631.0,18631.0,100.0,18631.0,100.0,41463850.0,77616090.0,362.0,4714540.0,33.0,6.1,4221.0,1314.0,0.23,74.0,5.6,8.6,44.6
2026-04-22,e-영업2,매칭,최저가,18585.0,18585.0,100.0,18585.0,100.0,42704710.0,65826620.0,331.0,3582710.0,25.0,5.4,4088.0,1251.0,0.22,61.0,4.9,8.1,41.0
2026-04-23,e-영업2,매칭,최저가,14364.0,14364.0,100.0,14364.0,100.0,34796290.0,59433640.0,238.0,2570900.0,17.0,4.3,3154.0,862.0,0.22,39.0,4.5,7.5,43.6
2026-04-24,e-영업2,매칭,최저가,,,,,,,,,,,,,,,,,,
2026-04-25,e-영업2,매칭,최저가,,,,,,,,,,,,,,,,,,
2026-04-26,e-영업2,매칭,최저가,,,,,,,,,,,,,,,,,,
2026-04-27,e-영업2,매칭,최저가,,,,,,,,,,,,,,,,,,
2026-04-28,e-영업2,매칭,최저가,,,,,,,,,,,,,,,,,,
2026-04-29,e-영업2,매칭,최저가,,,,,,,,,,,,,,,,,,
2026-04-30,e-영업2,매칭,최저가,18035.0,18035.0,100.0,18035.0,100.0,34729560.0,60210890.0,293.0,4481300.0,25.0,7.4,3486.0,1149.0,0.19,57.0,5.0,8.4,43.9
2026-05-01,e-영업2,매칭,최저가,14986.0,14986.0,100.0,14986.0,100.0,51732700.0,64286960.0,301.0,4865930.0,38.0,7.6,3570.0,1011.0,0.24,69.0,6.8,8.4,55.1
2026-05-02,e-영업2,매칭,최저가,18175.0,18175.0,100.0,18175.0,100.0,83708520.0,101269130.0,399.0,9669640.0,42.0,9.5,4476.0,1393.0,0.25,88.0,6.3,8.9,47.7
2026-05-03,e-영업2,매칭,최저가,18217.0,18217.0,100.0,18217.0,100.0,69396640.0,105816030.0,439.0,10249020.0,63.0,9.7,5045.0,1747.0,0.28,112.0,6.4,8.7,56.3
2026-05-04,e-영업2,매칭,최저가,,,,,,,,,,,,,,,,,,
2026-05-05,e-영업2,매칭,최저가,15012.0,15012.0,100.0,15012.0,100.0,64245170.0,86093050.0,415.0,9121680.0,50.0,10.6,4620.0,1430.0,0.31,113.0,7.9,9.0,44.2
2026-05-06,e-영업2,매칭,최저가,14863.0,14863.0,100.0,14863.0,100.0,69042780.0,87145670.0,388.0,8353960.0,47.0,9.6,3715.0,1146.0,0.25,74.0,6.5,10.4,63.5
2026-05-07,e-영업2,매칭,최저가,,,,,,,,,,,,,,,,,,
2026-05-08,e-영업2,매칭,최저가,16012.0,16012.0,100.0,16012.0,100.0,28346550.0,59657630.0,278.0,5130110.0,32.0,8.6,3151.0,936.0,0.2,55.0,5.9,8.8,58.2
2026-05-09,e-영업2,매칭,최저가,,,,,,,,,,,,,,,,,,
2026-05-10,e-영업2,매칭,최저가,,,,,,,,,,,,,,,,,,
2026-05-11,e-영업2,매칭,최저가,14677.0,14677.0,100.0,14677.0,100.0,26325650.0,53269650.0,229.0,4333570.0,26.0,8.1,3196.0,1048.0,0.22,54.0,5.2,7.2,48.1
2026-05-12,e-영업2,매칭,최저가,15113.0,15113.0,100.0,15113.0,100.0,25755240.0,54283710.0,279.0,2695330.0,19.0,5.0,3545.0,1173.0,0.23,61.0,5.2,7.9,31.1
2026-05-13,e-영업2,매칭,최저가,15559.0,15559.0,100.0,15559.0,100.0,44433870.0,77681380.0,333.0,5243600.0,31.0,6.8,3591.0,1183.0,0.23,57.0,4.8,9.3,54.4
2026-05-14,e-영업2,매칭,최저가,15543.0,15543.0,100.0,15543.0,100.0,39219420.0,67646950.0,297.0,5774170.0,39.0,8.5,3457.0,1066.0,0.22,68.0,6.4,8.6,57.4
2026-05-15,e-영업2,매칭,최저가,15760.0,15760.0,100.0,15760.0,100.0,29971720.0,58096620.0,288.0,4781200.0,24.0,8.2,3252.0,974.0,0.21,47.0,4.8,8.9,51.1
2026-05-16,e-영업2,매칭,최저가,12717.0,12717.0,100.0,12717.0,100.0,25356550.0,36518620.0,202.0,3398890.0,21.0,9.3,2589.0,722.0,0.2,36.0,5.0,7.8,58.3
2026-05-17,e-영업2,매칭,최저가,12750.0,12750.0,100.0,12750.0,100.0,35293980.0,45139750.0,209.0,1891460.0,17.0,4.2,3072.0,942.0,0.24,35.0,3.7,6.8,48.6
2026-05-18,e-영업2,매칭,최저가,14447.0,14447.0,100.0,14447.0,100.0,26520930.0,49938440.0,276.0,2974730.0,19.0,6.0,3070.0,994.0,0.21,47.0,4.7,9.0,40.4
2026-05-19,e-영업2,매칭,최저가,14413.0,14413.0,100.0,14413.0,100.0,19362150.0,40296680.0,219.0,3530540.0,19.0,8.8,2835.0,894.0,0.2,41.0,4.6,7.7,46.3
2026-05-20,e-영업2,매칭,최저가,14228.0,14228.0,100.0,14228.0,100.0,17383400.0,37047610.0,204.0,2456140.0,21.0,6.6,2739.0,851.0,0.19,37.0,4.3,7.4,56.8
2026-05-21,e-영업2,매칭,최저가,14940.0,14940.0,100.0,14940.0,100.0,19376080.0,38819510.0,194.0,3318910.0,25.0,8.5,2714.0,861.0,0.18,40.0,4.6,7.1,62.5
2026-05-22,e-영업2,매칭,최저가,15442.0,15442.0,100.0,15442.0,100.0,32450430.0,49238790.0,210.0,3736300.0,19.0,7.6,2857.0,935.0,0.19,31.0,3.3,7.4,61.3
2026-05-23,e-영업2,매칭,최저가,13121.0,13121.0,100.0,13121.0,100.0,34783360.0,45131160.0,201.0,3044250.0,21.0,6.7,2570.0,727.0,0.2,44.0,6.1,7.8,47.7
2026-05-24,e-영업2,매칭,최저가,14738.0,14738.0,100.0,14738.0,100.0,31864850.0,53150200.0,257.0,2317800.0,15.0,4.4,3420.0,1021.0,0.23,53.0,5.2,7.5,28.3
2026-05-25,e-영업2,매칭,최저가,13796.0,13796.0,100.0,13796.0,100.0,36050670.0,51715730.0,239.0,4052380.0,24.0,7.8,3295.0,1015.0,0.24,44.0,4.3,7.3,54.5
2026-05-26,e-영업2,매칭,최저가,,,,,,,,,,,,,,,,,,
2026-05-27,e-영업2,매칭,최저가,14710.0,14710.0,100.0,14710.0,100.0,18622340.0,38830390.0,213.0,3525700.0,28.0,9.1,2914.0,953.0,0.2,64.0,6.7,7.3,43.8
2026-05-28,e-영업2,매칭,최저가,15485.0,15485.0,100.0,15485.0,100.0,18956270.0,44524550.0,220.0,4417300.0,30.0,9.9,2897.0,976.0,0.19,57.0,5.8,7.6,52.6
2026-05-29,e-영업2,매칭,최저가,15515.0,15515.0,100.0,15515.0,100.0,30203380.0,45522240.0,234.0,4305970.0,26.0,9.5,2794.0,955.0,0.18,39.0,4.1,8.4,66.7
2026-05-30,e-영업2,매칭,최저가,13166.0,13166.0,100.0,13166.0,100.0,29925200.0,41215200.0,207.0,1623280.0,13.0,3.9,2877.0,881.0,0.22,38.0,4.3,7.2,34.2
2026-05-31,e-영업2,매칭,최저가,14151.0,14151.0,100.0,14151.0,100.0,44759420.0,51217340.0,269.0,4678450.0,29.0,9.1,3294.0,1045.0,0.23,65.0,6.2,8.2,44.6
2026-06-01,e-영업2,매칭,최저가,11631.0,11631.0,100.0,11631.0,100.0,24147670.0,48108390.0,245.0,3377150.0,25.0,7.0,2603.0,910.0,0.22,46.0,5.1,9.4,54.3
2026-06-02,e-영업2,매칭,최저가,14892.0,14892.0,100.0,14892.0,100.0,34563450.0,63778850.0,266.0,3172130.0,19.0,5.0,3032.0,1005.0,0.2,58.0,5.8,8.8,32.8
2026-06-03,e-영업2,매칭,최저가,15382.0,15382.0,100.0,15382.0,100.0,58581850.0,69099600.0,322.0,7048450.0,35.0,10.2,3626.0,1123.0,0.24,69.0,6.1,8.9,50.7
2026-06-04,e-영업2,매칭,최저가,15278.0,15278.0,100.0,15278.0,100.0,28595780.0,52490850.0,234.0,3010960.0,24.0,5.7,2851.0,932.0,0.19,43.0,4.6,8.2,55.8
2026-06-05,e-영업2,매칭,최저가,15069.0,15069.0,100.0,15069.0,100.0,18804770.0,38986090.0,200.0,2919410.0,18.0,7.5,2753.0,921.0,0.18,41.0,4.5,7.3,43.9
2026-06-06,e-영업2,매칭,최저가,14609.0,14609.0,100.0,14609.0,100.0,39597450.0,56485070.0,236.0,4469200.0,23.0,7.9,2994.0,912.0,0.2,43.0,4.7,7.9,53.5
2026-06-07,e-영업2,매칭,최저가,15276.0,15276.0,100.0,15276.0,100.0,48312720.0,58260050.0,280.0,4229070.0,29.0,7.3,3492.0,1063.0,0.23,76.0,7.1,8.0,38.2
2026-06-08,e-영업2,매칭,최저가,,,,,,,,,,,,,,,,,,
2026-06-09,e-영업2,매칭,최저가,,,,,,,,,,,,,,,,,,
2026-06-10,e-영업2,매칭,최저가,14973.0,14973.0,100.0,14973.0,100.0,14554100.0,33338100.0,188.0,2952980.0,15.0,8.9,2448.0,807.0,0.16,30.0,3.7,7.7,50.0
2026-06-11,e-영업2,매칭,최저가,15029.0,15029.0,100.0,15029.0,100.0,9173740.0,36771680.0,184.0,2120830.0,15.0,5.8,2569.0,844.0,0.17,29.0,3.4,7.2,51.7
2026-06-12,e-영업2,매칭,최저가,14541.0,14541.0,100.0,14541.0,100.0,12357360.0,28510980.0,151.0,2193600.0,16.0,7.7,2500.0,801.0,0.17,39.0,4.9,6.0,41.0
2026-06-13,e-영업2,매칭,최저가,14170.0,14170.0,100.0,14170.0,100.0,27095050.0,40808700.0,164.0,3876260.0,22.0,9.5,2572.0,799.0,0.18,25.0,3.1,6.4,88.0
2026-06-14,e-영업2,매칭,최저가,15103.0,15103.0,100.0,15103.0,100.0,50755410.0,65660250.0,264.0,4514700.0,18.0,6.9,3209.0,1055.0,0.21,41.0,3.9,8.2,43.9
2026-06-15,e-영업2,매칭,최저가,14683.0,14683.0,100.0,14683.0,100.0,35726450.0,57163650.0,237.0,4344900.0,26.0,7.6,3500.0,1481.0,0.24,53.0,3.6,6.8,49.1
2026-06-16,e-영업2,매칭,최저가,15359.0,15359.0,100.0,15359.0,100.0,23281500.0,38020810.0,205.0,2579370.0,25.0,6.8,2854.0,862.0,0.19,36.0,4.2,7.2,69.4
2026-06-17,e-영업2,매칭,최저가,15455.0,15455.0,100.0,15455.0,100.0,25704620.0,44254350.0,241.0,3423440.0,21.0,7.7,2875.0,828.0,0.19,50.0,6.0,8.4,42.0
2026-06-18,e-영업2,매칭,최저가,15376.0,15376.0,100.0,15376.0,100.0,26761790.0,43602600.0,221.0,3426840.0,16.0,7.9,2701.0,741.0,0.18,39.0,5.3,8.2,41.0
2026-06-19,e-영업2,매칭,최저가,15265.0,15265.0,100.0,15265.0,100.0,27205670.0,46330720.0,223.0,4338600.0,25.0,9.4,2675.0,728.0,0.18,46.0,6.3,8.3,54.3
2026-06-20,e-영업2,매칭,최저가,14055.0,14055.0,100.0,14055.0,100.0,29267820.0,49101890.0,218.0,3163820.0,15.0,6.4,2801.0,703.0,0.2,37.0,5.3,7.8,40.5
2026-06-21,e-영업2,매칭,최저가,15360.0,15360.0,100.0,15360.0,100.0,57889330.0,74450510.0,317.0,6219000.0,32.0,8.4,3152.0,763.0,0.21,72.0,9.4,10.1,44.4
2026-06-22,e-영업2,매칭,최저가,15257.0,15257.0,100.0,15257.0,100.0,30339230.0,53108450.0,218.0,3354500.0,22.0,6.3,2674.0,798.0,0.18,37.0,4.6,8.2,59.5
2026-06-23,e-영업2,매칭,최저가,15053.0,15053.0,100.0,15053.0,100.0,23806800.0,47888510.0,237.0,2395040.0,16.0,5.0,2442.0,723.0,0.16,46.0,6.4,9.7,34.8
2026-06-24,e-영업2,매칭,최저가,15388.0,15388.0,100.0,15388.0,100.0,22535540.0,38270320.0,214.0,4022840.0,17.0,10.5,2483.0,725.0,0.16,33.0,4.6,8.6,51.5
2026-06-25,e-영업2,매칭,최저가,15404.0,15404.0,100.0,15404.0,100.0,22202830.0,46886730.0,212.0,3117840.0,21.0,6.6,2349.0,657.0,0.15,39.0,5.9,9.0,53.8
2026-06-26,e-영업2,매칭,최저가,15186.0,15186.0,100.0,15186.0,100.0,19618210.0,41408710.0,190.0,1634140.0,9.0,3.9,2250.0,569.0,0.15,32.0,5.6,8.4,28.1
2026-06-27,e-영업2,매칭,최저가,,,,,,,,,,,,,,,,,,
2026-06-28,e-영업2,매칭,최저가,15148.0,15148.0,100.0,15148.0,100.0,60224790.0,72965190.0,379.0,5277690.0,41.0,7.2,3349.0,933.0,0.22,63.0,6.8,11.3,65.1
2026-06-29,e-영업2,매칭,최저가,,,,,,,,,,,,,,,,,,
2026-06-30,e-영업2,매칭,최저가,14823.0,14823.0,100.0,14823.0,100.0,16008340.0,33706830.0,183.0,2456630.0,16.0,7.3,2687.0,813.0,0.18,49.0,6.0,6.8,32.7
2026-07-01,e-영업2,매칭,최저가,13367.0,13367.0,100.0,13367.0,100.0,25074150.0,39611590.0,184.0,2098740.0,13.0,5.3,2164.0,635.0,0.16,27.0,4.3,8.5,48.1
2026-07-02,e-영업2,매칭,최저가,12729.0,12729.0,100.0,12729.0,100.0,13003350.0,25336880.0,151.0,2507950.0,13.0,9.9,1898.0,553.0,0.15,19.0,3.4,8.0,68.4
2026-07-03,e-영업2,매칭,최저가,12751.0,12751.0,100.0,12751.0,100.0,22617640.0,38901770.0,194.0,2003400.0,17.0,5.1,2344.0,668.0,0.18,32.0,4.8,8.3,53.1
2026-07-04,e-영업2,매칭,최저가,14499.0,14499.0,100.0,14499.0,100.0,36782680.0,58388900.0,297.0,3371410.0,24.0,5.8,2990.0,814.0,0.21,43.0,5.3,9.9,55.8
2026-07-05,e-영업2,매칭,최저가,15141.0,15141.0,100.0,15141.0,100.0,54515730.0,64052190.0,305.0,3973410.0,29.0,6.2,3535.0,1078.0,0.23,51.0,4.7,8.6,56.9
2026-07-06,e-영업2,매칭,최저가,14991.0,14991.0,100.0,14991.0,100.0,33132470.0,52903050.0,242.0,3479580.0,23.0,6.6,2810.0,927.0,0.19,44.0,4.7,8.6,52.3
2026-07-07,e-영업2,매칭,최저가,14945.0,14945.0,100.0,14945.0,100.0,32407930.0,48705640.0,262.0,4830470.0,29.0,9.9,2999.0,944.0,0.2,60.0,6.4,8.7,48.3
2026-07-08,e-영업2,매칭,최저가,14848.0,14848.0,100.0,14848.0,100.0,25983600.0,45467770.0,251.0,3907400.0,27.0,8.6,2899.0,896.0,0.2,45.0,5.0,8.7,60.0
2026-07-09,e-영업2,매칭,최저가,14726.0,14726.0,100.0,14726.0,100.0,26248310.0,46430560.0,197.0,3723030.0,23.0,8.0,2674.0,816.0,0.18,50.0,6.1,7.4,46.0
2026-07-10,e-영업2,매칭,최저가,14908.0,14908.0,100.0,14908.0,100.0,35682630.0,53931640.0,257.0,3640960.0,22.0,6.8,2759.0,802.0,0.19,37.0,4.6,9.3,59.5
2026-07-11,e-영업2,매칭,최저가,13644.0,13644.0,100.0,13644.0,100.0,31651250.0,49100990.0,239.0,4471500.0,24.0,9.1,2909.0,785.0,0.21,48.0,6.1,8.2,50.0
2026-07-12,e-영업2,매칭,최저가,14994.0,14994.0,100.0,14994.0,100.0,57165450.0,65929550.0,328.0,5050340.0,34.0,7.7,3498.0,967.0,0.23,63.0,6.5,9.4,54.0
2026-07-13,e-영업2,매칭,최저가,14889.0,14889.0,100.0,14889.0,100.0,32091330.0,51902400.0,254.0,3435970.0,27.0,6.6,2755.0,830.0,0.19,48.0,5.8,9.2,56.3
2026-07-14,e-영업2,매칭,최저가,14841.0,14841.0,100.0,14841.0,100.0,12165240.0,36252180.0,192.0,2026300.0,15.0,5.6,2503.0,796.0,0.17,26.0,3.3,7.7,57.7
2026-07-15,e-영업2,매칭,최저가,14303.0,14303.0,100.0,14303.0,100.0,24551060.0,46029370.0,232.0,2893030.0,20.0,6.3,2588.0,781.0,0.18,40.0,5.1,9.0,50.0
2026-07-16,e-영업2,매칭,최저가,13842.0,13842.0,100.0,13842.0,100.0,18735500.0,37442950.0,175.0,2117350.0,17.0,5.7,2211.0,653.0,0.16,38.0,5.8,7.9,44.7
2026-07-17,e-영업2,매칭,최저가,14197.0,14197.0,100.0,14197.0,100.0,46222780.0,57200560.0,265.0,4453120.0,25.0,7.8,2716.0,717.0,0.19,39.0,5.4,9.8,64.1
2026-07-18,e-영업2,매칭,최저가,14618.0,14618.0,100.0,14618.0,100.0,26797050.0,53836560.0,264.0,2555150.0,21.0,4.7,2986.0,864.0,0.2,43.0,5.0,8.8,48.8
2026-07-19,e-영업2,매칭,최저가,14816.0,14816.0,100.0,14816.0,100.0,49088670.0,60080210.0,288.0,3976050.0,24.0,6.6,3254.0,957.0,0.22,54.0,5.6,8.9,44.4
2026-07-20,e-영업2,매칭,최저가,14868.0,14868.0,100.0,14868.0,100.0,23122030.0,46224390.0,244.0,2536050.0,24.0,5.5,2758.0,856.0,0.19,47.0,5.5,8.8,51.1
2026-07-21,e-영업2,매칭,최저가,15467.0,15467.0,100.0,15467.0,100.0,19829860.0,37974400.0,234.0,3520020.0,25.0,9.3,2837.0,843.0,0.18,55.0,6.5,8.2,45.5
2026-07-22,e-영업2,매칭,최저가,15592.0,15592.0,100.0,15592.0,100.0,28024680.0,49869420.0,251.0,3649300.0,27.0,7.3,2915.0,853.0,0.19,44.0,5.2,8.6,61.4
2026-07-23,e-영업2,매칭,최저가,14558.0,14558.0,100.0,14558.0,100.0,15606160.0,31895760.0,189.0,2511920.0,20.0,7.9,2773.0,838.0,0.19,34.0,4.1,6.8,58.8
2026-07-24,e-영업2,매칭,최저가,15223.0,15223.0,100.0,15223.0,100.0,21756530.0,39181400.0,217.0,2893230.0,20.0,7.4,2736.0,799.0,0.18,47.0,5.9,7.9,42.6
2026-07-25,e-영업2,매칭,최저가,14736.0,14736.0,100.0,14736.0,100.0,32769480.0,48589310.0,250.0,5484480.0,25.0,11.3,2950.0,839.0,0.2,47.0,5.6,8.5,53.2
2026-07-26,e-영업2,매칭,최저가,15587.0,15587.0,100.0,15587.0,100.0,49137050.0,58715760.0,290.0,5904280.0,34.0,10.1,3189.0,903.0,0.2,62.0,6.9,9.1,54.8
2026-07-27,e-영업2,매칭,최저가,15463.0,15463.0,100.0,15463.0,100.0,38837860.0,55593580.0,267.0,3414020.0,23.0,6.1,3065.0,974.0,0.2,51.0,5.2,8.7,45.1
2026-07-28,e-영업2,매칭,최저가,15326.0,15326.0,100.0,15326.0,100.0,16607190.0,38839630.0,218.0,3851790.0,30.0,9.9,2694.0,820.0,0.18,43.0,5.2,8.1,69.8
2026-07-29,e-영업2,매칭,최저가,15544.0,15544.0,100.0,15544.0,100.0,35812200.0,52241540.0,265.0,3942400.0,28.0,7.5,2818.0,879.0,0.18,50.0,5.7,9.4,56.0
2026-01-01,e-영업3,Total,Total,1460776.0,727103.0,49.8,91198.0,6.2,47210044.0,58544054.0,251.0,8621377.0,60.0,14.7,8706.0,5195.0,0.01,114.0,2.2,2.9,52.6
2026-01-02,e-영업3,Total,Total,1442118.0,728440.0,50.5,89667.0,6.2,15579770.0,41571520.0,190.0,7213290.0,27.0,17.4,8043.0,4904.0,0.01,98.0,2.0,2.4,27.6
2026-01-03,e-영업3,Total,Total,1442902.0,725279.0,50.3,89504.0,6.2,31410397.0,40144287.0,194.0,9124530.0,40.0,22.7,9103.0,5389.0,0.01,114.0,2.1,2.1,35.1
2026-01-04,e-영업3,Total,Total,1427590.0,721785.0,50.6,89733.0,6.3,36298647.0,46822827.0,224.0,10553800.0,48.0,22.5,9935.0,5980.0,0.01,127.0,2.1,2.3,37.8
2026-01-05,e-영업3,Total,Total,1430281.0,721316.0,50.4,89340.0,6.2,7410587.0,35324767.0,188.0,9903360.0,51.0,28.0,8018.0,4897.0,0.01,106.0,2.2,2.3,48.1
2026-01-06,e-영업3,Total,Total,1429700.0,721843.0,50.5,89571.0,6.3,13015120.0,26736840.0,146.0,4922400.0,28.0,18.4,7691.0,4777.0,0.01,72.0,1.5,1.9,38.9
2026-01-07,e-영업3,Total,Total,1425871.0,723227.0,50.7,89384.0,6.3,15522462.0,31148802.0,153.0,5236560.0,33.0,16.8,7597.0,4684.0,0.01,66.0,1.4,2.0,50.0
2026-01-08,e-영업3,Total,Total,1401321.0,723127.0,51.6,88747.0,6.3,12201838.0,25995488.0,134.0,5063550.0,33.0,19.5,7506.0,4619.0,0.01,66.0,1.4,1.8,50.0
2026-01-09,e-영업3,Total,Total,1401448.0,721034.0,51.4,89729.0,6.4,9651880.0,22712537.0,127.0,5207240.0,31.0,22.9,7077.0,4478.0,0.01,60.0,1.3,1.8,51.7
2026-01-10,e-영업3,Total,Total,1401082.0,723833.0,51.7,88294.0,6.3,29488280.0,35658910.0,169.0,5838660.0,30.0,16.4,8344.0,4946.0,0.01,93.0,1.9,2.0,32.3
2026-01-11,e-영업3,Total,Total,1391203.0,721690.0,51.9,88635.0,6.4,44628710.0,57606260.0,262.0,8871050.0,53.0,15.4,10883.0,6436.0,0.01,125.0,1.9,2.4,42.4
2026-01-12,e-영업3,Total,Total,1395118.0,721350.0,51.7,88367.0,6.3,405121.0,24961368.0,157.0,4542032.0,34.0,18.2,8737.0,5435.0,0.01,90.0,1.7,1.8,37.8
2026-01-13,e-영업3,Total,Total,1408623.0,723736.0,51.4,88408.0,6.3,19944682.0,32313380.0,177.0,7655170.0,49.0,23.7,8339.0,5178.0,0.01,108.0,2.1,2.1,45.4
2026-01-14,e-영업3,Total,Total,1397771.0,720710.0,51.6,87042.0,6.2,20911096.0,36798386.0,160.0,8359536.0,32.0,22.7,8195.0,5056.0,0.01,78.0,1.5,2.0,41.0
2026-01-15,e-영업3,Total,Total,1430774.0,726695.0,50.8,86034.0,6.0,16157887.0,38637554.0,166.0,7808027.0,25.0,20.2,7480.0,4700.0,0.01,82.0,1.7,2.2,30.5
2026-01-16,e-영업3,Total,Total,1427036.0,723776.0,50.7,86329.0,6.0,8203682.0,20339052.0,117.0,4739515.0,28.0,23.3,7161.0,4497.0,0.01,70.0,1.6,1.6,40.0
2026-01-17,e-영업3,Total,Total,1421621.0,725413.0,51.0,86041.0,6.1,18702500.0,26669330.0,133.0,5811930.0,31.0,21.8,7949.0,4787.0,0.01,82.0,1.7,1.7,37.8
2026-01-18,e-영업3,Total,Total,1418495.0,726346.0,51.2,86242.0,6.1,35357570.0,42882070.0,164.0,10807410.0,42.0,25.2,8438.0,5074.0,0.01,96.0,1.9,1.9,43.8
2026-01-19,e-영업3,Total,Total,1405126.0,717268.0,51.0,85944.0,6.1,20304008.0,45433005.0,184.0,5101390.0,37.0,11.2,8091.0,4953.0,0.01,91.0,1.8,2.3,40.7
2026-01-20,e-영업3,Total,Total,1414253.0,719232.0,50.9,85996.0,6.1,11950620.0,33391080.0,146.0,10456950.0,32.0,31.3,7748.0,4728.0,0.01,81.0,1.7,1.9,39.5
2026-01-21,e-영업3,Total,Total,1425624.0,715947.0,50.2,85628.0,6.0,15963390.0,30515990.0,164.0,6941530.0,38.0,22.7,7604.0,4680.0,0.01,81.0,1.7,2.2,46.9
2026-01-22,e-영업3,Total,Total,1414105.0,711025.0,50.3,87277.0,6.2,17387377.0,26378237.0,149.0,6762807.0,38.0,25.6,7308.0,4571.0,0.01,87.0,1.9,2.0,43.7
2026-01-23,e-영업3,Total,Total,1415719.0,706882.0,49.9,88295.0,6.2,13644717.0,26499907.0,142.0,5313117.0,29.0,20.0,7103.0,4301.0,0.01,70.0,1.6,2.0,41.4
2026-01-24,e-영업3,Total,Total,1412082.0,708944.0,50.2,93525.0,6.6,22701714.0,27702334.0,152.0,4983877.0,29.0,18.0,8370.0,4947.0,0.01,71.0,1.4,1.8,40.8
2026-01-25,e-영업3,Total,Total,1408606.0,714504.0,50.7,93855.0,6.7,60721134.0,69695524.0,215.0,21358600.0,50.0,30.6,9144.0,5502.0,0.01,118.0,2.1,2.4,42.4
2026-01-26,e-영업3,Total,Total,1406735.0,714387.0,50.8,93005.0,6.6,19032221.0,34253526.0,140.0,6135699.0,30.0,17.9,7662.0,4806.0,0.01,87.0,1.8,1.8,34.5
2026-01-27,e-영업3,Total,Total,1399875.0,707076.0,50.5,85816.0,6.1,12461820.0,30764790.0,140.0,9205430.0,35.0,29.9,7471.0,4631.0,0.01,82.0,1.8,1.9,42.7
2026-01-28,e-영업3,Total,Total,1407513.0,706947.0,50.2,87453.0,6.2,9857770.0,26645790.0,123.0,5878090.0,30.0,22.1,7251.0,4486.0,0.01,65.0,1.4,1.7,46.2
2026-01-29,e-영업3,Total,Total,1406313.0,707464.0,50.3,92666.0,6.6,23271350.0,39050060.0,128.0,10650240.0,33.0,27.3,7040.0,4341.0,0.01,71.0,1.6,1.8,46.5
2026-01-30,e-영업3,Total,Total,1412121.0,708245.0,50.2,95355.0,6.8,5963390.0,17376540.0,107.0,2268460.0,18.0,13.1,6706.0,4146.0,0.0,61.0,1.5,1.6,29.5
2026-01-31,e-영업3,Total,Total,1411718.0,709598.0,50.3,91678.0,6.5,19672905.0,24002582.0,123.0,3979578.0,25.0,16.6,7123.0,4239.0,0.01,78.0,1.8,1.7,32.1
2026-02-01,e-영업3,Total,Total,1408199.0,714819.0,50.8,92502.0,6.6,25330850.0,31688870.0,140.0,8255470.0,30.0,26.1,8117.0,4876.0,0.01,85.0,1.7,1.7,35.3
2026-02-02,e-영업3,Total,Total,1413865.0,709718.0,50.2,91413.0,6.5,-1819007.0,18366120.0,106.0,3311640.0,24.0,18.0,6574.0,4051.0,0.0,67.0,1.7,1.6,35.8
2026-02-03,e-영업3,Total,Total,1399844.0,700341.0,50.0,95354.0,6.8,10504629.0,31756780.0,103.0,5435100.0,26.0,17.1,6868.0,4174.0,0.0,70.0,1.7,1.5,37.1
2026-02-04,e-영업3,Total,Total,1342974.0,700700.0,52.2,95938.0,7.1,19388720.0,32137050.0,112.0,18038140.0,26.0,56.1,6890.0,4239.0,0.01,61.0,1.4,1.6,42.6
2026-02-05,e-영업3,Total,Total,1357215.0,704956.0,51.9,97825.0,7.2,6835060.0,39585380.0,142.0,11914590.0,41.0,30.1,6724.0,4092.0,0.0,76.0,1.9,2.1,53.9
2026-02-06,e-영업3,Total,Total,1379364.0,708552.0,51.4,100225.0,7.3,18449192.0,33856842.0,123.0,7957529.0,19.0,23.5,6708.0,4094.0,0.0,62.0,1.5,1.8,30.6
2026-02-07,e-영업3,Total,Total,1375191.0,709238.0,51.6,105112.0,7.6,26571310.0,35666700.0,157.0,6893550.0,40.0,19.3,7729.0,4580.0,0.01,92.0,2.0,2.0,43.5
2026-02-08,e-영업3,Total,Total,1368475.0,713281.0,52.1,103806.0,7.6,27692251.0,34283664.0,173.0,12863846.0,51.0,37.5,8736.0,5294.0,0.01,98.0,1.9,2.0,52.0
2026-02-09,e-영업3,Total,Total,1367451.0,712553.0,52.1,101937.0,7.5,8215099.0,24161489.0,139.0,4908128.0,29.0,20.3,7216.0,4526.0,0.01,80.0,1.8,1.9,36.3
2026-02-10,e-영업3,Total,Total,1362685.0,713079.0,52.3,103601.0,7.6,4478873.0,18212453.0,124.0,3470880.0,29.0,19.1,6995.0,4370.0,0.01,65.0,1.5,1.8,44.6
2026-02-11,e-영업3,Total,Total,1333425.0,696361.0,52.2,102800.0,7.7,10973843.0,17103563.0,125.0,3494753.0,31.0,20.4,6600.0,4154.0,0.0,42.0,1.0,1.9,73.8
2026-02-12,e-영업3,Total,Total,1345738.0,702132.0,52.2,102242.0,7.6,14516960.0,21306510.0,133.0,6494360.0,27.0,30.5,6459.0,3968.0,0.0,59.0,1.5,2.1,45.8
2026-02-13,e-영업3,Total,Total,1298902.0,701659.0,54.0,101518.0,7.8,12896259.0,25534519.0,115.0,9301046.0,27.0,36.4,5791.0,3553.0,0.0,51.0,1.4,2.0,52.9
2026-02-14,e-영업3,Total,Total,1313658.0,707478.0,53.9,102292.0,7.8,17020641.0,20968751.0,115.0,6135403.0,30.0,29.3,6673.0,3992.0,0.01,64.0,1.6,1.7,46.9
2026-02-15,e-영업3,Total,Total,1314835.0,708354.0,53.9,99060.0,7.5,10190858.0,15280518.0,106.0,2606070.0,24.0,17.1,6982.0,4291.0,0.01,73.0,1.7,1.5,32.9
2026-02-16,e-영업3,Total,Total,1317999.0,709372.0,53.8,98061.0,7.4,17162520.0,21788290.0,114.0,4736850.0,21.0,21.7,6493.0,3949.0,0.0,52.0,1.3,1.8,40.4
2026-02-17,e-영업3,Total,Total,1324516.0,707705.0,53.4,96511.0,7.3,15192190.0,19730030.0,103.0,2890520.0,21.0,14.7,6571.0,4141.0,0.0,63.0,1.5,1.6,33.3
2026-02-18,e-영업3,Total,Total,1332660.0,706809.0,53.0,94794.0,7.1,14109767.0,22449200.0,157.0,3484720.0,28.0,15.5,8775.0,5579.0,0.01,73.0,1.3,1.8,38.4
2026-02-19,e-영업3,Total,Total,1274751.0,703373.0,55.2,91391.0,7.2,7175893.0,26892443.0,172.0,6416823.0,35.0,23.9,7925.0,5585.0,0.01,72.0,1.3,2.2,48.6
2026-02-20,e-영업3,Total,Total,1255265.0,705489.0,56.2,93211.0,7.4,13365456.0,24464789.0,146.0,6107009.0,39.0,25.0,7228.0,4473.0,0.01,95.0,2.1,2.0,41.1
2026-02-21,e-영업3,Total,Total,1246236.0,709129.0,56.9,93419.0,7.5,28144222.0,29787642.0,156.0,3334450.0,22.0,11.2,8620.0,5134.0,0.01,84.0,1.6,1.8,26.2
2026-02-22,e-영업3,Total,Total,1249331.0,714495.0,57.2,93595.0,7.5,29863513.0,37281803.0,223.0,10655823.0,46.0,28.6,9545.0,5748.0,0.01,123.0,2.1,2.3,37.4
2026-02-23,e-영업3,Total,Total,1225652.0,705143.0,57.5,90485.0,7.4,15143271.0,29344650.0,174.0,3996190.0,32.0,13.6,7654.0,4864.0,0.01,77.0,1.6,2.3,41.6
2026-02-24,e-영업3,Total,Total,1216796.0,700956.0,57.6,89897.0,7.4,9165550.0,26654180.0,132.0,5267800.0,32.0,19.8,7241.0,4539.0,0.01,70.0,1.5,1.8,45.7
2026-02-25,e-영업3,Total,Total,1217991.0,701651.0,57.6,89977.0,7.4,11689510.0,21828780.0,147.0,4106010.0,31.0,18.8,7283.0,4547.0,0.01,80.0,1.8,2.0,38.8
2026-02-26,e-영업3,Total,Total,1223021.0,700696.0,57.3,91171.0,7.5,11042950.0,25550010.0,147.0,6050650.0,31.0,23.7,7232.0,4480.0,0.01,73.0,1.6,2.0,42.5
2026-02-27,e-영업3,Total,Total,1213901.0,698975.0,57.6,92637.0,7.6,10863407.0,22869430.0,152.0,6120480.0,36.0,26.8,6834.0,4251.0,0.01,60.0,1.4,2.2,60.0
2026-02-28,e-영업3,Total,Total,1216362.0,701513.0,57.7,95445.0,7.8,22148890.0,30782990.0,195.0,4855420.0,36.0,15.8,8622.0,5210.0,0.01,86.0,1.7,2.3,41.9
2026-03-01,e-영업3,Total,Total,1214248.0,704046.0,58.0,97061.0,8.0,27594990.0,37195860.0,218.0,5333220.0,41.0,14.3,9481.0,5854.0,0.01,89.0,1.5,2.3,46.1
2026-03-02,e-영업3,Total,Total,1210083.0,704519.0,58.2,97217.0,8.0,34380450.0,42413720.0,241.0,7432850.0,56.0,17.5,10212.0,6279.0,0.01,122.0,1.9,2.4,45.9
2026-03-03,e-영업3,Total,Total,1203976.0,699462.0,58.1,96469.0,8.0,15707250.0,36410520.0,205.0,10446090.0,57.0,28.7,7610.0,4710.0,0.01,115.0,2.4,2.7,49.6
2026-03-04,e-영업3,Total,Total,795577.0,490643.0,61.7,74159.0,9.3,12713740.0,23547810.0,131.0,2064580.0,24.0,8.8,4608.0,2776.0,0.01,57.0,2.1,2.8,42.1
2026-03-05,e-영업3,Total,Total,802141.0,493000.0,61.5,74457.0,9.3,7820100.0,20129810.0,121.0,5635400.0,27.0,28.0,4678.0,2805.0,0.01,49.0,1.7,2.6,55.1
2026-03-06,e-영업3,Total,Total,806563.0,495449.0,61.4,76677.0,9.5,15596780.0,24519550.0,129.0,4989960.0,28.0,20.4,4591.0,2722.0,0.01,46.0,1.7,2.8,60.9
2026-03-07,e-영업3,Total,Total,1204819.0,688196.0,57.1,104053.0,8.6,29599390.0,35900500.0,236.0,6470680.0,50.0,18.0,8707.0,5211.0,0.01,105.0,2.0,2.7,47.6
2026-03-08,e-영업3,Total,Total,812565.0,497427.0,61.2,77665.0,9.6,36422370.0,41556460.0,158.0,4485630.0,42.0,10.8,5745.0,3306.0,0.01,80.0,2.4,2.8,52.5
2026-03-09,e-영업3,Total,Total,814994.0,497680.0,61.1,77648.0,9.5,8147230.0,19260270.0,116.0,2505940.0,21.0,13.0,4751.0,2859.0,0.01,60.0,2.1,2.4,35.0
2026-03-10,e-영업3,Total,Total,1198771.0,688365.0,57.4,103048.0,8.6,19326070.0,31020270.0,176.0,7089040.0,30.0,22.9,7589.0,4715.0,0.01,73.0,1.5,2.3,41.1
2026-03-11,e-영업3,Total,Total,824884.0,498270.0,60.4,77651.0,9.4,7106200.0,18211570.0,117.0,2969640.0,30.0,16.3,4894.0,2978.0,0.01,69.0,2.3,2.4,43.5
2026-03-12,e-영업3,Total,Total,836861.0,498548.0,59.6,76318.0,9.1,7424090.0,12945580.0,111.0,3536490.0,30.0,27.3,4857.0,2958.0,0.01,51.0,1.7,2.3,58.8
2026-03-13,e-영업3,Total,Total,837279.0,495906.0,59.2,0.0,0.0,9778610.0,20164060.0,102.0,3705450.0,22.0,18.4,4423.0,2609.0,0.01,36.0,1.4,2.3,61.1
2026-03-14,e-영업3,Total,Total,840311.0,495906.0,59.0,80947.0,9.6,15244260.0,19133450.0,109.0,3289880.0,24.0,17.2,4930.0,2839.0,0.01,53.0,1.9,2.2,45.3
2026-03-15,e-영업3,Total,Total,1206117.0,675727.0,56.0,104383.0,8.7,30841700.0,38529430.0,190.0,2551390.0,28.0,6.6,9151.0,5519.0,0.01,86.0,1.6,2.1,32.6
2026-03-16,e-영업3,Total,Total,843372.0,495906.0,58.8,81329.0,9.6,6207850.0,14699240.0,120.0,3829670.0,29.0,26.1,5078.0,2983.0,0.01,57.0,1.9,2.4,50.9
2026-03-17,e-영업3,Total,Total,845652.0,495906.0,58.6,81633.0,9.7,7177230.0,12092310.0,108.0,1383980.0,16.0,11.4,5059.0,3092.0,0.01,59.0,1.9,2.1,27.1
2026-03-18,e-영업3,Total,Total,849927.0,495906.0,58.3,80370.0,9.5,7807750.0,16656070.0,134.0,4079500.0,29.0,24.5,4890.0,2860.0,0.01,55.0,1.9,2.7,52.7
2026-03-19,e-영업3,Total,Total,1192870.0,657087.0,55.1,105471.0,8.8,20232680.0,32232130.0,205.0,4369750.0,29.0,13.6,7662.0,4742.0,0.01,68.0,1.4,2.7,42.6
2026-03-20,e-영업3,Total,Total,1191582.0,654633.0,54.9,104722.0,8.8,17020630.0,25179460.0,175.0,4379700.0,26.0,17.4,7541.0,4648.0,0.01,73.0,1.6,2.3,35.6
2026-03-21,e-영업3,Total,Total,1189088.0,650036.0,54.7,104345.0,8.8,23698750.0,34572640.0,208.0,4286310.0,44.0,12.4,8171.0,4788.0,0.01,85.0,1.8,2.5,51.8
2026-03-22,e-영업3,Total,Total,1188522.0,649424.0,54.6,104020.0,8.8,28143150.0,33662640.0,222.0,8848520.0,42.0,26.3,9166.0,5496.0,0.01,96.0,1.7,2.4,43.8
2026-03-23,e-영업3,Total,Total,865564.0,495906.0,57.3,77847.0,9.0,10502040.0,19872440.0,146.0,3329830.0,21.0,16.8,5544.0,3319.0,0.01,52.0,1.6,2.6,40.4
2026-03-24,e-영업3,Total,Total,869128.0,495906.0,57.1,78200.0,9.0,10208020.0,19014730.0,144.0,3349770.0,26.0,17.6,5570.0,3309.0,0.01,56.0,1.7,2.6,46.4
2026-03-25,e-영업3,Total,Total,873225.0,495906.0,56.8,78245.0,9.0,6915030.0,13986470.0,121.0,2755310.0,23.0,19.7,5322.0,3201.0,0.01,41.0,1.3,2.3,56.1
2026-03-26,e-영업3,Total,Total,877482.0,495906.0,56.5,82462.0,9.4,10760560.0,18143130.0,136.0,2007810.0,18.0,11.1,5075.0,3029.0,0.01,49.0,1.6,2.7,36.7
2026-03-27,e-영업3,Total,Total,885336.0,495906.0,56.0,81793.0,9.2,6806660.0,14340400.0,113.0,1165260.0,13.0,8.1,4819.0,2877.0,0.01,45.0,1.6,2.3,28.9
2026-03-28,e-영업3,Total,Total,1218917.0,630712.0,51.7,99102.0,8.1,22073980.0,24684500.0,191.0,4935400.0,39.0,20.0,8394.0,4953.0,0.01,88.0,1.8,2.3,44.3
2026-03-29,e-영업3,Total,Total,1219711.0,630565.0,51.7,100832.0,8.3,27928325.0,32677865.0,228.0,4374120.0,37.0,13.4,9574.0,5754.0,0.01,102.0,1.8,2.4,36.3
2026-03-30,e-영업3,Total,Total,1215293.0,622097.0,51.2,98677.0,8.1,5998540.0,25008580.0,148.0,5990340.0,30.0,24.0,7893.0,4935.0,0.01,74.0,1.5,1.9,40.5
2026-03-31,e-영업3,Total,Total,925740.0,495906.0,53.6,81268.0,8.8,11791030.0,18496330.0,109.0,2283650.0,22.0,12.3,4741.0,2855.0,0.01,44.0,1.5,2.3,50.0
2026-04-01,e-영업3,Total,Total,934063.0,495906.0,53.1,80116.0,8.6,10023510.0,14984340.0,103.0,2783000.0,25.0,18.6,4594.0,2773.0,0.0,55.0,2.0,2.2,45.5
2026-04-02,e-영업3,Total,Total,1243764.0,613205.0,49.3,96390.0,7.7,14770040.0,32562300.0,126.0,7576590.0,21.0,23.3,6344.0,3969.0,0.01,54.0,1.4,2.0,38.9
2026-04-03,e-영업3,Total,Total,1208955.0,585001.0,48.4,83033.0,6.9,7196440.0,13842750.0,107.0,2429720.0,18.0,17.6,5825.0,3592.0,0.0,48.0,1.3,1.8,37.5
2026-04-04,e-영업3,Total,Total,1207457.0,584011.0,48.4,84505.0,7.0,15835030.0,20763830.0,111.0,1965550.0,21.0,9.5,6456.0,3809.0,0.01,53.0,1.4,1.7,39.6
2026-04-05,e-영업3,Total,Total,1215877.0,583117.0,48.0,84683.0,7.0,15725820.0,18897960.0,130.0,3772580.0,28.0,20.0,6777.0,4029.0,0.01,66.0,1.6,1.9,42.4
2026-04-06,e-영업3,Total,Total,953003.0,495906.0,52.0,71622.0,7.5,7020168.0,19167628.0,93.0,4067888.0,13.0,21.2,4363.0,2587.0,0.0,31.0,1.2,2.1,41.9
2026-04-07,e-영업3,Total,Total,1217191.0,580639.0,47.7,83485.0,6.9,12784410.0,20552880.0,140.0,5146510.0,26.0,25.0,6541.0,3983.0,0.01,73.0,1.8,2.1,35.6
2026-04-08,e-영업3,Total,Total,960896.0,495906.0,51.6,71024.0,7.4,4666540.0,10712230.0,85.0,1494350.0,15.0,13.9,4477.0,2675.0,0.0,27.0,1.0,1.9,55.6
2026-04-09,e-영업3,Total,Total,964671.0,495906.0,51.4,73565.0,7.6,9708380.0,16181600.0,111.0,1059220.0,14.0,6.5,4444.0,2667.0,0.0,36.0,1.3,2.5,38.9
2026-04-10,e-영업3,Total,Total,1235597.0,572809.0,46.4,86040.0,7.0,5156130.0,13699150.0,100.0,2048920.0,21.0,15.0,5472.0,3395.0,0.0,41.0,1.2,1.8,51.2
2026-04-11,e-영업3,Total,Total,1230611.0,572116.0,46.5,87472.0,7.1,17023080.0,21123290.0,139.0,3345740.0,29.0,15.8,6245.0,3751.0,0.01,67.0,1.8,2.2,43.3
2026-04-12,e-영업3,Total,Total,1230078.0,571714.0,46.5,87934.0,7.1,22275690.0,26288540.0,178.0,4218630.0,31.0,16.0,7136.0,4358.0,0.01,78.0,1.8,2.5,39.7
2026-04-13,e-영업3,Total,Total,1225267.0,566834.0,46.3,86610.0,7.1,15056258.0,31523288.0,190.0,5481250.0,45.0,17.4,6863.0,4339.0,0.01,72.0,1.7,2.8,62.5
2026-04-14,e-영업3,Total,Total,1231224.0,564446.0,45.8,87693.0,7.1,11372930.0,18526900.0,173.0,3470120.0,30.0,18.7,6839.0,4260.0,0.01,76.0,1.8,2.5,39.5
2026-04-15,e-영업3,Total,Total,1241184.0,562081.0,45.3,87686.0,7.1,14313310.0,23553559.0,174.0,4963030.0,39.0,21.1,6743.0,4182.0,0.01,74.0,1.8,2.6,52.7
2026-04-16,e-영업3,Total,Total,1272506.0,559466.0,44.0,87434.0,6.9,18119449.0,25749779.0,156.0,3141720.0,31.0,12.2,6686.0,4201.0,0.01,69.0,1.6,2.3,44.9
2026-04-17,e-영업3,Total,Total,1272486.0,557494.0,43.8,88963.0,7.0,4795730.0,13588790.0,111.0,3132680.0,26.0,23.1,6153.0,3788.0,0.0,51.0,1.3,1.8,51.0
2026-04-18,e-영업3,Total,Total,1262058.0,554122.0,43.9,87858.0,7.0,20644804.0,24006014.0,160.0,5266000.0,33.0,21.9,6503.0,3855.0,0.01,83.0,2.2,2.5,39.8
2026-04-19,e-영업3,Total,Total,1271601.0,553901.0,43.6,87596.0,6.9,23036520.0,26981280.0,170.0,5819970.0,34.0,21.6,7295.0,4466.0,0.01,77.0,1.7,2.3,44.2
2026-04-20,e-영업3,Total,Total,1286002.0,552012.0,42.9,88434.0,6.9,3765790.0,18412720.0,146.0,5961170.0,39.0,32.4,6512.0,4126.0,0.01,70.0,1.7,2.2,55.7
2026-04-21,e-영업3,Total,Total,1275868.0,548475.0,43.0,88885.0,7.0,8333680.0,15522790.0,125.0,3452600.0,28.0,22.2,6422.0,4015.0,0.01,68.0,1.7,1.9,41.2
2026-04-22,e-영업3,Total,Total,1289408.0,546517.0,42.4,89207.0,6.9,11855449.0,20058789.0,147.0,4113090.0,24.0,20.5,6304.0,3888.0,0.0,60.0,1.5,2.3,40.0
2026-04-23,e-영업3,Total,Total,1028533.0,495906.0,48.2,78226.0,7.6,7056720.0,12718500.0,102.0,1837200.0,19.0,14.4,4855.0,3104.0,0.0,43.0,1.4,2.1,44.2
2026-04-24,e-영업3,Total,Total,1300878.0,545864.0,42.0,0.0,0.0,8996170.0,16993650.0,131.0,3236960.0,24.0,19.0,6139.0,3973.0,0.0,65.0,1.6,2.1,36.9
2026-04-25,e-영업3,Total,Total,1303383.0,545864.0,41.9,0.0,0.0,20835460.0,25185090.0,157.0,4115380.0,31.0,16.3,6531.0,3940.0,0.01,79.0,2.0,2.4,39.2
2026-04-26,e-영업3,Total,Total,1292019.0,545221.0,42.2,0.0,0.0,16162370.0,21069800.0,158.0,5494570.0,36.0,26.1,7232.0,4374.0,0.01,80.0,1.8,2.2,45.0
2026-04-27,e-영업3,Total,Total,1310375.0,545587.0,41.6,0.0,0.0,23256870.0,32062780.0,145.0,7268420.0,32.0,22.7,8337.0,5573.0,0.01,84.0,1.5,1.7,38.1
2026-04-28,e-영업3,Total,Total,1308982.0,544047.0,41.6,0.0,0.0,9325680.0,18935970.0,127.0,2621240.0,24.0,13.8,8632.0,6049.0,0.01,67.0,1.1,1.5,35.8
2026-04-29,e-영업3,Total,Total,1350147.0,543948.0,40.3,0.0,0.0,8524310.0,16914280.0,119.0,4687100.0,30.0,27.7,8822.0,6358.0,0.01,78.0,1.2,1.3,38.5
2026-04-30,e-영업3,Total,Total,1447434.0,543271.0,37.5,89431.0,6.2,9000870.0,18038790.0,121.0,3435410.0,24.0,19.0,8045.0,5788.0,0.01,65.0,1.1,1.5,36.9
2026-05-01,e-영업3,Total,Total,1435166.0,540852.0,37.7,90600.0,6.3,20906670.0,23064140.0,168.0,4128830.0,36.0,17.9,8288.0,5501.0,0.01,74.0,1.3,2.0,48.6
2026-05-02,e-영업3,Total,Total,1427295.0,538791.0,37.7,89946.0,6.3,16398260.0,18191238.0,132.0,4678650.0,27.0,25.7,8900.0,6107.0,0.01,74.0,1.2,1.5,36.5
2026-05-03,e-영업3,Total,Total,1417851.0,538074.0,37.9,89850.0,6.3,17950260.0,22714570.0,157.0,3570910.0,33.0,15.7,11426.0,8447.0,0.01,75.0,0.9,1.4,44.0
2026-05-04,e-영업3,Total,Total,1419374.0,539372.0,38.0,0.0,0.0,9317174.0,21602604.0,145.0,3955404.0,35.0,18.3,9592.0,7027.0,0.01,83.0,1.2,1.5,42.2
2026-05-05,e-영업3,Total,Total,1138358.0,495906.0,43.6,79880.0,7.0,16356420.0,22013100.0,142.0,4873650.0,33.0,22.1,8124.0,5674.0,0.01,65.0,1.1,1.7,50.8
2026-05-06,e-영업3,Total,Total,1146510.0,495906.0,43.3,80391.0,7.0,7292290.0,16471690.0,130.0,2560910.0,25.0,15.5,6877.0,4899.0,0.01,65.0,1.3,1.9,38.5
2026-05-07,e-영업3,Total,Total,1156754.0,495906.0,42.9,0.0,0.0,9272910.0,13675790.0,97.0,3184040.0,25.0,23.3,6526.0,4667.0,0.01,56.0,1.2,1.5,44.6
2026-05-08,e-영업3,Total,Total,1572440.0,531360.0,33.8,87321.0,5.6,13960240.0,19713320.0,110.0,5495470.0,21.0,27.9,8098.0,5789.0,0.01,68.0,1.2,1.4,30.9
2026-05-09,e-영업3,Total,Total,1568403.0,531106.0,33.9,0.0,0.0,15356290.0,19176220.0,139.0,2831490.0,29.0,14.8,9198.0,6369.0,0.01,64.0,1.0,1.5,45.3
2026-05-10,e-영업3,Total,Total,1560269.0,530151.0,34.0,0.0,0.0,25116630.0,29674670.0,185.0,4066730.0,40.0,13.7,10030.0,6948.0,0.01,96.0,1.4,1.8,41.7
2026-05-11,e-영업3,Total,Total,1523045.0,518152.0,34.0,85616.0,5.6,11676230.0,26018530.0,169.0,6353710.0,39.0,24.4,9353.0,7003.0,0.01,93.0,1.3,1.8,41.9
2026-05-12,e-영업3,Total,Total,1640309.0,552809.0,33.7,86634.0,5.3,15607110.0,22673250.0,170.0,3729520.0,35.0,16.4,9785.0,7224.0,0.01,77.0,1.1,1.7,45.5
2026-05-13,e-영업3,Total,Total,1631737.0,550196.0,33.7,88081.0,5.4,10196938.0,20421728.0,159.0,3223010.0,32.0,15.8,9701.0,7110.0,0.01,80.0,1.1,1.6,40.0
2026-05-14,e-영업3,Total,Total,1673121.0,549162.0,32.8,87395.0,5.2,16481428.0,25054768.0,173.0,6952590.0,40.0,27.7,9321.0,6722.0,0.01,94.0,1.4,1.9,42.6
2026-05-15,e-영업3,Total,Total,1729706.0,548292.0,31.7,86724.0,5.0,9700710.0,19515930.0,172.0,3396960.0,39.0,17.4,8806.0,6119.0,0.01,91.0,1.5,2.0,42.9
2026-05-16,e-영업3,Total,Total,1733437.0,548538.0,31.6,86953.0,5.0,19428660.0,22281100.0,180.0,5963650.0,53.0,26.8,9400.0,6468.0,0.01,97.0,1.5,1.9,54.6
2026-05-17,e-영업3,Total,Total,1708644.0,546748.0,32.0,87564.0,5.1,25981120.0,35844020.0,232.0,8888450.0,53.0,24.8,10794.0,7627.0,0.01,108.0,1.4,2.1,49.1
2026-05-18,e-영업3,Total,Total,1273416.0,495906.0,38.9,79408.0,6.2,6836480.0,13272400.0,121.0,2048850.0,25.0,15.4,7468.0,5380.0,0.01,76.0,1.4,1.6,32.9
2026-05-19,e-영업3,Total,Total,1285332.0,495906.0,38.6,78976.0,6.1,5219710.0,15778940.0,131.0,3630550.0,29.0,23.0,7228.0,5169.0,0.01,50.0,1.0,1.8,58.0
2026-05-20,e-영업3,Total,Total,1291534.0,495906.0,38.4,78747.0,6.1,7087810.0,15578930.0,106.0,3967400.0,29.0,25.5,7100.0,5057.0,0.01,55.0,1.1,1.5,52.7
2026-05-21,e-영업3,Total,Total,1296490.0,495906.0,38.2,78229.0,6.0,5094030.0,11860000.0,88.0,3030050.0,19.0,25.5,6772.0,4962.0,0.01,46.0,0.9,1.3,41.3
2026-05-22,e-영업3,Total,Total,1662344.0,538226.0,32.4,82912.0,5.0,13254920.0,21082290.0,131.0,4615160.0,28.0,21.9,8269.0,5999.0,0.0,74.0,1.2,1.6,37.8
2026-05-23,e-영업3,Total,Total,1635474.0,537348.0,32.9,84210.0,5.1,20695150.0,24254150.0,166.0,3516020.0,29.0,14.5,9363.0,6625.0,0.01,81.0,1.2,1.8,35.8
2026-05-24,e-영업3,Total,Total,1634472.0,536479.0,32.8,84183.0,5.2,22179990.0,31007300.0,186.0,9235190.0,42.0,29.8,10079.0,7056.0,0.01,93.0,1.3,1.8,45.2
2026-05-25,e-영업3,Total,Total,1315963.0,495906.0,37.7,78704.0,6.0,15900530.0,19163830.0,158.0,5014930.0,40.0,26.2,8779.0,6185.0,0.01,76.0,1.2,1.8,52.6
2026-05-26,e-영업3,Total,Total,1630819.0,533934.0,32.7,0.0,0.0,10880330.0,21693690.0,186.0,4877870.0,34.0,22.5,9503.0,6856.0,0.01,77.0,1.1,2.0,44.2
2026-05-27,e-영업3,Total,Total,1325820.0,495906.0,37.4,78671.0,5.9,11150860.0,20534630.0,160.0,5094640.0,36.0,24.8,7734.0,5584.0,0.01,73.0,1.3,2.1,49.3
2026-05-28,e-영업3,Total,Total,1541269.0,531087.0,34.5,84127.0,5.5,15955878.0,25962048.0,199.0,5321848.0,47.0,20.5,9412.0,6705.0,0.01,101.0,1.5,2.1,46.5
2026-05-29,e-영업3,Total,Total,1560638.0,529307.0,33.9,85598.0,5.5,10552504.0,15740534.0,143.0,3010970.0,22.0,19.1,8550.0,6362.0,0.01,80.0,1.3,1.7,27.5
2026-05-30,e-영업3,Total,Total,1559514.0,528564.0,33.9,85922.0,5.5,15072716.0,18161276.0,147.0,3239270.0,32.0,17.8,9382.0,6780.0,0.01,84.0,1.2,1.6,38.1
2026-05-31,e-영업3,Total,Total,1556425.0,527129.0,33.9,85773.0,5.5,23140500.0,28560018.0,182.0,7028900.0,43.0,24.6,10556.0,7520.0,0.01,122.0,1.6,1.7,35.2
2026-06-01,e-영업3,Total,Total,1550730.0,525580.0,33.9,86098.0,5.6,9825830.0,19035380.0,171.0,4125590.0,41.0,21.7,9509.0,6964.0,0.01,105.0,1.5,1.8,39.0
2026-06-02,e-영업3,Total,Total,1542998.0,524200.0,34.0,85190.0,5.5,12965650.0,24762610.0,151.0,8625140.0,39.0,34.8,9290.0,6843.0,0.01,91.0,1.3,1.6,42.9
2026-06-03,e-영업3,Total,Total,1537643.0,522860.0,34.0,83417.0,5.4,26357250.0,31640050.0,198.0,6951670.0,43.0,22.0,10371.0,7325.0,0.01,100.0,1.4,1.9,43.0
2026-06-04,e-영업3,Total,Total,1539155.0,520742.0,33.8,83164.0,5.4,14018740.0,23460280.0,157.0,8092960.0,46.0,34.5,9000.0,6640.0,0.01,79.0,1.2,1.7,58.2
2026-06-05,e-영업3,Total,Total,1539888.0,518704.0,33.7,82831.0,5.4,11166660.0,17966910.0,100.0,6266720.0,19.0,34.9,8560.0,6401.0,0.01,63.0,1.0,1.2,30.2
2026-06-06,e-영업3,Total,Total,1536755.0,517995.0,33.7,82960.0,5.4,18494010.0,21167970.0,148.0,3088130.0,23.0,14.6,9099.0,6441.0,0.01,72.0,1.1,1.6,31.9
2026-06-07,e-영업3,Total,Total,1535477.0,516608.0,33.6,83078.0,5.4,14880680.0,18531120.0,121.0,4181750.0,23.0,22.6,9271.0,6432.0,0.01,74.0,1.2,1.3,31.1
2026-06-08,e-영업3,Total,Total,1538029.0,515059.0,33.5,0.0,0.0,7744320.0,18927190.0,113.0,3469250.0,37.0,18.3,7772.0,5404.0,0.01,82.0,1.5,1.5,45.1
2026-06-09,e-영업3,Total,Total,1525144.0,513963.0,33.7,0.0,0.0,10665890.0,20590610.0,134.0,4832300.0,25.0,23.5,8287.0,5947.0,0.01,70.0,1.2,1.6,35.7
2026-06-10,e-영업3,Total,Total,1518632.0,511668.0,33.7,83356.0,5.5,7759460.0,18365690.0,110.0,3798780.0,36.0,20.7,9102.0,6751.0,0.01,65.0,1.0,1.2,55.4
2026-06-11,e-영업3,Total,Total,1515392.0,510251.0,33.7,84074.0,5.5,-507480.0,17200840.0,101.0,4843850.0,18.0,28.2,8397.0,6180.0,0.01,44.0,0.7,1.2,40.9
2026-06-12,e-영업3,Total,Total,1532749.0,507296.0,33.1,82978.0,5.4,3262920.0,9280100.0,91.0,857310.0,13.0,9.2,8034.0,5852.0,0.01,46.0,0.8,1.1,28.3
2026-06-13,e-영업3,Total,Total,1575500.0,507661.0,32.2,82886.0,5.3,11151138.0,16667048.0,118.0,3228500.0,27.0,19.4,8465.0,6033.0,0.01,72.0,1.2,1.4,37.5
2026-06-14,e-영업3,Total,Total,1606139.0,506393.0,31.5,83075.0,5.2,16563750.0,18594270.0,135.0,3081330.0,28.0,16.6,9646.0,7004.0,0.01,69.0,1.0,1.4,40.6
2026-06-15,e-영업3,Total,Total,1604005.0,503367.0,31.4,82298.0,5.1,13594460.0,25473310.0,158.0,4929100.0,28.0,19.4,8833.0,6276.0,0.01,77.0,1.2,1.8,36.4
2026-06-16,e-영업3,Total,Total,1588092.0,498651.0,31.4,82759.0,5.2,13894070.0,21648410.0,117.0,4035520.0,28.0,18.6,8014.0,5474.0,0.01,70.0,1.3,1.5,40.0
2026-06-17,e-영업3,Total,Total,1588087.0,498209.0,31.4,81908.0,5.2,21831870.0,29210470.0,165.0,5090140.0,40.0,17.4,7959.0,5274.0,0.01,88.0,1.7,2.1,45.5
2026-06-18,e-영업3,Total,Total,1621909.0,498548.0,30.7,82077.0,5.1,19339320.0,29566140.0,149.0,4006100.0,28.0,13.5,7396.0,4869.0,0.0,63.0,1.3,2.0,44.4
2026-06-19,e-영업3,Total,Total,1623004.0,497312.0,30.6,81843.0,5.0,13868210.0,24220920.0,125.0,4895240.0,21.0,20.2,6883.0,4526.0,0.0,51.0,1.1,1.8,41.2
2026-06-20,e-영업3,Total,Total,1621075.0,496531.0,30.6,82848.0,5.1,16709240.0,18915320.0,140.0,2920190.0,22.0,15.4,7651.0,5012.0,0.0,61.0,1.2,1.8,36.1
2026-06-21,e-영업3,Total,Total,1621276.0,495906.0,30.6,82376.0,5.1,20137790.0,23144450.0,163.0,5639230.0,39.0,24.4,8245.0,5362.0,0.01,95.0,1.8,2.0,41.1
2026-06-22,e-영업3,Total,Total,1617329.0,493056.0,30.5,82013.0,5.1,15514340.0,27029150.0,160.0,4888540.0,38.0,18.1,8403.0,5975.0,0.01,88.0,1.5,1.9,43.2
2026-06-23,e-영업3,Total,Total,1624146.0,494925.0,30.5,80662.0,5.0,13517850.0,18775690.0,142.0,3584680.0,31.0,19.1,7070.0,4763.0,0.0,78.0,1.6,2.0,39.7
2026-06-24,e-영업3,Total,Total,1597803.0,494177.0,30.9,81445.0,5.1,11533090.0,22557150.0,147.0,5241910.0,31.0,23.2,7540.0,5156.0,0.0,76.0,1.5,1.9,40.8
2026-06-25,e-영업3,Total,Total,1594088.0,489171.0,30.7,81800.0,5.1,21805100.0,30319260.0,133.0,6909230.0,31.0,22.8,7058.0,4714.0,0.0,66.0,1.4,1.9,47.0
2026-06-26,e-영업3,Total,Total,1592545.0,491266.0,30.8,80752.0,5.1,20793510.0,27851440.0,132.0,3881820.0,29.0,13.9,6281.0,4074.0,0.0,66.0,1.6,2.1,43.9
2026-06-27,e-영업3,Total,Total,1581473.0,490236.0,31.0,0.0,0.0,22971790.0,25058090.0,147.0,4416910.0,28.0,17.6,7277.0,4660.0,0.0,63.0,1.4,2.0,44.4
2026-06-28,e-영업3,Total,Total,1579370.0,489699.0,31.0,82338.0,5.2,15986960.0,22944640.0,175.0,5640810.0,49.0,24.6,8215.0,5376.0,0.01,99.0,1.8,2.1,49.5
2026-06-29,e-영업3,Total,Total,1582504.0,487864.0,30.8,0.0,0.0,7194990.0,26084260.0,139.0,9542360.0,34.0,36.6,7331.0,4977.0,0.0,84.0,1.7,1.9,40.5
2026-06-30,e-영업3,Total,Total,1573492.0,485125.0,30.8,81072.0,5.2,7833700.0,23102720.0,134.0,5261500.0,35.0,22.8,7187.0,4906.0,0.0,74.0,1.5,1.9,47.3
2026-07-01,e-영업3,Total,Total,1579020.0,483801.0,30.6,80329.0,5.1,14786250.0,24112390.0,134.0,4170970.0,33.0,17.3,7258.0,4974.0,0.0,70.0,1.4,1.8,47.1
2026-07-02,e-영업3,Total,Total,1579458.0,482461.0,30.5,79771.0,5.1,7484150.0,14180970.0,100.0,2842440.0,24.0,20.0,6712.0,4631.0,0.0,55.0,1.2,1.5,43.6
2026-07-03,e-영업3,Total,Total,1593873.0,482430.0,30.3,79767.0,5.0,9212196.0,15320596.0,112.0,2555550.0,29.0,16.7,6343.0,4317.0,0.0,71.0,1.6,1.8,40.8
2026-07-04,e-영업3,Total,Total,1596175.0,482798.0,30.2,79670.0,5.0,13945860.0,18517930.0,113.0,3656680.0,21.0,19.7,7023.0,4640.0,0.0,66.0,1.4,1.6,31.8
2026-07-05,e-영업3,Total,Total,1593054.0,481983.0,30.3,79735.0,5.0,19490430.0,22358960.0,119.0,4079690.0,27.0,18.2,8822.0,6201.0,0.01,81.0,1.3,1.3,33.3
2026-07-06,e-영업3,Total,Total,1583627.0,479598.0,30.3,80073.0,5.1,5813480.0,19263710.0,129.0,3460750.0,26.0,18.0,7079.0,4788.0,0.0,82.0,1.7,1.8,31.7
2026-07-07,e-영업3,Total,Total,1588741.0,478077.0,30.1,79771.0,5.0,11543280.0,21220740.0,118.0,4764500.0,26.0,22.5,7404.0,5047.0,0.0,75.0,1.5,1.6,34.7
2026-07-08,e-영업3,Total,Total,1591297.0,477843.0,30.0,80135.0,5.0,2297730.0,14744780.0,107.0,1565590.0,19.0,10.6,7217.0,4922.0,0.0,73.0,1.5,1.5,26.0
2026-07-09,e-영업3,Total,Total,1608758.0,475156.0,29.5,79844.0,5.0,12556010.0,21512070.0,125.0,7762710.0,24.0,36.1,7438.0,5162.0,0.0,72.0,1.4,1.7,33.3
2026-07-10,e-영업3,Total,Total,1585384.0,472937.0,29.8,79537.0,5.0,9214980.0,16038830.0,104.0,2735100.0,27.0,17.1,6588.0,4499.0,0.0,69.0,1.5,1.6,39.1
2026-07-11,e-영업3,Total,Total,1578784.0,472112.0,29.9,78819.0,5.0,16772530.0,18893650.0,122.0,2045530.0,26.0,10.8,7197.0,4805.0,0.0,63.0,1.3,1.7,41.3
2026-07-12,e-영업3,Total,Total,1574920.0,471138.0,29.9,79080.0,5.0,19768650.0,21936600.0,137.0,3590160.0,29.0,16.4,7910.0,5153.0,0.01,90.0,1.7,1.7,32.2
2026-07-13,e-영업3,Total,Total,1617935.0,469779.0,29.0,78669.0,4.9,6524040.0,15330010.0,130.0,2636030.0,25.0,17.2,6812.0,4648.0,0.0,91.0,2.0,1.9,27.5
2026-07-14,e-영업3,Total,Total,1628116.0,467793.0,28.7,79189.0,4.9,22864250.0,28860460.0,134.0,5935970.0,20.0,20.6,7090.0,4917.0,0.0,54.0,1.1,1.9,37.0
2026-07-15,e-영업3,Total,Total,1635665.0,557795.0,34.1,78965.0,4.8,15637520.0,19444860.0,119.0,4197650.0,29.0,21.6,7082.0,4957.0,0.0,77.0,1.6,1.7,37.7
2026-07-16,e-영업3,Total,Total,1658936.0,645654.0,38.9,78535.0,4.7,3101540.0,8742660.0,82.0,773990.0,12.0,8.9,6267.0,4341.0,0.0,51.0,1.2,1.3,23.5
2026-07-17,e-영업3,Total,Total,1667099.0,724457.0,43.5,78943.0,4.7,11886940.0,13268470.0,107.0,2726880.0,21.0,20.6,6856.0,4606.0,0.0,67.0,1.5,1.6,31.3
2026-07-18,e-영업3,Total,Total,1648168.0,745328.0,45.2,79723.0,4.8,10206860.0,13541300.0,100.0,1777700.0,8.0,13.1,6966.0,4676.0,0.0,48.0,1.0,1.4,16.7
2026-07-19,e-영업3,Total,Total,1653038.0,773628.0,46.8,79744.0,4.8,9155990.0,11752520.0,111.0,1314670.0,23.0,11.2,7374.0,4945.0,0.0,75.0,1.5,1.5,30.7
2026-07-20,e-영업3,Total,Total,1660606.0,778350.0,46.9,78983.0,4.8,-6893720.0,10696650.0,97.0,3052150.0,25.0,28.5,6885.0,4808.0,0.0,64.0,1.3,1.4,39.1
2026-07-21,e-영업3,Total,Total,1666450.0,783029.0,47.0,80159.0,4.8,4317540.0,14658420.0,114.0,3979310.0,25.0,27.1,6836.0,4691.0,0.0,72.0,1.5,1.7,34.7
2026-07-22,e-영업3,Total,Total,1628925.0,774924.0,47.6,80805.0,5.0,10588640.0,19077810.0,124.0,4770060.0,31.0,25.0,6389.0,4326.0,0.0,66.0,1.5,1.9,47.0
2026-07-23,e-영업3,Total,Total,1554873.0,709937.0,45.7,63205.0,4.1,10618750.0,22270150.0,131.0,3259800.0,25.0,14.6,5965.0,4585.0,0.0,60.0,1.3,2.2,41.7
2026-07-24,e-영업3,Total,Total,1614146.0,714795.0,44.3,62134.0,3.8,6265460.0,13476050.0,86.0,3858280.0,13.0,28.6,5046.0,3493.0,0.0,42.0,1.2,1.7,31.0
2026-07-25,e-영업3,Total,Total,1623940.0,718600.0,44.3,63539.0,3.9,7654720.0,9587420.0,74.0,1358680.0,16.0,14.2,5569.0,3627.0,0.0,61.0,1.7,1.3,26.2
2026-07-26,e-영업3,Total,Total,1640140.0,725436.0,44.2,63122.0,3.8,15140160.0,17509350.0,99.0,5792670.0,24.0,33.1,6439.0,4398.0,0.0,73.0,1.7,1.5,32.9
2026-07-27,e-영업3,Total,Total,1679021.0,719974.0,42.9,63000.0,3.8,3636670.0,16735730.0,81.0,1607220.0,16.0,9.6,6054.0,4342.0,0.0,49.0,1.1,1.3,32.7
2026-07-28,e-영업3,Total,Total,1675334.0,718569.0,42.9,62586.0,3.7,7789150.0,15013190.0,85.0,4340600.0,19.0,28.9,5517.0,3778.0,0.0,49.0,1.3,1.5,38.8
2026-07-29,e-영업3,Total,Total,1675223.0,718703.0,42.9,62300.0,3.7,23353800.0,32560670.0,82.0,7517840.0,14.0,23.1,5385.0,3707.0,0.0,33.0,0.9,1.5,42.4
2026-01-01,e-영업3,Total,최저가,91198.0,64498.0,70.7,91198.0,100.0,17858340.0,22079470.0,98.0,3456580.0,24.0,15.7,2565.0,1338.0,0.03,48.0,3.6,3.8,50.0
2026-01-02,e-영업3,Total,최저가,89667.0,63746.0,71.1,89667.0,100.0,18626010.0,25389070.0,95.0,3698350.0,13.0,14.6,2398.0,1228.0,0.03,35.0,2.9,4.0,37.1
2026-01-03,e-영업3,Total,최저가,89504.0,64296.0,71.8,89504.0,100.0,10386200.0,12110350.0,65.0,2804400.0,7.0,23.2,2476.0,1280.0,0.03,35.0,2.7,2.6,20.0
2026-01-04,e-영업3,Total,최저가,89733.0,62716.0,69.9,89733.0,100.0,11843060.0,14076010.0,78.0,3951350.0,18.0,28.1,2764.0,1523.0,0.03,31.0,2.0,2.8,58.1
2026-01-05,e-영업3,Total,최저가,89340.0,62638.0,70.1,89340.0,100.0,1510090.0,9965330.0,52.0,2159460.0,14.0,21.7,2022.0,1057.0,0.02,39.0,3.7,2.6,35.9
2026-01-06,e-영업3,Total,최저가,89571.0,62057.0,69.3,89571.0,100.0,6504180.0,8520840.0,53.0,1407900.0,8.0,16.5,1876.0,1021.0,0.02,26.0,2.5,2.8,30.8
2026-01-07,e-영업3,Total,최저가,89384.0,62436.0,69.9,89384.0,100.0,4518640.0,8446820.0,47.0,1416810.0,7.0,16.8,1890.0,1015.0,0.02,19.0,1.9,2.5,36.8
2026-01-08,e-영업3,Total,최저가,88747.0,62056.0,69.9,88747.0,100.0,7879800.0,11888420.0,46.0,667030.0,8.0,5.6,1812.0,949.0,0.02,21.0,2.2,2.5,38.1
2026-01-09,e-영업3,Total,최저가,89729.0,63703.0,71.0,89729.0,100.0,2164100.0,6475770.0,43.0,1594440.0,10.0,24.6,1666.0,906.0,0.02,16.0,1.8,2.6,62.5
2026-01-10,e-영업3,Total,최저가,88294.0,62518.0,70.8,88294.0,100.0,6814620.0,8944620.0,49.0,1884000.0,10.0,21.1,2013.0,1017.0,0.02,15.0,1.5,2.4,66.7
2026-01-11,e-영업3,Total,최저가,88635.0,62900.0,71.0,88635.0,100.0,22785300.0,29638600.0,118.0,4475700.0,25.0,15.1,3340.0,1686.0,0.04,51.0,3.0,3.5,49.0
2026-01-12,e-영업3,Total,최저가,88367.0,63104.0,71.4,88367.0,100.0,4093785.0,11150375.0,65.0,1197650.0,8.0,10.7,2445.0,1286.0,0.03,28.0,2.2,2.7,28.6
2026-01-13,e-영업3,Total,최저가,88408.0,63347.0,71.7,88408.0,100.0,6630580.0,10198620.0,52.0,920680.0,6.0,9.0,2122.0,1139.0,0.02,24.0,2.1,2.5,25.0
2026-01-14,e-영업3,Total,최저가,87042.0,61703.0,70.9,87042.0,100.0,5748110.0,8140290.0,47.0,660000.0,8.0,8.1,2115.0,1115.0,0.02,23.0,2.1,2.2,34.8
2026-01-15,e-영업3,Total,최저가,86034.0,61394.0,71.4,86034.0,100.0,6091800.0,9980910.0,56.0,1802820.0,10.0,18.1,1818.0,989.0,0.02,29.0,2.9,3.1,34.5
2026-01-16,e-영업3,Total,최저가,86329.0,61575.0,71.3,86329.0,100.0,2296170.0,5992880.0,41.0,1274360.0,12.0,21.3,1686.0,883.0,0.02,21.0,2.4,2.4,57.1
2026-01-17,e-영업3,Total,최저가,86041.0,61648.0,71.6,86041.0,100.0,6050720.0,7307990.0,40.0,1746090.0,12.0,23.9,1887.0,922.0,0.02,26.0,2.8,2.1,46.2
2026-01-18,e-영업3,Total,최저가,86242.0,61763.0,71.6,86242.0,100.0,6129120.0,8085320.0,46.0,1500220.0,11.0,18.6,2027.0,991.0,0.02,34.0,3.4,2.3,32.4
2026-01-19,e-영업3,Total,최저가,85944.0,61804.0,71.9,85944.0,100.0,7159040.0,11749810.0,65.0,1358320.0,11.0,11.6,2064.0,1053.0,0.02,21.0,2.0,3.1,52.4
2026-01-20,e-영업3,Total,최저가,85996.0,61681.0,71.7,85996.0,100.0,6632400.0,11426110.0,66.0,2155560.0,15.0,18.9,2135.0,1058.0,0.02,33.0,3.1,3.1,45.5
2026-01-21,e-영업3,Total,최저가,85628.0,61273.0,71.6,85628.0,100.0,6612700.0,9814760.0,54.0,2218410.0,13.0,22.6,2010.0,1070.0,0.02,24.0,2.2,2.7,54.2
2026-01-22,e-영업3,Total,최저가,87277.0,61393.0,70.3,87277.0,100.0,5884110.0,8418120.0,54.0,2224500.0,16.0,26.4,1926.0,1033.0,0.02,27.0,2.6,2.8,59.3
2026-01-23,e-영업3,Total,최저가,88295.0,61448.0,69.6,88295.0,100.0,8413520.0,11234330.0,50.0,1711230.0,9.0,15.2,1778.0,914.0,0.02,24.0,2.6,2.8,37.5
2026-01-24,e-영업3,Total,최저가,93525.0,66433.0,71.0,93525.0,100.0,6617760.0,8366080.0,46.0,452600.0,8.0,5.4,1879.0,921.0,0.02,16.0,1.7,2.4,50.0
2026-01-25,e-영업3,Total,최저가,93855.0,67448.0,71.9,93855.0,100.0,39932740.0,41373860.0,42.0,15011600.0,10.0,36.3,2099.0,1077.0,0.02,31.0,2.9,2.0,32.3
2026-01-26,e-영업3,Total,최저가,93005.0,67675.0,72.8,93005.0,100.0,2853595.0,6177670.0,30.0,1764030.0,11.0,28.6,1760.0,966.0,0.02,32.0,3.3,1.7,34.4
2026-01-27,e-영업3,Total,최저가,85816.0,61075.0,71.2,85816.0,100.0,-831470.0,3388280.0,23.0,609520.0,5.0,18.0,1499.0,775.0,0.02,10.0,1.3,1.5,50.0
2026-01-28,e-영업3,Total,최저가,87453.0,60920.0,69.7,87453.0,100.0,1056560.0,3216510.0,27.0,820300.0,7.0,25.5,1443.0,758.0,0.02,15.0,2.0,1.9,46.7
2026-01-29,e-영업3,Total,최저가,92666.0,65962.0,71.2,92666.0,100.0,1473770.0,4769000.0,30.0,1613720.0,7.0,33.8,1459.0,732.0,0.02,13.0,1.8,2.1,53.8
2026-01-30,e-영업3,Total,최저가,95355.0,68932.0,72.3,95355.0,100.0,240160.0,4077300.0,23.0,739400.0,5.0,18.1,1389.0,734.0,0.01,10.0,1.4,1.7,50.0
2026-01-31,e-영업3,Total,최저가,91678.0,65505.0,71.5,91678.0,100.0,2078520.0,4762600.0,27.0,805470.0,6.0,16.9,1500.0,747.0,0.02,19.0,2.5,1.8,31.6
2026-02-01,e-영업3,Total,최저가,92502.0,66858.0,72.3,92502.0,100.0,3037710.0,3979520.0,34.0,357680.0,4.0,9.0,1707.0,853.0,0.02,13.0,1.5,2.0,30.8
2026-02-02,e-영업3,Total,최저가,91413.0,66413.0,72.7,91413.0,100.0,896300.0,4128050.0,22.0,83400.0,1.0,2.0,1370.0,727.0,0.01,15.0,2.1,1.6,6.7
2026-02-03,e-영업3,Total,최저가,95354.0,66644.0,69.9,95354.0,100.0,-302350.0,9215900.0,19.0,454200.0,4.0,4.9,1489.0,770.0,0.02,14.0,1.8,1.3,28.6
2026-02-04,e-영업3,Total,최저가,95938.0,67277.0,70.1,95938.0,100.0,2908710.0,3671500.0,22.0,216000.0,1.0,5.9,1514.0,791.0,0.02,13.0,1.6,1.5,7.7
2026-02-05,e-영업3,Total,최저가,97825.0,69783.0,71.3,97825.0,100.0,5855100.0,8503940.0,52.0,2294690.0,14.0,27.0,1674.0,861.0,0.02,24.0,2.8,3.1,58.3
2026-02-06,e-영업3,Total,최저가,100225.0,69004.0,68.8,100225.0,100.0,9515430.0,11150410.0,51.0,2908910.0,8.0,26.1,1712.0,852.0,0.02,20.0,2.3,3.0,40.0
2026-02-07,e-영업3,Total,최저가,105112.0,66265.0,63.0,105112.0,100.0,9264970.0,10438100.0,53.0,2839400.0,14.0,27.2,2054.0,997.0,0.02,23.0,2.3,2.6,60.9
2026-02-08,e-영업3,Total,최저가,103806.0,67224.0,64.8,103806.0,100.0,10251820.0,11418510.0,57.0,4062330.0,15.0,35.6,2339.0,1228.0,0.02,31.0,2.5,2.4,48.4
2026-02-09,e-영업3,Total,최저가,101937.0,67957.0,66.7,101937.0,100.0,5318370.0,7674540.0,50.0,1923020.0,11.0,25.1,1776.0,973.0,0.02,22.0,2.3,2.8,50.0
2026-02-10,e-영업3,Total,최저가,103601.0,69503.0,67.1,103601.0,100.0,4578430.0,6628650.0,29.0,1726330.0,7.0,26.0,1647.0,949.0,0.02,20.0,2.1,1.8,35.0
2026-02-11,e-영업3,Total,최저가,102800.0,69663.0,67.8,102800.0,100.0,2241760.0,3551600.0,21.0,903200.0,7.0,25.4,1560.0,878.0,0.02,11.0,1.3,1.3,63.6
2026-02-12,e-영업3,Total,최저가,102242.0,70669.0,69.1,102242.0,100.0,3029140.0,3991600.0,25.0,1362500.0,6.0,34.1,1404.0,733.0,0.01,15.0,2.0,1.8,40.0
2026-02-13,e-영업3,Total,최저가,101518.0,70456.0,69.4,101518.0,100.0,2835760.0,4270260.0,20.0,573900.0,4.0,13.4,1369.0,746.0,0.01,10.0,1.3,1.5,40.0
2026-02-14,e-영업3,Total,최저가,102292.0,71342.0,69.7,102292.0,100.0,3222060.0,4394540.0,29.0,1374820.0,7.0,31.3,1616.0,844.0,0.02,15.0,1.8,1.8,46.7
2026-02-15,e-영업3,Total,최저가,99060.0,69973.0,70.6,99060.0,100.0,4580470.0,5495070.0,28.0,918000.0,5.0,16.7,1538.0,832.0,0.02,8.0,1.0,1.8,62.5
2026-02-16,e-영업3,Total,최저가,98061.0,69396.0,70.8,98061.0,100.0,4030880.0,4732260.0,17.0,480500.0,2.0,10.2,1443.0,779.0,0.01,5.0,0.6,1.2,40.0
2026-02-17,e-영업3,Total,최저가,96511.0,68419.0,70.9,96511.0,100.0,2546210.0,2894710.0,24.0,903200.0,5.0,31.2,1485.0,809.0,0.02,8.0,1.0,1.6,62.5
2026-02-18,e-영업3,Total,최저가,94794.0,67441.0,71.1,94794.0,100.0,2386840.0,4252960.0,26.0,112400.0,3.0,2.6,1820.0,973.0,0.02,13.0,1.3,1.4,23.1
2026-02-19,e-영업3,Total,최저가,91391.0,65049.0,71.2,91391.0,100.0,2429310.0,6605890.0,48.0,1085290.0,11.0,16.4,1914.0,1036.0,0.02,22.0,2.1,2.5,50.0
2026-02-20,e-영업3,Total,최저가,93211.0,66831.0,71.7,93211.0,100.0,5054540.0,7553060.0,57.0,1669650.0,14.0,22.1,1725.0,899.0,0.02,29.0,3.2,3.3,48.3
2026-02-21,e-영업3,Total,최저가,93419.0,66919.0,71.6,93419.0,100.0,6886770.0,7262800.0,49.0,1042010.0,9.0,14.3,2292.0,1185.0,0.02,33.0,2.8,2.1,27.3
2026-02-22,e-영업3,Total,최저가,93595.0,67247.0,71.8,93595.0,100.0,9407070.0,12492860.0,95.0,3022800.0,20.0,24.2,2514.0,1293.0,0.03,45.0,3.5,3.8,44.4
2026-02-23,e-영업3,Total,최저가,90485.0,65766.0,72.7,90485.0,100.0,6606510.0,9509160.0,61.0,807820.0,7.0,8.5,1946.0,1077.0,0.02,19.0,1.8,3.1,36.8
2026-02-24,e-영업3,Total,최저가,89897.0,65504.0,72.9,89897.0,100.0,2444130.0,4688930.0,32.0,417100.0,3.0,8.9,1733.0,938.0,0.02,14.0,1.5,1.8,21.4
2026-02-25,e-영업3,Total,최저가,89977.0,65621.0,72.9,89977.0,100.0,4033520.0,5885660.0,37.0,1066460.0,6.0,18.1,1726.0,966.0,0.02,19.0,2.0,2.1,31.6
2026-02-26,e-영업3,Total,최저가,91171.0,66083.0,72.5,91171.0,100.0,2800810.0,5580960.0,40.0,1622550.0,12.0,29.1,1696.0,949.0,0.02,15.0,1.6,2.4,80.0
2026-02-27,e-영업3,Total,최저가,92637.0,65876.0,71.1,92637.0,100.0,1979310.0,5837410.0,33.0,2222660.0,11.0,38.1,1757.0,987.0,0.02,16.0,1.6,1.9,68.8
2026-02-28,e-영업3,Total,최저가,95445.0,68707.0,72.0,95445.0,100.0,7787730.0,9205730.0,67.0,1574300.0,11.0,17.1,2292.0,1203.0,0.02,25.0,2.1,2.9,44.0
2026-03-01,e-영업3,Total,최저가,97061.0,70428.0,72.6,97061.0,100.0,6351150.0,8348570.0,56.0,1124820.0,11.0,13.5,2419.0,1301.0,0.02,20.0,1.5,2.3,55.0
2026-03-02,e-영업3,Total,최저가,97217.0,70350.0,72.4,97217.0,100.0,7305890.0,9250600.0,62.0,1257610.0,12.0,13.6,2450.0,1280.0,0.03,27.0,2.1,2.5,44.4
2026-03-03,e-영업3,Total,최저가,96469.0,70132.0,72.7,96469.0,100.0,3399640.0,10639430.0,50.0,1850150.0,12.0,17.4,1801.0,950.0,0.02,28.0,2.9,2.8,42.9
2026-03-04,e-영업3,Total,최저가,74159.0,54999.0,74.2,74159.0,100.0,2438370.0,4440370.0,33.0,209260.0,4.0,4.7,1135.0,608.0,0.02,12.0,2.0,2.9,33.3
2026-03-05,e-영업3,Total,최저가,74457.0,55177.0,74.1,74457.0,100.0,4121490.0,6222410.0,46.0,1094600.0,13.0,17.6,1338.0,687.0,0.02,16.0,2.3,3.4,81.3
2026-03-06,e-영업3,Total,최저가,76677.0,57043.0,74.4,76677.0,100.0,6610170.0,9166970.0,48.0,2633310.0,12.0,28.7,1229.0,614.0,0.02,13.0,2.1,3.9,92.3
2026-03-07,e-영업3,Total,최저가,104053.0,71699.0,68.9,104053.0,100.0,8285730.0,9645510.0,72.0,1117040.0,11.0,11.6,2352.0,1245.0,0.02,26.0,2.1,3.1,42.3
2026-03-08,e-영업3,Total,최저가,77665.0,57770.0,74.4,77665.0,100.0,7693600.0,10718580.0,62.0,1767960.0,14.0,16.5,1756.0,852.0,0.02,30.0,3.5,3.5,46.7
2026-03-09,e-영업3,Total,최저가,77648.0,57745.0,74.4,77648.0,100.0,3269130.0,8059590.0,44.0,1341640.0,7.0,16.6,1448.0,768.0,0.02,21.0,2.7,3.0,33.3
2026-03-10,e-영업3,Total,최저가,103048.0,71865.0,69.7,103048.0,100.0,10541120.0,13530880.0,79.0,2697310.0,13.0,19.9,2115.0,1127.0,0.02,18.0,1.6,3.7,72.2
2026-03-11,e-영업3,Total,최저가,77651.0,56940.0,73.3,77651.0,100.0,4709330.0,6546780.0,45.0,1510580.0,15.0,23.1,1440.0,728.0,0.02,28.0,3.8,3.1,53.6
2026-03-12,e-영업3,Total,최저가,76318.0,55349.0,72.5,76318.0,100.0,3338010.0,4764280.0,40.0,781460.0,9.0,16.4,1486.0,779.0,0.02,13.0,1.7,2.7,69.2
2026-03-13,e-영업3,Total,최저가,,,,,,,,,,,,,,,,,,
2026-03-14,e-영업3,Total,최저가,80947.0,56324.0,69.6,80947.0,100.0,2332500.0,2635900.0,26.0,194400.0,3.0,7.4,1355.0,660.0,0.02,9.0,1.4,1.9,33.3
2026-03-15,e-영업3,Total,최저가,104383.0,70979.0,68.0,104383.0,100.0,10505170.0,12322070.0,48.0,644800.0,6.0,5.2,2307.0,1193.0,0.02,19.0,1.6,2.1,31.6
2026-03-16,e-영업3,Total,최저가,81329.0,56913.0,70.0,81329.0,100.0,1155230.0,4632790.0,38.0,1486850.0,12.0,32.1,1343.0,690.0,0.02,17.0,2.5,2.8,70.6
2026-03-17,e-영업3,Total,최저가,81633.0,56911.0,69.7,81633.0,100.0,1159930.0,2357040.0,27.0,123000.0,2.0,5.2,1313.0,710.0,0.02,13.0,1.8,2.1,15.4
2026-03-18,e-영업3,Total,최저가,80370.0,55649.0,69.2,80370.0,100.0,1579120.0,3912170.0,36.0,535700.0,7.0,13.7,1289.0,665.0,0.02,18.0,2.7,2.8,38.9
2026-03-19,e-영업3,Total,최저가,105471.0,70681.0,67.0,105471.0,100.0,7589950.0,12261400.0,81.0,2517450.0,11.0,20.5,2082.0,1127.0,0.02,14.0,1.2,3.9,78.6
2026-03-20,e-영업3,Total,최저가,104722.0,70380.0,67.2,104722.0,100.0,3133880.0,5396110.0,50.0,695830.0,8.0,12.9,2061.0,1102.0,0.02,23.0,2.1,2.4,34.8
2026-03-21,e-영업3,Total,최저가,104345.0,70255.0,67.3,104345.0,100.0,5975160.0,13105660.0,56.0,1670160.0,12.0,12.7,2326.0,1176.0,0.02,28.0,2.4,2.4,42.9
2026-03-22,e-영업3,Total,최저가,104020.0,69670.0,67.0,104020.0,100.0,6755590.0,8498190.0,74.0,1247250.0,14.0,14.7,2649.0,1351.0,0.03,25.0,1.9,2.8,56.0
2026-03-23,e-영업3,Total,최저가,77847.0,52549.0,67.5,77847.0,100.0,5061810.0,7736320.0,45.0,1926780.0,9.0,24.9,1523.0,789.0,0.02,18.0,2.3,3.0,50.0
2026-03-24,e-영업3,Total,최저가,78200.0,52203.0,66.8,78200.0,100.0,4756470.0,8300010.0,41.0,1072660.0,7.0,12.9,1477.0,764.0,0.02,13.0,1.7,2.8,53.8
2026-03-25,e-영업3,Total,최저가,78245.0,52208.0,66.7,78245.0,100.0,-209240.0,3148740.0,28.0,710710.0,6.0,22.6,1393.0,732.0,0.02,12.0,1.6,2.0,50.0
2026-03-26,e-영업3,Total,최저가,82462.0,55742.0,67.6,82462.0,100.0,2189040.0,4176760.0,33.0,654210.0,6.0,15.7,1382.0,696.0,0.02,10.0,1.4,2.4,60.0
2026-03-27,e-영업3,Total,최저가,81793.0,54756.0,66.9,81793.0,100.0,425980.0,2748910.0,27.0,299180.0,4.0,10.9,1286.0,655.0,0.02,12.0,1.8,2.1,33.3
2026-03-28,e-영업3,Total,최저가,99102.0,63411.0,64.0,99102.0,100.0,4553550.0,5036550.0,40.0,412700.0,5.0,8.2,2081.0,1052.0,0.02,17.0,1.6,1.9,29.4
2026-03-29,e-영업3,Total,최저가,100832.0,64583.0,64.1,100832.0,100.0,4737020.0,6107150.0,51.0,1926880.0,11.0,31.6,2462.0,1292.0,0.02,36.0,2.8,2.1,30.6
2026-03-30,e-영업3,Total,최저가,98677.0,63700.0,64.6,98677.0,100.0,2799520.0,5514940.0,45.0,3060180.0,10.0,55.5,2074.0,1166.0,0.02,28.0,2.4,2.2,35.7
2026-03-31,e-영업3,Total,최저가,81268.0,53328.0,65.6,81268.0,100.0,3579960.0,4862260.0,38.0,696700.0,9.0,14.3,1331.0,689.0,0.02,18.0,2.6,2.9,50.0
2026-04-01,e-영업3,Total,최저가,80116.0,52209.0,65.2,80116.0,100.0,3684610.0,5400780.0,44.0,832510.0,11.0,15.4,1319.0,681.0,0.02,24.0,3.5,3.3,45.8
2026-04-02,e-영업3,Total,최저가,96390.0,61916.0,64.2,96390.0,100.0,3423610.0,6124470.0,42.0,2379880.0,7.0,38.9,1624.0,931.0,0.02,15.0,1.6,2.6,46.7
2026-04-03,e-영업3,Total,최저가,83033.0,52360.0,63.1,83033.0,100.0,3613320.0,5161540.0,38.0,1344340.0,8.0,26.0,1455.0,763.0,0.02,15.0,2.0,2.6,53.3
2026-04-04,e-영업3,Total,최저가,84505.0,53724.0,63.6,84505.0,100.0,2678870.0,4066870.0,30.0,684600.0,5.0,16.8,1591.0,835.0,0.02,15.0,1.8,1.9,33.3
2026-04-05,e-영업3,Total,최저가,84683.0,54079.0,63.9,84683.0,100.0,3727470.0,4138340.0,38.0,1375000.0,9.0,33.2,1663.0,844.0,0.02,15.0,1.8,2.3,60.0
2026-04-06,e-영업3,Total,최저가,71622.0,46588.0,65.0,71622.0,100.0,1341440.0,4089900.0,25.0,388650.0,3.0,9.5,1129.0,592.0,0.02,8.0,1.4,2.2,37.5
2026-04-07,e-영업3,Total,최저가,83485.0,52832.0,63.3,83485.0,100.0,4907540.0,7134260.0,39.0,1342420.0,7.0,18.8,1618.0,859.0,0.02,17.0,2.0,2.4,41.2
2026-04-08,e-영업3,Total,최저가,71024.0,45418.0,63.9,71024.0,100.0,2488160.0,3790750.0,30.0,440150.0,5.0,11.6,1131.0,602.0,0.02,8.0,1.3,2.7,62.5
2026-04-09,e-영업3,Total,최저가,73565.0,47053.0,64.0,73565.0,100.0,3901390.0,6108470.0,36.0,529200.0,7.0,8.7,1102.0,549.0,0.01,13.0,2.4,3.3,53.8
2026-04-10,e-영업3,Total,최저가,86040.0,53565.0,62.3,86040.0,100.0,1682690.0,4635330.0,33.0,437720.0,6.0,9.4,1496.0,798.0,0.02,10.0,1.3,2.2,60.0
2026-04-11,e-영업3,Total,최저가,87472.0,54571.0,62.4,87472.0,100.0,6215080.0,8551630.0,56.0,724440.0,9.0,8.5,1671.0,852.0,0.02,22.0,2.6,3.4,40.9
2026-04-12,e-영업3,Total,최저가,87934.0,54984.0,62.5,87934.0,100.0,7530600.0,10058640.0,65.0,1841270.0,8.0,18.3,2002.0,1083.0,0.02,13.0,1.2,3.2,61.5
2026-04-13,e-영업3,Total,최저가,86610.0,54171.0,62.5,86610.0,100.0,3445570.0,6397450.0,51.0,2232520.0,13.0,34.9,1853.0,1005.0,0.02,20.0,2.0,2.8,65.0
2026-04-14,e-영업3,Total,최저가,87693.0,53945.0,61.5,87693.0,100.0,2033180.0,4822440.0,53.0,1319170.0,9.0,27.4,1758.0,959.0,0.02,18.0,1.9,3.0,50.0
2026-04-15,e-영업3,Total,최저가,87686.0,53796.0,61.4,87686.0,100.0,4352040.0,6853220.0,56.0,1085980.0,9.0,15.8,1721.0,942.0,0.02,20.0,2.1,3.3,45.0
2026-04-16,e-영업3,Total,최저가,87434.0,53648.0,61.4,87434.0,100.0,3541820.0,6016840.0,43.0,456900.0,6.0,7.6,1811.0,1027.0,0.02,20.0,1.9,2.4,30.0
2026-04-17,e-영업3,Total,최저가,88963.0,54523.0,61.3,88963.0,100.0,327620.0,3520310.0,33.0,749980.0,4.0,21.3,1639.0,882.0,0.02,7.0,0.8,2.0,57.1
2026-04-18,e-영업3,Total,최저가,87858.0,53761.0,61.2,87858.0,100.0,5668950.0,5996370.0,48.0,2224700.0,8.0,37.1,1674.0,831.0,0.02,20.0,2.4,2.9,40.0
2026-04-19,e-영업3,Total,최저가,87596.0,53556.0,61.1,87596.0,100.0,4694250.0,5916010.0,42.0,2153610.0,8.0,36.4,1864.0,982.0,0.02,24.0,2.4,2.3,33.3
2026-04-20,e-영업3,Total,최저가,88434.0,53727.0,60.8,88434.0,100.0,-1656800.0,3561250.0,29.0,1599300.0,11.0,44.9,1608.0,865.0,0.02,21.0,2.4,1.8,52.4
2026-04-21,e-영업3,Total,최저가,88885.0,54213.0,61.0,88885.0,100.0,1365030.0,3306450.0,31.0,470560.0,6.0,14.2,1603.0,898.0,0.02,12.0,1.3,1.9,50.0
2026-04-22,e-영업3,Total,최저가,89207.0,54853.0,61.5,89207.0,100.0,3811220.0,6049220.0,50.0,845690.0,8.0,14.0,1573.0,821.0,0.02,17.0,2.1,3.2,47.1
2026-04-23,e-영업3,Total,최저가,78226.0,48621.0,62.2,78226.0,100.0,2101260.0,2590700.0,26.0,593090.0,4.0,22.9,1190.0,671.0,0.02,8.0,1.2,2.2,50.0
2026-04-24,e-영업3,Total,최저가,,,,,,,,,,,,,,,,,,
2026-04-25,e-영업3,Total,최저가,,,,,,,,,,,,,,,,,,
2026-04-26,e-영업3,Total,최저가,,,,,,,,,,,,,,,,,,
2026-04-27,e-영업3,Total,최저가,,,,,,,,,,,,,,,,,,
2026-04-28,e-영업3,Total,최저가,,,,,,,,,,,,,,,,,,
2026-04-29,e-영업3,Total,최저가,,,,,,,,,,,,,,,,,,
2026-04-30,e-영업3,Total,최저가,89431.0,53795.0,60.2,89431.0,100.0,4860520.0,6433530.0,40.0,1515160.0,5.0,23.6,1496.0,896.0,0.02,11.0,1.2,2.7,45.5
2026-05-01,e-영업3,Total,최저가,90600.0,54342.0,60.0,90600.0,100.0,4221000.0,5052870.0,43.0,1224090.0,12.0,24.2,1808.0,975.0,0.02,19.0,1.9,2.4,63.2
2026-05-02,e-영업3,Total,최저가,89946.0,54425.0,60.5,89946.0,100.0,4661970.0,5218450.0,48.0,666600.0,10.0,12.8,1930.0,1099.0,0.02,21.0,1.9,2.5,47.6
2026-05-03,e-영업3,Total,최저가,89850.0,54417.0,60.6,89850.0,100.0,5418310.0,7029770.0,54.0,1306900.0,9.0,18.6,2296.0,1391.0,0.03,18.0,1.3,2.4,50.0
2026-05-04,e-영업3,Total,최저가,,,,,,,,,,,,,,,,,,
2026-05-05,e-영업3,Total,최저가,79880.0,49494.0,62.0,79880.0,100.0,4332610.0,7196240.0,42.0,1117850.0,7.0,15.5,1556.0,865.0,0.02,13.0,1.5,2.7,53.8
2026-05-06,e-영업3,Total,최저가,80391.0,49872.0,62.0,80391.0,100.0,2872670.0,4120660.0,36.0,556530.0,6.0,13.5,1290.0,735.0,0.02,22.0,3.0,2.8,27.3
2026-05-07,e-영업3,Total,최저가,,,,,,,,,,,,,,,,,,
2026-05-08,e-영업3,Total,최저가,87321.0,52974.0,60.7,87321.0,100.0,3330220.0,5061460.0,28.0,2345100.0,4.0,46.3,1479.0,869.0,0.02,11.0,1.3,1.9,36.4
2026-05-09,e-영업3,Total,최저가,,,,,,,,,,,,,,,,,,
2026-05-10,e-영업3,Total,최저가,,,,,,,,,,,,,,,,,,
2026-05-11,e-영업3,Total,최저가,85616.0,52308.0,61.1,85616.0,100.0,3165290.0,5613020.0,37.0,1772700.0,6.0,31.6,1651.0,1010.0,0.02,15.0,1.5,2.2,40.0
2026-05-12,e-영업3,Total,최저가,86634.0,52929.0,61.1,86634.0,100.0,3272140.0,5239460.0,37.0,1455610.0,8.0,27.8,1677.0,990.0,0.02,14.0,1.4,2.2,57.1
2026-05-13,e-영업3,Total,최저가,88081.0,53576.0,60.8,88081.0,100.0,2231200.0,6950910.0,37.0,279200.0,4.0,4.0,1704.0,1059.0,0.02,13.0,1.2,2.2,30.8
2026-05-14,e-영업3,Total,최저가,87395.0,53144.0,60.8,87395.0,100.0,3405600.0,7546150.0,55.0,3072200.0,17.0,40.7,1826.0,1116.0,0.02,29.0,2.6,3.0,58.6
2026-05-15,e-영업3,Total,최저가,86724.0,52840.0,60.9,86724.0,100.0,1577590.0,3376380.0,38.0,1037910.0,11.0,30.7,1517.0,858.0,0.02,16.0,1.9,2.5,68.8
2026-05-16,e-영업3,Total,최저가,86953.0,52964.0,60.9,86953.0,100.0,3582450.0,3830010.0,35.0,1016880.0,11.0,26.6,1611.0,921.0,0.02,18.0,2.0,2.2,61.1
2026-05-17,e-영업3,Total,최저가,87564.0,53131.0,60.7,87564.0,100.0,5514990.0,5945090.0,48.0,1157670.0,8.0,19.5,1808.0,1023.0,0.02,17.0,1.7,2.7,47.1
2026-05-18,e-영업3,Total,최저가,79408.0,49368.0,62.2,79408.0,100.0,-253570.0,1683290.0,17.0,0.0,0.0,0.0,1372.0,807.0,0.02,17.0,2.1,1.2,0.0
2026-05-19,e-영업3,Total,최저가,78976.0,49115.0,62.2,78976.0,100.0,2051860.0,5090960.0,30.0,1293500.0,7.0,25.4,1318.0,759.0,0.02,9.0,1.2,2.3,77.8
2026-05-20,e-영업3,Total,최저가,78747.0,49074.0,62.3,78747.0,100.0,333660.0,1921690.0,23.0,391150.0,8.0,20.4,1301.0,790.0,0.02,13.0,1.6,1.8,61.5
2026-05-21,e-영업3,Total,최저가,78229.0,48780.0,62.4,78229.0,100.0,665960.0,2045170.0,21.0,739070.0,7.0,36.1,1212.0,725.0,0.02,8.0,1.1,1.7,87.5
2026-05-22,e-영업3,Total,최저가,82912.0,51415.0,62.0,82912.0,100.0,3313360.0,4144760.0,19.0,393760.0,2.0,9.5,1281.0,774.0,0.02,11.0,1.4,1.5,18.2
2026-05-23,e-영업3,Total,최저가,84210.0,51772.0,61.5,84210.0,100.0,3445610.0,3938310.0,34.0,624170.0,5.0,15.8,1489.0,839.0,0.02,13.0,1.5,2.3,38.5
2026-05-24,e-영업3,Total,최저가,84183.0,51904.0,61.7,84183.0,100.0,2176740.0,2865970.0,32.0,389420.0,6.0,13.6,1641.0,941.0,0.02,19.0,2.0,2.0,31.6
2026-05-25,e-영업3,Total,최저가,78704.0,48882.0,62.1,78704.0,100.0,1771880.0,2465980.0,21.0,1215600.0,7.0,49.3,1417.0,804.0,0.02,13.0,1.6,1.5,53.8
2026-05-26,e-영업3,Total,최저가,,,,,,,,,,,,,,,,,,
2026-05-27,e-영업3,Total,최저가,78671.0,49156.0,62.5,78671.0,100.0,1682610.0,2934360.0,24.0,376500.0,3.0,12.8,1202.0,706.0,0.02,11.0,1.6,2.0,27.3
2026-05-28,e-영업3,Total,최저가,84127.0,52385.0,62.3,84127.0,100.0,2393290.0,3899190.0,28.0,1198890.0,8.0,30.7,1480.0,875.0,0.02,15.0,1.7,1.9,53.3
2026-05-29,e-영업3,Total,최저가,85598.0,53340.0,62.3,85598.0,100.0,1514750.0,2156630.0,29.0,478600.0,3.0,22.2,1418.0,896.0,0.02,9.0,1.0,2.0,33.3
2026-05-30,e-영업3,Total,최저가,85922.0,53484.0,62.2,85922.0,100.0,3338850.0,3386250.0,22.0,230430.0,3.0,6.8,1471.0,896.0,0.02,11.0,1.2,1.5,27.3
2026-05-31,e-영업3,Total,최저가,85773.0,53288.0,62.1,85773.0,100.0,2534890.0,3380690.0,35.0,1277800.0,14.0,37.8,1726.0,1055.0,0.02,17.0,1.6,2.0,82.4
2026-06-01,e-영업3,Total,최저가,86098.0,53471.0,62.1,86098.0,100.0,2081180.0,2933310.0,29.0,475500.0,4.0,16.2,1619.0,1034.0,0.02,14.0,1.4,1.8,28.6
2026-06-02,e-영업3,Total,최저가,85190.0,53026.0,62.2,85190.0,100.0,2510110.0,3872750.0,30.0,1462640.0,9.0,37.8,1608.0,1024.0,0.02,19.0,1.9,1.9,47.4
2026-06-03,e-영업3,Total,최저가,83417.0,51966.0,62.3,83417.0,100.0,3478160.0,5352960.0,40.0,1242690.0,9.0,23.2,1793.0,1072.0,0.02,17.0,1.6,2.2,52.9
2026-06-04,e-영업3,Total,최저가,83164.0,51802.0,62.3,83164.0,100.0,3971580.0,5359780.0,38.0,3224790.0,11.0,60.2,1536.0,1015.0,0.02,16.0,1.6,2.5,68.8
2026-06-05,e-영업3,Total,최저가,82831.0,51741.0,62.5,82831.0,100.0,1573090.0,4552320.0,21.0,416700.0,3.0,9.2,1443.0,950.0,0.02,14.0,1.5,1.5,21.4
2026-06-06,e-영업3,Total,최저가,82960.0,51691.0,62.3,82960.0,100.0,3012440.0,3237640.0,33.0,176720.0,5.0,5.5,1545.0,893.0,0.02,12.0,1.3,2.1,41.7
2026-06-07,e-영업3,Total,최저가,83078.0,51936.0,62.5,83078.0,100.0,1200500.0,1964540.0,22.0,280700.0,5.0,14.3,1626.0,946.0,0.02,8.0,0.8,1.4,62.5
2026-06-08,e-영업3,Total,최저가,,,,,,,,,,,,,,,,,,
2026-06-09,e-영업3,Total,최저가,,,,,,,,,,,,,,,,,,
2026-06-10,e-영업3,Total,최저가,83356.0,52025.0,62.4,83356.0,100.0,458240.0,1551450.0,12.0,94000.0,2.0,6.1,1692.0,1095.0,0.02,7.0,0.6,0.7,28.6
2026-06-11,e-영업3,Total,최저가,84074.0,52363.0,62.3,84074.0,100.0,-664860.0,1731300.0,13.0,162000.0,1.0,9.4,1428.0,895.0,0.02,7.0,0.8,0.9,14.3
2026-06-12,e-영업3,Total,최저가,82978.0,51555.0,62.1,82978.0,100.0,628330.0,1567310.0,15.0,0.0,0.0,0.0,1410.0,843.0,0.02,5.0,0.6,1.1,0.0
2026-06-13,e-영업3,Total,최저가,82886.0,51342.0,61.9,82886.0,100.0,2714440.0,3183040.0,24.0,686000.0,5.0,21.6,1484.0,868.0,0.02,12.0,1.4,1.6,41.7
2026-06-14,e-영업3,Total,최저가,83075.0,51427.0,61.9,83075.0,100.0,1680600.0,1680600.0,20.0,447300.0,4.0,26.6,1746.0,1052.0,0.02,13.0,1.2,1.1,30.8
2026-06-15,e-영업3,Total,최저가,82298.0,51136.0,62.1,82298.0,100.0,2071920.0,3781390.0,34.0,307400.0,4.0,8.1,1610.0,961.0,0.02,9.0,0.9,2.1,44.4
2026-06-16,e-영업3,Total,최저가,82759.0,51631.0,62.4,82759.0,100.0,3161990.0,3678330.0,28.0,831790.0,9.0,22.6,1570.0,875.0,0.02,12.0,1.4,1.8,75.0
2026-06-17,e-영업3,Total,최저가,81908.0,51009.0,62.3,81908.0,100.0,1615980.0,3415440.0,28.0,439640.0,8.0,12.9,1536.0,836.0,0.02,19.0,2.3,1.8,42.1
2026-06-18,e-영업3,Total,최저가,82077.0,51217.0,62.4,82077.0,100.0,3167140.0,3854640.0,29.0,827600.0,6.0,21.5,1497.0,794.0,0.02,14.0,1.8,1.9,42.9
2026-06-19,e-영업3,Total,최저가,81843.0,51155.0,62.5,81843.0,100.0,1446370.0,2070120.0,14.0,179300.0,2.0,8.7,1316.0,706.0,0.02,5.0,0.7,1.1,40.0
2026-06-20,e-영업3,Total,최저가,82848.0,51788.0,62.5,82848.0,100.0,2798420.0,2887820.0,29.0,78000.0,1.0,2.7,1447.0,748.0,0.02,9.0,1.2,2.0,11.1
2026-06-21,e-영업3,Total,최저가,82376.0,51622.0,62.7,82376.0,100.0,4054230.0,4200690.0,32.0,525030.0,6.0,12.5,1536.0,758.0,0.02,14.0,1.8,2.1,42.9
2026-06-22,e-영업3,Total,최저가,82013.0,51196.0,62.4,82013.0,100.0,2771180.0,3901040.0,26.0,902520.0,9.0,23.1,1474.0,892.0,0.02,11.0,1.2,1.8,81.8
2026-06-23,e-영업3,Total,최저가,80662.0,50471.0,62.6,80662.0,100.0,2905430.0,3581790.0,28.0,1137680.0,8.0,31.8,1238.0,680.0,0.02,16.0,2.4,2.3,50.0
2026-06-24,e-영업3,Total,최저가,81445.0,51038.0,62.7,81445.0,100.0,3827530.0,4605880.0,28.0,2324440.0,8.0,50.5,1297.0,739.0,0.02,13.0,1.8,2.2,61.5
2026-06-25,e-영업3,Total,최저가,81800.0,51217.0,62.6,81800.0,100.0,999870.0,1365430.0,15.0,40500.0,1.0,3.0,1128.0,622.0,0.01,7.0,1.1,1.3,14.3
2026-06-26,e-영업3,Total,최저가,80752.0,50787.0,62.9,80752.0,100.0,862470.0,1324070.0,17.0,579220.0,6.0,43.7,968.0,553.0,0.01,12.0,2.2,1.8,50.0
2026-06-27,e-영업3,Total,최저가,,,,,,,,,,,,,,,,,,
2026-06-28,e-영업3,Total,최저가,82338.0,51473.0,62.5,82338.0,100.0,1965780.0,5094080.0,22.0,542350.0,4.0,10.6,1251.0,695.0,0.02,13.0,1.9,1.8,30.8
2026-06-29,e-영업3,Total,최저가,,,,,,,,,,,,,,,,,,
2026-06-30,e-영업3,Total,최저가,81072.0,51077.0,63.0,81072.0,100.0,2223650.0,3279030.0,25.0,1035500.0,4.0,31.6,1122.0,610.0,0.01,9.0,1.5,2.2,44.4
2026-07-01,e-영업3,Total,최저가,80329.0,50261.0,62.6,80329.0,100.0,1913000.0,2670200.0,21.0,94880.0,3.0,3.6,1060.0,607.0,0.01,8.0,1.3,2.0,37.5
2026-07-02,e-영업3,Total,최저가,79771.0,50589.0,63.4,79771.0,100.0,1090450.0,1717590.0,22.0,224200.0,5.0,13.1,1050.0,574.0,0.01,11.0,1.9,2.1,45.5
2026-07-03,e-영업3,Total,최저가,79767.0,50585.0,63.4,79767.0,100.0,2523200.0,3698280.0,19.0,448560.0,7.0,12.1,862.0,469.0,0.01,13.0,2.8,2.2,53.8
2026-07-04,e-영업3,Total,최저가,79670.0,50203.0,63.0,79670.0,100.0,383070.0,862370.0,9.0,65200.0,2.0,7.6,1010.0,555.0,0.01,7.0,1.3,0.9,28.6
2026-07-05,e-영업3,Total,최저가,79735.0,50292.0,63.1,79735.0,100.0,1857900.0,1914660.0,21.0,495700.0,6.0,25.9,1207.0,670.0,0.02,14.0,2.1,1.7,42.9
2026-07-06,e-영업3,Total,최저가,80073.0,50439.0,63.0,80073.0,100.0,1226620.0,1994700.0,19.0,614900.0,4.0,30.8,1023.0,567.0,0.01,8.0,1.4,1.9,50.0
2026-07-07,e-영업3,Total,최저가,79771.0,50374.0,63.1,79771.0,100.0,868840.0,2038850.0,19.0,602700.0,5.0,29.6,1029.0,592.0,0.01,7.0,1.2,1.8,71.4
2026-07-08,e-영업3,Total,최저가,80135.0,50639.0,63.2,80135.0,100.0,-72960.0,1228370.0,13.0,184900.0,3.0,15.1,1054.0,601.0,0.01,11.0,1.8,1.2,27.3
2026-07-09,e-영업3,Total,최저가,79844.0,50402.0,63.1,79844.0,100.0,3119540.0,4650550.0,25.0,1417700.0,5.0,30.5,1145.0,622.0,0.01,12.0,1.9,2.2,41.7
2026-07-10,e-영업3,Total,최저가,79537.0,50669.0,63.7,79537.0,100.0,1073520.0,1639070.0,22.0,314700.0,5.0,19.2,1035.0,580.0,0.01,7.0,1.2,2.1,71.4
2026-07-11,e-영업3,Total,최저가,78819.0,50091.0,63.6,78819.0,100.0,725070.0,1003730.0,15.0,0.0,0.0,0.0,1052.0,531.0,0.01,10.0,1.9,1.4,0.0
2026-07-12,e-영업3,Total,최저가,79080.0,50297.0,63.6,79080.0,100.0,2452990.0,2920420.0,23.0,1797920.0,10.0,61.6,1181.0,595.0,0.01,16.0,2.7,1.9,62.5
2026-07-13,e-영업3,Total,최저가,78669.0,50085.0,63.7,78669.0,100.0,1676420.0,1906420.0,14.0,210900.0,1.0,11.1,1026.0,581.0,0.01,8.0,1.4,1.4,12.5
2026-07-14,e-영업3,Total,최저가,79189.0,50205.0,63.4,79189.0,100.0,2218150.0,3030920.0,25.0,548010.0,5.0,18.1,1180.0,719.0,0.01,7.0,1.0,2.1,71.4
2026-07-15,e-영업3,Total,최저가,78965.0,57578.0,72.9,78965.0,100.0,3687600.0,3923620.0,32.0,1393020.0,9.0,35.5,1081.0,589.0,0.01,13.0,2.2,3.0,69.2
2026-07-16,e-영업3,Total,최저가,78535.0,57471.0,73.2,78535.0,100.0,-68150.0,607250.0,12.0,48000.0,1.0,7.9,888.0,498.0,0.01,6.0,1.2,1.4,16.7
2026-07-17,e-영업3,Total,최저가,78943.0,57667.0,73.0,78943.0,100.0,1152660.0,1359260.0,8.0,353400.0,2.0,26.0,974.0,539.0,0.01,9.0,1.7,0.8,22.2
2026-07-18,e-영업3,Total,최저가,79723.0,59043.0,74.1,79723.0,100.0,1691930.0,1986670.0,20.0,0.0,0.0,0.0,1066.0,583.0,0.01,3.0,0.5,1.9,0.0
2026-07-19,e-영업3,Total,최저가,79744.0,64671.0,81.1,79744.0,100.0,1262880.0,1285880.0,15.0,35800.0,1.0,2.8,1091.0,583.0,0.01,6.0,1.0,1.4,16.7
2026-07-20,e-영업3,Total,최저가,78983.0,64504.0,81.7,78983.0,100.0,362510.0,975910.0,16.0,187900.0,5.0,19.3,1032.0,592.0,0.01,11.0,1.9,1.6,45.5
2026-07-21,e-영업3,Total,최저가,80159.0,65292.0,81.5,80159.0,100.0,-164300.0,2029250.0,14.0,100000.0,1.0,4.9,1036.0,618.0,0.01,8.0,1.3,1.4,12.5
2026-07-22,e-영업3,Total,최저가,80805.0,65910.0,81.6,80805.0,100.0,749060.0,1501900.0,12.0,312000.0,3.0,20.8,1050.0,591.0,0.01,5.0,0.8,1.1,60.0
2026-07-23,e-영업3,Total,최저가,63205.0,50479.0,79.9,63205.0,100.0,2685060.0,6006900.0,33.0,431350.0,4.0,7.2,1067.0,583.0,0.02,7.0,1.2,3.1,57.1
2026-07-24,e-영업3,Total,최저가,62134.0,49586.0,79.8,62134.0,100.0,839630.0,1838920.0,15.0,0.0,0.0,0.0,741.0,392.0,0.01,1.0,0.3,2.0,0.0
2026-07-25,e-영업3,Total,최저가,63539.0,50534.0,79.5,63539.0,100.0,1297360.0,1384300.0,13.0,179600.0,2.0,13.0,804.0,426.0,0.01,8.0,1.9,1.6,25.0
2026-07-26,e-영업3,Total,최저가,63122.0,50195.0,79.5,63122.0,100.0,1299240.0,1442490.0,11.0,109000.0,1.0,7.6,876.0,475.0,0.01,7.0,1.5,1.3,14.3
2026-07-27,e-영업3,Total,최저가,63000.0,50392.0,80.0,63000.0,100.0,293560.0,1561160.0,8.0,258000.0,1.0,16.5,863.0,511.0,0.01,5.0,1.0,0.9,20.0
2026-07-28,e-영업3,Total,최저가,62586.0,50040.0,80.0,62586.0,100.0,-160190.0,666710.0,8.0,76300.0,1.0,11.4,811.0,471.0,0.01,5.0,1.1,1.0,20.0
2026-07-29,e-영업3,Total,최저가,62300.0,49653.0,79.7,62300.0,100.0,1309000.0,1857600.0,9.0,190000.0,2.0,10.2,785.0,440.0,0.01,2.0,0.5,1.1,100.0
2026-01-01,e-영업3,매칭,Total,727103.0,727103.0,100.0,64498.0,8.9,32735467.0,39985477.0,201.0,6974317.0,46.0,17.4,6256.0,3508.0,0.01,88.0,2.5,3.2,52.3
2026-01-02,e-영업3,매칭,Total,728440.0,728440.0,100.0,63746.0,8.8,15768600.0,30478250.0,152.0,4891430.0,20.0,16.0,5723.0,3236.0,0.01,74.0,2.3,2.7,27.0
2026-01-03,e-영업3,매칭,Total,725279.0,725279.0,100.0,64296.0,8.9,21743817.0,25852527.0,151.0,5472070.0,32.0,21.2,6419.0,3507.0,0.01,91.0,2.6,2.4,35.2
2026-01-04,e-영업3,매칭,Total,721785.0,721785.0,100.0,62716.0,8.7,29508867.0,36511267.0,187.0,9114650.0,40.0,25.0,6990.0,3882.0,0.01,98.0,2.5,2.7,40.8
2026-01-05,e-영업3,매칭,Total,721316.0,721316.0,100.0,62638.0,8.7,8235070.0,28630480.0,150.0,8111550.0,40.0,28.3,5582.0,3161.0,0.01,81.0,2.6,2.7,49.4
2026-01-06,e-영업3,매칭,Total,721843.0,721843.0,100.0,62057.0,8.6,11376150.0,20242570.0,123.0,3705100.0,22.0,18.3,5394.0,3110.0,0.01,53.0,1.7,2.3,41.5
2026-01-07,e-영업3,매칭,Total,723227.0,723227.0,100.0,62436.0,8.6,10173710.0,18166700.0,116.0,3084460.0,24.0,17.0,5339.0,3080.0,0.01,52.0,1.7,2.2,46.2
2026-01-08,e-영업3,매칭,Total,723127.0,723127.0,100.0,62056.0,8.6,7040460.0,16826960.0,101.0,3419350.0,23.0,20.3,5292.0,3026.0,0.01,53.0,1.8,1.9,43.4
2026-01-09,e-영업3,매칭,Total,721034.0,721034.0,100.0,63703.0,8.8,8018320.0,17583437.0,111.0,4498640.0,26.0,25.6,4889.0,2895.0,0.01,44.0,1.5,2.3,59.1
2026-01-10,e-영업3,매칭,Total,723833.0,723833.0,100.0,62518.0,8.6,21461250.0,26460270.0,140.0,5627510.0,25.0,21.3,5786.0,3177.0,0.01,67.0,2.1,2.4,37.3
2026-01-11,e-영업3,매칭,Total,721690.0,721690.0,100.0,62900.0,8.7,34327550.0,46944600.0,231.0,8388550.0,48.0,17.9,8158.0,4505.0,0.01,111.0,2.5,2.8,43.2
2026-01-12,e-영업3,매칭,Total,721350.0,721350.0,100.0,63104.0,8.7,4263751.0,21518498.0,137.0,3817429.0,29.0,17.7,6276.0,3645.0,0.01,69.0,1.9,2.2,42.0
2026-01-13,e-영업3,매칭,Total,723736.0,723736.0,100.0,63347.0,8.8,13098484.0,23794690.0,138.0,6464670.0,39.0,27.2,5879.0,3417.0,0.01,79.0,2.3,2.3,49.4
2026-01-14,e-영업3,매칭,Total,720710.0,720710.0,100.0,61703.0,8.6,14376870.0,28101750.0,129.0,3410400.0,21.0,12.1,5840.0,3378.0,0.01,50.0,1.5,2.2,42.0
2026-01-15,e-영업3,매칭,Total,726695.0,726695.0,100.0,61394.0,8.4,7151457.0,23159217.0,135.0,4398720.0,21.0,19.0,5177.0,3039.0,0.01,68.0,2.2,2.6,30.9
2026-01-16,e-영업3,매칭,Total,723776.0,723776.0,100.0,61575.0,8.5,8711605.0,15550075.0,87.0,3188345.0,18.0,20.5,4975.0,2911.0,0.01,50.0,1.7,1.7,36.0
2026-01-17,e-영업3,매칭,Total,725413.0,725413.0,100.0,61648.0,8.5,12782850.0,15315230.0,103.0,2706480.0,23.0,17.7,5461.0,3061.0,0.01,63.0,2.1,1.9,36.5
2026-01-18,e-영업3,매칭,Total,726346.0,726346.0,100.0,61763.0,8.5,24457460.0,28238880.0,132.0,9801910.0,34.0,34.7,5840.0,3206.0,0.01,70.0,2.2,2.3,48.6
2026-01-19,e-영업3,매칭,Total,717268.0,717268.0,100.0,61804.0,8.6,13942675.0,36870015.0,147.0,3812620.0,25.0,10.3,5641.0,3166.0,0.01,61.0,1.9,2.6,41.0
2026-01-20,e-영업3,매칭,Total,719232.0,719232.0,100.0,61681.0,8.6,14591600.0,28961590.0,124.0,9409390.0,26.0,32.5,5414.0,3037.0,0.01,59.0,1.9,2.3,44.1
2026-01-21,e-영업3,매칭,Total,715947.0,715947.0,100.0,61273.0,8.6,12663520.0,24027980.0,131.0,5574850.0,29.0,23.2,5345.0,3076.0,0.01,62.0,2.0,2.5,46.8
2026-01-22,e-영업3,매칭,Total,711025.0,711025.0,100.0,61393.0,8.6,12172677.0,19979337.0,124.0,5440407.0,31.0,27.2,5061.0,2938.0,0.01,67.0,2.3,2.5,46.3
2026-01-23,e-영업3,매칭,Total,706882.0,706882.0,100.0,61448.0,8.7,6799467.0,16466767.0,114.0,3376827.0,23.0,20.5,4819.0,2656.0,0.01,54.0,2.0,2.4,42.6
2026-01-24,e-영업3,매칭,Total,708944.0,708944.0,100.0,66433.0,9.4,18956770.0,22294090.0,125.0,4673170.0,25.0,21.0,5867.0,3169.0,0.01,53.0,1.7,2.1,47.2
2026-01-25,e-영업3,매칭,Total,714504.0,714504.0,100.0,67448.0,9.4,19773824.0,24152414.0,181.0,5300100.0,41.0,21.9,6444.0,3605.0,0.01,98.0,2.7,2.8,41.8
2026-01-26,e-영업3,매칭,Total,714387.0,714387.0,100.0,67675.0,9.5,10795102.0,23835257.0,113.0,4190780.0,23.0,17.6,5336.0,3108.0,0.01,63.0,2.0,2.1,36.5
2026-01-27,e-영업3,매칭,Total,707076.0,707076.0,100.0,61075.0,8.6,5738460.0,19316050.0,101.0,5384140.0,25.0,27.9,5201.0,2976.0,0.01,54.0,1.8,1.9,46.3
2026-01-28,e-영업3,매칭,Total,706947.0,706947.0,100.0,60920.0,8.6,5157750.0,16370170.0,93.0,2517320.0,21.0,15.4,4867.0,2799.0,0.01,42.0,1.5,1.9,50.0
2026-01-29,e-영업3,매칭,Total,707464.0,707464.0,100.0,65962.0,9.3,18179180.0,26068690.0,94.0,7463860.0,21.0,28.6,4760.0,2747.0,0.01,50.0,1.8,2.0,42.0
2026-01-30,e-영업3,매칭,Total,708245.0,708245.0,100.0,68932.0,9.7,7156510.0,15440130.0,94.0,1609400.0,14.0,10.4,4573.0,2617.0,0.01,45.0,1.7,2.1,31.1
2026-01-31,e-영업3,매칭,Total,709598.0,709598.0,100.0,65505.0,9.2,15133387.0,16945534.0,98.0,2737610.0,18.0,16.2,4890.0,2684.0,0.01,53.0,2.0,2.0,34.0
2026-02-01,e-영업3,매칭,Total,714819.0,714819.0,100.0,66858.0,9.4,14044470.0,18621330.0,109.0,4472910.0,23.0,24.0,5556.0,3103.0,0.01,54.0,1.7,2.0,42.6
2026-02-02,e-영업3,매칭,Total,709718.0,709718.0,100.0,66413.0,9.4,2789663.0,14237260.0,89.0,2949460.0,20.0,20.7,4499.0,2587.0,0.01,48.0,1.9,2.0,41.7
2026-02-03,e-영업3,매칭,Total,700341.0,700341.0,100.0,66644.0,9.5,5312559.0,22699910.0,77.0,4692800.0,22.0,20.7,4563.0,2578.0,0.01,50.0,1.9,1.7,44.0
2026-02-04,e-영업3,매칭,Total,700700.0,700700.0,100.0,67277.0,9.6,1087660.0,12562880.0,88.0,2975070.0,17.0,23.7,4640.0,2676.0,0.01,35.0,1.3,1.9,48.6
2026-02-05,e-영업3,매칭,Total,704956.0,704956.0,100.0,69783.0,9.9,12281760.0,22329380.0,116.0,6694890.0,35.0,30.0,4567.0,2565.0,0.01,57.0,2.2,2.5,61.4
2026-02-06,e-영업3,매칭,Total,708552.0,708552.0,100.0,69004.0,9.7,13416593.0,24744743.0,104.0,7937720.0,19.0,32.1,4519.0,2538.0,0.01,49.0,1.9,2.3,38.8
2026-02-07,e-영업3,매칭,Total,709238.0,709238.0,100.0,66265.0,9.3,22372060.0,24769850.0,132.0,6021850.0,32.0,24.3,5275.0,2885.0,0.01,74.0,2.6,2.5,43.2
2026-02-08,e-영업3,매칭,Total,713281.0,713281.0,100.0,67224.0,9.4,16704591.0,22587104.0,140.0,7748816.0,43.0,34.3,6065.0,3374.0,0.01,75.0,2.2,2.3,57.3
2026-02-09,e-영업3,매칭,Total,712553.0,712553.0,100.0,67957.0,9.5,8867359.0,17314649.0,118.0,3275728.0,25.0,18.9,4935.0,2847.0,0.01,69.0,2.4,2.4,36.2
2026-02-10,e-영업3,매칭,Total,713079.0,713079.0,100.0,69503.0,9.7,8015893.0,16963173.0,114.0,3349880.0,28.0,19.7,4860.0,2791.0,0.01,48.0,1.7,2.3,58.3
2026-02-11,e-영업3,매칭,Total,696361.0,696361.0,100.0,69663.0,10.0,8692683.0,13327703.0,99.0,2279653.0,20.0,17.1,4562.0,2658.0,0.01,28.0,1.1,2.2,71.4
2026-02-12,e-영업3,매칭,Total,702132.0,702132.0,100.0,70669.0,10.1,10866610.0,14747510.0,115.0,2506360.0,21.0,17.0,4526.0,2544.0,0.01,47.0,1.8,2.5,44.7
2026-02-13,e-영업3,매칭,Total,701659.0,701659.0,100.0,70456.0,10.0,6075219.0,13026479.0,100.0,3150046.0,24.0,24.2,3974.0,2244.0,0.01,43.0,1.9,2.5,55.8
2026-02-14,e-영업3,매칭,Total,707478.0,707478.0,100.0,71342.0,10.1,11412641.0,13963551.0,93.0,4618803.0,21.0,33.1,4591.0,2510.0,0.01,49.0,2.0,2.0,42.9
2026-02-15,e-영업3,매칭,Total,708354.0,708354.0,100.0,69973.0,9.9,7486078.0,11873538.0,81.0,1911140.0,15.0,16.1,4797.0,2687.0,0.01,51.0,1.9,1.7,29.4
2026-02-16,e-영업3,매칭,Total,709372.0,709372.0,100.0,69396.0,9.8,15351740.0,18653610.0,101.0,3775800.0,17.0,20.2,4450.0,2452.0,0.01,39.0,1.6,2.3,43.6
2026-02-17,e-영업3,매칭,Total,707705.0,707705.0,100.0,68419.0,9.7,13060290.0,16746630.0,85.0,2613120.0,19.0,15.6,4422.0,2522.0,0.01,49.0,1.9,1.9,38.8
2026-02-18,e-영업3,매칭,Total,706809.0,706809.0,100.0,67441.0,9.5,12330837.0,18183570.0,130.0,2725350.0,21.0,15.0,6164.0,3630.0,0.01,52.0,1.4,2.1,40.4
2026-02-19,e-영업3,매칭,Total,703373.0,703373.0,100.0,65049.0,9.2,5424173.0,19819123.0,147.0,3192043.0,26.0,16.1,5727.0,3412.0,0.01,53.0,1.6,2.6,49.1
2026-02-20,e-영업3,매칭,Total,705489.0,705489.0,100.0,66831.0,9.5,13877007.0,19877690.0,128.0,5627650.0,34.0,28.3,5219.0,2959.0,0.01,78.0,2.6,2.5,43.6
2026-02-21,e-영업3,매칭,Total,709129.0,709129.0,100.0,66919.0,9.4,22038363.0,23651883.0,136.0,2592350.0,19.0,11.0,6185.0,3428.0,0.01,69.0,2.0,2.2,27.5
2026-02-22,e-영업3,매칭,Total,714495.0,714495.0,100.0,67247.0,9.4,23772093.0,29720783.0,194.0,7093923.0,37.0,23.9,7018.0,3957.0,0.01,98.0,2.5,2.8,37.8
2026-02-23,e-영업3,매칭,Total,705143.0,705143.0,100.0,65766.0,9.3,11668950.0,22724650.0,149.0,3289690.0,28.0,14.5,5498.0,3274.0,0.01,61.0,1.9,2.7,45.9
2026-02-24,e-영업3,매칭,Total,700956.0,700956.0,100.0,65504.0,9.3,7789530.0,19959510.0,114.0,4093400.0,27.0,20.5,5226.0,3083.0,0.01,50.0,1.6,2.2,54.0
2026-02-25,e-영업3,매칭,Total,701651.0,701651.0,100.0,65621.0,9.4,8319350.0,16057720.0,128.0,2969160.0,23.0,18.5,5210.0,3071.0,0.01,61.0,2.0,2.5,37.7
2026-02-26,e-영업3,매칭,Total,700696.0,700696.0,100.0,66083.0,9.4,6363560.0,15893370.0,128.0,3484550.0,28.0,21.9,5333.0,3087.0,0.01,62.0,2.0,2.4,45.2
2026-02-27,e-영업3,매칭,Total,698975.0,698975.0,100.0,65876.0,9.4,8513107.0,17971230.0,129.0,4066880.0,30.0,22.6,4872.0,2836.0,0.01,49.0,1.7,2.6,61.2
2026-02-28,e-영업3,매칭,Total,701513.0,701513.0,100.0,68707.0,9.8,16226960.0,22614560.0,166.0,3893420.0,30.0,17.2,6411.0,3626.0,0.01,74.0,2.0,2.6,40.5
2026-03-01,e-영업3,매칭,Total,704046.0,704046.0,100.0,70428.0,10.0,19729170.0,26598040.0,184.0,3970800.0,31.0,14.9,7129.0,4111.0,0.01,66.0,1.6,2.6,47.0
2026-03-02,e-영업3,매칭,Total,704519.0,704519.0,100.0,70350.0,10.0,24426370.0,30233040.0,213.0,4909450.0,51.0,16.2,7672.0,4435.0,0.01,101.0,2.3,2.8,50.5
2026-03-03,e-영업3,매칭,Total,699462.0,699462.0,100.0,70132.0,10.0,12661550.0,25017520.0,175.0,5381690.0,45.0,21.5,5795.0,3388.0,0.01,98.0,2.9,3.0,45.9
2026-03-04,e-영업3,매칭,Total,490643.0,490643.0,100.0,54999.0,11.2,6025310.0,12760770.0,112.0,1602040.0,20.0,12.6,3521.0,2003.0,0.01,45.0,2.2,3.2,44.4
2026-03-05,e-영업3,매칭,Total,493000.0,493000.0,100.0,55177.0,11.2,8029940.0,14642550.0,99.0,3633600.0,20.0,24.8,3490.0,1939.0,0.01,35.0,1.8,2.8,57.1
2026-03-06,e-영업3,매칭,Total,495449.0,495449.0,100.0,57043.0,11.5,12911180.0,20861350.0,112.0,3337960.0,25.0,16.0,3371.0,1863.0,0.01,37.0,2.0,3.3,67.6
2026-03-07,e-영업3,매칭,Total,688196.0,688196.0,100.0,71699.0,10.4,22640410.0,28395520.0,204.0,4376650.0,42.0,15.4,6344.0,3525.0,0.01,78.0,2.2,3.2,53.8
2026-03-08,e-영업3,매칭,Total,497427.0,497427.0,100.0,57770.0,11.6,30369570.0,34666660.0,138.0,3440800.0,34.0,9.9,4283.0,2298.0,0.01,68.0,3.0,3.2,50.0
2026-03-09,e-영업3,매칭,Total,497680.0,497680.0,100.0,57745.0,11.6,7901930.0,15890470.0,97.0,2032940.0,15.0,12.8,3542.0,2000.0,0.01,45.0,2.3,2.7,33.3
2026-03-10,e-영업3,매칭,Total,688365.0,688365.0,100.0,71865.0,10.4,14379200.0,20612840.0,142.0,2744940.0,20.0,13.3,5585.0,3247.0,0.01,56.0,1.7,2.5,35.7
2026-03-11,e-영업3,매칭,Total,498270.0,498270.0,100.0,56940.0,11.4,6716150.0,15929620.0,99.0,2190190.0,24.0,13.7,3572.0,2018.0,0.01,60.0,3.0,2.8,40.0
2026-03-12,e-영업3,매칭,Total,498548.0,498548.0,100.0,55349.0,11.1,7015870.0,11291420.0,97.0,2956270.0,25.0,26.2,3565.0,2021.0,0.01,41.0,2.0,2.7,61.0
2026-03-13,e-영업3,매칭,Total,495906.0,495906.0,100.0,0.0,0.0,2731060.0,11702210.0,74.0,2192510.0,15.0,18.7,3167.0,1740.0,0.01,22.0,1.3,2.3,68.2
2026-03-14,e-영업3,매칭,Total,495906.0,495906.0,100.0,56324.0,11.4,9825020.0,10624910.0,85.0,826980.0,14.0,7.8,3454.0,1840.0,0.01,37.0,2.0,2.5,37.8
2026-03-15,e-영업3,매칭,Total,675727.0,675727.0,100.0,70979.0,10.5,18105820.0,24243400.0,156.0,1846290.0,22.0,7.6,6606.0,3711.0,0.01,69.0,1.9,2.4,31.9
2026-03-16,e-영업3,매칭,Total,495906.0,495906.0,100.0,56913.0,11.5,3813350.0,9330590.0,98.0,2974970.0,24.0,31.9,3694.0,2012.0,0.01,46.0,2.3,2.7,52.2
2026-03-17,e-영업3,매칭,Total,495906.0,495906.0,100.0,56911.0,11.5,4339490.0,8913720.0,88.0,1212380.0,13.0,13.6,3686.0,2103.0,0.01,46.0,2.2,2.4,28.3
2026-03-18,e-영업3,매칭,Total,495906.0,495906.0,100.0,55649.0,11.2,7976150.0,11746270.0,111.0,2550700.0,22.0,21.7,3522.0,1898.0,0.01,37.0,1.9,3.2,59.5
2026-03-19,e-영업3,매칭,Total,657087.0,657087.0,100.0,70681.0,10.8,15772740.0,24896800.0,168.0,2060650.0,22.0,8.3,5591.0,3244.0,0.01,55.0,1.7,3.0,40.0
2026-03-20,e-영업3,매칭,Total,654633.0,654633.0,100.0,70380.0,10.8,13568800.0,20255980.0,156.0,4128000.0,24.0,20.4,5467.0,3164.0,0.01,64.0,2.0,2.9,37.5
2026-03-21,e-영업3,매칭,Total,650036.0,650036.0,100.0,70255.0,10.8,19024280.0,22648870.0,180.0,3889710.0,38.0,17.2,5967.0,3264.0,0.01,70.0,2.1,3.0,54.3
2026-03-22,e-영업3,매칭,Total,649424.0,649424.0,100.0,69670.0,10.7,17472990.0,21820580.0,189.0,3379210.0,31.0,15.5,6621.0,3678.0,0.01,70.0,1.9,2.9,44.3
2026-03-23,e-영업3,매칭,Total,495906.0,495906.0,100.0,52549.0,10.6,8954040.0,16450040.0,130.0,2370030.0,19.0,14.4,4134.0,2292.0,0.01,40.0,1.7,3.1,47.5
2026-03-24,e-영업3,매칭,Total,495906.0,495906.0,100.0,52203.0,10.5,8945750.0,16706590.0,126.0,2946770.0,24.0,17.6,4060.0,2237.0,0.01,45.0,2.0,3.1,53.3
2026-03-25,e-영업3,매칭,Total,495906.0,495906.0,100.0,52208.0,10.5,6539300.0,10465270.0,102.0,2447510.0,19.0,23.4,3868.0,2185.0,0.01,31.0,1.4,2.6,61.3
2026-03-26,e-영업3,매칭,Total,495906.0,495906.0,100.0,55742.0,11.2,10012170.0,13695890.0,122.0,2007810.0,18.0,14.7,3695.0,2038.0,0.01,37.0,1.8,3.3,48.6
2026-03-27,e-영업3,매칭,Total,495906.0,495906.0,100.0,54756.0,11.0,4808600.0,8492940.0,87.0,879360.0,9.0,10.4,3381.0,1886.0,0.01,33.0,1.7,2.6,27.3
2026-03-28,e-영업3,매칭,Total,630712.0,630712.0,100.0,63411.0,10.1,15496080.0,17240590.0,157.0,2618920.0,29.0,15.2,5853.0,3192.0,0.01,70.0,2.2,2.7,41.4
2026-03-29,e-영업3,매칭,Total,630565.0,630565.0,100.0,64583.0,10.2,21208995.0,24683235.0,194.0,4077420.0,35.0,16.5,6686.0,3727.0,0.01,79.0,2.1,2.9,44.3
2026-03-30,e-영업3,매칭,Total,622097.0,622097.0,100.0,63700.0,10.2,3095450.0,14567580.0,112.0,4418400.0,23.0,30.3,5468.0,3226.0,0.01,55.0,1.7,2.0,41.8
2026-03-31,e-영업3,매칭,Total,495906.0,495906.0,100.0,53328.0,10.8,8273220.0,13936120.0,84.0,1080550.0,15.0,7.8,3256.0,1836.0,0.01,35.0,1.9,2.6,42.9
2026-04-01,e-영업3,매칭,Total,495906.0,495906.0,100.0,52209.0,10.5,6414880.0,10247260.0,78.0,1527690.0,14.0,14.9,3127.0,1734.0,0.01,33.0,1.9,2.5,42.4
2026-04-02,e-영업3,매칭,Total,613205.0,613205.0,100.0,61916.0,10.1,899560.0,10468920.0,85.0,2669190.0,15.0,25.5,4165.0,2393.0,0.01,35.0,1.5,2.0,42.9
2026-04-03,e-영업3,매칭,Total,585001.0,585001.0,100.0,52360.0,9.0,6077760.0,11237850.0,87.0,1863230.0,12.0,16.6,3659.0,2056.0,0.01,30.0,1.5,2.4,40.0
2026-04-04,e-영업3,매칭,Total,584011.0,584011.0,100.0,53724.0,9.2,10295730.0,13422730.0,83.0,1570750.0,16.0,11.7,4124.0,2202.0,0.01,30.0,1.4,2.0,53.3
2026-04-05,e-영업3,매칭,Total,583117.0,583117.0,100.0,54079.0,9.3,9681920.0,11670360.0,95.0,2502650.0,22.0,21.4,4283.0,2283.0,0.01,46.0,2.0,2.2,47.8
2026-04-06,e-영업3,매칭,Total,495906.0,495906.0,100.0,46588.0,9.4,3428970.0,9256650.0,70.0,1810450.0,10.0,19.6,2844.0,1534.0,0.01,22.0,1.4,2.5,45.5
2026-04-07,e-영업3,매칭,Total,580639.0,580639.0,100.0,52832.0,9.1,8449930.0,14632250.0,113.0,3089610.0,22.0,21.1,4191.0,2373.0,0.01,53.0,2.2,2.7,41.5
2026-04-08,e-영업3,매칭,Total,495906.0,495906.0,100.0,45418.0,9.2,4018440.0,8489420.0,70.0,686950.0,10.0,8.1,2931.0,1609.0,0.01,21.0,1.3,2.4,47.6
2026-04-09,e-영업3,매칭,Total,495906.0,495906.0,100.0,47053.0,9.5,5600020.0,10834070.0,90.0,823150.0,12.0,7.6,2885.0,1587.0,0.01,27.0,1.7,3.1,44.4
2026-04-10,e-영업3,매칭,Total,572809.0,572809.0,100.0,53565.0,9.4,3001170.0,8961010.0,79.0,1975820.0,21.0,22.0,3454.0,1929.0,0.01,26.0,1.3,2.3,80.8
2026-04-11,e-영업3,매칭,Total,572116.0,572116.0,100.0,54571.0,9.5,11585350.0,13411460.0,108.0,2170040.0,19.0,16.2,3828.0,2059.0,0.01,42.0,2.0,2.8,45.2
2026-04-12,e-영업3,매칭,Total,571714.0,571714.0,100.0,54984.0,9.6,12954760.0,15310910.0,122.0,1875730.0,18.0,12.3,4407.0,2467.0,0.01,46.0,1.9,2.8,39.1
2026-04-13,e-영업3,매칭,Total,566834.0,566834.0,100.0,54171.0,9.6,9329640.0,21311680.0,129.0,2997800.0,28.0,14.1,4203.0,2431.0,0.01,47.0,1.9,3.1,59.6
2026-04-14,e-영업3,매칭,Total,564446.0,564446.0,100.0,53945.0,9.6,8991520.0,13683880.0,137.0,2379890.0,22.0,17.4,4237.0,2422.0,0.01,52.0,2.1,3.2,42.3
2026-04-15,e-영업3,매칭,Total,562081.0,562081.0,100.0,53796.0,9.6,9118490.0,13584040.0,127.0,2409530.0,24.0,17.7,4235.0,2425.0,0.01,44.0,1.8,3.0,54.5
2026-04-16,e-영업3,매칭,Total,559466.0,559466.0,100.0,53648.0,9.6,6118460.0,12229380.0,106.0,1997320.0,18.0,16.3,4007.0,2291.0,0.01,44.0,1.9,2.6,40.9
2026-04-17,e-영업3,매칭,Total,557494.0,557494.0,100.0,54523.0,9.8,4311770.0,8462320.0,70.0,1103280.0,10.0,13.0,3716.0,2087.0,0.01,28.0,1.3,1.9,35.7
2026-04-18,e-영업3,매칭,Total,554122.0,554122.0,100.0,53761.0,9.7,12505010.0,14598590.0,107.0,3691800.0,20.0,25.3,4044.0,2170.0,0.01,52.0,2.4,2.6,38.5
2026-04-19,e-영업3,매칭,Total,553901.0,553901.0,100.0,53556.0,9.7,10472640.0,13472150.0,116.0,2945890.0,23.0,21.9,4435.0,2475.0,0.01,46.0,1.9,2.6,50.0
2026-04-20,e-영업3,매칭,Total,552012.0,552012.0,100.0,53727.0,9.7,420310.0,8864270.0,90.0,2566470.0,22.0,29.0,3826.0,2190.0,0.01,43.0,2.0,2.4,51.2
2026-04-21,e-영업3,매칭,Total,548475.0,548475.0,100.0,54213.0,9.9,5023530.0,8891540.0,81.0,2437760.0,18.0,27.4,3706.0,2084.0,0.01,39.0,1.9,2.2,46.2
2026-04-22,e-영업3,매칭,Total,546517.0,546517.0,100.0,54853.0,10.0,7464820.0,12646860.0,95.0,2320540.0,14.0,18.3,3584.0,1970.0,0.01,33.0,1.7,2.7,42.4
2026-04-23,e-영업3,매칭,Total,495906.0,495906.0,100.0,48621.0,9.8,4597610.0,7905650.0,65.0,1177700.0,12.0,14.9,2881.0,1706.0,0.01,25.0,1.5,2.3,48.0
2026-04-24,e-영업3,매칭,Total,545864.0,545864.0,100.0,0.0,0.0,6437440.0,9740690.0,90.0,1618960.0,13.0,16.6,3517.0,2110.0,0.01,39.0,1.8,2.6,33.3
2026-04-25,e-영업3,매칭,Total,545864.0,545864.0,100.0,0.0,0.0,13436050.0,15561180.0,104.0,3682580.0,25.0,23.7,3877.0,2112.0,0.01,54.0,2.6,2.7,46.3
2026-04-26,e-영업3,매칭,Total,545221.0,545221.0,100.0,0.0,0.0,10145400.0,13041460.0,96.0,3813020.0,21.0,29.2,4117.0,2254.0,0.01,40.0,1.8,2.3,52.5
2026-04-27,e-영업3,매칭,Total,545587.0,545587.0,100.0,0.0,0.0,9920440.0,13684250.0,85.0,2880220.0,17.0,21.0,4740.0,2948.0,0.01,45.0,1.5,1.8,37.8
2026-04-28,e-영업3,매칭,Total,544047.0,544047.0,100.0,0.0,0.0,5794470.0,10977000.0,88.0,1033070.0,15.0,9.4,5018.0,3323.0,0.01,32.0,1.0,1.8,46.9
2026-04-29,e-영업3,매칭,Total,543948.0,543948.0,100.0,0.0,0.0,4652850.0,10043320.0,74.0,3310850.0,21.0,33.0,5141.0,3529.0,0.01,48.0,1.4,1.4,43.8
2026-04-30,e-영업3,매칭,Total,543271.0,543271.0,100.0,53795.0,9.9,4939900.0,10054540.0,82.0,2006850.0,17.0,20.0,4788.0,3300.0,0.01,38.0,1.2,1.7,44.7
2026-05-01,e-영업3,매칭,Total,540852.0,540852.0,100.0,54342.0,10.0,12204130.0,12983500.0,107.0,2280740.0,21.0,17.6,4722.0,2927.0,0.01,43.0,1.5,2.3,48.8
2026-05-02,e-영업3,매칭,Total,538791.0,538791.0,100.0,54425.0,10.1,9814300.0,10736410.0,93.0,1756820.0,18.0,16.4,5060.0,3292.0,0.01,43.0,1.3,1.8,41.9
2026-05-03,e-영업3,매칭,Total,538074.0,538074.0,100.0,54417.0,10.1,11033830.0,14521210.0,109.0,2282710.0,24.0,15.7,6667.0,4755.0,0.01,58.0,1.2,1.6,41.4
2026-05-04,e-영업3,매칭,Total,539372.0,539372.0,100.0,0.0,0.0,5868694.0,10954954.0,98.0,2173654.0,21.0,19.8,5605.0,3952.0,0.01,47.0,1.2,1.7,44.7
2026-05-05,e-영업3,매칭,Total,495906.0,495906.0,100.0,49494.0,10.0,9383550.0,12912680.0,87.0,1911080.0,16.0,14.8,4840.0,3250.0,0.01,34.0,1.0,1.8,47.1
2026-05-06,e-영업3,매칭,Total,495906.0,495906.0,100.0,49872.0,10.1,6181020.0,8921520.0,82.0,1313510.0,15.0,14.7,3908.0,2628.0,0.01,35.0,1.3,2.1,42.9
2026-05-07,e-영업3,매칭,Total,495906.0,495906.0,100.0,0.0,0.0,4327330.0,6495610.0,60.0,1137190.0,12.0,17.5,3713.0,2565.0,0.01,28.0,1.1,1.6,42.9
2026-05-08,e-영업3,매칭,Total,531360.0,531360.0,100.0,52974.0,10.0,5201260.0,9223000.0,64.0,1668370.0,10.0,18.1,4383.0,3006.0,0.01,36.0,1.2,1.5,27.8
2026-05-09,e-영업3,매칭,Total,531106.0,531106.0,100.0,0.0,0.0,5720430.0,7907610.0,77.0,1031070.0,12.0,13.0,5033.0,3302.0,0.01,34.0,1.0,1.5,35.3
2026-05-10,e-영업3,매칭,Total,530151.0,530151.0,100.0,0.0,0.0,12775810.0,16032530.0,118.0,2644730.0,28.0,16.5,5744.0,3810.0,0.01,49.0,1.3,2.1,57.1
2026-05-11,e-영업3,매칭,Total,518152.0,518152.0,100.0,52308.0,10.1,3344910.0,9593740.0,88.0,3136360.0,21.0,32.7,5250.0,3731.0,0.01,52.0,1.4,1.7,40.4
2026-05-12,e-영업3,매칭,Total,552809.0,552809.0,100.0,52929.0,9.6,8689970.0,12762240.0,110.0,1584020.0,22.0,12.4,5621.0,4000.0,0.01,39.0,1.0,2.0,56.4
2026-05-13,e-영업3,매칭,Total,550196.0,550196.0,100.0,53576.0,9.7,6164850.0,12876900.0,99.0,2620310.0,23.0,20.3,5535.0,3980.0,0.01,55.0,1.4,1.8,41.8
2026-05-14,e-영업3,매칭,Total,549162.0,549162.0,100.0,53144.0,9.7,6237060.0,9983780.0,110.0,1729740.0,26.0,17.3,5285.0,3644.0,0.01,61.0,1.7,2.1,42.6
2026-05-15,e-영업3,매칭,Total,548292.0,548292.0,100.0,52840.0,9.6,2886240.0,7596960.0,87.0,1068650.0,14.0,14.1,4636.0,3042.0,0.01,34.0,1.1,1.9,41.2
2026-05-16,e-영업3,매칭,Total,548538.0,548538.0,100.0,52964.0,9.7,8637510.0,10041150.0,95.0,2627510.0,30.0,26.2,4869.0,3128.0,0.01,52.0,1.7,2.0,57.7
2026-05-17,e-영업3,매칭,Total,546748.0,546748.0,100.0,53131.0,9.7,12617780.0,18723580.0,107.0,3135250.0,21.0,16.7,5615.0,3735.0,0.01,50.0,1.3,1.9,42.0
2026-05-18,e-영업3,매칭,Total,495906.0,495906.0,100.0,49368.0,10.0,3419770.0,5631520.0,70.0,836600.0,13.0,14.9,4150.0,2872.0,0.01,48.0,1.7,1.7,27.1
2026-05-19,e-영업3,매칭,Total,495906.0,495906.0,100.0,49115.0,9.9,3194550.0,6544600.0,81.0,1148850.0,19.0,17.6,3978.0,2716.0,0.01,26.0,1.0,2.0,73.1
2026-05-20,e-영업3,매칭,Total,495906.0,495906.0,100.0,49074.0,9.9,3313910.0,6907630.0,62.0,1002900.0,14.0,14.5,3789.0,2557.0,0.01,26.0,1.0,1.6,53.8
2026-05-21,e-영업3,매칭,Total,495906.0,495906.0,100.0,48780.0,9.8,2890920.0,6315500.0,50.0,2114970.0,13.0,33.5,3678.0,2585.0,0.01,26.0,1.0,1.4,50.0
2026-05-22,e-영업3,매칭,Total,538226.0,538226.0,100.0,51415.0,9.6,6571950.0,9996420.0,74.0,2182860.0,15.0,21.8,4192.0,2912.0,0.01,38.0,1.3,1.8,39.5
2026-05-23,e-영업3,매칭,Total,537348.0,537348.0,100.0,51772.0,9.6,9261910.0,9917960.0,92.0,1753220.0,15.0,17.7,4724.0,3194.0,0.01,29.0,0.9,1.9,51.7
2026-05-24,e-영업3,매칭,Total,536479.0,536479.0,100.0,51904.0,9.7,9607070.0,12353410.0,106.0,2476620.0,23.0,20.0,5112.0,3371.0,0.01,41.0,1.2,2.1,56.1
2026-05-25,e-영업3,매칭,Total,495906.0,495906.0,100.0,48882.0,9.9,6771720.0,7870370.0,79.0,1883430.0,19.0,23.9,4704.0,3173.0,0.01,41.0,1.3,1.7,46.3
2026-05-26,e-영업3,매칭,Total,533934.0,533934.0,100.0,0.0,0.0,3430450.0,10725780.0,101.0,2244270.0,17.0,20.9,4838.0,3395.0,0.01,38.0,1.1,2.1,44.7
2026-05-27,e-영업3,매칭,Total,495906.0,495906.0,100.0,49156.0,9.9,3799170.0,8687590.0,84.0,1356060.0,18.0,15.6,3977.0,2744.0,0.01,30.0,1.1,2.1,60.0
2026-05-28,e-영업3,매칭,Total,531087.0,531087.0,100.0,52385.0,9.9,4820920.0,9912570.0,99.0,3064740.0,26.0,30.9,4895.0,3357.0,0.01,54.0,1.6,2.0,48.1
2026-05-29,e-영업3,매칭,Total,529307.0,529307.0,100.0,53340.0,10.1,4644630.0,6850210.0,73.0,1838000.0,11.0,26.8,4357.0,3085.0,0.01,32.0,1.0,1.7,34.4
2026-05-30,e-영업3,매칭,Total,528564.0,528564.0,100.0,53484.0,10.1,7554320.0,8291580.0,75.0,1244880.0,13.0,15.0,4757.0,3278.0,0.01,34.0,1.0,1.6,38.2
2026-05-31,e-영업3,매칭,Total,527129.0,527129.0,100.0,53288.0,10.1,8653620.0,10198270.0,87.0,2680750.0,25.0,26.3,5415.0,3698.0,0.01,65.0,1.8,1.6,38.5
2026-06-01,e-영업3,매칭,Total,525580.0,525580.0,100.0,53471.0,10.2,3850380.0,8250510.0,89.0,1647950.0,18.0,20.0,4962.0,3526.0,0.01,45.0,1.3,1.8,40.0
2026-06-02,e-영업3,매칭,Total,524200.0,524200.0,100.0,53026.0,10.1,6548330.0,10751530.0,73.0,5167220.0,20.0,48.1,4686.0,3324.0,0.01,46.0,1.4,1.6,43.5
2026-06-03,e-영업3,매칭,Total,522860.0,522860.0,100.0,51966.0,9.9,11033680.0,13846280.0,102.0,2160710.0,19.0,15.6,5267.0,3505.0,0.01,43.0,1.2,1.9,44.2
2026-06-04,e-영업3,매칭,Total,520742.0,520742.0,100.0,51802.0,9.9,3123550.0,6988640.0,61.0,2047340.0,15.0,29.3,4530.0,3206.0,0.01,24.0,0.7,1.3,62.5
2026-06-05,e-영업3,매칭,Total,518704.0,518704.0,100.0,51741.0,10.0,914180.0,3274760.0,44.0,362520.0,7.0,11.1,4301.0,3097.0,0.01,33.0,1.1,1.0,21.2
2026-06-06,e-영업3,매칭,Total,517995.0,517995.0,100.0,51691.0,10.0,7336910.0,7978170.0,71.0,748430.0,10.0,9.4,4555.0,3077.0,0.01,29.0,0.9,1.6,34.5
2026-06-07,e-영업3,매칭,Total,516608.0,516608.0,100.0,51936.0,10.1,7001420.0,9666660.0,68.0,782850.0,9.0,8.1,4536.0,2962.0,0.01,34.0,1.1,1.5,26.5
2026-06-08,e-영업3,매칭,Total,515059.0,515059.0,100.0,0.0,0.0,-493860.0,4329770.0,51.0,1410050.0,19.0,32.6,3588.0,2281.0,0.01,40.0,1.8,1.4,47.5
2026-06-09,e-영업3,매칭,Total,513963.0,513963.0,100.0,0.0,0.0,2832590.0,5287740.0,63.0,509300.0,8.0,9.6,3926.0,2626.0,0.01,25.0,1.0,1.6,32.0
2026-06-10,e-영업3,매칭,Total,511668.0,511668.0,100.0,52025.0,10.2,2002440.0,6217290.0,51.0,1238380.0,15.0,19.9,4540.0,3268.0,0.01,28.0,0.9,1.1,53.6
2026-06-11,e-영업3,매칭,Total,510251.0,510251.0,100.0,52363.0,10.3,-3079560.0,6343960.0,50.0,1235250.0,7.0,19.5,4192.0,2998.0,0.01,23.0,0.8,1.2,30.4
2026-06-12,e-영업3,매칭,Total,507296.0,507296.0,100.0,51555.0,10.2,1601260.0,4779740.0,42.0,499500.0,7.0,10.5,3930.0,2814.0,0.01,19.0,0.7,1.1,36.8
2026-06-13,e-영업3,매칭,Total,507661.0,507661.0,100.0,51342.0,10.1,5431550.0,6917550.0,55.0,747400.0,10.0,10.8,4119.0,2855.0,0.01,24.0,0.8,1.3,41.7
2026-06-14,e-영업3,매칭,Total,506393.0,506393.0,100.0,51427.0,10.2,5564760.0,6259830.0,56.0,2129320.0,16.0,34.0,4658.0,3242.0,0.01,31.0,1.0,1.2,51.6
2026-06-15,e-영업3,매칭,Total,503367.0,503367.0,100.0,51136.0,10.2,11619900.0,14170210.0,92.0,3179800.0,15.0,22.4,4297.0,2883.0,0.01,34.0,1.2,2.1,44.1
2026-06-16,e-영업3,매칭,Total,498651.0,498651.0,100.0,51631.0,10.4,4080890.0,7465090.0,64.0,1884100.0,17.0,25.2,3749.0,2392.0,0.01,35.0,1.5,1.7,48.6
2026-06-17,e-영업3,매칭,Total,498209.0,498209.0,100.0,51009.0,10.2,6870150.0,11090330.0,82.0,738960.0,12.0,6.7,3763.0,2311.0,0.01,37.0,1.6,2.2,32.4
2026-06-18,e-영업3,매칭,Total,498548.0,498548.0,100.0,51217.0,10.3,4951330.0,8576980.0,66.0,1848100.0,13.0,21.5,3389.0,2046.0,0.01,23.0,1.1,1.9,56.5
2026-06-19,e-영업3,매칭,Total,497312.0,497312.0,100.0,51155.0,10.3,2838610.0,7642480.0,48.0,1420400.0,11.0,18.6,3120.0,1881.0,0.01,21.0,1.1,1.5,52.4
2026-06-20,e-영업3,매칭,Total,496531.0,496531.0,100.0,51788.0,10.4,7119360.0,7290060.0,51.0,1589580.0,9.0,21.8,3485.0,2042.0,0.01,26.0,1.3,1.5,34.6
2026-06-21,e-영업3,매칭,Total,495906.0,495906.0,100.0,51622.0,10.4,8441610.0,9637110.0,66.0,3411430.0,15.0,35.4,3471.0,1996.0,0.01,37.0,1.9,1.9,40.5
2026-06-22,e-영업3,매칭,Total,493056.0,493056.0,100.0,51196.0,10.4,6082370.0,11291970.0,71.0,1769370.0,17.0,15.7,3732.0,2548.0,0.01,29.0,1.1,1.9,58.6
2026-06-23,e-영업3,매칭,Total,494925.0,494925.0,100.0,50471.0,10.2,4677220.0,7590330.0,64.0,1686100.0,12.0,22.2,3027.0,1866.0,0.01,36.0,1.9,2.1,33.3
2026-06-24,e-영업3,매칭,Total,494177.0,494177.0,100.0,51038.0,10.3,3005960.0,6777640.0,59.0,1480410.0,11.0,21.8,3102.0,1964.0,0.01,27.0,1.4,1.9,40.7
2026-06-25,e-영업3,매칭,Total,489171.0,489171.0,100.0,51217.0,10.5,5384530.0,7633050.0,51.0,2081620.0,11.0,27.3,2946.0,1808.0,0.01,21.0,1.2,1.7,52.4
2026-06-26,e-영업3,매칭,Total,491266.0,491266.0,100.0,50787.0,10.3,4536500.0,6403610.0,47.0,930820.0,7.0,14.5,2714.0,1585.0,0.01,26.0,1.6,1.7,26.9
2026-06-27,e-영업3,매칭,Total,490236.0,490236.0,100.0,0.0,0.0,9528310.0,10050310.0,63.0,1248600.0,12.0,12.4,3078.0,1762.0,0.01,20.0,1.1,2.0,60.0
2026-06-28,e-영업3,매칭,Total,489699.0,489699.0,100.0,51473.0,10.5,4466930.0,7013200.0,56.0,2214110.0,16.0,31.6,3396.0,1992.0,0.01,34.0,1.7,1.6,47.1
2026-06-29,e-영업3,매칭,Total,487864.0,487864.0,100.0,0.0,0.0,1987200.0,7365580.0,59.0,2290030.0,12.0,31.1,3120.0,1963.0,0.01,35.0,1.8,1.9,34.3
2026-06-30,e-영업3,매칭,Total,485125.0,485125.0,100.0,51077.0,10.5,283410.0,5354950.0,52.0,1312000.0,12.0,24.5,3077.0,1920.0,0.01,26.0,1.4,1.7,46.2
2026-07-01,e-영업3,매칭,Total,483801.0,483801.0,100.0,50261.0,10.4,5234390.0,7523130.0,58.0,1530930.0,18.0,20.3,3101.0,1963.0,0.01,35.0,1.8,1.9,51.4
2026-07-02,e-영업3,매칭,Total,482461.0,482461.0,100.0,50589.0,10.5,4043360.0,5953190.0,43.0,1780250.0,11.0,29.9,2762.0,1752.0,0.01,21.0,1.2,1.6,52.4
2026-07-03,e-영업3,매칭,Total,482430.0,482430.0,100.0,50585.0,10.5,2726270.0,4623700.0,45.0,1001910.0,14.0,21.7,2631.0,1637.0,0.01,24.0,1.5,1.7,58.3
2026-07-04,e-영업3,매칭,Total,482798.0,482798.0,100.0,50203.0,10.4,4450730.0,5562980.0,42.0,214060.0,5.0,3.8,2812.0,1665.0,0.01,24.0,1.4,1.5,20.8
2026-07-05,e-영업3,매칭,Total,481983.0,481983.0,100.0,50292.0,10.4,9121250.0,10435020.0,50.0,2336400.0,12.0,22.4,3900.0,2619.0,0.01,34.0,1.3,1.3,35.3
2026-07-06,e-영업3,매칭,Total,479598.0,479598.0,100.0,50439.0,10.5,-1430390.0,5104130.0,51.0,1035700.0,9.0,20.3,2821.0,1735.0,0.01,25.0,1.4,1.8,36.0
2026-07-07,e-영업3,매칭,Total,478077.0,478077.0,100.0,50374.0,10.5,4209530.0,7577050.0,42.0,1623900.0,11.0,21.4,3048.0,1929.0,0.01,29.0,1.5,1.4,37.9
2026-07-08,e-영업3,매칭,Total,477843.0,477843.0,100.0,50639.0,10.6,740530.0,6368850.0,37.0,759100.0,4.0,11.9,2951.0,1832.0,0.01,21.0,1.1,1.3,19.0
2026-07-09,e-영업3,매칭,Total,475156.0,475156.0,100.0,50402.0,10.6,3932420.0,7430260.0,51.0,2718250.0,8.0,36.6,2979.0,1861.0,0.01,24.0,1.3,1.7,33.3
2026-07-10,e-영업3,매칭,Total,472937.0,472937.0,100.0,50669.0,10.7,2824810.0,4578090.0,36.0,765850.0,8.0,16.7,2729.0,1716.0,0.01,24.0,1.4,1.3,33.3
2026-07-11,e-영업3,매칭,Total,472112.0,472112.0,100.0,50091.0,10.6,8376550.0,9485710.0,49.0,774000.0,7.0,8.2,3064.0,1891.0,0.01,18.0,1.0,1.6,38.9
2026-07-12,e-영업3,매칭,Total,471138.0,471138.0,100.0,50297.0,10.7,7796210.0,8631210.0,51.0,1865620.0,12.0,21.6,3371.0,1999.0,0.01,26.0,1.3,1.5,46.2
2026-07-13,e-영업3,매칭,Total,469779.0,469779.0,100.0,50085.0,10.7,2419820.0,6616520.0,52.0,1320990.0,6.0,20.0,2780.0,1723.0,0.01,38.0,2.2,1.9,15.8
2026-07-14,e-영업3,매칭,Total,467793.0,467793.0,100.0,50205.0,10.7,5859360.0,8750010.0,53.0,856250.0,7.0,9.8,3039.0,1978.0,0.01,21.0,1.1,1.7,33.3
2026-07-15,e-영업3,매칭,Total,557795.0,557795.0,100.0,57578.0,10.3,9270550.0,10935320.0,78.0,3016740.0,22.0,27.6,3608.0,2295.0,0.01,41.0,1.8,2.2,53.7
2026-07-16,e-영업3,매칭,Total,645654.0,645654.0,100.0,57471.0,8.9,3331800.0,5406060.0,55.0,551330.0,8.0,10.2,3600.0,2277.0,0.01,36.0,1.6,1.5,22.2
2026-07-17,e-영업3,매칭,Total,724457.0,724457.0,100.0,57667.0,8.0,6884320.0,7994030.0,76.0,1992040.0,16.0,24.9,4275.0,2628.0,0.01,53.0,2.0,1.8,30.2
2026-07-18,e-영업3,매칭,Total,745328.0,745328.0,100.0,59043.0,7.9,7660980.0,10770920.0,85.0,1690700.0,7.0,15.7,4374.0,2679.0,0.01,37.0,1.4,1.9,18.9
2026-07-19,e-영업3,매칭,Total,773628.0,773628.0,100.0,64671.0,8.4,8514990.0,10730120.0,98.0,1165770.0,20.0,10.9,4929.0,3032.0,0.01,62.0,2.0,2.0,32.3
2026-07-20,e-영업3,매칭,Total,778350.0,778350.0,100.0,64504.0,8.3,2627920.0,7605730.0,80.0,1837600.0,19.0,24.2,4570.0,2967.0,0.01,46.0,1.6,1.8,41.3
2026-07-21,e-영업3,매칭,Total,783029.0,783029.0,100.0,65292.0,8.3,3603930.0,13019060.0,97.0,3422750.0,20.0,26.3,4653.0,2979.0,0.01,49.0,1.6,2.1,40.8
2026-07-22,e-영업3,매칭,Total,774924.0,774924.0,100.0,65910.0,8.5,5702470.0,12195650.0,99.0,2571700.0,22.0,21.1,4308.0,2719.0,0.01,47.0,1.7,2.3,46.8
2026-07-23,e-영업3,매칭,Total,709937.0,709937.0,100.0,50479.0,7.1,7282560.0,16896960.0,103.0,1931100.0,19.0,11.4,3860.0,2811.0,0.01,44.0,1.6,2.7,43.2
2026-07-24,e-영업3,매칭,Total,714795.0,714795.0,100.0,49586.0,6.9,5187910.0,8200200.0,57.0,2614300.0,7.0,31.9,3029.0,1900.0,0.0,26.0,1.4,1.9,26.9
2026-07-25,e-영업3,매칭,Total,718600.0,718600.0,100.0,50534.0,7.0,5959320.0,6334020.0,60.0,464380.0,11.0,7.3,3442.0,1994.0,0.0,41.0,2.1,1.7,26.8
2026-07-26,e-영업3,매칭,Total,725436.0,725436.0,100.0,50195.0,6.9,9566690.0,11846880.0,82.0,1608910.0,16.0,13.6,3945.0,2463.0,0.01,57.0,2.3,2.1,28.1
2026-07-27,e-영업3,매칭,Total,719974.0,719974.0,100.0,50392.0,7.0,5437700.0,12836420.0,65.0,1164310.0,12.0,9.1,3580.0,2375.0,0.0,40.0,1.7,1.8,30.0
2026-07-28,e-영업3,매칭,Total,718569.0,718569.0,100.0,50040.0,7.0,3726650.0,7376690.0,65.0,1650400.0,14.0,22.4,3310.0,2061.0,0.0,31.0,1.5,2.0,45.2
2026-07-29,e-영업3,매칭,Total,718703.0,718703.0,100.0,49653.0,6.9,5400630.0,7773230.0,60.0,727120.0,9.0,9.4,3263.0,2074.0,0.0,21.0,1.0,1.8,42.9
2026-01-01,e-영업3,매칭,최저가,64498.0,64498.0,100.0,64498.0,100.0,11970310.0,13338540.0,77.0,2549790.0,17.0,19.1,2043.0,1051.0,0.03,38.0,3.6,3.8,44.7
2026-01-02,e-영업3,매칭,최저가,63746.0,63746.0,100.0,63746.0,100.0,13464070.0,19277130.0,78.0,2380750.0,11.0,12.4,1907.0,941.0,0.03,30.0,3.2,4.1,36.7
2026-01-03,e-영업3,매칭,최저가,64296.0,64296.0,100.0,64296.0,100.0,6776950.0,8431700.0,52.0,547400.0,6.0,6.5,1858.0,904.0,0.03,29.0,3.2,2.8,20.7
2026-01-04,e-영업3,매칭,최저가,62716.0,62716.0,100.0,62716.0,100.0,9360660.0,11425660.0,65.0,3416200.0,13.0,29.9,1992.0,1005.0,0.03,23.0,2.3,3.3,56.5
2026-01-05,e-영업3,매칭,최저가,62638.0,62638.0,100.0,62638.0,100.0,1756440.0,8902930.0,47.0,2064260.0,12.0,23.2,1570.0,789.0,0.03,33.0,4.2,3.0,36.4
2026-01-06,e-영업3,매칭,최저가,62057.0,62057.0,100.0,62057.0,100.0,5492410.0,7046270.0,44.0,1084900.0,6.0,15.4,1476.0,780.0,0.02,19.0,2.4,3.0,31.6
2026-01-07,e-영업3,매칭,최저가,62436.0,62436.0,100.0,62436.0,100.0,4042940.0,6896820.0,39.0,1202410.0,6.0,17.4,1480.0,771.0,0.02,17.0,2.2,2.6,35.3
2026-01-08,e-영업3,매칭,최저가,62056.0,62056.0,100.0,62056.0,100.0,2857500.0,6212200.0,34.0,415130.0,6.0,6.7,1429.0,733.0,0.02,18.0,2.5,2.4,33.3
2026-01-09,e-영업3,매칭,최저가,63703.0,63703.0,100.0,63703.0,100.0,1655100.0,5519070.0,39.0,1245840.0,8.0,22.6,1273.0,668.0,0.02,14.0,2.1,3.1,57.1
2026-01-10,e-영업3,매칭,최저가,62518.0,62518.0,100.0,62518.0,100.0,5324360.0,7355360.0,38.0,1773200.0,8.0,24.1,1520.0,739.0,0.02,12.0,1.6,2.5,66.7
2026-01-11,e-영업3,매칭,최저가,62900.0,62900.0,100.0,62900.0,100.0,18400400.0,25096300.0,107.0,4136400.0,21.0,16.5,2810.0,1401.0,0.04,45.0,3.2,3.8,46.7
2026-01-12,e-영업3,매칭,최저가,63104.0,63104.0,100.0,63104.0,100.0,5244885.0,10321575.0,58.0,1130050.0,7.0,10.9,1976.0,1016.0,0.03,24.0,2.4,2.9,29.2
2026-01-13,e-영업3,매칭,최저가,63347.0,63347.0,100.0,63347.0,100.0,3561580.0,6641720.0,36.0,333680.0,3.0,5.0,1661.0,866.0,0.03,18.0,2.1,2.2,16.7
2026-01-14,e-영업3,매칭,최저가,61703.0,61703.0,100.0,61703.0,100.0,4006410.0,6099390.0,37.0,285200.0,4.0,4.7,1607.0,834.0,0.03,15.0,1.8,2.3,26.7
2026-01-15,e-영업3,매칭,최저가,61394.0,61394.0,100.0,61394.0,100.0,4551500.0,7871910.0,47.0,1542220.0,8.0,19.6,1380.0,721.0,0.02,26.0,3.6,3.4,30.8
2026-01-16,e-영업3,매칭,최저가,61575.0,61575.0,100.0,61575.0,100.0,2222290.0,4522900.0,31.0,562060.0,8.0,12.4,1267.0,651.0,0.02,15.0,2.3,2.4,53.3
2026-01-17,e-영업3,매칭,최저가,61648.0,61648.0,100.0,61648.0,100.0,4026150.0,4924320.0,32.0,1323490.0,10.0,26.9,1433.0,679.0,0.02,18.0,2.7,2.2,55.6
2026-01-18,e-영업3,매칭,최저가,61763.0,61763.0,100.0,61763.0,100.0,4355220.0,5413420.0,39.0,1137220.0,10.0,21.0,1480.0,682.0,0.02,30.0,4.4,2.6,33.3
2026-01-19,e-영업3,매칭,최저가,61804.0,61804.0,100.0,61804.0,100.0,5353640.0,9802510.0,58.0,1327220.0,10.0,13.5,1571.0,773.0,0.03,17.0,2.2,3.7,58.8
2026-01-20,e-영업3,매칭,최저가,61681.0,61681.0,100.0,61681.0,100.0,6243830.0,10614340.0,59.0,2041000.0,14.0,19.2,1656.0,770.0,0.03,25.0,3.2,3.6,56.0
2026-01-21,e-영업3,매칭,최저가,61273.0,61273.0,100.0,61273.0,100.0,5525690.0,8540050.0,48.0,1549200.0,11.0,18.1,1545.0,792.0,0.03,22.0,2.8,3.1,50.0
2026-01-22,e-영업3,매칭,최저가,61393.0,61393.0,100.0,61393.0,100.0,4665790.0,7162000.0,48.0,1347100.0,12.0,18.8,1478.0,761.0,0.02,24.0,3.2,3.2,50.0
2026-01-23,e-영업3,매칭,최저가,61448.0,61448.0,100.0,61448.0,100.0,4619420.0,7159630.0,39.0,1413530.0,7.0,19.7,1302.0,630.0,0.02,19.0,3.0,3.0,36.8
2026-01-24,e-영업3,매칭,최저가,66433.0,66433.0,100.0,66433.0,100.0,4988660.0,5825980.0,34.0,378600.0,7.0,6.5,1338.0,620.0,0.02,12.0,1.9,2.5,58.3
2026-01-25,e-영업3,매칭,최저가,67448.0,67448.0,100.0,67448.0,100.0,2719240.0,3532360.0,31.0,364000.0,7.0,10.3,1526.0,746.0,0.02,22.0,2.9,2.0,31.8
2026-01-26,e-영업3,매칭,최저가,67675.0,67675.0,100.0,67675.0,100.0,1597195.0,4255670.0,23.0,1367530.0,9.0,32.1,1234.0,642.0,0.02,22.0,3.4,1.9,40.9
2026-01-27,e-영업3,매칭,최저가,61075.0,61075.0,100.0,61075.0,100.0,-1145890.0,2893460.0,18.0,465910.0,4.0,16.1,1080.0,540.0,0.02,6.0,1.1,1.7,66.7
2026-01-28,e-영업3,매칭,최저가,60920.0,60920.0,100.0,60920.0,100.0,965460.0,2296410.0,21.0,275300.0,4.0,12.0,1008.0,510.0,0.02,10.0,2.0,2.1,40.0
2026-01-29,e-영업3,매칭,최저가,65962.0,65962.0,100.0,65962.0,100.0,2489870.0,4293700.0,25.0,1613720.0,7.0,37.6,1081.0,538.0,0.02,9.0,1.7,2.3,77.8
2026-01-30,e-영업3,매칭,최저가,68932.0,68932.0,100.0,68932.0,100.0,1101260.0,3538900.0,18.0,257000.0,2.0,7.3,1014.0,518.0,0.01,5.0,1.0,1.8,40.0
2026-01-31,e-영업3,매칭,최저가,65505.0,65505.0,100.0,65505.0,100.0,2820720.0,3404800.0,21.0,805470.0,6.0,23.7,1124.0,552.0,0.02,16.0,2.9,1.9,37.5
2026-02-01,e-영업3,매칭,최저가,66858.0,66858.0,100.0,66858.0,100.0,2798560.0,3697470.0,30.0,357680.0,4.0,9.7,1231.0,603.0,0.02,7.0,1.2,2.4,57.1
2026-02-02,e-영업3,매칭,최저가,66413.0,66413.0,100.0,66413.0,100.0,824450.0,2279500.0,17.0,83400.0,1.0,3.7,1014.0,524.0,0.02,13.0,2.5,1.7,7.7
2026-02-03,e-영업3,매칭,최저가,66644.0,66644.0,100.0,66644.0,100.0,-878150.0,6168100.0,12.0,454200.0,4.0,7.4,1042.0,529.0,0.02,10.0,1.9,1.2,40.0
2026-02-04,e-영업3,매칭,최저가,67277.0,67277.0,100.0,67277.0,100.0,1667410.0,2251200.0,17.0,216000.0,1.0,9.6,1004.0,502.0,0.01,7.0,1.4,1.7,14.3
2026-02-05,e-영업3,매칭,최저가,69783.0,69783.0,100.0,69783.0,100.0,5366600.0,6969040.0,45.0,2294690.0,14.0,32.9,1182.0,579.0,0.02,20.0,3.5,3.8,70.0
2026-02-06,e-영업3,매칭,최저가,69004.0,69004.0,100.0,69004.0,100.0,8114730.0,9319510.0,45.0,2908910.0,8.0,31.2,1263.0,587.0,0.02,15.0,2.6,3.6,53.3
2026-02-07,e-영업3,매칭,최저가,66265.0,66265.0,100.0,66265.0,100.0,8398410.0,9298740.0,45.0,2386000.0,11.0,25.7,1408.0,640.0,0.02,20.0,3.1,3.2,55.0
2026-02-08,e-영업3,매칭,최저가,67224.0,67224.0,100.0,67224.0,100.0,5744340.0,6604730.0,45.0,1769030.0,14.0,26.8,1662.0,830.0,0.02,23.0,2.8,2.7,60.9
2026-02-09,e-영업3,매칭,최저가,67957.0,67957.0,100.0,67957.0,100.0,4911070.0,6883240.0,44.0,1758020.0,10.0,25.5,1211.0,620.0,0.02,21.0,3.4,3.6,47.6
2026-02-10,e-영업3,매칭,최저가,69503.0,69503.0,100.0,69503.0,100.0,4243430.0,6293650.0,25.0,1726330.0,7.0,27.4,1186.0,655.0,0.02,15.0,2.3,2.1,46.7
2026-02-11,e-영업3,매칭,최저가,69663.0,69663.0,100.0,69663.0,100.0,1286360.0,2432300.0,12.0,343200.0,2.0,14.1,1097.0,602.0,0.02,7.0,1.2,1.1,28.6
2026-02-12,e-영업3,매칭,최저가,70669.0,70669.0,100.0,70669.0,100.0,2313540.0,3162600.0,23.0,533500.0,4.0,16.9,1007.0,515.0,0.01,11.0,2.1,2.3,36.4
2026-02-13,e-영업3,매칭,최저가,70456.0,70456.0,100.0,70456.0,100.0,1297560.0,2517660.0,17.0,573900.0,4.0,22.8,993.0,521.0,0.01,10.0,1.9,1.7,40.0
2026-02-14,e-영업3,매칭,최저가,71342.0,71342.0,100.0,71342.0,100.0,3265360.0,4017840.0,25.0,1269820.0,6.0,31.6,1177.0,585.0,0.02,9.0,1.5,2.1,66.7
2026-02-15,e-영업3,매칭,최저가,69973.0,69973.0,100.0,69973.0,100.0,3069720.0,3957020.0,18.0,876000.0,4.0,22.1,1110.0,575.0,0.02,4.0,0.7,1.6,100.0
2026-02-16,e-영업3,매칭,최저가,69396.0,69396.0,100.0,69396.0,100.0,3885080.0,4586460.0,15.0,465500.0,1.0,10.1,1048.0,536.0,0.02,5.0,0.9,1.4,20.0
2026-02-17,e-영업3,매칭,최저가,68419.0,68419.0,100.0,68419.0,100.0,2390410.0,2657410.0,21.0,903200.0,5.0,34.0,1091.0,564.0,0.02,8.0,1.4,1.9,62.5
2026-02-18,e-영업3,매칭,최저가,67441.0,67441.0,100.0,67441.0,100.0,2220040.0,4086160.0,24.0,112400.0,3.0,2.8,1366.0,709.0,0.02,9.0,1.3,1.8,33.3
2026-02-19,e-영업3,매칭,최저가,65049.0,65049.0,100.0,65049.0,100.0,2102140.0,5678720.0,42.0,990760.0,9.0,17.4,1498.0,799.0,0.02,20.0,2.5,2.8,45.0
2026-02-20,e-영업3,매칭,최저가,66831.0,66831.0,100.0,66831.0,100.0,5139750.0,7075420.0,54.0,1669650.0,14.0,23.6,1380.0,693.0,0.02,28.0,4.0,3.9,50.0
2026-02-21,e-영업3,매칭,최저가,66919.0,66919.0,100.0,66919.0,100.0,6206120.0,6552250.0,45.0,1042010.0,9.0,15.9,1862.0,942.0,0.03,30.0,3.2,2.4,30.0
2026-02-22,e-영업3,매칭,최저가,67247.0,67247.0,100.0,67247.0,100.0,9095270.0,12157160.0,88.0,2778900.0,15.0,22.9,2052.0,1028.0,0.03,35.0,3.4,4.3,42.9
2026-02-23,e-영업3,매칭,최저가,65766.0,65766.0,100.0,65766.0,100.0,6228810.0,9097460.0,57.0,807820.0,7.0,8.9,1575.0,852.0,0.02,19.0,2.2,3.6,36.8
2026-02-24,e-영업3,매칭,최저가,65504.0,65504.0,100.0,65504.0,100.0,2022130.0,4080930.0,25.0,288100.0,2.0,7.1,1342.0,687.0,0.02,8.0,1.2,1.9,25.0
2026-02-25,e-영업3,매칭,최저가,65621.0,65621.0,100.0,65621.0,100.0,3917970.0,5436810.0,34.0,701010.0,4.0,12.9,1316.0,709.0,0.02,16.0,2.3,2.6,25.0
2026-02-26,e-영업3,매칭,최저가,66083.0,66083.0,100.0,66083.0,100.0,2210330.0,4990480.0,36.0,1424550.0,11.0,28.5,1374.0,746.0,0.02,12.0,1.6,2.6,91.7
2026-02-27,e-영업3,매칭,최저가,65876.0,65876.0,100.0,65876.0,100.0,2449110.0,5004710.0,30.0,1478960.0,9.0,29.6,1337.0,709.0,0.02,14.0,2.0,2.2,64.3
2026-02-28,e-영업3,매칭,최저가,68707.0,68707.0,100.0,68707.0,100.0,6510330.0,7518530.0,59.0,1574300.0,11.0,20.9,1788.0,885.0,0.03,24.0,2.7,3.3,45.8
2026-03-01,e-영업3,매칭,최저가,70428.0,70428.0,100.0,70428.0,100.0,5399230.0,7396650.0,48.0,675400.0,6.0,9.1,1923.0,994.0,0.03,16.0,1.6,2.5,37.5
2026-03-02,e-영업3,매칭,최저가,70350.0,70350.0,100.0,70350.0,100.0,6781890.0,7906900.0,55.0,1097310.0,11.0,13.9,1909.0,956.0,0.03,23.0,2.4,2.9,47.8
2026-03-03,e-영업3,매칭,최저가,70132.0,70132.0,100.0,70132.0,100.0,2612740.0,8012030.0,44.0,1181150.0,11.0,14.7,1426.0,726.0,0.02,26.0,3.6,3.1,42.3
2026-03-04,e-영업3,매칭,최저가,54999.0,54999.0,100.0,54999.0,100.0,2026020.0,3895220.0,30.0,209260.0,4.0,5.4,885.0,458.0,0.02,10.0,2.2,3.4,40.0
2026-03-05,e-영업3,매칭,최저가,55177.0,55177.0,100.0,55177.0,100.0,3598490.0,5699410.0,40.0,1048700.0,12.0,18.4,1055.0,512.0,0.02,14.0,2.7,3.8,85.7
2026-03-06,e-영업3,매칭,최저가,57043.0,57043.0,100.0,57043.0,100.0,5106520.0,7663320.0,45.0,1269310.0,11.0,16.6,965.0,450.0,0.02,13.0,2.9,4.7,84.6
2026-03-07,e-영업3,매칭,최저가,71699.0,71699.0,100.0,71699.0,100.0,7056630.0,8416410.0,66.0,940040.0,9.0,11.2,1807.0,896.0,0.03,18.0,2.0,3.7,50.0
2026-03-08,e-영업3,매칭,최저가,57770.0,57770.0,100.0,57770.0,100.0,6119170.0,9144150.0,55.0,1733100.0,13.0,19.0,1430.0,671.0,0.02,27.0,4.0,3.8,48.1
2026-03-09,e-영업3,매칭,최저가,57745.0,57745.0,100.0,57745.0,100.0,1856130.0,6440590.0,36.0,1243640.0,6.0,19.3,1152.0,589.0,0.02,19.0,3.2,3.1,31.6
2026-03-10,e-영업3,매칭,최저가,71865.0,71865.0,100.0,71865.0,100.0,7949330.0,10041570.0,66.0,1478490.0,9.0,14.7,1671.0,837.0,0.02,15.0,1.8,3.9,60.0
2026-03-11,e-영업3,매칭,최저가,56940.0,56940.0,100.0,56940.0,100.0,4386280.0,6223730.0,41.0,1187530.0,11.0,19.1,1137.0,542.0,0.02,23.0,4.2,3.6,47.8
2026-03-12,e-영업3,매칭,최저가,55349.0,55349.0,100.0,55349.0,100.0,3318110.0,4534540.0,37.0,781460.0,9.0,17.2,1194.0,591.0,0.02,13.0,2.2,3.1,69.2
2026-03-13,e-영업3,매칭,최저가,,,,,,,,,,,,,,,,,,
2026-03-14,e-영업3,매칭,최저가,56324.0,56324.0,100.0,56324.0,100.0,1920400.0,2009400.0,20.0,39900.0,1.0,2.0,925.0,430.0,0.02,4.0,0.9,2.2,25.0
2026-03-15,e-영업3,매칭,최저가,70979.0,70979.0,100.0,70979.0,100.0,5504270.0,6888770.0,37.0,346600.0,4.0,5.0,1696.0,817.0,0.02,11.0,1.3,2.2,36.4
2026-03-16,e-영업3,매칭,최저가,56913.0,56913.0,100.0,56913.0,100.0,455730.0,3493040.0,27.0,1330150.0,9.0,38.1,965.0,461.0,0.02,14.0,3.0,2.8,64.3
2026-03-17,e-영업3,매칭,최저가,56911.0,56911.0,100.0,56911.0,100.0,486780.0,1552340.0,21.0,49000.0,1.0,3.2,951.0,480.0,0.02,10.0,2.1,2.2,10.0
2026-03-18,e-영업3,매칭,최저가,55649.0,55649.0,100.0,55649.0,100.0,2123920.0,3338270.0,32.0,306700.0,6.0,9.2,950.0,450.0,0.02,13.0,2.9,3.4,46.2
2026-03-19,e-영업3,매칭,최저가,70681.0,70681.0,100.0,70681.0,100.0,5036160.0,9112870.0,64.0,1031550.0,7.0,11.3,1579.0,817.0,0.02,13.0,1.6,4.1,53.8
2026-03-20,e-영업3,매칭,최저가,70380.0,70380.0,100.0,70380.0,100.0,2683700.0,4945930.0,44.0,590830.0,7.0,11.9,1610.0,830.0,0.02,19.0,2.3,2.7,36.8
2026-03-21,e-영업3,매칭,최저가,70255.0,70255.0,100.0,70255.0,100.0,5706660.0,6250560.0,50.0,1610660.0,11.0,25.8,1803.0,853.0,0.03,25.0,2.9,2.8,44.0
2026-03-22,e-영업3,매칭,최저가,69670.0,69670.0,100.0,69670.0,100.0,6221990.0,7964590.0,65.0,1024290.0,10.0,12.9,2059.0,984.0,0.03,17.0,1.7,3.2,58.8
2026-03-23,e-영업3,매칭,최저가,52549.0,52549.0,100.0,52549.0,100.0,3507910.0,5379220.0,36.0,1230180.0,7.0,22.9,1118.0,540.0,0.02,15.0,2.8,3.2,46.7
2026-03-24,e-영업3,매칭,최저가,52203.0,52203.0,100.0,52203.0,100.0,3949830.0,7469370.0,34.0,669660.0,5.0,9.0,1100.0,525.0,0.02,8.0,1.5,3.1,62.5
2026-03-25,e-영업3,매칭,최저가,52208.0,52208.0,100.0,52208.0,100.0,-63340.0,2051240.0,23.0,631210.0,5.0,30.8,1033.0,518.0,0.02,10.0,1.9,2.2,50.0
2026-03-26,e-영업3,매칭,최저가,55742.0,55742.0,100.0,55742.0,100.0,1808530.0,3140650.0,30.0,654210.0,6.0,20.8,1033.0,478.0,0.02,8.0,1.7,2.9,75.0
2026-03-27,e-영업3,매칭,최저가,54756.0,54756.0,100.0,54756.0,100.0,825280.0,2132710.0,23.0,275180.0,3.0,12.9,946.0,444.0,0.02,11.0,2.5,2.4,27.3
2026-03-28,e-영업3,매칭,최저가,63411.0,63411.0,100.0,63411.0,100.0,4114650.0,4330650.0,33.0,314700.0,3.0,7.3,1505.0,720.0,0.02,15.0,2.1,2.2,20.0
2026-03-29,e-영업3,매칭,최저가,64583.0,64583.0,100.0,64583.0,100.0,4190460.0,5127290.0,42.0,1671180.0,10.0,32.6,1829.0,909.0,0.03,25.0,2.8,2.3,40.0
2026-03-30,e-영업3,매칭,최저가,63700.0,63700.0,100.0,63700.0,100.0,2497560.0,5071620.0,38.0,2946700.0,8.0,58.1,1530.0,829.0,0.02,27.0,3.3,2.5,29.6
2026-03-31,e-영업3,매칭,최저가,53328.0,53328.0,100.0,53328.0,100.0,1854910.0,2758210.0,29.0,542700.0,7.0,19.7,996.0,501.0,0.02,16.0,3.2,2.9,43.8
2026-04-01,e-영업3,매칭,최저가,52209.0,52209.0,100.0,52209.0,100.0,2826380.0,4180550.0,32.0,470100.0,5.0,11.2,981.0,484.0,0.02,15.0,3.1,3.3,33.3
2026-04-02,e-영업3,매칭,최저가,61916.0,61916.0,100.0,61916.0,100.0,1709910.0,4264670.0,31.0,1715880.0,6.0,40.2,1165.0,644.0,0.02,12.0,1.9,2.7,50.0
2026-04-03,e-영업3,매칭,최저가,52360.0,52360.0,100.0,52360.0,100.0,3172970.0,4721190.0,32.0,1170980.0,6.0,24.8,1022.0,510.0,0.02,11.0,2.2,3.1,54.5
2026-04-04,e-영업3,매칭,최저가,53724.0,53724.0,100.0,53724.0,100.0,2001420.0,3389420.0,25.0,684600.0,5.0,20.2,1148.0,572.0,0.02,7.0,1.2,2.2,71.4
2026-04-05,e-영업3,매칭,최저가,54079.0,54079.0,100.0,54079.0,100.0,2273670.0,2684540.0,28.0,1247000.0,7.0,46.5,1157.0,527.0,0.02,11.0,2.1,2.4,63.6
2026-04-06,e-영업3,매칭,최저가,46588.0,46588.0,100.0,46588.0,100.0,2062090.0,3652850.0,23.0,388650.0,3.0,10.6,791.0,386.0,0.02,5.0,1.3,2.9,60.0
2026-04-07,e-영업3,매칭,최저가,52832.0,52832.0,100.0,52832.0,100.0,3585640.0,5675460.0,32.0,1342420.0,7.0,23.7,1116.0,550.0,0.02,13.0,2.4,2.9,53.8
2026-04-08,e-영업3,매칭,최저가,45418.0,45418.0,100.0,45418.0,100.0,2191900.0,3186090.0,25.0,85750.0,2.0,2.7,771.0,384.0,0.02,6.0,1.6,3.2,33.3
2026-04-09,e-영업3,매칭,최저가,47053.0,47053.0,100.0,47053.0,100.0,2723270.0,4486950.0,27.0,434800.0,6.0,9.7,743.0,340.0,0.02,11.0,3.2,3.6,54.5
2026-04-10,e-영업3,매칭,최저가,53565.0,53565.0,100.0,53565.0,100.0,963770.0,3245260.0,26.0,437720.0,6.0,13.5,1039.0,511.0,0.02,6.0,1.2,2.5,100.0
2026-04-11,e-영업3,매칭,최저가,54571.0,54571.0,100.0,54571.0,100.0,5036250.0,6182600.0,50.0,630040.0,8.0,10.2,1134.0,542.0,0.02,15.0,2.8,4.4,53.3
2026-04-12,e-영업3,매칭,최저가,54984.0,54984.0,100.0,54984.0,100.0,6218190.0,7485630.0,53.0,941670.0,6.0,12.6,1387.0,726.0,0.03,8.0,1.1,3.8,75.0
2026-04-13,e-영업3,매칭,최저가,54171.0,54171.0,100.0,54171.0,100.0,2716970.0,4279260.0,39.0,1354520.0,10.0,31.7,1264.0,665.0,0.02,13.0,2.0,3.1,76.9
2026-04-14,e-영업3,매칭,최저가,53945.0,53945.0,100.0,53945.0,100.0,2247590.0,4261450.0,43.0,1198040.0,8.0,28.1,1273.0,660.0,0.02,15.0,2.3,3.4,53.3
2026-04-15,e-영업3,매칭,최저가,53796.0,53796.0,100.0,53796.0,100.0,4332010.0,5994190.0,44.0,966980.0,8.0,16.1,1214.0,643.0,0.02,14.0,2.2,3.6,57.1
2026-04-16,e-영업3,매칭,최저가,53648.0,53648.0,100.0,53648.0,100.0,796020.0,3182040.0,34.0,315400.0,4.0,9.9,1251.0,676.0,0.02,15.0,2.2,2.7,26.7
2026-04-17,e-영업3,매칭,최저가,54523.0,54523.0,100.0,54523.0,100.0,1642570.0,2544460.0,25.0,403980.0,2.0,15.9,1150.0,616.0,0.02,6.0,1.0,2.2,33.3
2026-04-18,e-영업3,매칭,최저가,53761.0,53761.0,100.0,53761.0,100.0,4674200.0,5001620.0,38.0,2174700.0,7.0,43.5,1174.0,558.0,0.02,17.0,3.0,3.2,41.2
2026-04-19,e-영업3,매칭,최저가,53556.0,53556.0,100.0,53556.0,100.0,2940570.0,4162330.0,35.0,1122930.0,6.0,27.0,1297.0,660.0,0.02,20.0,3.0,2.7,30.0
2026-04-20,e-영업3,매칭,최저가,53727.0,53727.0,100.0,53727.0,100.0,-555060.0,2363590.0,21.0,954800.0,7.0,40.4,1097.0,574.0,0.02,16.0,2.8,1.9,43.8
2026-04-21,e-영업3,매칭,최저가,54213.0,54213.0,100.0,54213.0,100.0,1000490.0,2421000.0,24.0,470560.0,6.0,19.4,1041.0,558.0,0.02,9.0,1.6,2.3,66.7
2026-04-22,e-영업3,매칭,최저가,54853.0,54853.0,100.0,54853.0,100.0,2521010.0,4001460.0,34.0,500940.0,6.0,12.5,1057.0,520.0,0.02,14.0,2.7,3.2,42.9
2026-04-23,e-영업3,매칭,최저가,48621.0,48621.0,100.0,48621.0,100.0,918510.0,1407950.0,14.0,273090.0,2.0,19.4,704.0,378.0,0.01,4.0,1.1,2.0,50.0
2026-04-24,e-영업3,매칭,최저가,,,,,,,,,,,,,,,,,,
2026-04-25,e-영업3,매칭,최저가,,,,,,,,,,,,,,,,,,
2026-04-26,e-영업3,매칭,최저가,,,,,,,,,,,,,,,,,,
2026-04-27,e-영업3,매칭,최저가,,,,,,,,,,,,,,,,,,
2026-04-28,e-영업3,매칭,최저가,,,,,,,,,,,,,,,,,,
2026-04-29,e-영업3,매칭,최저가,,,,,,,,,,,,,,,,,,
2026-04-30,e-영업3,매칭,최저가,53795.0,53795.0,100.0,53795.0,100.0,3220570.0,4431830.0,30.0,544260.0,3.0,12.3,1007.0,576.0,0.02,7.0,1.2,3.0,42.9
2026-05-01,e-영업3,매칭,최저가,54342.0,54342.0,100.0,54342.0,100.0,2639720.0,3228590.0,30.0,548140.0,8.0,17.0,1218.0,641.0,0.02,16.0,2.5,2.5,50.0
2026-05-02,e-영업3,매칭,최저가,54425.0,54425.0,100.0,54425.0,100.0,4189130.0,4651210.0,42.0,627270.0,10.0,13.5,1334.0,735.0,0.02,19.0,2.6,3.1,52.6
2026-05-03,e-영업3,매칭,최저가,54417.0,54417.0,100.0,54417.0,100.0,3200150.0,4693280.0,40.0,1067900.0,8.0,22.8,1578.0,926.0,0.03,14.0,1.5,2.5,57.1
2026-05-04,e-영업3,매칭,최저가,,,,,,,,,,,,,,,,,,
2026-05-05,e-영업3,매칭,최저가,49494.0,49494.0,100.0,49494.0,100.0,3122010.0,4148640.0,31.0,679150.0,5.0,16.4,1029.0,558.0,0.02,9.0,1.6,3.0,55.6
2026-05-06,e-영업3,매칭,최저가,49872.0,49872.0,100.0,49872.0,100.0,2750770.0,3408660.0,28.0,556530.0,6.0,16.3,863.0,477.0,0.02,18.0,3.8,3.2,33.3
2026-05-07,e-영업3,매칭,최저가,,,,,,,,,,,,,,,,,,
2026-05-08,e-영업3,매칭,최저가,52974.0,52974.0,100.0,52974.0,100.0,1817570.0,3178810.0,20.0,779000.0,1.0,24.5,942.0,532.0,0.02,8.0,1.5,2.1,12.5
2026-05-09,e-영업3,매칭,최저가,,,,,,,,,,,,,,,,,,
2026-05-10,e-영업3,매칭,최저가,,,,,,,,,,,,,,,,,,
2026-05-11,e-영업3,매칭,최저가,52308.0,52308.0,100.0,52308.0,100.0,1831550.0,3841430.0,25.0,1618700.0,5.0,42.1,1095.0,657.0,0.02,9.0,1.4,2.3,55.6
2026-05-12,e-영업3,매칭,최저가,52929.0,52929.0,100.0,52929.0,100.0,2293040.0,3595890.0,26.0,503010.0,5.0,14.0,1148.0,656.0,0.02,11.0,1.7,2.3,45.5
2026-05-13,e-영업3,매칭,최저가,53576.0,53576.0,100.0,53576.0,100.0,1361720.0,5199970.0,25.0,161500.0,3.0,3.1,1111.0,696.0,0.02,12.0,1.7,2.3,25.0
2026-05-14,e-영업3,매칭,최저가,53144.0,53144.0,100.0,53144.0,100.0,1741410.0,3108160.0,41.0,763000.0,13.0,24.5,1230.0,752.0,0.02,21.0,2.8,3.3,61.9
2026-05-15,e-영업3,매칭,최저가,52840.0,52840.0,100.0,52840.0,100.0,932390.0,2280570.0,26.0,352000.0,4.0,15.4,1006.0,563.0,0.02,7.0,1.2,2.6,57.1
2026-05-16,e-영업3,매칭,최저가,52964.0,52964.0,100.0,52964.0,100.0,1893220.0,2140780.0,25.0,533240.0,9.0,24.9,1028.0,570.0,0.02,16.0,2.8,2.4,56.3
2026-05-17,e-영업3,매칭,최저가,53131.0,53131.0,100.0,53131.0,100.0,3905060.0,4113860.0,32.0,754670.0,5.0,18.3,1176.0,659.0,0.02,14.0,2.1,2.7,35.7
2026-05-18,e-영업3,매칭,최저가,49368.0,49368.0,100.0,49368.0,100.0,437680.0,1269390.0,14.0,0.0,0.0,0.0,878.0,505.0,0.02,14.0,2.8,1.6,0.0
2026-05-19,e-영업3,매칭,최저가,49115.0,49115.0,100.0,49115.0,100.0,1432730.0,2331830.0,25.0,232500.0,5.0,10.0,882.0,504.0,0.02,5.0,1.0,2.8,100.0
2026-05-20,e-영업3,매칭,최저가,49074.0,49074.0,100.0,49074.0,100.0,155660.0,1415690.0,17.0,352150.0,7.0,24.9,819.0,495.0,0.02,9.0,1.8,2.1,77.8
2026-05-21,e-영업3,매칭,최저가,48780.0,48780.0,100.0,48780.0,100.0,335770.0,1517080.0,17.0,360070.0,6.0,23.7,773.0,458.0,0.02,6.0,1.3,2.2,100.0
2026-05-22,e-영업3,매칭,최저가,51415.0,51415.0,100.0,51415.0,100.0,3025560.0,3424760.0,16.0,393760.0,2.0,11.5,846.0,513.0,0.02,9.0,1.8,1.9,22.2
2026-05-23,e-영업3,매칭,최저가,51772.0,51772.0,100.0,51772.0,100.0,1933610.0,1933610.0,25.0,355170.0,4.0,18.4,963.0,549.0,0.02,8.0,1.5,2.6,50.0
2026-05-24,e-영업3,매칭,최저가,51904.0,51904.0,100.0,51904.0,100.0,1451540.0,1912770.0,24.0,350320.0,5.0,18.3,1048.0,588.0,0.02,12.0,2.0,2.3,41.7
2026-05-25,e-영업3,매칭,최저가,48882.0,48882.0,100.0,48882.0,100.0,873890.0,1290990.0,12.0,590200.0,4.0,45.7,903.0,511.0,0.02,8.0,1.6,1.3,50.0
2026-05-26,e-영업3,매칭,최저가,,,,,,,,,,,,,,,,,,
2026-05-27,e-영업3,매칭,최저가,49156.0,49156.0,100.0,49156.0,100.0,1442000.0,2530750.0,19.0,376500.0,3.0,14.9,775.0,453.0,0.02,7.0,1.5,2.5,42.9
2026-05-28,e-영업3,매칭,최저가,52385.0,52385.0,100.0,52385.0,100.0,1348650.0,2702250.0,20.0,857890.0,6.0,31.7,965.0,578.0,0.02,11.0,1.9,2.1,54.5
2026-05-29,e-영업3,매칭,최저가,53340.0,53340.0,100.0,53340.0,100.0,1358000.0,1950880.0,24.0,445700.0,2.0,22.8,904.0,572.0,0.02,5.0,0.9,2.7,40.0
2026-05-30,e-영업3,매칭,최저가,53484.0,53484.0,100.0,53484.0,100.0,1389560.0,1436960.0,10.0,205430.0,2.0,14.3,953.0,598.0,0.02,8.0,1.3,1.0,25.0
2026-05-31,e-영업3,매칭,최저가,53288.0,53288.0,100.0,53288.0,100.0,1652270.0,1793070.0,19.0,648100.0,8.0,36.1,1113.0,687.0,0.02,12.0,1.7,1.7,66.7
2026-06-01,e-영업3,매칭,최저가,53471.0,53471.0,100.0,53471.0,100.0,1167180.0,1737710.0,21.0,405500.0,3.0,23.3,1081.0,700.0,0.02,11.0,1.6,1.9,27.3
2026-06-02,e-영업3,매칭,최저가,53026.0,53026.0,100.0,53026.0,100.0,2377080.0,3222200.0,26.0,1462640.0,9.0,45.4,1032.0,654.0,0.02,17.0,2.6,2.5,52.9
2026-06-03,e-영업3,매칭,최저가,51966.0,51966.0,100.0,51966.0,100.0,2388560.0,4188960.0,32.0,412250.0,6.0,9.8,1218.0,721.0,0.02,12.0,1.7,2.6,50.0
2026-06-04,e-영업3,매칭,최저가,51802.0,51802.0,100.0,51802.0,100.0,2163680.0,2483780.0,26.0,1164190.0,7.0,46.9,1050.0,689.0,0.02,10.0,1.5,2.5,70.0
2026-06-05,e-영업3,매칭,최저가,51741.0,51741.0,100.0,51741.0,100.0,630360.0,1359440.0,15.0,139000.0,1.0,10.2,947.0,629.0,0.02,11.0,1.7,1.6,9.1
2026-06-06,e-영업3,매칭,최저가,51691.0,51691.0,100.0,51691.0,100.0,2654940.0,2703940.0,24.0,123520.0,3.0,4.6,1039.0,603.0,0.02,9.0,1.5,2.3,33.3
2026-06-07,e-영업3,매칭,최저가,51936.0,51936.0,100.0,51936.0,100.0,1120400.0,1571340.0,19.0,270700.0,4.0,17.2,1068.0,634.0,0.02,8.0,1.3,1.8,50.0
2026-06-08,e-영업3,매칭,최저가,,,,,,,,,,,,,,,,,,
2026-06-09,e-영업3,매칭,최저가,,,,,,,,,,,,,,,,,,
2026-06-10,e-영업3,매칭,최저가,52025.0,52025.0,100.0,52025.0,100.0,133840.0,1034050.0,8.0,94000.0,2.0,9.1,1085.0,704.0,0.02,6.0,0.9,0.7,33.3
2026-06-11,e-영업3,매칭,최저가,52363.0,52363.0,100.0,52363.0,100.0,-1228930.0,646400.0,7.0,0.0,0.0,0.0,931.0,591.0,0.02,6.0,1.0,0.8,0.0
2026-06-12,e-영업3,매칭,최저가,51555.0,51555.0,100.0,51555.0,100.0,346730.0,823510.0,9.0,0.0,0.0,0.0,888.0,545.0,0.02,2.0,0.4,1.0,0.0
2026-06-13,e-영업3,매칭,최저가,51342.0,51342.0,100.0,51342.0,100.0,1584140.0,1748140.0,15.0,91000.0,2.0,5.2,903.0,529.0,0.02,6.0,1.1,1.7,33.3
2026-06-14,e-영업3,매칭,최저가,51427.0,51427.0,100.0,51427.0,100.0,968200.0,968200.0,13.0,297000.0,2.0,30.7,1057.0,654.0,0.02,11.0,1.7,1.2,18.2
2026-06-15,e-영업3,매칭,최저가,51136.0,51136.0,100.0,51136.0,100.0,2240320.0,3029090.0,27.0,96600.0,3.0,3.2,997.0,594.0,0.02,7.0,1.2,2.7,42.9
2026-06-16,e-영업3,매칭,최저가,51631.0,51631.0,100.0,51631.0,100.0,1736990.0,2253330.0,24.0,831790.0,9.0,36.9,1013.0,576.0,0.02,9.0,1.6,2.4,100.0
2026-06-17,e-영업3,매칭,최저가,51009.0,51009.0,100.0,51009.0,100.0,989380.0,2707840.0,24.0,439640.0,8.0,16.2,988.0,535.0,0.02,14.0,2.6,2.4,57.1
2026-06-18,e-영업3,매칭,최저가,51217.0,51217.0,100.0,51217.0,100.0,2001040.0,2053940.0,17.0,204500.0,2.0,10.0,914.0,499.0,0.02,7.0,1.4,1.9,28.6
2026-06-19,e-영업3,매칭,최저가,51155.0,51155.0,100.0,51155.0,100.0,306750.0,854500.0,7.0,41300.0,1.0,4.8,750.0,382.0,0.01,3.0,0.8,0.9,33.3
2026-06-20,e-영업3,매칭,최저가,51788.0,51788.0,100.0,51788.0,100.0,1756240.0,1808240.0,20.0,78000.0,1.0,4.3,907.0,479.0,0.02,7.0,1.5,2.2,14.3
2026-06-21,e-영업3,매칭,최저가,51622.0,51622.0,100.0,51622.0,100.0,2505620.0,2555620.0,20.0,461330.0,5.0,18.1,973.0,472.0,0.02,11.0,2.3,2.1,45.5
2026-06-22,e-영업3,매칭,최저가,51196.0,51196.0,100.0,51196.0,100.0,2406180.0,3174940.0,20.0,587520.0,7.0,18.5,933.0,579.0,0.02,9.0,1.6,2.1,77.8
2026-06-23,e-영업3,매칭,최저가,50471.0,50471.0,100.0,50471.0,100.0,733730.0,1410090.0,18.0,646080.0,6.0,45.8,773.0,427.0,0.02,13.0,3.0,2.3,46.2
2026-06-24,e-영업3,매칭,최저가,51038.0,51038.0,100.0,51038.0,100.0,1957300.0,2481700.0,21.0,947390.0,6.0,38.2,798.0,455.0,0.02,7.0,1.5,2.6,85.7
2026-06-25,e-영업3,매칭,최저가,51217.0,51217.0,100.0,51217.0,100.0,365370.0,623870.0,9.0,40500.0,1.0,6.5,668.0,363.0,0.01,4.0,1.1,1.3,25.0
2026-06-26,e-영업3,매칭,최저가,50787.0,50787.0,100.0,50787.0,100.0,406670.0,868270.0,13.0,379920.0,4.0,43.8,629.0,351.0,0.01,9.0,2.6,2.1,44.4
2026-06-27,e-영업3,매칭,최저가,,,,,,,,,,,,,,,,,,
2026-06-28,e-영업3,매칭,최저가,51473.0,51473.0,100.0,51473.0,100.0,1052640.0,1270640.0,13.0,542350.0,4.0,42.7,793.0,463.0,0.02,10.0,2.2,1.6,40.0
2026-06-29,e-영업3,매칭,최저가,,,,,,,,,,,,,,,,,,
2026-06-30,e-영업3,매칭,최저가,51077.0,51077.0,100.0,51077.0,100.0,1156550.0,1857130.0,21.0,140400.0,2.0,7.6,722.0,375.0,0.01,6.0,1.6,2.9,33.3
2026-07-01,e-영업3,매칭,최저가,50261.0,50261.0,100.0,50261.0,100.0,1576700.0,2151600.0,19.0,94880.0,3.0,4.4,667.0,377.0,0.01,7.0,1.9,2.8,42.9
2026-07-02,e-영업3,매칭,최저가,50589.0,50589.0,100.0,50589.0,100.0,894650.0,1187190.0,15.0,108900.0,3.0,9.2,611.0,332.0,0.01,8.0,2.4,2.5,37.5
2026-07-03,e-영업3,매칭,최저가,50585.0,50585.0,100.0,50585.0,100.0,1345090.0,2155180.0,11.0,315560.0,5.0,14.6,558.0,296.0,0.01,7.0,2.4,2.0,71.4
2026-07-04,e-영업3,매칭,최저가,50203.0,50203.0,100.0,50203.0,100.0,536470.0,536470.0,6.0,25300.0,1.0,4.7,607.0,330.0,0.01,5.0,1.5,1.0,20.0
2026-07-05,e-영업3,매칭,최저가,50292.0,50292.0,100.0,50292.0,100.0,1430790.0,1487550.0,16.0,258300.0,4.0,17.4,758.0,397.0,0.02,9.0,2.3,2.1,44.4
2026-07-06,e-영업3,매칭,최저가,50439.0,50439.0,100.0,50439.0,100.0,358720.0,661000.0,11.0,75900.0,2.0,11.5,589.0,320.0,0.01,5.0,1.6,1.9,40.0
2026-07-07,e-영업3,매칭,최저가,50374.0,50374.0,100.0,50374.0,100.0,395600.0,1417210.0,11.0,355000.0,2.0,25.0,642.0,365.0,0.01,4.0,1.1,1.7,50.0
2026-07-08,e-영업3,매칭,최저가,50639.0,50639.0,100.0,50639.0,100.0,98580.0,751250.0,9.0,145000.0,2.0,19.3,638.0,356.0,0.01,8.0,2.2,1.4,25.0
2026-07-09,e-영업3,매칭,최저가,50402.0,50402.0,100.0,50402.0,100.0,1899270.0,2777720.0,16.0,1109850.0,3.0,40.0,671.0,343.0,0.01,8.0,2.3,2.4,37.5
2026-07-10,e-영업3,매칭,최저가,50669.0,50669.0,100.0,50669.0,100.0,451290.0,733940.0,11.0,124400.0,3.0,16.9,558.0,290.0,0.01,6.0,2.1,2.0,50.0
2026-07-11,e-영업3,매칭,최저가,50091.0,50091.0,100.0,50091.0,100.0,541940.0,820600.0,11.0,0.0,0.0,0.0,617.0,320.0,0.01,6.0,1.9,1.8,0.0
2026-07-12,e-영업3,매칭,최저가,50297.0,50297.0,100.0,50297.0,100.0,1534390.0,1801490.0,14.0,1209320.0,6.0,67.1,690.0,351.0,0.01,6.0,1.7,2.0,100.0
2026-07-13,e-영업3,매칭,최저가,50085.0,50085.0,100.0,50085.0,100.0,317100.0,547100.0,7.0,210900.0,1.0,38.5,576.0,321.0,0.01,4.0,1.2,1.2,25.0
2026-07-14,e-영업3,매칭,최저가,50205.0,50205.0,100.0,50205.0,100.0,1120270.0,1683700.0,14.0,469400.0,3.0,27.9,675.0,425.0,0.01,3.0,0.7,2.1,100.0
2026-07-15,e-영업3,매칭,최저가,57578.0,57578.0,100.0,57578.0,100.0,3136100.0,3372120.0,30.0,1363020.0,8.0,40.4,824.0,440.0,0.01,10.0,2.3,3.6,80.0
2026-07-16,e-영업3,매칭,최저가,57471.0,57471.0,100.0,57471.0,100.0,159350.0,570250.0,11.0,48000.0,1.0,8.4,665.0,360.0,0.01,4.0,1.1,1.7,25.0
2026-07-17,e-영업3,매칭,최저가,57667.0,57667.0,100.0,57667.0,100.0,700960.0,907560.0,6.0,139000.0,1.0,15.3,694.0,377.0,0.01,7.0,1.9,0.9,14.3
2026-07-18,e-영업3,매칭,최저가,59043.0,59043.0,100.0,59043.0,100.0,1481780.0,1776520.0,19.0,0.0,0.0,0.0,761.0,401.0,0.01,3.0,0.7,2.5,0.0
2026-07-19,e-영업3,매칭,최저가,64671.0,64671.0,100.0,64671.0,100.0,1096980.0,1119980.0,13.0,35800.0,1.0,3.2,902.0,465.0,0.01,6.0,1.3,1.4,16.7
2026-07-20,e-영업3,매칭,최저가,64504.0,64504.0,100.0,64504.0,100.0,362510.0,975910.0,16.0,187900.0,5.0,19.3,848.0,469.0,0.01,11.0,2.3,1.9,45.5
2026-07-21,e-영업3,매칭,최저가,65292.0,65292.0,100.0,65292.0,100.0,-121000.0,1863250.0,13.0,100000.0,1.0,5.4,851.0,496.0,0.01,4.0,0.8,1.5,25.0
2026-07-22,e-영업3,매칭,최저가,65910.0,65910.0,100.0,65910.0,100.0,749060.0,1294900.0,11.0,312000.0,3.0,24.1,891.0,487.0,0.01,5.0,1.0,1.2,60.0
2026-07-23,e-영업3,매칭,최저가,50479.0,50479.0,100.0,50479.0,100.0,2608760.0,5930600.0,32.0,431350.0,4.0,7.3,862.0,446.0,0.02,7.0,1.6,3.7,57.1
2026-07-24,e-영업3,매칭,최저가,49586.0,49586.0,100.0,49586.0,100.0,407330.0,1406620.0,13.0,0.0,0.0,0.0,557.0,269.0,0.01,1.0,0.4,2.3,0.0
2026-07-25,e-영업3,매칭,최저가,50534.0,50534.0,100.0,50534.0,100.0,1054460.0,1141400.0,11.0,20000.0,1.0,1.8,669.0,343.0,0.01,7.0,2.0,1.6,14.3
2026-07-26,e-영업3,매칭,최저가,50195.0,50195.0,100.0,50195.0,100.0,1190240.0,1333490.0,10.0,0.0,0.0,0.0,702.0,365.0,0.01,6.0,1.6,1.4,0.0
2026-07-27,e-영업3,매칭,최저가,50392.0,50392.0,100.0,50392.0,100.0,725860.0,1561160.0,8.0,258000.0,1.0,16.5,696.0,417.0,0.01,5.0,1.2,1.1,20.0
2026-07-28,e-영업3,매칭,최저가,50040.0,50040.0,100.0,50040.0,100.0,-160190.0,666710.0,8.0,76300.0,1.0,11.4,675.0,381.0,0.01,4.0,1.0,1.2,25.0
2026-07-29,e-영업3,매칭,최저가,49653.0,49653.0,100.0,49653.0,100.0,1309000.0,1857600.0,9.0,190000.0,2.0,10.2,653.0,372.0,0.01,2.0,0.5,1.4,100.0
2026-01-01,e-영업4,Total,Total,233987.0,141764.0,60.6,60778.0,26.0,10946360.0,11577060.0,108.0,3609910.0,26.0,31.2,4373.0,3056.0,0.02,67.0,2.2,2.5,38.8
2026-01-02,e-영업4,Total,Total,234310.0,142445.0,60.8,61128.0,26.1,7338080.0,11916910.0,102.0,4275840.0,23.0,35.9,4221.0,2984.0,0.02,52.0,1.7,2.4,44.2
2026-01-03,e-영업4,Total,Total,234202.0,142575.0,60.9,61718.0,26.4,9328960.0,13072330.0,118.0,1263210.0,20.0,9.7,4096.0,2597.0,0.02,63.0,2.4,2.9,31.7
2026-01-04,e-영업4,Total,Total,234177.0,142714.0,60.9,61734.0,26.4,10957630.0,12767970.0,149.0,3305260.0,42.0,25.9,5120.0,3431.0,0.02,65.0,1.9,2.9,64.6
2026-01-05,e-영업4,Total,Total,233238.0,141945.0,60.9,60425.0,25.9,7171540.0,14743030.0,136.0,3492110.0,42.0,23.7,3947.0,2595.0,0.02,73.0,2.8,3.4,57.5
2026-01-06,e-영업4,Total,Total,234146.0,142716.0,61.0,60212.0,25.7,8698380.0,14767190.0,113.0,1956790.0,25.0,13.3,4237.0,2836.0,0.02,69.0,2.4,2.7,36.2
2026-01-07,e-영업4,Total,Total,234710.0,142935.0,60.9,60984.0,26.0,11511940.0,14851010.0,134.0,3073900.0,31.0,20.7,3988.0,2757.0,0.02,72.0,2.6,3.4,43.1
2026-01-08,e-영업4,Total,Total,235943.0,143751.0,60.9,61079.0,25.9,8706020.0,14488470.0,133.0,2815300.0,25.0,19.4,3874.0,2512.0,0.02,67.0,2.7,3.4,37.3
2026-01-09,e-영업4,Total,Total,236041.0,143499.0,60.8,61582.0,26.1,15996510.0,20484000.0,108.0,3052710.0,27.0,14.9,3531.0,2240.0,0.01,64.0,2.9,3.1,42.2
2026-01-10,e-영업4,Total,Total,236002.0,143712.0,60.9,62946.0,26.7,10985430.0,12913630.0,137.0,4686060.0,38.0,36.3,3959.0,2397.0,0.02,80.0,3.3,3.5,47.5
2026-01-11,e-영업4,Total,Total,235980.0,144088.0,61.1,63483.0,26.9,16756330.0,19264930.0,164.0,4941160.0,35.0,25.6,4600.0,2919.0,0.02,87.0,3.0,3.6,40.2
2026-01-12,e-영업4,Total,Total,235911.0,144148.0,61.1,62890.0,26.7,10979060.0,16669420.0,126.0,2980280.0,32.0,17.9,4172.0,2717.0,0.02,63.0,2.3,3.0,50.8
2026-01-13,e-영업4,Total,Total,235613.0,144001.0,61.1,62341.0,26.5,15699670.0,22375070.0,167.0,3166980.0,39.0,14.2,4404.0,2783.0,0.02,93.0,3.3,3.8,41.9
2026-01-14,e-영업4,Total,Total,237599.0,145186.0,61.1,63070.0,26.5,10834470.0,17838770.0,149.0,4212700.0,39.0,23.6,4580.0,3006.0,0.02,95.0,3.2,3.3,41.1
2026-01-15,e-영업4,Total,Total,237954.0,145063.0,61.0,62923.0,26.4,10573170.0,13431690.0,142.0,4396800.0,37.0,32.7,3810.0,2486.0,0.02,52.0,2.1,3.7,71.2
2026-01-16,e-영업4,Total,Total,238514.0,145555.0,61.0,62246.0,26.1,10303700.0,15068400.0,137.0,4379160.0,39.0,29.1,3721.0,2391.0,0.02,90.0,3.8,3.7,43.3
2026-01-17,e-영업4,Total,Total,238376.0,145968.0,61.2,63354.0,26.6,12855790.0,17621790.0,144.0,2424800.0,27.0,13.8,3987.0,2467.0,0.02,71.0,2.9,3.6,38.0
2026-01-18,e-영업4,Total,Total,238325.0,146207.0,61.3,63931.0,26.8,14617020.0,18462200.0,162.0,5948050.0,43.0,32.2,4354.0,2727.0,0.02,79.0,2.9,3.7,54.4
2026-01-19,e-영업4,Total,Total,238902.0,146916.0,61.5,63069.0,26.4,7089110.0,12839110.0,123.0,4203250.0,36.0,32.7,4365.0,2828.0,0.02,73.0,2.6,2.8,49.3
2026-01-20,e-영업4,Total,Total,239106.0,147230.0,61.6,62939.0,26.3,13128300.0,18295370.0,123.0,5398810.0,33.0,29.5,4245.0,2762.0,0.02,73.0,2.6,2.9,45.2
2026-01-21,e-영업4,Total,Total,238997.0,147315.0,61.6,63343.0,26.5,11523570.0,15990170.0,125.0,2759240.0,31.0,17.3,4198.0,2787.0,0.02,75.0,2.7,3.0,41.3
2026-01-22,e-영업4,Total,Total,239547.0,147692.0,61.7,63283.0,26.4,12244810.0,17116860.0,100.0,8526950.0,25.0,49.8,4143.0,2778.0,0.02,59.0,2.1,2.4,42.4
2026-01-23,e-영업4,Total,Total,239670.0,147471.0,61.5,62757.0,26.2,6848840.0,12373270.0,113.0,1860320.0,27.0,15.0,3509.0,2317.0,0.01,61.0,2.6,3.2,44.3
2026-01-24,e-영업4,Total,Total,239652.0,147576.0,61.6,63656.0,26.6,12081950.0,14658230.0,126.0,2782520.0,32.0,19.0,3801.0,2396.0,0.02,75.0,3.1,3.3,42.7
2026-01-25,e-영업4,Total,Total,239574.0,147772.0,61.7,64219.0,26.8,14876170.0,18149470.0,146.0,2648250.0,26.0,14.6,4466.0,2886.0,0.02,80.0,2.8,3.3,32.5
2026-01-26,e-영업4,Total,Total,240935.0,148398.0,61.6,63425.0,26.3,7624830.0,18023790.0,163.0,3877060.0,32.0,21.5,4043.0,2652.0,0.02,77.0,2.9,4.0,41.6
2026-01-27,e-영업4,Total,Total,240903.0,148515.0,61.6,63589.0,26.4,11688060.0,16372170.0,146.0,3662940.0,38.0,22.4,4089.0,2692.0,0.02,96.0,3.6,3.6,39.6
2026-01-28,e-영업4,Total,Total,241127.0,148584.0,61.6,63764.0,26.4,8303960.0,14664310.0,112.0,4595420.0,28.0,31.3,3730.0,2476.0,0.02,70.0,2.8,3.0,40.0
2026-01-29,e-영업4,Total,Total,242011.0,149329.0,61.7,63788.0,26.4,9316610.0,10629210.0,91.0,2772560.0,25.0,26.1,3520.0,2320.0,0.01,54.0,2.3,2.6,46.3
2026-01-30,e-영업4,Total,Total,242623.0,149280.0,61.5,63622.0,26.2,10279700.0,12734450.0,99.0,3183300.0,28.0,25.0,3187.0,2036.0,0.01,55.0,2.7,3.1,50.9
2026-01-31,e-영업4,Total,Total,242659.0,149414.0,61.6,63725.0,26.3,8818660.0,11073010.0,112.0,2668750.0,29.0,24.1,3708.0,2355.0,0.02,60.0,2.5,3.0,48.3
2026-02-01,e-영업4,Total,Total,242685.0,149868.0,61.8,64809.0,26.7,16581130.0,18174350.0,154.0,4290020.0,38.0,23.6,4197.0,2571.0,0.02,91.0,3.5,3.7,41.8
2026-02-02,e-영업4,Total,Total,243290.0,150388.0,61.8,63627.0,26.2,12225870.0,16993160.0,137.0,4859990.0,35.0,28.6,4094.0,2663.0,0.02,89.0,3.3,3.3,39.3
2026-02-03,e-영업4,Total,Total,243611.0,150889.0,61.9,64274.0,26.4,8294120.0,12568520.0,127.0,3995350.0,41.0,31.8,3957.0,2510.0,0.02,89.0,3.5,3.2,46.1
2026-02-04,e-영업4,Total,Total,245874.0,151565.0,61.6,65610.0,26.7,14490740.0,18517080.0,130.0,2999200.0,21.0,16.2,4180.0,2740.0,0.02,85.0,3.1,3.1,24.7
2026-02-05,e-영업4,Total,Total,258112.0,151667.0,58.8,65260.0,25.3,16305070.0,21520730.0,166.0,6606150.0,52.0,30.7,3840.0,2380.0,0.01,91.0,3.8,4.3,57.1
2026-02-06,e-영업4,Total,Total,258596.0,152027.0,58.8,64609.0,25.0,13191450.0,15940610.0,125.0,3545020.0,26.0,22.2,4057.0,2725.0,0.02,74.0,2.7,3.1,35.1
2026-02-07,e-영업4,Total,Total,258536.0,152639.0,59.0,64158.0,24.8,15267530.0,19475770.0,158.0,3235850.0,38.0,16.6,4288.0,2573.0,0.02,81.0,3.1,3.7,46.9
2026-02-08,e-영업4,Total,Total,258422.0,152938.0,59.2,64274.0,24.9,19087900.0,24492040.0,197.0,6590650.0,53.0,26.9,5083.0,3156.0,0.02,112.0,3.5,3.9,47.3
2026-02-09,e-영업4,Total,Total,246693.0,153242.0,62.1,64264.0,26.1,9126760.0,17042250.0,148.0,4792290.0,36.0,28.1,4249.0,2788.0,0.02,82.0,2.9,3.5,43.9
2026-02-10,e-영업4,Total,Total,247357.0,154105.0,62.3,63419.0,25.6,6769760.0,19564220.0,131.0,2328870.0,24.0,11.9,3799.0,2458.0,0.02,64.0,2.6,3.4,37.5
2026-02-11,e-영업4,Total,Total,247250.0,154047.0,62.3,63315.0,25.6,12626580.0,16062670.0,142.0,3709540.0,36.0,23.1,3659.0,2311.0,0.01,78.0,3.4,3.9,46.2
2026-02-12,e-영업4,Total,Total,265368.0,155239.0,58.5,63997.0,24.1,10370650.0,13561450.0,110.0,5049050.0,34.0,37.2,3501.0,2238.0,0.01,70.0,3.1,3.1,48.6
2026-02-13,e-영업4,Total,Total,288338.0,155344.0,53.9,63949.0,22.2,6211530.0,11082620.0,90.0,2611900.0,19.0,23.6,3400.0,2231.0,0.01,62.0,2.8,2.6,30.6
2026-02-14,e-영업4,Total,Total,311564.0,155533.0,49.9,64390.0,20.7,8185690.0,9680580.0,90.0,2179060.0,25.0,22.5,3337.0,2115.0,0.01,57.0,2.7,2.7,43.9
2026-02-15,e-영업4,Total,Total,329551.0,155795.0,47.3,63462.0,19.3,7734020.0,10598680.0,98.0,2328680.0,23.0,22.0,3318.0,2046.0,0.01,58.0,2.8,3.0,39.7
2026-02-16,e-영업4,Total,Total,351822.0,156235.0,44.4,63455.0,18.0,12233870.0,13330170.0,126.0,3029590.0,33.0,22.7,3582.0,2265.0,0.01,73.0,3.2,3.5,45.2
2026-02-17,e-영업4,Total,Total,371612.0,156359.0,42.1,63780.0,17.2,11571020.0,13527390.0,123.0,1958900.0,25.0,14.5,3798.0,2434.0,0.01,77.0,3.2,3.2,32.5
2026-02-18,e-영업4,Total,Total,389805.0,156542.0,40.2,64101.0,16.4,13006240.0,16936780.0,160.0,5262720.0,42.0,31.1,5070.0,3422.0,0.01,99.0,2.9,3.2,42.4
2026-02-19,e-영업4,Total,Total,248054.0,156244.0,63.0,64562.0,26.0,6864330.0,16586670.0,140.0,2826850.0,35.0,17.0,4203.0,3563.0,0.02,96.0,2.7,3.3,36.5
2026-02-20,e-영업4,Total,Total,248154.0,156169.0,62.9,64731.0,26.1,11491260.0,18034110.0,158.0,5675140.0,42.0,31.5,4014.0,2684.0,0.02,93.0,3.5,3.9,45.2
2026-02-21,e-영업4,Total,Total,247984.0,156233.0,63.0,65028.0,26.2,15066065.0,19303025.0,162.0,2835310.0,30.0,14.7,4717.0,2960.0,0.02,74.0,2.5,3.4,40.5
2026-02-22,e-영업4,Total,Total,247883.0,156671.0,63.2,64788.0,26.1,18111570.0,21584600.0,217.0,4044400.0,51.0,18.7,5138.0,3168.0,0.02,122.0,3.9,4.2,41.8
2026-02-23,e-영업4,Total,Total,248581.0,156982.0,63.2,64230.0,25.8,8591800.0,19152390.0,164.0,2091830.0,32.0,10.9,4609.0,3044.0,0.02,86.0,2.8,3.6,37.2
2026-02-24,e-영업4,Total,Total,248234.0,156954.0,63.2,64629.0,26.0,13798380.0,19917200.0,174.0,6853330.0,44.0,34.4,4713.0,3092.0,0.02,91.0,2.9,3.7,48.4
2026-02-25,e-영업4,Total,Total,249246.0,156648.0,62.8,66576.0,26.7,12066340.0,18834850.0,163.0,5020870.0,47.0,26.7,4938.0,3452.0,0.02,97.0,2.8,3.3,48.5
2026-02-26,e-영업4,Total,Total,250107.0,157030.0,62.8,66029.0,26.4,12482800.0,19431300.0,154.0,4718100.0,42.0,24.3,4431.0,2945.0,0.02,84.0,2.9,3.5,50.0
2026-02-27,e-영업4,Total,Total,249097.0,156355.0,62.8,65726.0,26.4,15787280.0,19425855.0,123.0,2378950.0,31.0,12.2,4164.0,2819.0,0.02,75.0,2.7,3.0,41.3
2026-02-28,e-영업4,Total,Total,249043.0,156824.0,63.0,65301.0,26.2,11517330.0,13220180.0,143.0,2925560.0,39.0,22.1,4462.0,2966.0,0.02,76.0,2.6,3.2,51.3
2026-03-01,e-영업4,Total,Total,248952.0,157038.0,63.1,65697.0,26.4,15088965.0,17802575.0,171.0,3625850.0,36.0,20.4,5233.0,3725.0,0.02,102.0,2.7,3.3,35.3
2026-03-02,e-영업4,Total,Total,248485.0,157127.0,63.2,66055.0,26.6,17803710.0,20898760.0,181.0,4507060.0,46.0,21.6,5616.0,3631.0,0.02,124.0,3.4,3.2,37.1
2026-03-03,e-영업4,Total,Total,248818.0,157020.0,63.1,65129.0,26.2,15726100.0,22971040.0,167.0,4729290.0,41.0,20.6,4635.0,3145.0,0.02,78.0,2.5,3.6,52.6
2026-03-04,e-영업4,Total,Total,200473.0,122126.0,60.9,54706.0,27.3,7125620.0,10813320.0,117.0,3025380.0,27.0,28.0,3339.0,2359.0,0.02,61.0,2.6,3.5,44.3
2026-03-05,e-영업4,Total,Total,200793.0,122342.0,60.9,55006.0,27.4,4404490.0,8157070.0,82.0,2878840.0,24.0,35.3,3320.0,2402.0,0.02,48.0,2.0,2.5,50.0
2026-03-06,e-영업4,Total,Total,201083.0,122716.0,61.0,54551.0,27.1,7973450.0,10170850.0,90.0,1930030.0,21.0,19.0,2940.0,2033.0,0.01,50.0,2.5,3.1,42.0
2026-03-07,e-영업4,Total,Total,248586.0,156664.0,63.0,66080.0,26.6,16188020.0,19725470.0,174.0,4996340.0,44.0,25.3,4666.0,3029.0,0.02,91.0,3.0,3.7,48.4
2026-03-08,e-영업4,Total,Total,201132.0,122770.0,61.0,54981.0,27.3,11974660.0,14145670.0,113.0,2161460.0,23.0,15.3,3372.0,2132.0,0.02,76.0,3.6,3.4,30.3
2026-03-09,e-영업4,Total,Total,201449.0,122770.0,60.9,55339.0,27.5,7244040.0,11225580.0,118.0,2298780.0,32.0,20.5,3080.0,2017.0,0.02,61.0,3.0,3.8,52.5
2026-03-10,e-영업4,Total,Total,248473.0,157414.0,63.4,65949.0,26.5,7556220.0,14141070.0,149.0,3431180.0,37.0,24.3,4149.0,2686.0,0.02,81.0,3.0,3.6,45.7
2026-03-11,e-영업4,Total,Total,202543.0,122788.0,60.6,55877.0,27.6,9857010.0,12755810.0,102.0,3287140.0,26.0,25.8,2921.0,1941.0,0.01,53.0,2.7,3.5,49.1
2026-03-12,e-영업4,Total,Total,202965.0,122788.0,60.5,56184.0,27.7,6582370.0,9899120.0,106.0,2692210.0,24.0,27.2,2920.0,1951.0,0.01,56.0,2.9,3.6,42.9
2026-03-13,e-영업4,Total,Total,203684.0,122925.0,60.4,0.0,0.0,8437790.0,12606310.0,77.0,2124320.0,13.0,16.9,2759.0,1783.0,0.01,53.0,3.0,2.8,24.5
2026-03-14,e-영업4,Total,Total,203692.0,122925.0,60.3,56333.0,27.7,8488330.0,9306410.0,99.0,1942140.0,21.0,20.9,3131.0,1919.0,0.02,51.0,2.7,3.2,41.2
2026-03-15,e-영업4,Total,Total,248180.0,156612.0,63.1,66315.0,26.7,16703455.0,22582165.0,213.0,5319135.0,55.0,23.6,5448.0,3309.0,0.02,118.0,3.6,3.9,46.6
2026-03-16,e-영업4,Total,Total,205567.0,122925.0,59.8,56430.0,27.5,12513680.0,17158580.0,139.0,3529150.0,30.0,20.6,3399.0,2246.0,0.02,77.0,3.4,4.1,39.0
2026-03-17,e-영업4,Total,Total,206326.0,122925.0,59.6,56353.0,27.3,8458490.0,12158810.0,117.0,2220210.0,31.0,18.3,3351.0,2240.0,0.02,52.0,2.3,3.5,59.6
2026-03-18,e-영업4,Total,Total,206884.0,122925.0,59.4,57121.0,27.6,11639670.0,14241770.0,143.0,2708440.0,32.0,19.0,3291.0,2113.0,0.02,74.0,3.5,4.3,43.2
2026-03-19,e-영업4,Total,Total,249515.0,153908.0,61.7,65889.0,26.4,19059660.0,22573690.0,162.0,2526500.0,33.0,11.2,4322.0,2723.0,0.02,86.0,3.2,3.7,38.4
2026-03-20,e-영업4,Total,Total,248287.0,152551.0,61.4,65483.0,26.4,11736660.0,16357280.0,139.0,4183680.0,37.0,25.6,3882.0,2417.0,0.02,76.0,3.1,3.6,48.7
2026-03-21,e-영업4,Total,Total,248211.0,152441.0,61.4,63018.0,25.4,18562590.0,21447780.0,185.0,6177120.0,34.0,28.8,4118.0,2433.0,0.02,72.0,3.0,4.5,47.2
2026-03-22,e-영업4,Total,Total,248219.0,152419.0,61.4,63420.0,25.6,22171580.0,25752420.0,236.0,5794060.0,58.0,22.5,4991.0,2958.0,0.02,119.0,4.0,4.7,48.7
2026-03-23,e-영업4,Total,Total,208049.0,122925.0,59.1,54789.0,26.3,9023460.0,13715920.0,113.0,3286440.0,27.0,24.0,2949.0,1865.0,0.01,57.0,3.1,3.8,47.4
2026-03-24,e-영업4,Total,Total,208643.0,122925.0,58.9,55704.0,26.7,7719330.0,12216470.0,114.0,3787120.0,31.0,31.0,3119.0,1962.0,0.01,59.0,3.0,3.7,52.5
2026-03-25,e-영업4,Total,Total,209018.0,122925.0,58.8,56247.0,26.9,7999110.0,12035850.0,104.0,2242770.0,24.0,18.6,3228.0,2077.0,0.02,47.0,2.3,3.2,51.1
2026-03-26,e-영업4,Total,Total,209411.0,122925.0,58.7,55197.0,26.4,7793500.0,12600200.0,112.0,3366710.0,30.0,26.7,2969.0,1884.0,0.01,51.0,2.7,3.8,58.8
2026-03-27,e-영업4,Total,Total,209761.0,122925.0,58.6,55231.0,26.3,6677250.0,10671980.0,104.0,2379260.0,25.0,22.3,3007.0,1902.0,0.01,56.0,2.9,3.5,44.6
2026-03-28,e-영업4,Total,Total,247743.0,150242.0,60.6,62834.0,25.4,16434460.0,18463670.0,182.0,3346970.0,48.0,18.1,4600.0,2853.0,0.02,88.0,3.1,4.0,54.5
2026-03-29,e-영업4,Total,Total,247646.0,150187.0,60.6,63141.0,25.5,22229870.0,25700030.0,206.0,4833370.0,45.0,18.8,5329.0,3242.0,0.02,104.0,3.2,3.9,43.3
2026-03-30,e-영업4,Total,Total,247549.0,149720.0,60.5,63065.0,25.5,11688590.0,20858400.0,194.0,3772640.0,43.0,18.1,4837.0,3015.0,0.02,104.0,3.4,4.0,41.3
2026-03-31,e-영업4,Total,Total,210597.0,122925.0,58.4,55431.0,26.3,17349090.0,22739270.0,151.0,5688410.0,39.0,25.0,3540.0,2294.0,0.02,79.0,3.4,4.3,49.4
2026-04-01,e-영업4,Total,Total,210929.0,122925.0,58.3,56854.0,27.0,6264320.0,9716400.0,117.0,2190510.0,31.0,22.5,3506.0,2270.0,0.02,76.0,3.3,3.3,40.8
2026-04-02,e-영업4,Total,Total,245695.0,147510.0,60.0,62481.0,25.4,9753180.0,14056600.0,156.0,4001160.0,35.0,28.5,4555.0,2952.0,0.02,88.0,3.0,3.4,39.8
2026-04-03,e-영업4,Total,Total,230912.0,135649.0,58.7,58787.0,25.5,9829050.0,16047470.0,136.0,2865280.0,24.0,17.9,4262.0,2721.0,0.02,79.0,2.9,3.2,30.4
2026-04-04,e-영업4,Total,Total,230699.0,135462.0,58.7,59281.0,25.7,12323680.0,15335780.0,157.0,3314900.0,32.0,21.6,4551.0,2806.0,0.02,86.0,3.1,3.4,37.2
2026-04-05,e-영업4,Total,Total,230600.0,135402.0,58.7,59567.0,25.8,18132510.0,21572230.0,210.0,3376160.0,48.0,15.7,5059.0,3095.0,0.02,116.0,3.7,4.2,41.4
2026-04-06,e-영업4,Total,Total,212173.0,122925.0,57.9,54074.0,25.5,6472570.0,11364780.0,113.0,3159860.0,34.0,27.8,3356.0,2190.0,0.02,53.0,2.4,3.4,64.2
2026-04-07,e-영업4,Total,Total,230965.0,136082.0,58.9,59126.0,25.6,16591600.0,20463800.0,187.0,3977100.0,39.0,19.4,4826.0,3076.0,0.02,105.0,3.4,3.9,37.1
2026-04-08,e-영업4,Total,Total,213284.0,122925.0,57.6,54823.0,25.7,11262350.0,15186220.0,127.0,2556860.0,25.0,16.8,3559.0,2328.0,0.02,56.0,2.4,3.6,44.6
2026-04-09,e-영업4,Total,Total,213822.0,122925.0,57.5,54959.0,25.7,5058770.0,11606970.0,104.0,3833200.0,21.0,33.0,3338.0,2222.0,0.02,53.0,2.4,3.1,39.6
2026-04-10,e-영업4,Total,Total,230599.0,134366.0,58.3,60374.0,26.2,9789590.0,13229640.0,151.0,2600900.0,41.0,19.7,3961.0,2547.0,0.02,76.0,3.0,3.8,53.9
2026-04-11,e-영업4,Total,Total,230545.0,134313.0,58.3,60137.0,26.1,11887750.0,15514150.0,167.0,3234680.0,45.0,20.8,4557.0,2900.0,0.02,115.0,4.0,3.7,39.1
2026-04-12,e-영업4,Total,Total,230468.0,134248.0,58.3,60755.0,26.4,18121590.0,22037990.0,223.0,5139780.0,46.0,23.3,5009.0,3088.0,0.02,116.0,3.8,4.5,39.7
2026-04-13,e-영업4,Total,Total,228392.0,132149.0,57.9,60181.0,26.3,16005860.0,22851840.0,218.0,3888800.0,42.0,17.0,5231.0,3428.0,0.02,111.0,3.2,4.2,37.8
2026-04-14,e-영업4,Total,Total,228321.0,131735.0,57.7,60439.0,26.5,17511360.0,23810990.0,204.0,5303740.0,38.0,22.3,5384.0,3506.0,0.02,105.0,3.0,3.8,36.2
2026-04-15,e-영업4,Total,Total,228989.0,131539.0,57.4,60551.0,26.4,13452940.0,17994350.0,183.0,4271330.0,49.0,23.7,4830.0,3140.0,0.02,106.0,3.4,3.8,46.2
2026-04-16,e-영업4,Total,Total,228835.0,131382.0,57.4,61090.0,26.7,14971950.0,19992390.0,175.0,3772370.0,39.0,18.9,4429.0,2910.0,0.02,84.0,2.9,4.0,46.4
2026-04-17,e-영업4,Total,Total,228139.0,130712.0,57.3,60398.0,26.5,13415750.0,17004940.0,171.0,3111960.0,38.0,18.3,4239.0,2779.0,0.02,90.0,3.2,4.0,42.2
2026-04-18,e-영업4,Total,Total,228209.0,130775.0,57.3,60986.0,26.7,17729570.0,21990910.0,191.0,3238020.0,38.0,14.7,4704.0,2901.0,0.02,87.0,3.0,4.1,43.7
2026-04-19,e-영업4,Total,Total,228154.0,130725.0,57.3,61880.0,27.1,23643080.0,27728640.0,252.0,5286390.0,57.0,19.1,5473.0,3345.0,0.02,123.0,3.7,4.6,46.3
2026-04-20,e-영업4,Total,Total,228611.0,130574.0,57.1,61769.0,27.0,16487200.0,25429520.0,222.0,6589240.0,55.0,25.9,4977.0,3123.0,0.02,112.0,3.6,4.5,49.1
2026-04-21,e-영업4,Total,Total,228532.0,129970.0,56.9,63030.0,27.6,15635300.0,22617800.0,195.0,5283440.0,46.0,23.4,4775.0,3001.0,0.02,103.0,3.4,4.1,44.7
2026-04-22,e-영업4,Total,Total,228822.0,129811.0,56.7,61703.0,27.0,15386630.0,21514290.0,193.0,5880810.0,44.0,27.3,4739.0,3033.0,0.02,93.0,3.1,4.1,47.3
2026-04-23,e-영업4,Total,Total,218550.0,122925.0,56.2,58363.0,26.7,11749840.0,17042920.0,130.0,3225750.0,25.0,18.9,3784.0,2649.0,0.02,73.0,2.8,3.4,34.2
2026-04-24,e-영업4,Total,Total,228802.0,129056.0,56.4,0.0,0.0,12612160.0,18871960.0,152.0,5084640.0,37.0,26.9,4283.0,2882.0,0.02,71.0,2.5,3.5,52.1
2026-04-25,e-영업4,Total,Total,228802.0,129056.0,56.4,0.0,0.0,19832900.0,23357680.0,178.0,4254850.0,34.0,18.2,4308.0,2626.0,0.02,90.0,3.4,4.1,37.8
2026-04-26,e-영업4,Total,Total,228721.0,128993.0,56.4,0.0,0.0,20672990.0,23501610.0,213.0,6767900.0,52.0,28.8,4840.0,2933.0,0.02,117.0,4.0,4.4,44.4
2026-04-27,e-영업4,Total,Total,227553.0,128002.0,56.3,0.0,0.0,15020780.0,20924530.0,202.0,4337080.0,50.0,20.7,6034.0,4201.0,0.03,125.0,3.0,3.3,40.0
2026-04-28,e-영업4,Total,Total,227527.0,127939.0,56.2,0.0,0.0,10112770.0,17049320.0,183.0,6382110.0,52.0,37.4,6643.0,4970.0,0.03,125.0,2.5,2.8,41.6
2026-04-29,e-영업4,Total,Total,227834.0,127774.0,56.1,0.0,0.0,10007620.0,16213410.0,178.0,3495700.0,42.0,21.6,6869.0,5321.0,0.03,106.0,2.0,2.6,39.6
2026-04-30,e-영업4,Total,Total,230048.0,127640.0,55.5,60632.0,26.4,9609460.0,15769540.0,170.0,2971720.0,45.0,18.8,6098.0,4719.0,0.03,103.0,2.2,2.8,43.7
2026-05-01,e-영업4,Total,Total,229946.0,127577.0,55.5,60958.0,26.5,17040660.0,19189500.0,234.0,6901420.0,89.0,36.0,6237.0,4346.0,0.03,178.0,4.1,3.8,50.0
2026-05-02,e-영업4,Total,Total,229848.0,127534.0,55.5,61257.0,26.7,15011520.0,18270290.0,180.0,3907600.0,39.0,21.4,6786.0,4959.0,0.03,109.0,2.2,2.7,35.8
2026-05-03,e-영업4,Total,Total,229785.0,127488.0,55.5,60236.0,26.2,18120910.0,21335010.0,230.0,3805480.0,52.0,17.8,9099.0,7113.0,0.04,143.0,2.0,2.5,36.4
2026-05-04,e-영업4,Total,Total,229068.0,127056.0,55.5,0.0,0.0,11952410.0,18539600.0,179.0,5465250.0,66.0,29.5,8992.0,7332.0,0.04,149.0,2.0,2.0,44.3
2026-05-05,e-영업4,Total,Total,221540.0,122925.0,55.5,56819.0,25.6,14914880.0,17506480.0,182.0,4895230.0,48.0,28.0,7429.0,5833.0,0.03,125.0,2.1,2.4,38.4
2026-05-06,e-영업4,Total,Total,222016.0,122925.0,55.4,58625.0,26.4,9590680.0,17009210.0,176.0,3951200.0,45.0,23.2,6393.0,5090.0,0.03,100.0,2.0,2.8,45.0
2026-05-07,e-영업4,Total,Total,222609.0,122925.0,55.2,0.0,0.0,12322810.0,16470900.0,152.0,3057090.0,37.0,18.6,5715.0,4317.0,0.03,94.0,2.2,2.7,39.4
2026-05-08,e-영업4,Total,Total,230193.0,127126.0,55.2,60534.0,26.3,10330640.0,15598900.0,155.0,4803950.0,42.0,30.8,6059.0,4525.0,0.03,114.0,2.5,2.6,36.8
2026-05-09,e-영업4,Total,Total,229887.0,126957.0,55.2,0.0,0.0,13906160.0,18207960.0,175.0,2866530.0,37.0,15.7,7092.0,5210.0,0.03,115.0,2.2,2.5,32.2
2026-05-10,e-영업4,Total,Total,229824.0,126897.0,55.2,0.0,0.0,20769370.0,25186870.0,234.0,4216530.0,52.0,16.7,7811.0,5701.0,0.03,139.0,2.4,3.0,37.4
2026-05-11,e-영업4,Total,Total,230141.0,127100.0,55.2,60452.0,26.3,10875080.0,22554810.0,194.0,4099150.0,45.0,18.2,7695.0,5997.0,0.03,99.0,1.7,2.5,45.5
2026-05-12,e-영업4,Total,Total,240977.0,134197.0,55.7,59992.0,24.9,15920810.0,23982750.0,197.0,7529170.0,50.0,31.4,8630.0,6880.0,0.04,112.0,1.6,2.3,44.6
2026-05-13,e-영업4,Total,Total,240928.0,133907.0,55.6,60554.0,25.1,18069870.0,24988320.0,206.0,3925260.0,38.0,15.7,8106.0,6371.0,0.03,113.0,1.8,2.5,33.6
2026-05-14,e-영업4,Total,Total,240803.0,133826.0,55.6,60437.0,25.1,12976360.0,16244640.0,191.0,3678120.0,51.0,22.6,7249.0,5601.0,0.03,118.0,2.1,2.6,43.2
2026-05-15,e-영업4,Total,Total,240463.0,133341.0,55.5,59644.0,24.8,10263900.0,17162870.0,147.0,2712200.0,30.0,15.8,6217.0,4662.0,0.03,89.0,1.9,2.4,33.7
2026-05-16,e-영업4,Total,Total,240442.0,133332.0,55.5,60583.0,25.2,14901155.0,16775015.0,170.0,3042280.0,39.0,18.1,6581.0,4785.0,0.03,104.0,2.2,2.6,37.5
2026-05-17,e-영업4,Total,Total,240294.0,133263.0,55.5,60012.0,25.0,25873890.0,27885290.0,235.0,6500200.0,60.0,23.3,7633.0,5560.0,0.03,139.0,2.5,3.1,43.2
2026-05-18,e-영업4,Total,Total,224962.0,122925.0,54.6,58153.0,25.9,5578070.0,11969620.0,149.0,2942900.0,38.0,24.6,5879.0,4350.0,0.03,80.0,1.8,2.5,47.5
2026-05-19,e-영업4,Total,Total,225097.0,122925.0,54.6,57595.0,25.6,6698383.0,12415763.0,137.0,2533330.0,30.0,20.4,5653.0,4209.0,0.03,67.0,1.6,2.4,44.8
2026-05-20,e-영업4,Total,Total,225371.0,122925.0,54.5,59033.0,26.2,7693720.0,13185540.0,137.0,4361310.0,41.0,33.1,6098.0,4613.0,0.03,94.0,2.0,2.2,43.6
2026-05-21,e-영업4,Total,Total,225820.0,122925.0,54.4,57814.0,25.6,7533450.0,10377040.0,132.0,2377550.0,36.0,22.9,5829.0,4567.0,0.03,80.0,1.8,2.3,45.0
2026-05-22,e-영업4,Total,Total,237776.0,130304.0,54.8,59561.0,25.0,14027150.0,18161540.0,142.0,5370090.0,35.0,29.6,6390.0,4851.0,0.03,92.0,1.9,2.2,38.0
2026-05-23,e-영업4,Total,Total,237699.0,130241.0,54.8,60506.0,25.5,18739260.0,20303360.0,172.0,6191350.0,42.0,30.5,6990.0,5185.0,0.03,88.0,1.7,2.5,47.7
2026-05-24,e-영업4,Total,Total,237652.0,130197.0,54.8,60916.0,25.6,22872120.0,30274860.0,200.0,4315390.0,48.0,14.3,7225.0,5270.0,0.03,119.0,2.3,2.8,40.3
2026-05-25,e-영업4,Total,Total,226074.0,122925.0,54.4,58579.0,25.9,14057550.0,17040000.0,172.0,4073190.0,40.0,23.9,6719.0,4975.0,0.03,99.0,2.0,2.6,40.4
2026-05-26,e-영업4,Total,Total,236859.0,129608.0,54.7,0.0,0.0,11195680.0,17527260.0,193.0,5575760.0,52.0,31.8,7189.0,5405.0,0.03,109.0,2.0,2.7,47.7
2026-05-27,e-영업4,Total,Total,226555.0,122925.0,54.3,58041.0,25.6,7679200.0,13957785.0,153.0,2530980.0,36.0,18.1,6181.0,4656.0,0.03,72.0,1.5,2.5,50.0
2026-05-28,e-영업4,Total,Total,235730.0,129213.0,54.8,60533.0,25.7,11363680.0,16987510.0,147.0,2348230.0,30.0,13.8,6539.0,4971.0,0.03,87.0,1.8,2.2,34.5
2026-05-29,e-영업4,Total,Total,236057.0,129279.0,54.8,60318.0,25.6,7227270.0,14582540.0,136.0,2649880.0,36.0,18.2,6165.0,4693.0,0.03,89.0,1.9,2.2,40.4
2026-05-30,e-영업4,Total,Total,236977.0,129263.0,54.5,60427.0,25.5,16825190.0,19919480.0,184.0,5416860.0,50.0,27.2,6783.0,5034.0,0.03,128.0,2.5,2.7,39.1
2026-05-31,e-영업4,Total,Total,237214.0,129233.0,54.5,60741.0,25.6,15015410.0,17018730.0,208.0,3360950.0,43.0,19.7,7881.0,5802.0,0.03,130.0,2.2,2.6,33.1
2026-06-01,e-영업4,Total,Total,237188.0,129251.0,54.5,59713.0,25.2,12219810.0,16013720.0,218.0,3796710.0,66.0,23.7,7673.0,5929.0,0.03,133.0,2.2,2.8,49.6
2026-06-02,e-영업4,Total,Total,236640.0,128595.0,54.3,60061.0,25.4,10021482.0,14615842.0,178.0,3670290.0,56.0,25.1,6903.0,5313.0,0.03,98.0,1.8,2.6,57.1
2026-06-03,e-영업4,Total,Total,236551.0,128522.0,54.3,60474.0,25.6,18922920.0,23238500.0,206.0,5053200.0,53.0,21.7,7410.0,5516.0,0.03,112.0,2.0,2.8,47.3
2026-06-04,e-영업4,Total,Total,236741.0,128644.0,54.3,59391.0,25.1,6978470.0,12134470.0,129.0,3773710.0,36.0,31.1,6656.0,5129.0,0.03,72.0,1.4,1.9,50.0
2026-06-05,e-영업4,Total,Total,231384.0,124353.0,53.7,56833.0,24.6,9315370.0,12241650.0,123.0,2097850.0,32.0,17.1,6122.0,4702.0,0.03,79.0,1.7,2.0,40.5
2026-06-06,e-영업4,Total,Total,231316.0,124299.0,53.7,59315.0,25.6,9669680.0,12859130.0,136.0,1792140.0,21.0,13.9,6111.0,4547.0,0.03,77.0,1.7,2.2,27.3
2026-06-07,e-영업4,Total,Total,231250.0,124240.0,53.7,59655.0,25.8,12882190.0,13939090.0,159.0,4013980.0,42.0,28.8,6096.0,4370.0,0.03,91.0,2.1,2.6,46.2
2026-06-08,e-영업4,Total,Total,231999.0,124534.0,53.7,0.0,0.0,8427030.0,13757880.0,147.0,2596870.0,39.0,18.9,4799.0,3329.0,0.02,81.0,2.4,3.1,48.1
2026-06-09,e-영업4,Total,Total,232065.0,124300.0,53.6,0.0,0.0,13953840.0,19101250.0,178.0,4858160.0,39.0,25.4,5573.0,4015.0,0.02,95.0,2.4,3.2,41.1
2026-06-10,e-영업4,Total,Total,232594.0,124252.0,53.4,58665.0,25.2,6021470.0,12066740.0,135.0,1497020.0,27.0,12.4,5944.0,4566.0,0.03,79.0,1.7,2.3,34.2
2026-06-11,e-영업4,Total,Total,233116.0,124099.0,53.2,58622.0,25.1,7898180.0,12863980.0,135.0,3813300.0,29.0,29.6,5674.0,4217.0,0.02,86.0,2.0,2.4,33.7
2026-06-12,e-영업4,Total,Total,233922.0,124273.0,53.1,59390.0,25.4,8925480.0,12404380.0,136.0,2374430.0,29.0,19.1,5329.0,3942.0,0.02,78.0,2.0,2.6,37.2
2026-06-13,e-영업4,Total,Total,234067.0,124189.0,53.1,59229.0,25.3,12906080.0,14892660.0,175.0,2971500.0,38.0,20.0,5698.0,4164.0,0.02,77.0,1.8,3.1,49.4
2026-06-14,e-영업4,Total,Total,234065.0,124166.0,53.0,59252.0,25.3,12321510.0,17078760.0,165.0,4542850.0,41.0,26.6,6681.0,4897.0,0.03,105.0,2.1,2.5,39.0
2026-06-15,e-영업4,Total,Total,233142.0,123508.0,53.0,58706.0,25.2,9281160.0,13750670.0,179.0,2883190.0,50.0,21.0,5490.0,4021.0,0.02,109.0,2.7,3.3,45.9
2026-06-16,e-영업4,Total,Total,232991.0,123226.0,52.9,58446.0,25.1,13878580.0,18870070.0,171.0,7951060.0,50.0,42.1,5175.0,3718.0,0.02,99.0,2.7,3.3,50.5
2026-06-17,e-영업4,Total,Total,232479.0,123150.0,53.0,58640.0,25.2,7552130.0,11682170.0,136.0,2462400.0,39.0,21.1,5025.0,3525.0,0.02,110.0,3.1,2.7,35.5
2026-06-18,e-영업4,Total,Total,232509.0,122788.0,52.8,57238.0,24.6,16669060.0,21106960.0,141.0,4629300.0,31.0,21.9,4830.0,3353.0,0.02,74.0,2.2,2.9,41.9
2026-06-19,e-영업4,Total,Total,233327.0,123035.0,52.7,57801.0,24.8,9115280.0,13569740.0,138.0,2491450.0,34.0,18.4,4328.0,2955.0,0.02,80.0,2.7,3.2,42.5
2026-06-20,e-영업4,Total,Total,233215.0,122986.0,52.7,58659.0,25.2,9264540.0,13443650.0,144.0,2115860.0,27.0,15.7,4930.0,3380.0,0.02,65.0,1.9,2.9,41.5
2026-06-21,e-영업4,Total,Total,233131.0,122925.0,52.7,58776.0,25.2,12453580.0,14808080.0,149.0,2445400.0,26.0,16.5,5220.0,3514.0,0.02,89.0,2.5,2.9,29.2
2026-06-22,e-영업4,Total,Total,232457.0,122384.0,52.6,57987.0,24.9,8622400.0,13490060.0,102.0,1546690.0,13.0,11.5,5170.0,3976.0,0.02,45.0,1.1,2.0,28.9
2026-06-23,e-영업4,Total,Total,232731.0,122469.0,52.6,56834.0,24.4,9333640.0,11731040.0,118.0,2772130.0,36.0,23.6,4259.0,2969.0,0.02,84.0,2.8,2.8,42.9
2026-06-24,e-영업4,Total,Total,232600.0,122025.0,52.5,56785.0,24.4,10558840.0,13343180.0,125.0,2276100.0,33.0,17.1,4370.0,3013.0,0.02,73.0,2.4,2.9,45.2
2026-06-25,e-영업4,Total,Total,232799.0,122336.0,52.6,56402.0,24.2,10480450.0,13559200.0,109.0,3881880.0,30.0,28.6,3878.0,2670.0,0.02,58.0,2.2,2.8,51.7
2026-06-26,e-영업4,Total,Total,232323.0,122370.0,52.7,55887.0,24.1,7874850.0,9320950.0,109.0,1724300.0,30.0,18.5,3635.0,2470.0,0.02,54.0,2.2,3.0,55.6
2026-06-27,e-영업4,Total,Total,232227.0,122325.0,52.7,0.0,0.0,8652550.0,9687630.0,114.0,2097730.0,25.0,21.7,4069.0,2692.0,0.02,58.0,2.2,2.8,43.1
2026-06-28,e-영업4,Total,Total,232142.0,122282.0,52.7,57168.0,24.6,14124740.0,15585140.0,161.0,4607820.0,45.0,29.6,4754.0,3160.0,0.02,96.0,3.0,3.4,46.9
2026-06-29,e-영업4,Total,Total,232131.0,122198.0,52.6,0.0,0.0,10833210.0,16254470.0,168.0,5028300.0,49.0,30.9,4343.0,2962.0,0.02,92.0,3.1,3.9,53.3
2026-06-30,e-영업4,Total,Total,232950.0,121887.0,52.3,56349.0,24.2,9544430.0,14600750.0,133.0,2954560.0,33.0,20.2,4405.0,3043.0,0.02,92.0,3.0,3.0,35.9
2026-07-01,e-영업4,Total,Total,233221.0,122179.0,52.4,57518.0,24.7,13387760.0,16114020.0,167.0,3434500.0,41.0,21.3,4252.0,2891.0,0.02,94.0,3.3,3.9,43.6
2026-07-02,e-영업4,Total,Total,233497.0,122236.0,52.4,56513.0,24.2,10123630.0,13213830.0,147.0,4819910.0,44.0,36.5,4076.0,2822.0,0.02,85.0,3.0,3.6,51.8
2026-07-03,e-영업4,Total,Total,233192.0,122063.0,52.3,56279.0,24.1,10565520.0,13779720.0,125.0,2965550.0,27.0,21.5,3695.0,2484.0,0.02,68.0,2.7,3.4,39.7
2026-07-04,e-영업4,Total,Total,233186.0,122027.0,52.3,57904.0,24.8,12878460.0,14048260.0,137.0,3489100.0,29.0,24.8,4449.0,2967.0,0.02,84.0,2.8,3.1,34.5
2026-07-05,e-영업4,Total,Total,233048.0,121992.0,52.3,57348.0,24.6,14640950.0,17548460.0,162.0,2407560.0,29.0,13.7,5248.0,3582.0,0.02,96.0,2.7,3.1,30.2
2026-07-06,e-영업4,Total,Total,233212.0,121906.0,52.3,57288.0,24.6,19398680.0,22799180.0,167.0,5604290.0,42.0,24.6,5376.0,3825.0,0.02,93.0,2.4,3.1,45.2
2026-07-07,e-영업4,Total,Total,233149.0,121874.0,52.3,56688.0,24.3,19824120.0,25039670.0,156.0,2530940.0,36.0,10.1,4974.0,3392.0,0.02,97.0,2.9,3.1,37.1
2026-07-08,e-영업4,Total,Total,233184.0,121704.0,52.2,58838.0,25.2,12177510.0,17269640.0,161.0,2912570.0,28.0,16.9,4861.0,3328.0,0.02,106.0,3.2,3.3,26.4
2026-07-09,e-영업4,Total,Total,235396.0,121904.0,51.8,56811.0,24.1,33974100.0,38829790.0,147.0,4264300.0,33.0,11.0,4589.0,3190.0,0.02,88.0,2.8,3.2,37.5
2026-07-10,e-영업4,Total,Total,236134.0,121461.0,51.4,55474.0,23.5,12041150.0,16884500.0,130.0,3122330.0,26.0,18.5,4009.0,2630.0,0.02,83.0,3.2,3.2,31.3
2026-07-11,e-영업4,Total,Total,235960.0,121418.0,51.5,57142.0,24.2,13196300.0,16963120.0,143.0,3342370.0,35.0,19.7,4640.0,3014.0,0.02,86.0,2.9,3.1,40.7
2026-07-12,e-영업4,Total,Total,235898.0,121373.0,51.5,57365.0,24.3,14227250.0,17296930.0,182.0,2502850.0,29.0,14.5,5493.0,3501.0,0.02,101.0,2.9,3.3,28.7
2026-07-13,e-영업4,Total,Total,243516.0,120927.0,49.7,54923.0,22.6,16536550.0,21100660.0,187.0,6707870.0,47.0,31.8,4664.0,3192.0,0.02,97.0,3.0,4.0,48.5
2026-07-14,e-영업4,Total,Total,248998.0,121412.0,48.8,56583.0,22.7,6755980.0,11883260.0,131.0,2800920.0,31.0,23.6,4659.0,3263.0,0.02,87.0,2.7,2.8,35.6
2026-07-15,e-영업4,Total,Total,248892.0,132751.0,53.3,57671.0,23.2,8974550.0,12410890.0,131.0,2551300.0,27.0,20.6,4112.0,2789.0,0.02,84.0,3.0,3.2,32.1
2026-07-16,e-영업4,Total,Total,248712.0,138541.0,55.7,55956.0,22.5,8912450.0,11185750.0,102.0,3200270.0,23.0,28.6,3601.0,2499.0,0.01,69.0,2.8,2.8,33.3
2026-07-17,e-영업4,Total,Total,248646.0,140424.0,56.5,57137.0,23.0,14928550.0,16944070.0,131.0,6525910.0,36.0,38.5,4193.0,2726.0,0.02,90.0,3.3,3.1,40.0
2026-07-18,e-영업4,Total,Total,248475.0,144094.0,58.0,57558.0,23.2,12334070.0,15692830.0,151.0,3772870.0,31.0,24.0,4597.0,2991.0,0.02,111.0,3.7,3.3,27.9
2026-07-19,e-영업4,Total,Total,248695.0,153058.0,61.5,57346.0,23.1,13241410.0,17203630.0,162.0,3990670.0,31.0,23.2,5083.0,3351.0,0.02,99.0,3.0,3.2,31.3
2026-07-20,e-영업4,Total,Total,247414.0,152512.0,61.6,57074.0,23.1,7813470.0,13021270.0,149.0,3250720.0,40.0,25.0,4945.0,3371.0,0.02,103.0,3.1,3.0,38.8
2026-07-21,e-영업4,Total,Total,247722.0,152506.0,61.6,56978.0,23.0,12012240.0,16339150.0,190.0,3475170.0,47.0,21.3,4924.0,3391.0,0.02,109.0,3.2,3.9,43.1
2026-07-22,e-영업4,Total,Total,247709.0,153684.0,62.0,58278.0,23.5,9717190.0,14537850.0,164.0,3222890.0,42.0,22.2,4564.0,3114.0,0.02,92.0,3.0,3.6,45.7
2026-07-23,e-영업4,Total,Total,212397.0,125047.0,58.9,48000.0,22.6,7313800.0,11120230.0,116.0,2114920.0,25.0,19.0,3629.0,2906.0,0.02,74.0,2.5,3.2,33.8
2026-07-24,e-영업4,Total,Total,212212.0,124916.0,58.9,48492.0,22.9,7237860.0,9827860.0,116.0,1704630.0,18.0,17.3,3373.0,2360.0,0.02,56.0,2.4,3.4,32.1
2026-07-25,e-영업4,Total,Total,211568.0,124901.0,59.0,49676.0,23.5,9289330.0,10899730.0,111.0,2905450.0,24.0,26.7,3569.0,2365.0,0.02,59.0,2.5,3.1,40.7
2026-07-26,e-영업4,Total,Total,211081.0,125007.0,59.2,49502.0,23.5,9151570.0,13827750.0,136.0,2256500.0,28.0,16.3,4566.0,3094.0,0.02,75.0,2.4,3.0,37.3
2026-07-27,e-영업4,Total,Total,211309.0,125277.0,59.3,48431.0,22.9,5836210.0,10322650.0,106.0,2560600.0,19.0,24.8,3950.0,2775.0,0.02,60.0,2.2,2.7,31.7
2026-07-28,e-영업4,Total,Total,211371.0,125159.0,59.2,48438.0,22.9,3411050.0,5574880.0,75.0,1256340.0,17.0,22.5,3349.0,2308.0,0.02,62.0,2.7,2.2,27.4
2026-07-29,e-영업4,Total,Total,211694.0,125291.0,59.2,48435.0,22.9,2791000.0,5783440.0,77.0,906420.0,15.0,15.7,3034.0,2090.0,0.01,41.0,2.0,2.5,36.6
2026-01-01,e-영업4,Total,최저가,60778.0,40557.0,66.7,60778.0,100.0,3472020.0,3810020.0,41.0,1288100.0,10.0,33.8,1555.0,1054.0,0.03,29.0,2.8,2.6,34.5
2026-01-02,e-영업4,Total,최저가,61128.0,40898.0,66.9,61128.0,100.0,1848610.0,3238060.0,52.0,619320.0,12.0,19.1,1573.0,1087.0,0.03,21.0,1.9,3.3,57.1
2026-01-03,e-영업4,Total,최저가,61718.0,41466.0,67.2,61718.0,100.0,1929320.0,2770190.0,40.0,516000.0,9.0,18.6,1501.0,898.0,0.02,29.0,3.2,2.7,31.0
2026-01-04,e-영업4,Total,최저가,61734.0,41497.0,67.2,61734.0,100.0,3749420.0,4283140.0,70.0,1367500.0,21.0,31.9,1999.0,1302.0,0.03,31.0,2.4,3.5,67.7
2026-01-05,e-영업4,Total,최저가,60425.0,40422.0,66.9,60425.0,100.0,1773350.0,4726250.0,57.0,1951630.0,22.0,41.3,1626.0,1117.0,0.03,28.0,2.5,3.5,78.6
2026-01-06,e-영업4,Total,최저가,60212.0,40168.0,66.7,60212.0,100.0,3121590.0,6817790.0,49.0,727040.0,10.0,10.7,1727.0,1201.0,0.03,27.0,2.2,2.8,37.0
2026-01-07,e-영업4,Total,최저가,60984.0,40845.0,67.0,60984.0,100.0,4480820.0,5503360.0,56.0,1143200.0,16.0,20.8,1488.0,962.0,0.02,29.0,3.0,3.8,55.2
2026-01-08,e-영업4,Total,최저가,61079.0,40879.0,66.9,61079.0,100.0,2711420.0,3776820.0,49.0,365600.0,6.0,9.7,1463.0,951.0,0.02,21.0,2.2,3.3,28.6
2026-01-09,e-영업4,Total,최저가,61582.0,40974.0,66.5,61582.0,100.0,7953500.0,9485840.0,35.0,1565060.0,12.0,16.5,1334.0,850.0,0.02,28.0,3.3,2.6,42.9
2026-01-10,e-영업4,Total,최저가,62946.0,41892.0,66.6,62946.0,100.0,5207870.0,6065670.0,71.0,2086650.0,18.0,34.4,1455.0,840.0,0.02,42.0,5.0,4.9,42.9
2026-01-11,e-영업4,Total,최저가,63483.0,42449.0,66.9,63483.0,100.0,4266750.0,5361950.0,62.0,1625220.0,16.0,30.3,1658.0,1004.0,0.03,41.0,4.1,3.7,39.0
2026-01-12,e-영업4,Total,최저가,62890.0,42064.0,66.9,62890.0,100.0,3290580.0,5757860.0,67.0,1394490.0,21.0,24.2,1639.0,1052.0,0.03,36.0,3.4,4.1,58.3
2026-01-13,e-영업4,Total,최저가,62341.0,41467.0,66.5,62341.0,100.0,5246830.0,6895030.0,81.0,1187840.0,20.0,17.2,1693.0,1061.0,0.03,40.0,3.8,4.8,50.0
2026-01-14,e-영업4,Total,최저가,63070.0,42245.0,67.0,63070.0,100.0,3553660.0,5503760.0,73.0,1936120.0,20.0,35.2,1799.0,1143.0,0.03,48.0,4.2,4.1,41.7
2026-01-15,e-영업4,Total,최저가,62923.0,42012.0,66.8,62923.0,100.0,3325450.0,4132420.0,65.0,1064180.0,17.0,25.8,1480.0,977.0,0.02,25.0,2.6,4.4,68.0
2026-01-16,e-영업4,Total,최저가,62246.0,41032.0,65.9,62246.0,100.0,3255680.0,3797580.0,60.0,1051320.0,20.0,27.7,1385.0,853.0,0.02,46.0,5.4,4.3,43.5
2026-01-17,e-영업4,Total,최저가,63354.0,42104.0,66.5,63354.0,100.0,4679300.0,6021400.0,68.0,1414600.0,15.0,23.5,1519.0,929.0,0.02,31.0,3.3,4.5,48.4
2026-01-18,e-영업4,Total,최저가,63931.0,42698.0,66.8,63931.0,100.0,5962900.0,6785500.0,70.0,2215900.0,20.0,32.7,1700.0,1046.0,0.03,40.0,3.8,4.1,50.0
2026-01-19,e-영업4,Total,최저가,63069.0,42068.0,66.7,63069.0,100.0,2327970.0,5047070.0,62.0,2073820.0,18.0,41.1,1789.0,1134.0,0.03,28.0,2.5,3.5,64.3
2026-01-20,e-영업4,Total,최저가,62939.0,42097.0,66.9,62939.0,100.0,2936500.0,4114720.0,52.0,1344360.0,16.0,32.7,1682.0,1089.0,0.03,37.0,3.4,3.1,43.2
2026-01-21,e-영업4,Total,최저가,63343.0,42571.0,67.2,63343.0,100.0,4458940.0,6015740.0,62.0,1780520.0,20.0,29.6,1770.0,1188.0,0.03,41.0,3.5,3.5,48.8
2026-01-22,e-영업4,Total,최저가,63283.0,42504.0,67.2,63283.0,100.0,9748420.0,12391970.0,54.0,6892000.0,16.0,55.6,1717.0,1146.0,0.03,26.0,2.3,3.1,61.5
2026-01-23,e-영업4,Total,최저가,62757.0,41976.0,66.9,62757.0,100.0,4215610.0,5830810.0,63.0,1220900.0,18.0,20.9,1399.0,893.0,0.02,31.0,3.5,4.5,58.1
2026-01-24,e-영업4,Total,최저가,63656.0,42856.0,67.3,63656.0,100.0,4937430.0,5765210.0,69.0,771950.0,16.0,13.4,1503.0,886.0,0.02,40.0,4.5,4.6,40.0
2026-01-25,e-영업4,Total,최저가,64219.0,43439.0,67.6,64219.0,100.0,7816840.0,8210240.0,79.0,1897900.0,21.0,23.1,1868.0,1168.0,0.03,45.0,3.9,4.2,46.7
2026-01-26,e-영업4,Total,최저가,63425.0,42427.0,66.9,63425.0,100.0,4717690.0,6351370.0,82.0,916300.0,14.0,14.4,1665.0,1062.0,0.03,33.0,3.1,4.9,42.4
2026-01-27,e-영업4,Total,최저가,63589.0,42359.0,66.6,63589.0,100.0,5319720.0,7090420.0,71.0,1890040.0,21.0,26.7,1642.0,1039.0,0.03,49.0,4.7,4.3,42.9
2026-01-28,e-영업4,Total,최저가,63764.0,42359.0,66.4,63764.0,100.0,2543310.0,3947010.0,45.0,848620.0,9.0,21.5,1403.0,896.0,0.02,32.0,3.6,3.2,28.1
2026-01-29,e-영업4,Total,최저가,63788.0,42381.0,66.4,63788.0,100.0,3733210.0,3835210.0,48.0,930410.0,14.0,24.3,1280.0,792.0,0.02,27.0,3.4,3.8,51.9
2026-01-30,e-영업4,Total,최저가,63622.0,41891.0,65.8,63622.0,100.0,3697340.0,5010160.0,54.0,2269100.0,18.0,45.3,1164.0,721.0,0.02,24.0,3.3,4.6,75.0
2026-01-31,e-영업4,Total,최저가,63725.0,42087.0,66.0,63725.0,100.0,2940780.0,3922080.0,41.0,1104120.0,9.0,28.2,1416.0,859.0,0.02,25.0,2.9,2.9,36.0
2026-02-01,e-영업4,Total,최저가,64809.0,43170.0,66.6,64809.0,100.0,5885740.0,6336540.0,72.0,2880200.0,22.0,45.5,1610.0,930.0,0.02,44.0,4.7,4.5,50.0
2026-02-02,e-영업4,Total,최저가,63627.0,42245.0,66.4,63627.0,100.0,2977590.0,4642990.0,63.0,1347950.0,19.0,29.0,1534.0,931.0,0.02,41.0,4.4,4.1,46.3
2026-02-03,e-영업4,Total,최저가,64274.0,43135.0,67.1,64274.0,100.0,4409580.0,5944880.0,61.0,1673680.0,21.0,28.2,1695.0,1042.0,0.03,47.0,4.5,3.6,44.7
2026-02-04,e-영업4,Total,최저가,65610.0,44444.0,67.7,65610.0,100.0,7100980.0,7754880.0,65.0,2056200.0,15.0,26.5,1822.0,1189.0,0.03,38.0,3.2,3.6,39.5
2026-02-05,e-영업4,Total,최저가,65260.0,44192.0,67.7,65260.0,100.0,5999070.0,7888070.0,74.0,2673870.0,25.0,33.9,1664.0,986.0,0.03,48.0,4.9,4.4,52.1
2026-02-06,e-영업4,Total,최저가,64609.0,43691.0,67.6,64609.0,100.0,4118220.0,5538470.0,49.0,1666200.0,12.0,30.1,1483.0,943.0,0.02,36.0,3.8,3.3,33.3
2026-02-07,e-영업4,Total,최저가,64158.0,43276.0,67.5,64158.0,100.0,4323660.0,5394460.0,65.0,542300.0,12.0,10.1,1679.0,977.0,0.03,24.0,2.5,3.9,50.0
2026-02-08,e-영업4,Total,최저가,64274.0,43513.0,67.7,64274.0,100.0,5057980.0,5911780.0,86.0,2281280.0,28.0,38.6,2170.0,1313.0,0.03,67.0,5.1,4.0,41.8
2026-02-09,e-영업4,Total,최저가,64264.0,43597.0,67.8,64264.0,100.0,4980420.0,6757820.0,75.0,2042320.0,22.0,30.2,1669.0,1051.0,0.03,38.0,3.6,4.5,57.9
2026-02-10,e-영업4,Total,최저가,63419.0,42790.0,67.5,63419.0,100.0,2918570.0,4548450.0,59.0,875700.0,14.0,19.3,1432.0,904.0,0.02,27.0,3.0,4.1,51.9
2026-02-11,e-영업4,Total,최저가,63315.0,42542.0,67.2,63315.0,100.0,3630120.0,5316520.0,59.0,724400.0,10.0,13.6,1306.0,813.0,0.02,29.0,3.6,4.5,34.5
2026-02-12,e-영업4,Total,최저가,63997.0,43122.0,67.4,63997.0,100.0,4165100.0,4782200.0,51.0,2568900.0,15.0,53.7,1257.0,768.0,0.02,28.0,3.6,4.1,53.6
2026-02-13,e-영업4,Total,최저가,63949.0,42835.0,67.0,63949.0,100.0,2937180.0,3401220.0,46.0,763100.0,10.0,22.4,1263.0,787.0,0.02,27.0,3.4,3.6,37.0
2026-02-14,e-영업4,Total,최저가,64390.0,43273.0,67.2,64390.0,100.0,2692040.0,2787630.0,36.0,640190.0,10.0,23.0,1114.0,685.0,0.02,24.0,3.5,3.2,41.7
2026-02-15,e-영업4,Total,최저가,63462.0,42410.0,66.8,63462.0,100.0,3427100.0,3945300.0,45.0,1183200.0,13.0,30.0,1043.0,605.0,0.02,27.0,4.5,4.3,48.1
2026-02-16,e-영업4,Total,최저가,63455.0,42589.0,67.1,63455.0,100.0,2945800.0,2945800.0,45.0,933100.0,16.0,31.7,1109.0,633.0,0.02,35.0,5.5,4.1,45.7
2026-02-17,e-영업4,Total,최저가,63780.0,43061.0,67.5,63780.0,100.0,4039400.0,5172700.0,51.0,1361400.0,14.0,26.3,1147.0,653.0,0.02,31.0,4.7,4.4,45.2
2026-02-18,e-영업4,Total,최저가,64101.0,43415.0,67.7,64101.0,100.0,6701630.0,7819630.0,82.0,3460500.0,25.0,44.3,1608.0,974.0,0.03,43.0,4.4,5.1,58.1
2026-02-19,e-영업4,Total,최저가,64562.0,44032.0,68.2,64562.0,100.0,2987460.0,5903610.0,66.0,2096900.0,24.0,35.5,1510.0,942.0,0.02,44.0,4.7,4.4,54.5
2026-02-20,e-영업4,Total,최저가,64731.0,44201.0,68.3,64731.0,100.0,5165670.0,8042970.0,74.0,4136380.0,26.0,51.4,1432.0,888.0,0.02,51.0,5.7,5.2,51.0
2026-02-21,e-영업4,Total,최저가,65028.0,44534.0,68.5,65028.0,100.0,4854565.0,5274265.0,68.0,960610.0,16.0,18.2,1769.0,1093.0,0.03,34.0,3.1,3.8,47.1
2026-02-22,e-영업4,Total,최저가,64788.0,44397.0,68.5,64788.0,100.0,8435700.0,9824800.0,114.0,2060200.0,32.0,21.0,1914.0,1127.0,0.03,61.0,5.4,6.0,52.5
2026-02-23,e-영업4,Total,최저가,64230.0,43939.0,68.4,64230.0,100.0,6410720.0,8930020.0,76.0,1149720.0,19.0,12.9,1606.0,994.0,0.03,38.0,3.8,4.7,50.0
2026-02-24,e-영업4,Total,최저가,64629.0,44299.0,68.5,64629.0,100.0,4228780.0,5717480.0,63.0,2300100.0,18.0,40.2,1712.0,1093.0,0.03,38.0,3.5,3.7,47.4
2026-02-25,e-영업4,Total,최저가,66576.0,46107.0,69.3,66576.0,100.0,3404330.0,4972650.0,74.0,1350700.0,25.0,27.2,1851.0,1273.0,0.03,48.0,3.8,4.0,52.1
2026-02-26,e-영업4,Total,최저가,66029.0,45444.0,68.8,66029.0,100.0,3165330.0,4821130.0,61.0,945800.0,18.0,19.6,1738.0,1150.0,0.03,34.0,3.0,3.5,52.9
2026-02-27,e-영업4,Total,최저가,65726.0,45256.0,68.9,65726.0,100.0,4516700.0,5546285.0,58.0,1355000.0,19.0,24.4,1415.0,921.0,0.02,42.0,4.6,4.1,45.2
2026-02-28,e-영업4,Total,최저가,65301.0,44843.0,68.7,65301.0,100.0,3821350.0,4289950.0,62.0,1383700.0,21.0,32.3,1536.0,991.0,0.02,46.0,4.6,4.0,45.7
2026-03-01,e-영업4,Total,최저가,65697.0,45317.0,69.0,65697.0,100.0,5472575.0,6205875.0,73.0,1170200.0,15.0,18.9,1875.0,1186.0,0.03,41.0,3.5,3.9,36.6
2026-03-02,e-영업4,Total,최저가,66055.0,45694.0,69.2,66055.0,100.0,5519170.0,6604720.0,74.0,1132920.0,17.0,17.2,2021.0,1256.0,0.03,60.0,4.8,3.7,28.3
2026-03-03,e-영업4,Total,최저가,65129.0,44985.0,69.1,65129.0,100.0,5305250.0,7714850.0,67.0,1545000.0,20.0,20.0,1631.0,1061.0,0.03,39.0,3.7,4.1,51.3
2026-03-04,e-영업4,Total,최저가,54706.0,37157.0,67.9,54706.0,100.0,3763500.0,4503300.0,56.0,1598700.0,13.0,35.5,1229.0,760.0,0.02,29.0,3.8,4.6,44.8
2026-03-05,e-영업4,Total,최저가,55006.0,37407.0,68.0,55006.0,100.0,2406800.0,2939600.0,41.0,1039150.0,13.0,35.4,1220.0,777.0,0.02,31.0,4.0,3.4,41.9
2026-03-06,e-영업4,Total,최저가,54551.0,37008.0,67.8,54551.0,100.0,4170560.0,4913960.0,46.0,847060.0,11.0,17.2,1100.0,688.0,0.02,23.0,3.3,4.2,47.8
2026-03-07,e-영업4,Total,최저가,66080.0,45390.0,68.7,66080.0,100.0,6287050.0,7413650.0,85.0,2399300.0,26.0,32.4,1683.0,1058.0,0.03,45.0,4.3,5.1,57.8
2026-03-08,e-영업4,Total,최저가,54981.0,37198.0,67.7,54981.0,100.0,3308640.0,3853940.0,45.0,1204700.0,12.0,31.3,1224.0,729.0,0.02,27.0,3.7,3.7,44.4
2026-03-09,e-영업4,Total,최저가,55339.0,37605.0,68.0,55339.0,100.0,2782350.0,4477650.0,57.0,1927850.0,22.0,43.1,1066.0,634.0,0.02,25.0,3.9,5.3,88.0
2026-03-10,e-영업4,Total,최저가,65949.0,45538.0,69.1,65949.0,100.0,2027040.0,3979940.0,50.0,1694640.0,17.0,42.6,1402.0,884.0,0.02,44.0,5.0,3.6,38.6
2026-03-11,e-영업4,Total,최저가,55877.0,37949.0,67.9,55877.0,100.0,4359940.0,4996840.0,42.0,1987340.0,11.0,39.8,1052.0,668.0,0.02,28.0,4.2,4.0,39.3
2026-03-12,e-영업4,Total,최저가,56184.0,37967.0,67.6,56184.0,100.0,531900.0,2421400.0,36.0,762800.0,8.0,31.5,915.0,576.0,0.02,23.0,4.0,3.9,34.8
2026-03-13,e-영업4,Total,최저가,,,,,,,,,,,,,,,,,,
2026-03-14,e-영업4,Total,최저가,56333.0,38004.0,67.5,56333.0,100.0,3264040.0,3383040.0,40.0,1272540.0,12.0,37.6,1114.0,689.0,0.02,24.0,3.5,3.6,50.0
2026-03-15,e-영업4,Total,최저가,66315.0,45528.0,68.7,66315.0,100.0,5377095.0,7825695.0,83.0,2381495.0,26.0,30.4,1941.0,1170.0,0.03,57.0,4.9,4.3,45.6
2026-03-16,e-영업4,Total,최저가,56430.0,38145.0,67.6,56430.0,100.0,3748440.0,5508840.0,49.0,1909600.0,15.0,34.7,1207.0,802.0,0.02,31.0,3.9,4.1,48.4
2026-03-17,e-영업4,Total,최저가,56353.0,37760.0,67.0,56353.0,100.0,674310.0,2224810.0,39.0,604610.0,12.0,27.2,1204.0,771.0,0.02,25.0,3.2,3.2,48.0
2026-03-18,e-영업4,Total,최저가,57121.0,38391.0,67.2,57121.0,100.0,3987610.0,4831510.0,59.0,1395800.0,16.0,28.9,1210.0,778.0,0.02,37.0,4.8,4.9,43.2
2026-03-19,e-영업4,Total,최저가,65889.0,44710.0,67.9,65889.0,100.0,7327610.0,7768250.0,57.0,1011100.0,16.0,13.0,1533.0,997.0,0.02,46.0,4.6,3.7,34.8
2026-03-20,e-영업4,Total,최저가,65483.0,44305.0,67.7,65483.0,100.0,2645480.0,4075680.0,52.0,1231300.0,12.0,30.2,1365.0,862.0,0.02,34.0,3.9,3.8,35.3
2026-03-21,e-영업4,Total,최저가,63018.0,42075.0,66.8,63018.0,100.0,6446210.0,7330450.0,71.0,2337430.0,13.0,31.9,1291.0,755.0,0.02,21.0,2.8,5.5,61.9
2026-03-22,e-영업4,Total,최저가,63420.0,42482.0,67.0,63420.0,100.0,7333750.0,8140650.0,83.0,1793190.0,23.0,22.0,1590.0,943.0,0.03,42.0,4.5,5.2,54.8
2026-03-23,e-영업4,Total,최저가,54789.0,36237.0,66.1,54789.0,100.0,2109040.0,3312390.0,43.0,1080000.0,14.0,32.6,947.0,564.0,0.02,23.0,4.1,4.5,60.9
2026-03-24,e-영업4,Total,최저가,55704.0,37095.0,66.6,55704.0,100.0,1929990.0,2640890.0,40.0,639600.0,12.0,24.2,1058.0,639.0,0.02,22.0,3.4,3.8,54.5
2026-03-25,e-영업4,Total,최저가,56247.0,37320.0,66.4,56247.0,100.0,2033070.0,2645870.0,40.0,346520.0,8.0,13.1,1141.0,728.0,0.02,16.0,2.2,3.5,50.0
2026-03-26,e-영업4,Total,최저가,55197.0,36256.0,65.7,55197.0,100.0,1817590.0,2999590.0,43.0,720600.0,12.0,24.0,909.0,553.0,0.02,18.0,3.3,4.7,66.7
2026-03-27,e-영업4,Total,최저가,55231.0,36226.0,65.6,55231.0,100.0,2164360.0,2791460.0,37.0,1091840.0,11.0,39.1,973.0,616.0,0.02,21.0,3.4,3.8,52.4
2026-03-28,e-영업4,Total,최저가,62834.0,41439.0,65.9,62834.0,100.0,4178670.0,4731970.0,58.0,1394300.0,16.0,29.5,1438.0,872.0,0.02,31.0,3.6,4.0,51.6
2026-03-29,e-영업4,Total,최저가,63141.0,41657.0,66.0,63141.0,100.0,5198640.0,6064540.0,69.0,1674490.0,13.0,27.6,1849.0,1150.0,0.03,27.0,2.3,3.7,48.1
2026-03-30,e-영업4,Total,최저가,63065.0,41667.0,66.1,63065.0,100.0,3384690.0,5056590.0,70.0,1676900.0,20.0,33.2,1590.0,954.0,0.03,46.0,4.8,4.4,43.5
2026-03-31,e-영업4,Total,최저가,55431.0,36267.0,65.4,55431.0,100.0,2854700.0,4149990.0,54.0,1446690.0,20.0,34.9,1166.0,714.0,0.02,34.0,4.8,4.6,58.8
2026-04-01,e-영업4,Total,최저가,56854.0,37523.0,66.0,56854.0,100.0,1866510.0,2981510.0,41.0,1103790.0,16.0,37.0,1175.0,731.0,0.02,35.0,4.8,3.5,45.7
2026-04-02,e-영업4,Total,최저가,62481.0,41172.0,65.9,62481.0,100.0,3751330.0,5676030.0,61.0,1792400.0,15.0,31.6,1571.0,993.0,0.03,41.0,4.1,3.9,36.6
2026-04-03,e-영업4,Total,최저가,58787.0,38393.0,65.3,58787.0,100.0,2912200.0,3674900.0,49.0,603800.0,12.0,16.4,1370.0,822.0,0.02,31.0,3.8,3.6,38.7
2026-04-04,e-영업4,Total,최저가,59281.0,38621.0,65.1,59281.0,100.0,5598410.0,7486910.0,71.0,2238460.0,20.0,29.9,1532.0,916.0,0.03,52.0,5.7,4.6,38.5
2026-04-05,e-영업4,Total,최저가,59567.0,38871.0,65.3,59567.0,100.0,7339090.0,7380090.0,92.0,1015720.0,21.0,13.8,1823.0,1064.0,0.03,49.0,4.6,5.0,42.9
2026-04-06,e-영업4,Total,최저가,54074.0,35331.0,65.3,54074.0,100.0,2950640.0,3816740.0,42.0,1120390.0,11.0,29.4,1173.0,716.0,0.02,20.0,2.8,3.6,55.0
2026-04-07,e-영업4,Total,최저가,59126.0,38341.0,64.8,59126.0,100.0,6704570.0,7560420.0,85.0,1440900.0,18.0,19.1,1720.0,1050.0,0.03,49.0,4.7,4.9,36.7
2026-04-08,e-영업4,Total,최저가,54823.0,35652.0,65.0,54823.0,100.0,5217360.0,6662740.0,57.0,1585060.0,14.0,23.8,1183.0,704.0,0.02,29.0,4.1,4.8,48.3
2026-04-09,e-영업4,Total,최저가,54959.0,35585.0,64.7,54959.0,100.0,3767200.0,4959300.0,45.0,2200100.0,12.0,44.4,1064.0,666.0,0.02,25.0,3.8,4.2,48.0
2026-04-10,e-영업4,Total,최저가,60374.0,39121.0,64.8,60374.0,100.0,3118590.0,4234090.0,54.0,1070400.0,15.0,25.3,1372.0,900.0,0.02,30.0,3.3,3.9,50.0
2026-04-11,e-영업4,Total,최저가,60137.0,38744.0,64.4,60137.0,100.0,4881060.0,5557960.0,77.0,1516880.0,28.0,27.3,1579.0,999.0,0.03,53.0,5.3,4.9,52.8
2026-04-12,e-영업4,Total,최저가,60755.0,39238.0,64.6,60755.0,100.0,7677170.0,8545870.0,116.0,1667900.0,24.0,19.5,1839.0,1133.0,0.03,64.0,5.6,6.3,37.5
2026-04-13,e-영업4,Total,최저가,60181.0,38507.0,64.0,60181.0,100.0,4312590.0,5015190.0,70.0,1381400.0,19.0,27.5,1745.0,1170.0,0.03,48.0,4.1,4.0,39.6
2026-04-14,e-영업4,Total,최저가,60439.0,38771.0,64.1,60439.0,100.0,4826720.0,6220120.0,65.0,919400.0,15.0,14.8,1884.0,1262.0,0.03,40.0,3.2,3.5,37.5
2026-04-15,e-영업4,Total,최저가,60551.0,38953.0,64.3,60551.0,100.0,3810820.0,4938520.0,59.0,1284300.0,21.0,26.0,1703.0,1123.0,0.03,43.0,3.8,3.5,48.8
2026-04-16,e-영업4,Total,최저가,61090.0,39196.0,64.2,61090.0,100.0,4590510.0,5511410.0,65.0,1583400.0,18.0,28.7,1558.0,1038.0,0.03,37.0,3.6,4.2,48.6
2026-04-17,e-영업4,Total,최저가,60398.0,38730.0,64.1,60398.0,100.0,3902100.0,5088990.0,51.0,1372500.0,15.0,27.0,1451.0,926.0,0.02,37.0,4.0,3.5,40.5
2026-04-18,e-영업4,Total,최저가,60986.0,39077.0,64.1,60986.0,100.0,4439140.0,5035190.0,57.0,1278410.0,14.0,25.4,1504.0,936.0,0.02,32.0,3.4,3.8,43.8
2026-04-19,e-영업4,Total,최저가,61880.0,39887.0,64.5,61880.0,100.0,7763250.0,8865450.0,103.0,2151900.0,26.0,24.3,1879.0,1101.0,0.03,61.0,5.5,5.5,42.6
2026-04-20,e-영업4,Total,최저가,61769.0,39897.0,64.6,61769.0,100.0,4607950.0,5433280.0,78.0,1558200.0,19.0,28.7,1810.0,1144.0,0.03,48.0,4.2,4.3,39.6
2026-04-21,e-영업4,Total,최저가,63030.0,40677.0,64.5,63030.0,100.0,6184350.0,7812000.0,77.0,1474300.0,21.0,18.9,1731.0,1066.0,0.03,41.0,3.8,4.4,51.2
2026-04-22,e-영업4,Total,최저가,61703.0,39092.0,63.4,61703.0,100.0,4887310.0,6957910.0,67.0,1999610.0,18.0,28.7,1596.0,998.0,0.03,31.0,3.1,4.2,58.1
2026-04-23,e-영업4,Total,최저가,58363.0,37430.0,64.1,58363.0,100.0,3051400.0,4541800.0,49.0,1500400.0,14.0,33.0,1310.0,840.0,0.02,36.0,4.3,3.7,38.9
2026-04-24,e-영업4,Total,최저가,,,,,,,,,,,,,,,,,,
2026-04-25,e-영업4,Total,최저가,,,,,,,,,,,,,,,,,,
2026-04-26,e-영업4,Total,최저가,,,,,,,,,,,,,,,,,,
2026-04-27,e-영업4,Total,최저가,,,,,,,,,,,,,,,,,,
2026-04-28,e-영업4,Total,최저가,,,,,,,,,,,,,,,,,,
2026-04-29,e-영업4,Total,최저가,,,,,,,,,,,,,,,,,,
2026-04-30,e-영업4,Total,최저가,60632.0,39030.0,64.4,60632.0,100.0,3277920.0,3996460.0,46.0,591250.0,8.0,14.8,1641.0,1200.0,0.03,28.0,2.3,2.8,28.6
2026-05-01,e-영업4,Total,최저가,60958.0,39210.0,64.3,60958.0,100.0,6257370.0,6891090.0,112.0,3590320.0,51.0,52.1,1988.0,1324.0,0.03,92.0,6.9,5.6,55.4
2026-05-02,e-영업4,Total,최저가,61257.0,39298.0,64.2,61257.0,100.0,7742160.0,8252060.0,79.0,2835600.0,23.0,34.4,2006.0,1388.0,0.03,46.0,3.3,3.9,50.0
2026-05-03,e-영업4,Total,최저가,60236.0,38290.0,63.6,60236.0,100.0,5142300.0,6618700.0,81.0,1840300.0,27.0,27.8,2476.0,1778.0,0.04,65.0,3.7,3.3,41.5
2026-05-04,e-영업4,Total,최저가,,,,,,,,,,,,,,,,,,
2026-05-05,e-영업4,Total,최저가,56819.0,36190.0,63.7,56819.0,100.0,4965510.0,5466510.0,66.0,2358530.0,20.0,43.1,2117.0,1497.0,0.04,44.0,2.9,3.1,45.5
2026-05-06,e-영업4,Total,최저가,58625.0,37829.0,64.5,58625.0,100.0,5285590.0,6391530.0,67.0,1860420.0,18.0,29.1,1975.0,1438.0,0.03,33.0,2.3,3.4,54.5
2026-05-07,e-영업4,Total,최저가,,,,,,,,,,,,,,,,,,
2026-05-08,e-영업4,Total,최저가,60534.0,38266.0,63.2,60534.0,100.0,4359910.0,5309920.0,51.0,1393950.0,16.0,26.3,1659.0,1161.0,0.03,41.0,3.5,3.1,39.0
2026-05-09,e-영업4,Total,최저가,,,,,,,,,,,,,,,,,,
2026-05-10,e-영업4,Total,최저가,,,,,,,,,,,,,,,,,,
2026-05-11,e-영업4,Total,최저가,60452.0,38251.0,63.3,60452.0,100.0,3965280.0,5815980.0,77.0,1613600.0,19.0,27.7,2133.0,1514.0,0.04,35.0,2.3,3.6,54.3
2026-05-12,e-영업4,Total,최저가,59992.0,38248.0,63.8,59992.0,100.0,2869730.0,5045830.0,69.0,1608700.0,22.0,31.9,2256.0,1657.0,0.04,44.0,2.7,3.1,50.0
2026-05-13,e-영업4,Total,최저가,60554.0,38529.0,63.6,60554.0,100.0,5347510.0,8326430.0,76.0,1479300.0,18.0,17.8,2154.0,1567.0,0.04,44.0,2.8,3.5,40.9
2026-05-14,e-영업4,Total,최저가,60437.0,38362.0,63.5,60437.0,100.0,3200170.0,4345780.0,69.0,1168300.0,23.0,26.9,2015.0,1460.0,0.03,46.0,3.2,3.4,50.0
2026-05-15,e-영업4,Total,최저가,59644.0,37667.0,63.2,59644.0,100.0,2516070.0,4570970.0,52.0,1654500.0,13.0,36.2,1716.0,1198.0,0.03,37.0,3.1,3.0,35.1
2026-05-16,e-영업4,Total,최저가,60583.0,38954.0,64.3,60583.0,100.0,4482000.0,4674860.0,64.0,1251300.0,15.0,26.8,1700.0,1166.0,0.03,35.0,3.0,3.8,42.9
2026-05-17,e-영업4,Total,최저가,60012.0,38416.0,64.0,60012.0,100.0,5102110.0,5357110.0,68.0,758800.0,16.0,14.2,2188.0,1506.0,0.04,50.0,3.3,3.1,32.0
2026-05-18,e-영업4,Total,최저가,58153.0,37352.0,64.2,58153.0,100.0,4120010.0,5501410.0,72.0,1525000.0,17.0,27.7,1783.0,1235.0,0.03,28.0,2.3,4.0,60.7
2026-05-19,e-영업4,Total,최저가,57595.0,36898.0,64.1,57595.0,100.0,2479763.0,3100313.0,39.0,672900.0,7.0,21.7,1588.0,1127.0,0.03,21.0,1.9,2.5,33.3
2026-05-20,e-영업4,Total,최저가,59033.0,38152.0,64.6,59033.0,100.0,2385610.0,3780010.0,41.0,1721910.0,18.0,45.6,1819.0,1364.0,0.03,39.0,2.9,2.3,46.2
2026-05-21,e-영업4,Total,최저가,57814.0,37069.0,64.1,57814.0,100.0,2041850.0,2506050.0,41.0,685850.0,15.0,27.4,1632.0,1201.0,0.03,36.0,3.0,2.5,41.7
2026-05-22,e-영업4,Total,최저가,59561.0,38041.0,63.9,59561.0,100.0,2169240.0,3778640.0,46.0,914690.0,11.0,24.2,1674.0,1190.0,0.03,29.0,2.4,2.7,37.9
2026-05-23,e-영업4,Total,최저가,60506.0,38328.0,63.3,60506.0,100.0,3363570.0,3815070.0,60.0,1056970.0,16.0,27.7,1875.0,1338.0,0.03,39.0,2.9,3.2,41.0
2026-05-24,e-영업4,Total,최저가,60916.0,38599.0,63.4,60916.0,100.0,5695500.0,6656100.0,72.0,898450.0,16.0,13.5,2296.0,1646.0,0.04,50.0,3.0,3.1,32.0
2026-05-25,e-영업4,Total,최저가,58579.0,37373.0,63.8,58579.0,100.0,4504740.0,5669890.0,56.0,2411240.0,19.0,42.5,2044.0,1428.0,0.03,50.0,3.5,2.7,38.0
2026-05-26,e-영업4,Total,최저가,,,,,,,,,,,,,,,,,,
2026-05-27,e-영업4,Total,최저가,58041.0,36828.0,63.5,58041.0,100.0,2526400.0,4152500.0,56.0,629600.0,13.0,15.2,1971.0,1458.0,0.03,27.0,1.9,2.8,48.1
2026-05-28,e-영업4,Total,최저가,60533.0,38515.0,63.6,60533.0,100.0,2591790.0,3455410.0,43.0,854250.0,13.0,24.7,1732.0,1216.0,0.03,29.0,2.4,2.5,44.8
2026-05-29,e-영업4,Total,최저가,60318.0,38291.0,63.5,60318.0,100.0,2232500.0,3096400.0,40.0,1126350.0,16.0,36.4,1911.0,1476.0,0.03,40.0,2.7,2.1,40.0
2026-05-30,e-영업4,Total,최저가,60427.0,38758.0,64.1,60427.0,100.0,7148310.0,7994860.0,74.0,2890960.0,20.0,36.2,2221.0,1636.0,0.04,44.0,2.7,3.3,45.5
2026-05-31,e-영업4,Total,최저가,60741.0,38901.0,64.0,60741.0,100.0,4416400.0,4961640.0,71.0,1174700.0,17.0,23.7,2537.0,1862.0,0.04,55.0,3.0,2.8,30.9
2026-06-01,e-영업4,Total,최저가,59713.0,38281.0,64.1,59713.0,100.0,3848360.0,5009510.0,63.0,861700.0,18.0,17.2,2421.0,1857.0,0.04,46.0,2.5,2.6,39.1
2026-06-02,e-영업4,Total,최저가,60061.0,38584.0,64.2,60061.0,100.0,2116830.0,3368080.0,51.0,660650.0,16.0,19.6,1825.0,1316.0,0.03,31.0,2.4,2.8,51.6
2026-06-03,e-영업4,Total,최저가,60474.0,38925.0,64.4,60474.0,100.0,5868070.0,6506070.0,82.0,1028800.0,21.0,15.8,2064.0,1438.0,0.03,51.0,3.5,4.0,41.2
2026-06-04,e-영업4,Total,최저가,59391.0,37934.0,63.9,59391.0,100.0,1903520.0,3068520.0,46.0,998510.0,14.0,32.5,1776.0,1330.0,0.03,28.0,2.1,2.6,50.0
2026-06-05,e-영업4,Total,최저가,56833.0,36174.0,63.6,56833.0,100.0,2229700.0,2524500.0,34.0,506200.0,12.0,20.1,1391.0,993.0,0.02,25.0,2.5,2.4,48.0
2026-06-06,e-영업4,Total,최저가,59315.0,38223.0,64.4,59315.0,100.0,3824210.0,4733360.0,52.0,843660.0,9.0,17.8,1551.0,1083.0,0.03,24.0,2.2,3.4,37.5
2026-06-07,e-영업4,Total,최저가,59655.0,38483.0,64.5,59655.0,100.0,4735720.0,4889620.0,53.0,2090600.0,21.0,42.8,1570.0,1061.0,0.03,38.0,3.6,3.4,55.3
2026-06-08,e-영업4,Total,최저가,,,,,,,,,,,,,,,,,,
2026-06-09,e-영업4,Total,최저가,,,,,,,,,,,,,,,,,,
2026-06-10,e-영업4,Total,최저가,58665.0,37656.0,64.2,58665.0,100.0,1501250.0,3022620.0,50.0,341270.0,8.0,11.3,1680.0,1221.0,0.03,25.0,2.0,3.0,32.0
2026-06-11,e-영업4,Total,최저가,58622.0,37800.0,64.5,58622.0,100.0,2879280.0,3533580.0,41.0,621900.0,8.0,17.6,1584.0,1149.0,0.03,25.0,2.2,2.6,32.0
2026-06-12,e-영업4,Total,최저가,59390.0,38569.0,64.9,59390.0,100.0,2656270.0,3231270.0,50.0,622900.0,9.0,19.3,1492.0,1025.0,0.03,28.0,2.7,3.4,32.1
2026-06-13,e-영업4,Total,최저가,59229.0,38199.0,64.5,59229.0,100.0,3135710.0,3706610.0,55.0,1098750.0,14.0,29.6,1579.0,1116.0,0.03,28.0,2.5,3.5,50.0
2026-06-14,e-영업4,Total,최저가,59252.0,38196.0,64.5,59252.0,100.0,3364550.0,4540350.0,55.0,881150.0,14.0,19.4,1846.0,1274.0,0.03,26.0,2.0,3.0,53.8
2026-06-15,e-영업4,Total,최저가,58706.0,37710.0,64.2,58706.0,100.0,2415000.0,3669360.0,55.0,981200.0,14.0,26.7,1360.0,932.0,0.02,27.0,2.9,4.0,51.9
2026-06-16,e-영업4,Total,최저가,58446.0,37317.0,63.8,58446.0,100.0,4147490.0,4665290.0,52.0,969590.0,16.0,20.8,1473.0,1021.0,0.03,38.0,3.7,3.5,42.1
2026-06-17,e-영업4,Total,최저가,58640.0,37693.0,64.3,58640.0,100.0,1782150.0,2635650.0,40.0,467200.0,12.0,17.7,1384.0,961.0,0.02,37.0,3.9,2.9,32.4
2026-06-18,e-영업4,Total,최저가,57238.0,36594.0,63.9,57238.0,100.0,2243020.0,2762420.0,38.0,1053600.0,8.0,38.1,1273.0,850.0,0.02,23.0,2.7,3.0,34.8
2026-06-19,e-영업4,Total,최저가,57801.0,37050.0,64.1,57801.0,100.0,1367500.0,2186700.0,30.0,591800.0,10.0,27.1,1165.0,770.0,0.02,25.0,3.2,2.6,40.0
2026-06-20,e-영업4,Total,최저가,58659.0,37761.0,64.4,58659.0,100.0,2719850.0,3249890.0,42.0,578300.0,9.0,17.8,1297.0,845.0,0.02,20.0,2.4,3.2,45.0
2026-06-21,e-영업4,Total,최저가,58776.0,37886.0,64.5,58776.0,100.0,3626480.0,4014080.0,45.0,490000.0,10.0,12.2,1419.0,915.0,0.02,26.0,2.8,3.2,38.5
2026-06-22,e-영업4,Total,최저가,57987.0,37100.0,64.0,57987.0,100.0,1549840.0,2379200.0,31.0,185200.0,4.0,7.8,1399.0,1001.0,0.02,13.0,1.3,2.2,30.8
2026-06-23,e-영업4,Total,최저가,56834.0,36117.0,63.5,56834.0,100.0,3475840.0,4159740.0,35.0,481100.0,8.0,11.6,1132.0,757.0,0.02,16.0,2.1,3.1,50.0
2026-06-24,e-영업4,Total,최저가,56785.0,36097.0,63.6,56785.0,100.0,1240420.0,1687740.0,31.0,194100.0,6.0,11.5,1065.0,698.0,0.02,20.0,2.9,2.9,30.0
2026-06-25,e-영업4,Total,최저가,56402.0,35680.0,63.3,56402.0,100.0,2255820.0,2914720.0,33.0,1123500.0,10.0,38.5,934.0,601.0,0.02,22.0,3.7,3.5,45.5
2026-06-26,e-영업4,Total,최저가,55887.0,35188.0,63.0,55887.0,100.0,1648570.0,2228070.0,30.0,644800.0,11.0,28.9,909.0,580.0,0.02,15.0,2.6,3.3,73.3
2026-06-27,e-영업4,Total,최저가,,,,,,,,,,,,,,,,,,
2026-06-28,e-영업4,Total,최저가,57168.0,36398.0,63.7,57168.0,100.0,1834690.0,2271690.0,34.0,471070.0,9.0,20.7,1132.0,709.0,0.02,23.0,3.2,3.0,39.1
2026-06-29,e-영업4,Total,최저가,,,,,,,,,,,,,,,,,,
2026-06-30,e-영업4,Total,최저가,56349.0,35634.0,63.2,56349.0,100.0,1968100.0,4059620.0,38.0,731900.0,14.0,18.0,1056.0,695.0,0.02,33.0,4.7,3.6,42.4
2026-07-01,e-영업4,Total,최저가,57518.0,36680.0,63.8,57518.0,100.0,2061520.0,2875820.0,34.0,467900.0,7.0,16.3,991.0,636.0,0.02,20.0,3.1,3.4,35.0
2026-07-02,e-영업4,Total,최저가,56513.0,36045.0,63.8,56513.0,100.0,3354780.0,3561180.0,36.0,1458300.0,11.0,40.9,996.0,654.0,0.02,15.0,2.3,3.6,73.3
2026-07-03,e-영업4,Total,최저가,56279.0,35855.0,63.7,56279.0,100.0,2429500.0,2623700.0,32.0,467200.0,8.0,17.8,832.0,506.0,0.01,14.0,2.8,3.8,57.1
2026-07-04,e-영업4,Total,최저가,57904.0,37152.0,64.2,57904.0,100.0,2132650.0,2221650.0,35.0,788400.0,8.0,35.5,1094.0,682.0,0.02,24.0,3.5,3.2,33.3
2026-07-05,e-영업4,Total,최저가,57348.0,36634.0,63.9,57348.0,100.0,2731050.0,3041850.0,40.0,777500.0,9.0,25.6,1258.0,815.0,0.02,25.0,3.1,3.2,36.0
2026-07-06,e-영업4,Total,최저가,57288.0,36644.0,64.0,57288.0,100.0,6833980.0,7461980.0,52.0,2714680.0,18.0,36.4,1357.0,920.0,0.02,32.0,3.5,3.8,56.3
2026-07-07,e-영업4,Total,최저가,56688.0,36135.0,63.7,56688.0,100.0,2398200.0,3384500.0,38.0,422500.0,7.0,12.5,1240.0,798.0,0.02,29.0,3.6,3.1,24.1
2026-07-08,e-영업4,Total,최저가,58838.0,37694.0,64.1,58838.0,100.0,2577600.0,3272600.0,40.0,569900.0,8.0,17.4,1244.0,826.0,0.02,21.0,2.5,3.2,38.1
2026-07-09,e-영업4,Total,최저가,56811.0,36087.0,63.5,56811.0,100.0,1361900.0,2170900.0,32.0,211600.0,5.0,9.7,1041.0,681.0,0.02,21.0,3.1,3.1,23.8
2026-07-10,e-영업4,Total,최저가,55474.0,35244.0,63.5,55474.0,100.0,2053430.0,2444330.0,25.0,408600.0,6.0,16.7,889.0,556.0,0.02,17.0,3.1,2.8,35.3
2026-07-11,e-영업4,Total,최저가,57142.0,36427.0,63.7,57142.0,100.0,2786150.0,2888050.0,34.0,569250.0,9.0,19.7,1121.0,682.0,0.02,22.0,3.2,3.0,40.9
2026-07-12,e-영업4,Total,최저가,57365.0,36585.0,63.8,57365.0,100.0,2446700.0,2848500.0,36.0,330250.0,7.0,11.6,1282.0,758.0,0.02,18.0,2.4,2.8,38.9
2026-07-13,e-영업4,Total,최저가,54923.0,34688.0,63.2,54923.0,100.0,1351520.0,2075520.0,40.0,366970.0,8.0,17.7,1159.0,748.0,0.02,24.0,3.2,3.5,33.3
2026-07-14,e-영업4,Total,최저가,56583.0,35943.0,63.5,56583.0,100.0,4191400.0,4712900.0,50.0,1425300.0,11.0,30.2,1318.0,874.0,0.02,26.0,3.0,3.8,42.3
2026-07-15,e-영업4,Total,최저가,57671.0,39057.0,67.7,57671.0,100.0,3107030.0,3675430.0,42.0,512000.0,5.0,13.9,1153.0,760.0,0.02,24.0,3.2,3.6,20.8
2026-07-16,e-영업4,Total,최저가,55956.0,37461.0,66.9,55956.0,100.0,4115060.0,4604160.0,44.0,1209250.0,13.0,26.3,1001.0,645.0,0.02,26.0,4.0,4.4,50.0
2026-07-17,e-영업4,Total,최저가,57137.0,38562.0,67.5,57137.0,100.0,5443110.0,6320870.0,44.0,2433920.0,8.0,38.5,1072.0,638.0,0.02,23.0,3.6,4.1,34.8
2026-07-18,e-영업4,Total,최저가,57558.0,39873.0,69.3,57558.0,100.0,5871300.0,6240800.0,67.0,1362300.0,15.0,21.8,1347.0,792.0,0.02,39.0,4.9,5.0,38.5
2026-07-19,e-영업4,Total,최저가,57346.0,42620.0,74.3,57346.0,100.0,5090000.0,6056600.0,59.0,2368800.0,12.0,39.1,1527.0,944.0,0.03,30.0,3.2,3.9,40.0
2026-07-20,e-영업4,Total,최저가,57074.0,42537.0,74.5,57074.0,100.0,2147400.0,3804000.0,60.0,1580600.0,19.0,41.6,1442.0,933.0,0.03,33.0,3.5,4.2,57.6
2026-07-21,e-영업4,Total,최저가,56978.0,42288.0,74.2,56978.0,100.0,3329330.0,3906330.0,67.0,699430.0,13.0,17.9,1477.0,973.0,0.03,35.0,3.6,4.5,37.1
2026-07-22,e-영업4,Total,최저가,58278.0,43715.0,75.0,58278.0,100.0,3450300.0,4082480.0,58.0,824950.0,16.0,20.2,1421.0,911.0,0.02,34.0,3.7,4.1,47.1
2026-07-23,e-영업4,Total,최저가,48000.0,34506.0,71.9,48000.0,100.0,722900.0,1658820.0,29.0,213400.0,5.0,12.9,933.0,606.0,0.02,15.0,2.5,3.1,33.3
2026-07-24,e-영업4,Total,최저가,48492.0,35029.0,72.2,48492.0,100.0,1497500.0,2249500.0,41.0,440900.0,8.0,19.6,899.0,569.0,0.02,21.0,3.7,4.6,38.1
2026-07-25,e-영업4,Total,최저가,49676.0,36215.0,72.9,49676.0,100.0,1829200.0,2357700.0,33.0,933400.0,10.0,39.6,998.0,597.0,0.02,22.0,3.7,3.3,45.5
2026-07-26,e-영업4,Total,최저가,49502.0,36081.0,72.9,49502.0,100.0,1626900.0,2171000.0,36.0,409500.0,8.0,18.9,1264.0,806.0,0.03,18.0,2.2,2.8,44.4
2026-07-27,e-영업4,Total,최저가,48431.0,35074.0,72.4,48431.0,100.0,1459630.0,2673630.0,31.0,396650.0,4.0,14.8,959.0,660.0,0.02,17.0,2.6,3.2,23.5
2026-07-28,e-영업4,Total,최저가,48438.0,35248.0,72.8,48438.0,100.0,851760.0,1212460.0,19.0,469400.0,6.0,38.7,758.0,467.0,0.02,14.0,3.0,2.5,42.9
2026-07-29,e-영업4,Total,최저가,48435.0,35167.0,72.6,48435.0,100.0,1281330.0,1360330.0,22.0,118900.0,3.0,8.7,687.0,443.0,0.01,7.0,1.6,3.2,42.9
2026-01-01,e-영업4,매칭,Total,141764.0,141764.0,100.0,40557.0,28.6,8385350.0,8988150.0,83.0,2441910.0,18.0,27.2,3335.0,2238.0,0.02,48.0,2.1,2.5,37.5
2026-01-02,e-영업4,매칭,Total,142445.0,142445.0,100.0,40898.0,28.7,5341140.0,9619470.0,80.0,4013880.0,16.0,41.7,3171.0,2157.0,0.02,35.0,1.6,2.5,45.7
2026-01-03,e-영업4,매칭,Total,142575.0,142575.0,100.0,41466.0,29.1,7726130.0,11027400.0,88.0,996190.0,14.0,9.0,2936.0,1765.0,0.02,48.0,2.7,3.0,29.2
2026-01-04,e-영업4,매칭,Total,142714.0,142714.0,100.0,41497.0,29.1,7951660.0,9415890.0,106.0,2365150.0,29.0,25.1,3480.0,2181.0,0.02,46.0,2.1,3.0,63.0
2026-01-05,e-영업4,매칭,Total,141945.0,141945.0,100.0,40422.0,28.5,3547440.0,10705730.0,98.0,2944750.0,31.0,27.5,2739.0,1682.0,0.02,58.0,3.4,3.6,53.4
2026-01-06,e-영업4,매칭,Total,142716.0,142716.0,100.0,40168.0,28.1,7405340.0,11858240.0,89.0,1673790.0,21.0,14.1,2877.0,1748.0,0.02,50.0,2.9,3.1,42.0
2026-01-07,e-영업4,매칭,Total,142935.0,142935.0,100.0,40845.0,28.6,7365620.0,9915160.0,104.0,1747600.0,25.0,17.6,3002.0,1855.0,0.02,57.0,3.1,3.5,43.9
2026-01-08,e-영업4,매칭,Total,143751.0,143751.0,100.0,40879.0,28.4,8151830.0,12188730.0,108.0,2260200.0,21.0,18.5,2905.0,1781.0,0.02,51.0,2.9,3.7,41.2
2026-01-09,e-영업4,매칭,Total,143499.0,143499.0,100.0,40974.0,28.6,13772710.0,17012660.0,84.0,1800830.0,21.0,10.6,2662.0,1602.0,0.02,45.0,2.8,3.2,46.7
2026-01-10,e-영업4,매칭,Total,143712.0,143712.0,100.0,41892.0,29.1,8377000.0,9957200.0,107.0,4096590.0,31.0,41.1,2940.0,1709.0,0.02,54.0,3.2,3.6,57.4
2026-01-11,e-영업4,매칭,Total,144088.0,144088.0,100.0,42449.0,29.5,12338580.0,14454880.0,127.0,2302540.0,26.0,15.9,3502.0,2120.0,0.02,66.0,3.1,3.6,39.4
2026-01-12,e-영업4,매칭,Total,144148.0,144148.0,100.0,42064.0,29.2,9328990.0,13843720.0,93.0,2193990.0,22.0,15.8,3123.0,1935.0,0.02,39.0,2.0,3.0,56.4
2026-01-13,e-영업4,매칭,Total,144001.0,144001.0,100.0,41467.0,28.8,13272020.0,19305520.0,130.0,2840880.0,35.0,14.7,3329.0,2026.0,0.02,68.0,3.4,3.9,51.5
2026-01-14,e-영업4,매칭,Total,145186.0,145186.0,100.0,42245.0,29.1,7134690.0,11048090.0,117.0,2505570.0,28.0,22.7,3415.0,2145.0,0.02,60.0,2.8,3.4,46.7
2026-01-15,e-영업4,매칭,Total,145063.0,145063.0,100.0,42012.0,29.0,5671190.0,8187010.0,100.0,1623500.0,26.0,19.8,2789.0,1753.0,0.02,36.0,2.1,3.6,72.2
2026-01-16,e-영업4,매칭,Total,145555.0,145555.0,100.0,41032.0,28.2,8942260.0,11913160.0,118.0,2200120.0,32.0,18.5,2722.0,1647.0,0.02,69.0,4.2,4.3,46.4
2026-01-17,e-영업4,매칭,Total,145968.0,145968.0,100.0,42104.0,28.8,11187900.0,13966900.0,117.0,1676650.0,16.0,12.0,2991.0,1752.0,0.02,47.0,2.7,3.9,34.0
2026-01-18,e-영업4,매칭,Total,146207.0,146207.0,100.0,42698.0,29.2,10679140.0,14173820.0,129.0,4392350.0,36.0,31.0,3218.0,1911.0,0.02,60.0,3.1,4.0,60.0
2026-01-19,e-영업4,매칭,Total,146916.0,146916.0,100.0,42068.0,28.6,5003580.0,9784580.0,94.0,3396620.0,29.0,34.7,3273.0,2010.0,0.02,59.0,2.9,2.9,49.2
2026-01-20,e-영업4,매칭,Total,147230.0,147230.0,100.0,42097.0,28.6,8238050.0,13064020.0,101.0,3812760.0,24.0,29.2,3194.0,1960.0,0.02,48.0,2.4,3.2,50.0
2026-01-21,e-영업4,매칭,Total,147315.0,147315.0,100.0,42571.0,28.9,8926260.0,13142160.0,100.0,2086140.0,22.0,15.9,3181.0,2013.0,0.02,59.0,2.9,3.1,37.3
2026-01-22,e-영업4,매칭,Total,147692.0,147692.0,100.0,42504.0,28.8,3835070.0,8644170.0,74.0,1439150.0,20.0,16.6,3008.0,1897.0,0.02,46.0,2.4,2.5,43.5
2026-01-23,e-영업4,매칭,Total,147471.0,147471.0,100.0,41976.0,28.5,3314690.0,7885240.0,77.0,982800.0,15.0,12.5,2526.0,1577.0,0.02,42.0,2.7,3.0,35.7
2026-01-24,e-영업4,매칭,Total,147576.0,147576.0,100.0,42856.0,29.0,9809200.0,11935100.0,103.0,2280550.0,26.0,19.1,2879.0,1733.0,0.02,53.0,3.1,3.6,49.1
2026-01-25,e-영업4,매칭,Total,147772.0,147772.0,100.0,43439.0,29.4,11589050.0,14253250.0,110.0,2099750.0,19.0,14.7,3404.0,2121.0,0.02,55.0,2.6,3.2,34.5
2026-01-26,e-영업4,매칭,Total,148398.0,148398.0,100.0,42427.0,28.6,3298710.0,11006890.0,120.0,3418160.0,26.0,31.1,2950.0,1873.0,0.02,57.0,3.0,4.1,45.6
2026-01-27,e-영업4,매칭,Total,148515.0,148515.0,100.0,42359.0,28.5,8574910.0,12414020.0,105.0,2245640.0,23.0,18.1,3022.0,1898.0,0.02,66.0,3.5,3.5,34.8
2026-01-28,e-영업4,매칭,Total,148584.0,148584.0,100.0,42359.0,28.5,4475140.0,9524690.0,80.0,2488400.0,19.0,26.1,2700.0,1710.0,0.02,48.0,2.8,3.0,39.6
2026-01-29,e-영업4,매칭,Total,149329.0,149329.0,100.0,42381.0,28.4,5432060.0,6227860.0,63.0,1092760.0,16.0,17.5,2560.0,1581.0,0.02,34.0,2.2,2.5,47.1
2026-01-30,e-영업4,매칭,Total,149280.0,149280.0,100.0,41891.0,28.1,7072160.0,9073810.0,66.0,1720500.0,13.0,19.0,2274.0,1380.0,0.02,29.0,2.1,2.9,44.8
2026-01-31,e-영업4,매칭,Total,149414.0,149414.0,100.0,42087.0,28.2,5393410.0,6799460.0,71.0,934100.0,13.0,13.7,2663.0,1607.0,0.02,31.0,1.9,2.7,41.9
2026-02-01,e-영업4,매칭,Total,149868.0,149868.0,100.0,43170.0,28.8,9200510.0,10595500.0,99.0,1389200.0,18.0,13.1,2952.0,1716.0,0.02,46.0,2.7,3.4,39.1
2026-02-02,e-영업4,매칭,Total,150388.0,150388.0,100.0,42245.0,28.1,6391590.0,9934330.0,87.0,2005390.0,20.0,20.2,2875.0,1770.0,0.02,57.0,3.2,3.0,35.1
2026-02-03,e-영업4,매칭,Total,150889.0,150889.0,100.0,43135.0,28.6,7459050.0,11114150.0,99.0,3404380.0,32.0,30.6,2921.0,1788.0,0.02,60.0,3.4,3.4,53.3
2026-02-04,e-영업4,매칭,Total,151565.0,151565.0,100.0,44444.0,29.3,11348580.0,14726720.0,107.0,2354100.0,19.0,16.0,3089.0,1926.0,0.02,63.0,3.3,3.5,30.2
2026-02-05,e-영업4,매칭,Total,151667.0,151667.0,100.0,44192.0,29.1,13510240.0,17664320.0,130.0,5607470.0,39.0,31.7,2854.0,1677.0,0.02,71.0,4.2,4.6,54.9
2026-02-06,e-영업4,매칭,Total,152027.0,152027.0,100.0,43691.0,28.7,11100070.0,12873730.0,91.0,2790920.0,19.0,21.7,2949.0,1866.0,0.02,58.0,3.1,3.1,32.8
2026-02-07,e-영업4,매칭,Total,152639.0,152639.0,100.0,43276.0,28.4,12697500.0,16640240.0,128.0,2489120.0,29.0,15.0,3164.0,1808.0,0.02,58.0,3.2,4.0,50.0
2026-02-08,e-영업4,매칭,Total,152938.0,152938.0,100.0,43513.0,28.5,16942270.0,21987610.0,154.0,5797300.0,38.0,26.4,3822.0,2277.0,0.02,79.0,3.5,4.0,48.1
2026-02-09,e-영업4,매칭,Total,153242.0,153242.0,100.0,43597.0,28.4,6302340.0,13760030.0,111.0,3946320.0,25.0,28.7,3094.0,1933.0,0.02,51.0,2.6,3.6,49.0
2026-02-10,e-영업4,매칭,Total,154105.0,154105.0,100.0,42790.0,27.8,5671440.0,14028420.0,99.0,1362470.0,13.0,9.7,2797.0,1720.0,0.02,45.0,2.6,3.5,28.9
2026-02-11,e-영업4,매칭,Total,154047.0,154047.0,100.0,42542.0,27.6,9979620.0,13044280.0,106.0,2666460.0,23.0,20.4,2679.0,1613.0,0.02,54.0,3.3,4.0,42.6
2026-02-12,e-영업4,매칭,Total,155239.0,155239.0,100.0,43122.0,27.8,8874000.0,11623500.0,84.0,4321750.0,23.0,37.2,2550.0,1555.0,0.02,53.0,3.4,3.3,43.4
2026-02-13,e-영업4,매칭,Total,155344.0,155344.0,100.0,42835.0,27.6,4077430.0,6287020.0,59.0,996400.0,13.0,15.8,2333.0,1448.0,0.02,37.0,2.6,2.5,35.1
2026-02-14,e-영업4,매칭,Total,155533.0,155533.0,100.0,43273.0,27.8,5712830.0,6709230.0,56.0,1485650.0,12.0,22.1,2256.0,1322.0,0.01,34.0,2.6,2.5,35.3
2026-02-15,e-영업4,매칭,Total,155795.0,155795.0,100.0,42410.0,27.2,5423870.0,7177770.0,70.0,1501800.0,16.0,20.9,2252.0,1292.0,0.01,39.0,3.0,3.1,41.0
2026-02-16,e-영업4,매칭,Total,156235.0,156235.0,100.0,42589.0,27.3,9889990.0,10792090.0,87.0,1852440.0,16.0,17.2,2347.0,1335.0,0.02,42.0,3.1,3.7,38.1
2026-02-17,e-영업4,매칭,Total,156359.0,156359.0,100.0,43061.0,27.5,8251130.0,8880400.0,79.0,937100.0,12.0,10.6,2417.0,1443.0,0.02,43.0,3.0,3.3,27.9
2026-02-18,e-영업4,매칭,Total,156542.0,156542.0,100.0,43415.0,27.7,10394970.0,12538670.0,118.0,3865000.0,29.0,30.8,3125.0,1859.0,0.02,60.0,3.2,3.8,48.3
2026-02-19,e-영업4,매칭,Total,156244.0,156244.0,100.0,44032.0,28.2,3802680.0,11993330.0,107.0,1681970.0,25.0,14.0,3108.0,1914.0,0.02,73.0,3.8,3.4,34.2
2026-02-20,e-영업4,매칭,Total,156169.0,156169.0,100.0,44201.0,28.3,9061470.0,14830970.0,119.0,5137850.0,30.0,34.6,2952.0,1832.0,0.02,65.0,3.5,4.0,46.2
2026-02-21,e-영업4,매칭,Total,156233.0,156233.0,100.0,44534.0,28.5,13066510.0,15767570.0,127.0,2413210.0,23.0,15.3,3449.0,2049.0,0.02,51.0,2.5,3.7,45.1
2026-02-22,e-영업4,매칭,Total,156671.0,156671.0,100.0,44397.0,28.3,14527800.0,17578610.0,159.0,2454100.0,32.0,14.0,3766.0,2218.0,0.02,85.0,3.8,4.2,37.6
2026-02-23,e-영업4,매칭,Total,156982.0,156982.0,100.0,43939.0,28.0,4991430.0,14037460.0,121.0,1729990.0,23.0,12.3,3373.0,2158.0,0.02,61.0,2.8,3.6,37.7
2026-02-24,e-영업4,매칭,Total,156954.0,156954.0,100.0,44299.0,28.2,8910920.0,14597740.0,130.0,3600050.0,30.0,24.7,3347.0,2063.0,0.02,65.0,3.2,3.9,46.2
2026-02-25,e-영업4,매칭,Total,156648.0,156648.0,100.0,46107.0,29.4,10263680.0,14735270.0,123.0,3112570.0,33.0,21.1,3345.0,2191.0,0.02,65.0,3.0,3.7,50.8
2026-02-26,e-영업4,매칭,Total,157030.0,157030.0,100.0,45444.0,28.9,7285380.0,13605680.0,117.0,2415000.0,30.0,17.7,3123.0,1942.0,0.02,54.0,2.8,3.7,55.6
2026-02-27,e-영업4,매칭,Total,156355.0,156355.0,100.0,45256.0,28.9,13035430.0,16005705.0,83.0,1625100.0,20.0,10.2,2949.0,1887.0,0.02,51.0,2.7,2.8,39.2
2026-02-28,e-영업4,매칭,Total,156824.0,156824.0,100.0,44843.0,28.6,9444090.0,10170840.0,110.0,1975960.0,29.0,19.4,3154.0,1970.0,0.02,54.0,2.7,3.5,53.7
2026-03-01,e-영업4,매칭,Total,157038.0,157038.0,100.0,45317.0,28.9,10460380.0,12584690.0,128.0,2360750.0,27.0,18.8,3701.0,2265.0,0.02,66.0,2.9,3.5,40.9
2026-03-02,e-영업4,매칭,Total,157127.0,157127.0,100.0,45694.0,29.1,13754230.0,16433280.0,141.0,3009080.0,36.0,18.3,4028.0,2488.0,0.03,95.0,3.8,3.5,37.9
2026-03-03,e-영업4,매칭,Total,157020.0,157020.0,100.0,44985.0,28.6,9923420.0,14122220.0,119.0,3138500.0,30.0,22.2,3231.0,2076.0,0.02,51.0,2.5,3.7,58.8
2026-03-04,e-영업4,매칭,Total,122126.0,122126.0,100.0,37157.0,30.4,4548150.0,7909250.0,88.0,2288680.0,20.0,28.9,2212.0,1479.0,0.02,41.0,2.8,4.0,48.8
2026-03-05,e-영업4,매칭,Total,122342.0,122342.0,100.0,37407.0,30.6,2187490.0,5564970.0,57.0,1861040.0,18.0,33.4,2151.0,1445.0,0.02,37.0,2.6,2.6,48.6
2026-03-06,e-영업4,매칭,Total,122716.0,122716.0,100.0,37008.0,30.2,6164560.0,7593860.0,66.0,1651160.0,16.0,21.7,2015.0,1285.0,0.02,36.0,2.8,3.3,44.4
2026-03-07,e-영업4,매칭,Total,156664.0,156664.0,100.0,45390.0,29.0,10535580.0,13426330.0,120.0,2920300.0,29.0,21.8,3079.0,1840.0,0.02,49.0,2.7,3.9,59.2
2026-03-08,e-영업4,매칭,Total,122770.0,122770.0,100.0,37198.0,30.3,8850610.0,10647410.0,84.0,914060.0,13.0,8.6,2244.0,1328.0,0.02,51.0,3.8,3.7,25.5
2026-03-09,e-영업4,매칭,Total,122770.0,122770.0,100.0,37605.0,30.6,4488280.0,6955570.0,75.0,1498430.0,22.0,21.5,2158.0,1356.0,0.02,43.0,3.2,3.5,51.2
2026-03-10,e-영업4,매칭,Total,157414.0,157414.0,100.0,45538.0,28.9,5097370.0,9876470.0,101.0,2403280.0,27.0,24.3,2961.0,1817.0,0.02,49.0,2.7,3.4,55.1
2026-03-11,e-영업4,매칭,Total,122788.0,122788.0,100.0,37949.0,30.9,8122110.0,9900010.0,81.0,1877040.0,17.0,19.0,2072.0,1299.0,0.02,37.0,2.8,3.9,45.9
2026-03-12,e-영업4,매칭,Total,122788.0,122788.0,100.0,37967.0,30.9,4845030.0,7427580.0,75.0,2203010.0,15.0,29.7,2144.0,1361.0,0.02,47.0,3.5,3.5,31.9
2026-03-13,e-영업4,매칭,Total,122925.0,122925.0,100.0,0.0,0.0,4287490.0,6577290.0,56.0,728460.0,7.0,11.1,2054.0,1298.0,0.02,33.0,2.5,2.7,21.2
2026-03-14,e-영업4,매칭,Total,122925.0,122925.0,100.0,38004.0,30.9,6652590.0,7348670.0,79.0,1221240.0,14.0,16.6,2286.0,1358.0,0.02,31.0,2.3,3.5,45.2
2026-03-15,e-영업4,매칭,Total,156612.0,156612.0,100.0,45528.0,29.1,12741480.0,17070230.0,164.0,3335800.0,37.0,19.5,4063.0,2393.0,0.03,79.0,3.3,4.0,46.8
2026-03-16,e-영업4,매칭,Total,122925.0,122925.0,100.0,38145.0,31.0,9969650.0,14174010.0,114.0,3093750.0,23.0,21.8,2430.0,1543.0,0.02,57.0,3.7,4.7,40.4
2026-03-17,e-영업4,매칭,Total,122925.0,122925.0,100.0,37760.0,30.7,6063180.0,9037500.0,87.0,1839310.0,23.0,20.4,2315.0,1461.0,0.02,36.0,2.5,3.8,63.9
2026-03-18,e-영업4,매칭,Total,122925.0,122925.0,100.0,38391.0,31.2,8757150.0,10897350.0,104.0,1997140.0,21.0,18.3,2316.0,1417.0,0.02,52.0,3.7,4.5,40.4
2026-03-19,e-영업4,매칭,Total,153908.0,153908.0,100.0,44710.0,29.0,15043430.0,17848480.0,122.0,1380300.0,20.0,7.7,3129.0,1869.0,0.02,54.0,2.9,3.9,37.0
2026-03-20,e-영업4,매칭,Total,152551.0,152551.0,100.0,44305.0,29.0,6895380.0,10839870.0,99.0,2454100.0,27.0,22.6,2842.0,1695.0,0.02,49.0,2.9,3.5,55.1
2026-03-21,e-영업4,매칭,Total,152441.0,152441.0,100.0,42075.0,27.6,12163020.0,14694010.0,141.0,2179970.0,21.0,14.8,2956.0,1650.0,0.02,50.0,3.0,4.8,42.0
2026-03-22,e-영업4,매칭,Total,152419.0,152419.0,100.0,42482.0,27.9,15343610.0,18272750.0,160.0,3187990.0,32.0,17.4,3553.0,2004.0,0.02,76.0,3.8,4.5,42.1
2026-03-23,e-영업4,매칭,Total,122925.0,122925.0,100.0,36237.0,29.5,4974550.0,9016880.0,76.0,1184620.0,16.0,13.1,2012.0,1183.0,0.02,31.0,2.6,3.8,51.6
2026-03-24,e-영업4,매칭,Total,122925.0,122925.0,100.0,37095.0,30.2,4882290.0,8227430.0,74.0,2519120.0,16.0,30.6,2104.0,1210.0,0.02,35.0,2.9,3.5,45.7
2026-03-25,e-영업4,매칭,Total,122925.0,122925.0,100.0,37320.0,30.4,6739250.0,8967150.0,78.0,1965570.0,20.0,21.9,2175.0,1326.0,0.02,31.0,2.3,3.6,64.5
2026-03-26,e-영업4,매칭,Total,122925.0,122925.0,100.0,36256.0,29.5,4490870.0,7610670.0,71.0,2137780.0,17.0,28.1,1985.0,1173.0,0.02,27.0,2.3,3.6,63.0
2026-03-27,e-영업4,매칭,Total,122925.0,122925.0,100.0,36226.0,29.5,5674160.0,7856360.0,71.0,1428460.0,14.0,18.2,2037.0,1211.0,0.02,34.0,2.8,3.5,41.2
2026-03-28,e-영업4,매칭,Total,150242.0,150242.0,100.0,41439.0,27.6,12996220.0,14485760.0,132.0,2728570.0,37.0,18.8,3241.0,1933.0,0.02,56.0,2.9,4.1,66.1
2026-03-29,e-영업4,매칭,Total,150187.0,150187.0,100.0,41657.0,27.7,14724320.0,16962340.0,135.0,2718340.0,24.0,16.0,3740.0,2169.0,0.02,59.0,2.7,3.6,40.7
2026-03-30,e-영업4,매칭,Total,149720.0,149720.0,100.0,41667.0,27.8,7667480.0,15817690.0,149.0,3093740.0,35.0,19.6,3349.0,1961.0,0.02,66.0,3.4,4.4,53.0
2026-03-31,e-영업4,매칭,Total,122925.0,122925.0,100.0,36267.0,29.5,9260700.0,13056040.0,108.0,4109410.0,27.0,31.5,2393.0,1463.0,0.02,52.0,3.6,4.5,51.9
2026-04-01,e-영업4,매칭,Total,122925.0,122925.0,100.0,37523.0,30.5,3769800.0,6174550.0,75.0,1160780.0,20.0,18.8,2335.0,1426.0,0.02,52.0,3.6,3.2,38.5
2026-04-02,e-영업4,매칭,Total,147510.0,147510.0,100.0,41172.0,27.9,5802420.0,8301370.0,107.0,2002000.0,22.0,24.1,3168.0,1974.0,0.02,59.0,3.0,3.4,37.3
2026-04-03,e-영업4,매칭,Total,135649.0,135649.0,100.0,38393.0,28.3,6206410.0,11809130.0,101.0,1245200.0,14.0,10.5,2984.0,1810.0,0.02,41.0,2.3,3.4,34.1
2026-04-04,e-영업4,매칭,Total,135462.0,135462.0,100.0,38621.0,28.5,8006270.0,10689070.0,106.0,1464540.0,18.0,13.7,3198.0,1931.0,0.02,56.0,2.9,3.3,32.1
2026-04-05,e-영업4,매칭,Total,135402.0,135402.0,100.0,38871.0,28.7,12748120.0,15874840.0,152.0,2274250.0,32.0,14.3,3454.0,2035.0,0.03,67.0,3.3,4.4,47.8
2026-04-06,e-영업4,매칭,Total,122925.0,122925.0,100.0,35331.0,28.7,2953000.0,7032350.0,69.0,2137400.0,21.0,30.4,2164.0,1334.0,0.02,29.0,2.2,3.2,72.4
2026-04-07,e-영업4,매칭,Total,136082.0,136082.0,100.0,38341.0,28.2,9176510.0,12066810.0,126.0,2115900.0,24.0,17.5,3223.0,1957.0,0.02,68.0,3.5,3.9,35.3
2026-04-08,e-영업4,매칭,Total,122925.0,122925.0,100.0,35652.0,29.0,8498960.0,11056820.0,87.0,1619160.0,17.0,14.6,2312.0,1428.0,0.02,34.0,2.4,3.8,50.0
2026-04-09,e-영업4,매칭,Total,122925.0,122925.0,100.0,35585.0,28.9,2374800.0,7840700.0,70.0,3399400.0,13.0,43.4,2080.0,1276.0,0.02,36.0,2.8,3.4,36.1
2026-04-10,e-영업4,매칭,Total,134366.0,134366.0,100.0,39121.0,29.1,5870220.0,8798070.0,101.0,1256200.0,21.0,14.3,2638.0,1592.0,0.02,46.0,2.9,3.8,45.7
2026-04-11,e-영업4,매칭,Total,134313.0,134313.0,100.0,38744.0,28.8,8780550.0,11068750.0,125.0,2328280.0,32.0,21.0,3091.0,1875.0,0.02,73.0,3.9,4.0,43.8
2026-04-12,e-영업4,매칭,Total,134248.0,134248.0,100.0,39238.0,29.2,11548930.0,14841730.0,149.0,3170300.0,32.0,21.4,3363.0,1936.0,0.03,74.0,3.8,4.4,43.2
2026-04-13,e-영업4,매칭,Total,132149.0,132149.0,100.0,38507.0,29.1,12014590.0,16800190.0,166.0,2936000.0,29.0,17.5,3486.0,2151.0,0.03,75.0,3.5,4.8,38.7
2026-04-14,e-영업4,매칭,Total,131735.0,131735.0,100.0,38771.0,29.4,9128000.0,12994510.0,129.0,1843400.0,20.0,14.2,3644.0,2288.0,0.03,63.0,2.8,3.5,31.7
2026-04-15,e-영업4,매칭,Total,131539.0,131539.0,100.0,38953.0,29.6,9933650.0,12764550.0,142.0,1944630.0,34.0,15.2,3295.0,2022.0,0.03,73.0,3.6,4.3,46.6
2026-04-16,e-영업4,매칭,Total,131382.0,131382.0,100.0,39196.0,29.8,10471760.0,13255100.0,118.0,2022070.0,27.0,15.3,2975.0,1849.0,0.02,59.0,3.2,4.0,45.8
2026-04-17,e-영업4,매칭,Total,130712.0,130712.0,100.0,38730.0,29.6,10559640.0,12972090.0,129.0,2129150.0,26.0,16.4,2773.0,1680.0,0.02,56.0,3.3,4.7,46.4
2026-04-18,e-영업4,매칭,Total,130775.0,130775.0,100.0,39077.0,29.9,12271120.0,16069710.0,139.0,2228520.0,25.0,13.9,3116.0,1787.0,0.02,54.0,3.0,4.5,46.3
2026-04-19,e-영업4,매칭,Total,130725.0,130725.0,100.0,39887.0,30.5,16550250.0,19664710.0,183.0,3950250.0,40.0,20.1,3664.0,2104.0,0.03,84.0,4.0,5.0,47.6
2026-04-20,e-영업4,매칭,Total,130574.0,130574.0,100.0,39897.0,30.6,10961390.0,17721560.0,164.0,4688040.0,36.0,26.5,3251.0,1904.0,0.02,69.0,3.6,5.0,52.2
2026-04-21,e-영업4,매칭,Total,129970.0,129970.0,100.0,40677.0,31.3,9282110.0,15121610.0,135.0,3424640.0,29.0,22.6,3074.0,1816.0,0.02,60.0,3.3,4.4,48.3
2026-04-22,e-영업4,매칭,Total,129811.0,129811.0,100.0,39092.0,30.1,7866740.0,12317540.0,119.0,2960720.0,24.0,24.0,2921.0,1750.0,0.02,44.0,2.5,4.1,54.5
2026-04-23,e-영업4,매칭,Total,122925.0,122925.0,100.0,37430.0,30.4,5417130.0,7889910.0,77.0,916700.0,13.0,11.6,2189.0,1326.0,0.02,32.0,2.4,3.5,40.6
2026-04-24,e-영업4,매칭,Total,129056.0,129056.0,100.0,0.0,0.0,7271130.0,11591230.0,98.0,2229240.0,21.0,19.2,2546.0,1552.0,0.02,39.0,2.5,3.8,53.8
2026-04-25,e-영업4,매칭,Total,129056.0,129056.0,100.0,0.0,0.0,10838610.0,13004550.0,101.0,1506350.0,15.0,11.6,2526.0,1371.0,0.02,36.0,2.6,4.0,41.7
2026-04-26,e-영업4,매칭,Total,128993.0,128993.0,100.0,0.0,0.0,12385870.0,13960750.0,141.0,3510800.0,31.0,25.1,3014.0,1665.0,0.02,67.0,4.0,4.7,46.3
2026-04-27,e-영업4,매칭,Total,128002.0,128002.0,100.0,0.0,0.0,8934720.0,13308220.0,125.0,2621800.0,22.0,19.7,3431.0,2214.0,0.03,57.0,2.6,3.6,38.6
2026-04-28,e-영업4,매칭,Total,127939.0,127939.0,100.0,0.0,0.0,5837250.0,10223320.0,115.0,2929510.0,24.0,28.7,3746.0,2658.0,0.03,54.0,2.0,3.1,44.4
2026-04-29,e-영업4,매칭,Total,127774.0,127774.0,100.0,0.0,0.0,5702420.0,10645350.0,118.0,1306400.0,21.0,12.3,3818.0,2776.0,0.03,49.0,1.8,3.1,42.9
2026-04-30,e-영업4,매칭,Total,127640.0,127640.0,100.0,39030.0,30.6,6547210.0,10316950.0,120.0,1609650.0,30.0,15.6,3393.0,2469.0,0.03,61.0,2.5,3.5,49.2
2026-05-01,e-영업4,매칭,Total,127577.0,127577.0,100.0,39210.0,30.7,10806320.0,11713040.0,167.0,4033020.0,63.0,34.4,3610.0,2328.0,0.03,118.0,5.1,4.6,53.4
2026-05-02,e-영업4,매칭,Total,127534.0,127534.0,100.0,39298.0,30.8,8462500.0,10742090.0,106.0,1458400.0,20.0,13.6,3963.0,2735.0,0.03,51.0,1.9,2.7,39.2
2026-05-03,e-영업4,매칭,Total,127488.0,127488.0,100.0,38290.0,30.0,10905590.0,12840890.0,139.0,1544800.0,20.0,12.0,5164.0,3881.0,0.04,66.0,1.7,2.7,30.3
2026-05-04,e-영업4,매칭,Total,127056.0,127056.0,100.0,0.0,0.0,5586760.0,10177650.0,98.0,2187300.0,31.0,21.5,4793.0,3824.0,0.04,66.0,1.7,2.0,47.0
2026-05-05,e-영업4,매칭,Total,122925.0,122925.0,100.0,36190.0,29.4,6395730.0,7564430.0,95.0,1580730.0,25.0,20.9,4192.0,3218.0,0.03,63.0,2.0,2.3,39.7
2026-05-06,e-영업4,매칭,Total,122925.0,122925.0,100.0,37829.0,30.8,4853650.0,10380950.0,102.0,2193000.0,25.0,21.1,3611.0,2798.0,0.03,53.0,1.9,2.8,47.2
2026-05-07,e-영업4,매칭,Total,122925.0,122925.0,100.0,0.0,0.0,6335030.0,8530320.0,81.0,1534890.0,18.0,18.0,3085.0,2245.0,0.03,47.0,2.1,2.6,38.3
2026-05-08,e-영업4,매칭,Total,127126.0,127126.0,100.0,38266.0,30.1,6584940.0,9190050.0,83.0,2265300.0,19.0,24.6,3323.0,2385.0,0.03,51.0,2.1,2.5,37.3
2026-05-09,e-영업4,매칭,Total,126957.0,126957.0,100.0,0.0,0.0,7463230.0,8624930.0,98.0,929900.0,14.0,10.8,3937.0,2762.0,0.03,46.0,1.7,2.5,30.4
2026-05-10,e-영업4,매칭,Total,126897.0,126897.0,100.0,0.0,0.0,13679290.0,16468190.0,141.0,2249750.0,27.0,13.7,4367.0,3056.0,0.03,62.0,2.0,3.2,43.5
2026-05-11,e-영업4,매칭,Total,127100.0,127100.0,100.0,38251.0,30.1,2436860.0,11893090.0,109.0,1712950.0,15.0,14.4,4401.0,3324.0,0.03,34.0,1.0,2.5,44.1
2026-05-12,e-영업4,매칭,Total,134197.0,134197.0,100.0,38248.0,28.5,6468440.0,12025940.0,119.0,2662570.0,27.0,22.1,5053.0,3947.0,0.04,68.0,1.7,2.4,39.7
2026-05-13,e-영업4,매칭,Total,133907.0,133907.0,100.0,38529.0,28.8,12057590.0,15926890.0,119.0,2188460.0,19.0,13.7,4759.0,3625.0,0.04,46.0,1.3,2.5,41.3
2026-05-14,e-영업4,매칭,Total,133826.0,133826.0,100.0,38362.0,28.7,6289010.0,8409190.0,97.0,1374500.0,19.0,16.3,4137.0,3097.0,0.03,51.0,1.6,2.3,37.3
2026-05-15,e-영업4,매칭,Total,133341.0,133341.0,100.0,37667.0,28.2,4776880.0,9966020.0,94.0,1340300.0,15.0,13.4,3612.0,2603.0,0.03,49.0,1.9,2.6,30.6
2026-05-16,e-영업4,매칭,Total,133332.0,133332.0,100.0,38954.0,29.2,9189390.0,10289540.0,116.0,1758850.0,24.0,17.1,3799.0,2669.0,0.03,55.0,2.1,3.1,43.6
2026-05-17,e-영업4,매칭,Total,133263.0,133263.0,100.0,38416.0,28.8,11340730.0,12835030.0,137.0,2188390.0,28.0,17.1,4342.0,3041.0,0.03,68.0,2.2,3.2,41.2
2026-05-18,e-영업4,매칭,Total,122925.0,122925.0,100.0,37352.0,30.4,4373210.0,7124810.0,91.0,1726500.0,23.0,24.2,3292.0,2322.0,0.03,47.0,2.0,2.8,48.9
2026-05-19,e-영업4,매칭,Total,122925.0,122925.0,100.0,36898.0,30.0,5838123.0,8956483.0,98.0,1786050.0,20.0,19.9,3196.0,2257.0,0.03,33.0,1.5,3.1,60.6
2026-05-20,e-영업4,매칭,Total,122925.0,122925.0,100.0,38152.0,31.0,4950760.0,7760700.0,83.0,2373100.0,20.0,30.6,3391.0,2447.0,0.03,50.0,2.0,2.4,40.0
2026-05-21,e-영업4,매칭,Total,122925.0,122925.0,100.0,37069.0,30.2,4804330.0,6107200.0,79.0,895600.0,16.0,14.7,3184.0,2344.0,0.03,32.0,1.4,2.5,50.0
2026-05-22,e-영업4,매칭,Total,130304.0,130304.0,100.0,38041.0,29.2,11419370.0,13715800.0,85.0,4639700.0,22.0,33.8,3510.0,2512.0,0.03,47.0,1.9,2.4,46.8
2026-05-23,e-영업4,매칭,Total,130241.0,130241.0,100.0,38328.0,29.4,10098300.0,10967400.0,95.0,1202700.0,14.0,11.0,3745.0,2603.0,0.03,37.0,1.4,2.5,37.8
2026-05-24,e-영업4,매칭,Total,130197.0,130197.0,100.0,38599.0,29.6,17680130.0,20579730.0,126.0,2803800.0,27.0,13.6,3921.0,2670.0,0.03,52.0,1.9,3.2,51.9
2026-05-25,e-영업4,매칭,Total,122925.0,122925.0,100.0,37373.0,30.4,6666890.0,8179990.0,95.0,1642290.0,17.0,20.1,3608.0,2529.0,0.03,43.0,1.7,2.6,39.5
2026-05-26,e-영업4,매칭,Total,129608.0,129608.0,100.0,0.0,0.0,6627660.0,10432210.0,103.0,4007510.0,24.0,38.4,3867.0,2737.0,0.03,55.0,2.0,2.7,43.6
2026-05-27,e-영업4,매칭,Total,122925.0,122925.0,100.0,36828.0,30.0,2683220.0,6568605.0,85.0,833300.0,13.0,12.7,3453.0,2485.0,0.03,36.0,1.4,2.5,36.1
2026-05-28,e-영업4,매칭,Total,129213.0,129213.0,100.0,38515.0,29.8,5907530.0,9850110.0,92.0,923880.0,16.0,9.4,3578.0,2558.0,0.03,40.0,1.6,2.6,40.0
2026-05-29,e-영업4,매칭,Total,129279.0,129279.0,100.0,38291.0,29.6,3959880.0,7345180.0,77.0,1279330.0,19.0,17.4,3317.0,2397.0,0.03,38.0,1.6,2.3,50.0
2026-05-30,e-영업4,매칭,Total,129263.0,129263.0,100.0,38758.0,30.0,7546850.0,9362250.0,104.0,1501510.0,24.0,16.0,3665.0,2593.0,0.03,56.0,2.2,2.8,42.9
2026-05-31,e-영업4,매칭,Total,129233.0,129233.0,100.0,38901.0,30.1,9177850.0,10084550.0,129.0,2348850.0,28.0,23.3,4131.0,2845.0,0.03,62.0,2.2,3.1,45.2
2026-06-01,e-영업4,매칭,Total,129251.0,129251.0,100.0,38281.0,29.6,8764610.0,10782510.0,146.0,3021410.0,47.0,28.0,4095.0,2994.0,0.03,81.0,2.7,3.6,58.0
2026-06-02,e-영업4,매칭,Total,128595.0,128595.0,100.0,38584.0,30.0,6871270.0,10126870.0,118.0,2255950.0,31.0,22.3,3730.0,2712.0,0.03,46.0,1.7,3.2,67.4
2026-06-03,e-영업4,매칭,Total,128522.0,128522.0,100.0,38925.0,30.3,9134870.0,12084750.0,123.0,1760600.0,24.0,14.6,3946.0,2782.0,0.03,49.0,1.8,3.1,49.0
2026-06-04,e-영업4,매칭,Total,128644.0,128644.0,100.0,37934.0,29.5,2800350.0,5899450.0,77.0,1032600.0,14.0,17.5,3416.0,2490.0,0.03,34.0,1.4,2.3,41.2
2026-06-05,e-영업4,매칭,Total,124353.0,124353.0,100.0,36174.0,29.1,5308550.0,7011850.0,71.0,1305450.0,18.0,18.6,3138.0,2271.0,0.03,37.0,1.6,2.3,48.6
2026-06-06,e-영업4,매칭,Total,124299.0,124299.0,100.0,38223.0,30.8,6338150.0,7665650.0,79.0,694100.0,10.0,9.1,3234.0,2218.0,0.03,37.0,1.7,2.4,27.0
2026-06-07,e-영업4,매칭,Total,124240.0,124240.0,100.0,38483.0,31.0,7383360.0,8269960.0,91.0,2463090.0,23.0,29.8,3203.0,2132.0,0.03,49.0,2.3,2.8,46.9
2026-06-08,e-영업4,매칭,Total,124534.0,124534.0,100.0,0.0,0.0,2232430.0,6215530.0,75.0,1529100.0,22.0,24.6,2599.0,1688.0,0.02,45.0,2.7,2.9,48.9
2026-06-09,e-영업4,매칭,Total,124300.0,124300.0,100.0,0.0,0.0,10439090.0,12355540.0,111.0,2626700.0,19.0,21.3,2984.0,1984.0,0.02,44.0,2.2,3.7,43.2
2026-06-10,e-영업4,매칭,Total,124252.0,124252.0,100.0,37656.0,30.3,3656700.0,6867770.0,84.0,948720.0,16.0,13.8,3214.0,2304.0,0.03,40.0,1.7,2.6,40.0
2026-06-11,e-영업4,매칭,Total,124099.0,124099.0,100.0,37800.0,30.5,4650300.0,8208100.0,84.0,2279100.0,17.0,27.8,3131.0,2202.0,0.03,45.0,2.0,2.7,37.8
2026-06-12,e-영업4,매칭,Total,124273.0,124273.0,100.0,38569.0,31.0,5485080.0,8006680.0,92.0,1054500.0,16.0,13.2,2951.0,2030.0,0.02,35.0,1.7,3.1,45.7
2026-06-13,e-영업4,매칭,Total,124189.0,124189.0,100.0,38199.0,30.8,7753520.0,9257700.0,104.0,2059500.0,27.0,22.2,3053.0,2086.0,0.02,40.0,1.9,3.4,67.5
2026-06-14,e-영업4,매칭,Total,124166.0,124166.0,100.0,38196.0,30.8,7435200.0,9822050.0,97.0,3112400.0,26.0,31.7,3668.0,2532.0,0.03,54.0,2.1,2.6,48.1
2026-06-15,e-영업4,매칭,Total,123508.0,123508.0,100.0,37710.0,30.5,4253150.0,7135200.0,90.0,1249800.0,21.0,17.5,2856.0,1965.0,0.02,43.0,2.2,3.2,48.8
2026-06-16,e-영업4,매칭,Total,123226.0,123226.0,100.0,37317.0,30.3,4690460.0,7235250.0,87.0,1746560.0,26.0,24.1,2801.0,1867.0,0.02,39.0,2.1,3.1,66.7
2026-06-17,e-영업4,매칭,Total,123150.0,123150.0,100.0,37693.0,30.6,3663840.0,6422440.0,70.0,1055400.0,19.0,16.4,2571.0,1682.0,0.02,44.0,2.6,2.7,43.2
2026-06-18,e-영업4,매칭,Total,122788.0,122788.0,100.0,36594.0,29.8,6461420.0,9633220.0,91.0,1593100.0,19.0,16.5,2683.0,1731.0,0.02,39.0,2.3,3.4,48.7
2026-06-19,e-영업4,매칭,Total,123035.0,123035.0,100.0,37050.0,30.1,4511200.0,7530700.0,78.0,1216500.0,18.0,16.2,2383.0,1513.0,0.02,44.0,2.9,3.3,40.9
2026-06-20,e-영업4,매칭,Total,122986.0,122986.0,100.0,37761.0,30.7,5972440.0,6365840.0,71.0,1087900.0,11.0,17.1,2751.0,1757.0,0.02,34.0,1.9,2.6,32.4
2026-06-21,e-영업4,매칭,Total,122925.0,122925.0,100.0,37886.0,30.8,7340830.0,9004230.0,96.0,1241500.0,14.0,13.8,2871.0,1799.0,0.02,50.0,2.8,3.3,28.0
2026-06-22,e-영업4,매칭,Total,122384.0,122384.0,100.0,37100.0,30.3,7055250.0,9389530.0,63.0,1329590.0,9.0,14.2,2731.0,1920.0,0.02,27.0,1.4,2.3,33.3
2026-06-23,e-영업4,매칭,Total,122469.0,122469.0,100.0,36117.0,29.5,6105550.0,7560050.0,73.0,1166450.0,19.0,15.4,2307.0,1470.0,0.02,48.0,3.3,3.2,39.6
2026-06-24,e-영업4,매칭,Total,122025.0,122025.0,100.0,36097.0,29.6,6463740.0,7327840.0,73.0,948000.0,17.0,12.9,2277.0,1416.0,0.02,36.0,2.5,3.2,47.2
2026-06-25,e-영업4,매칭,Total,122336.0,122336.0,100.0,35680.0,29.2,7947150.0,9942100.0,66.0,2588500.0,15.0,26.0,2034.0,1280.0,0.02,31.0,2.4,3.2,48.4
2026-06-26,e-영업4,매칭,Total,122370.0,122370.0,100.0,35188.0,28.8,5265550.0,6523350.0,71.0,966900.0,17.0,14.8,1923.0,1180.0,0.02,28.0,2.4,3.7,60.7
2026-06-27,e-영업4,매칭,Total,122325.0,122325.0,100.0,0.0,0.0,5713350.0,6630830.0,75.0,1394130.0,13.0,21.0,2172.0,1280.0,0.02,30.0,2.3,3.5,43.3
2026-06-28,e-영업4,매칭,Total,122282.0,122282.0,100.0,36398.0,29.8,7937300.0,8992900.0,99.0,2071500.0,24.0,23.0,2579.0,1581.0,0.02,55.0,3.5,3.8,43.6
2026-06-29,e-영업4,매칭,Total,122198.0,122198.0,100.0,0.0,0.0,7058330.0,10549790.0,107.0,3167040.0,29.0,30.0,2286.0,1433.0,0.02,51.0,3.6,4.7,56.9
2026-06-30,e-영업4,매칭,Total,121887.0,121887.0,100.0,35634.0,29.2,5271570.0,8438950.0,83.0,978300.0,19.0,11.6,2334.0,1475.0,0.02,45.0,3.1,3.6,42.2
2026-07-01,e-영업4,매칭,Total,122179.0,122179.0,100.0,36680.0,30.0,7671060.0,9663360.0,101.0,1506300.0,21.0,15.6,2239.0,1405.0,0.02,43.0,3.1,4.5,48.8
2026-07-02,e-영업4,매칭,Total,122236.0,122236.0,100.0,36045.0,29.5,5737380.0,8137380.0,89.0,2380060.0,23.0,29.2,2192.0,1385.0,0.02,46.0,3.3,4.1,50.0
2026-07-03,e-영업4,매칭,Total,122063.0,122063.0,100.0,35855.0,29.4,7177150.0,9246350.0,83.0,2661050.0,22.0,28.8,1978.0,1232.0,0.02,43.0,3.5,4.2,51.2
2026-07-04,e-영업4,매칭,Total,122027.0,122027.0,100.0,37152.0,30.4,8291100.0,8956900.0,84.0,2443700.0,16.0,27.3,2418.0,1480.0,0.02,44.0,3.0,3.5,36.4
2026-07-05,e-영업4,매칭,Total,121992.0,121992.0,100.0,36634.0,30.0,7046970.0,8451320.0,85.0,1419760.0,14.0,16.8,2789.0,1746.0,0.02,56.0,3.2,3.0,25.0
2026-07-06,e-영업4,매칭,Total,121906.0,121906.0,100.0,36644.0,30.1,12538770.0,14348170.0,92.0,2692610.0,19.0,18.8,3028.0,2045.0,0.02,46.0,2.2,3.0,41.3
2026-07-07,e-영업4,매칭,Total,121874.0,121874.0,100.0,36135.0,29.6,16854100.0,20100480.0,102.0,1329040.0,20.0,6.6,2756.0,1705.0,0.02,52.0,3.0,3.7,38.5
2026-07-08,e-영업4,매칭,Total,121704.0,121704.0,100.0,37694.0,31.0,6192350.0,10242650.0,84.0,2040000.0,17.0,19.9,2711.0,1729.0,0.02,51.0,2.9,3.1,33.3
2026-07-09,e-영업4,매칭,Total,121904.0,121904.0,100.0,36087.0,29.6,29846780.0,33595770.0,85.0,3220600.0,18.0,9.6,2431.0,1544.0,0.02,47.0,3.0,3.5,38.3
2026-07-10,e-영업4,매칭,Total,121461.0,121461.0,100.0,35244.0,29.0,8108190.0,10815690.0,81.0,2174860.0,14.0,20.1,2180.0,1297.0,0.02,44.0,3.4,3.7,31.8
2026-07-11,e-영업4,매칭,Total,121418.0,121418.0,100.0,36427.0,30.0,8718420.0,11408420.0,87.0,1990370.0,18.0,17.4,2678.0,1591.0,0.02,50.0,3.1,3.2,36.0
2026-07-12,e-영업4,매칭,Total,121373.0,121373.0,100.0,36585.0,30.1,8581880.0,10558980.0,112.0,1790900.0,17.0,17.0,3150.0,1821.0,0.03,54.0,3.0,3.6,31.5
2026-07-13,e-영업4,매칭,Total,120927.0,120927.0,100.0,34688.0,28.7,10390860.0,13092650.0,109.0,3745900.0,21.0,28.6,2534.0,1597.0,0.02,50.0,3.1,4.3,42.0
2026-07-14,e-영업4,매칭,Total,121412.0,121412.0,100.0,35943.0,29.6,3925020.0,7084460.0,74.0,1768940.0,16.0,25.0,2554.0,1650.0,0.02,43.0,2.6,2.9,37.2
2026-07-15,e-영업4,매칭,Total,132751.0,132751.0,100.0,39057.0,29.4,6196820.0,8516020.0,82.0,1738900.0,13.0,20.4,2512.0,1568.0,0.02,43.0,2.7,3.3,30.2
2026-07-16,e-영업4,매칭,Total,138541.0,138541.0,100.0,37461.0,27.0,4844450.0,7028850.0,64.0,2456550.0,16.0,34.9,2249.0,1431.0,0.02,44.0,3.1,2.8,36.4
2026-07-17,e-영업4,매칭,Total,140424.0,140424.0,100.0,38562.0,27.5,11125990.0,12796500.0,97.0,5386240.0,26.0,42.1,2731.0,1621.0,0.02,58.0,3.6,3.6,44.8
2026-07-18,e-영업4,매칭,Total,144094.0,144094.0,100.0,39873.0,27.7,9335300.0,11734190.0,112.0,2888690.0,25.0,24.6,3068.0,1855.0,0.02,79.0,4.3,3.7,31.6
2026-07-19,e-영업4,매칭,Total,153058.0,153058.0,100.0,42620.0,27.8,10853110.0,13766050.0,121.0,3660270.0,23.0,26.6,3737.0,2338.0,0.02,73.0,3.1,3.2,31.5
2026-07-20,e-영업4,매칭,Total,152512.0,152512.0,100.0,42537.0,27.9,5873250.0,10738250.0,117.0,2509500.0,31.0,23.4,3658.0,2404.0,0.02,74.0,3.1,3.2,41.9
2026-07-21,e-영업4,매칭,Total,152506.0,152506.0,100.0,42288.0,27.7,11329540.0,13979230.0,155.0,2880700.0,36.0,20.6,3711.0,2437.0,0.02,83.0,3.4,4.2,43.4
2026-07-22,e-영업4,매칭,Total,153684.0,153684.0,100.0,43715.0,28.4,7900570.0,11839270.0,138.0,2787790.0,36.0,23.5,3489.0,2268.0,0.02,65.0,2.9,4.0,55.4
2026-07-23,e-영업4,매칭,Total,125047.0,125047.0,100.0,34506.0,27.6,5427050.0,8586280.0,93.0,1407320.0,20.0,16.4,2614.0,2014.0,0.02,53.0,2.6,3.6,37.7
2026-07-24,e-영업4,매칭,Total,124916.0,124916.0,100.0,35029.0,28.0,5752970.0,8342970.0,102.0,987030.0,15.0,11.8,2524.0,1675.0,0.02,46.0,2.7,4.0,32.6
2026-07-25,e-영업4,매칭,Total,124901.0,124901.0,100.0,36215.0,29.0,8325990.0,9394720.0,94.0,2303570.0,19.0,24.5,2673.0,1677.0,0.02,48.0,2.9,3.5,39.6
2026-07-26,e-영업4,매칭,Total,125007.0,125007.0,100.0,36081.0,28.9,6863480.0,10298180.0,110.0,1712900.0,23.0,16.6,3515.0,2276.0,0.03,62.0,2.7,3.1,37.1
2026-07-27,e-영업4,매칭,Total,125277.0,125277.0,100.0,35074.0,28.0,4256040.0,8503480.0,89.0,2347500.0,17.0,27.6,2908.0,1937.0,0.02,54.0,2.8,3.1,31.5
2026-07-28,e-영업4,매칭,Total,125159.0,125159.0,100.0,35248.0,28.2,2430080.0,4277680.0,55.0,882780.0,12.0,20.6,2376.0,1547.0,0.02,43.0,2.8,2.3,27.9
2026-07-29,e-영업4,매칭,Total,125291.0,125291.0,100.0,35167.0,28.1,1802320.0,4771860.0,60.0,843320.0,11.0,17.7,2217.0,1440.0,0.02,29.0,2.0,2.7,37.9
2026-01-01,e-영업4,매칭,최저가,40557.0,40557.0,100.0,40557.0,100.0,2437580.0,2775580.0,34.0,600300.0,7.0,21.6,1176.0,778.0,0.03,19.0,2.4,2.9,36.8
2026-01-02,e-영업4,매칭,최저가,40898.0,40898.0,100.0,40898.0,100.0,1308890.0,2609340.0,45.0,560200.0,10.0,21.5,1184.0,792.0,0.03,16.0,2.0,3.8,62.5
2026-01-03,e-영업4,매칭,최저가,41466.0,41466.0,100.0,41466.0,100.0,1213820.0,1812290.0,26.0,472390.0,8.0,26.1,1081.0,625.0,0.03,21.0,3.4,2.4,38.1
2026-01-04,e-영업4,매칭,최저가,41497.0,41497.0,100.0,41497.0,100.0,1863720.0,2397440.0,44.0,582000.0,11.0,24.3,1290.0,793.0,0.03,20.0,2.5,3.4,55.0
2026-01-05,e-영업4,매칭,최저가,40422.0,40422.0,100.0,40422.0,100.0,914750.0,3792650.0,41.0,1710250.0,17.0,45.1,1054.0,672.0,0.03,23.0,3.4,3.9,73.9
2026-01-06,e-영업4,매칭,최저가,40168.0,40168.0,100.0,40168.0,100.0,2318690.0,4997690.0,38.0,539440.0,8.0,10.8,1021.0,633.0,0.03,19.0,3.0,3.7,42.1
2026-01-07,e-영업4,매칭,최저가,40845.0,40845.0,100.0,40845.0,100.0,2179920.0,3078560.0,41.0,603900.0,12.0,19.6,1129.0,702.0,0.03,24.0,3.4,3.6,50.0
2026-01-08,e-영업4,매칭,최저가,40879.0,40879.0,100.0,40879.0,100.0,2206620.0,2860820.0,38.0,365600.0,6.0,12.8,1086.0,684.0,0.03,15.0,2.2,3.5,40.0
2026-01-09,e-영업4,매칭,최저가,40974.0,40974.0,100.0,40974.0,100.0,7404360.0,7959160.0,25.0,366080.0,6.0,4.6,1001.0,617.0,0.02,17.0,2.8,2.5,35.3
2026-01-10,e-영업4,매칭,최저가,41892.0,41892.0,100.0,41892.0,100.0,3538740.0,4106540.0,53.0,1724580.0,13.0,42.0,1069.0,595.0,0.03,23.0,3.9,5.0,56.5
2026-01-11,e-영업4,매칭,최저가,42449.0,42449.0,100.0,42449.0,100.0,2582910.0,3498010.0,49.0,478080.0,12.0,13.7,1270.0,754.0,0.03,31.0,4.1,3.9,38.7
2026-01-12,e-영업4,매칭,최저가,42064.0,42064.0,100.0,42064.0,100.0,3051350.0,4670730.0,48.0,1110100.0,15.0,23.8,1269.0,805.0,0.03,21.0,2.6,3.8,71.4
2026-01-13,e-영업4,매칭,최저가,41467.0,41467.0,100.0,41467.0,100.0,3686230.0,5308630.0,59.0,1093640.0,19.0,20.6,1294.0,800.0,0.03,25.0,3.1,4.6,76.0
2026-01-14,e-영업4,매칭,최저가,42245.0,42245.0,100.0,42245.0,100.0,2491060.0,3255260.0,55.0,1201620.0,16.0,36.9,1390.0,865.0,0.03,34.0,3.9,4.0,47.1
2026-01-15,e-영업4,매칭,최저가,42012.0,42012.0,100.0,42012.0,100.0,1737230.0,2420900.0,46.0,451080.0,14.0,18.6,1125.0,729.0,0.03,21.0,2.9,4.1,66.7
2026-01-16,e-영업4,매칭,최저가,41032.0,41032.0,100.0,41032.0,100.0,2503880.0,2796980.0,50.0,712420.0,18.0,25.5,1016.0,595.0,0.02,36.0,6.1,4.9,50.0
2026-01-17,e-영업4,매칭,최저가,42104.0,42104.0,100.0,42104.0,100.0,3865400.0,5109500.0,55.0,1160200.0,10.0,22.7,1174.0,702.0,0.03,20.0,2.8,4.7,50.0
2026-01-18,e-영업4,매칭,최저가,42698.0,42698.0,100.0,42698.0,100.0,4934920.0,5416220.0,56.0,1989400.0,18.0,36.7,1303.0,785.0,0.03,32.0,4.1,4.3,56.3
2026-01-19,e-영업4,매칭,최저가,42068.0,42068.0,100.0,42068.0,100.0,1034230.0,3224330.0,43.0,1434920.0,13.0,44.5,1361.0,842.0,0.03,22.0,2.6,3.2,59.1
2026-01-20,e-영업4,매칭,최저가,42097.0,42097.0,100.0,42097.0,100.0,2774000.0,3611120.0,43.0,1066660.0,13.0,29.5,1290.0,795.0,0.03,24.0,3.0,3.3,54.2
2026-01-21,e-영업4,매칭,최저가,42571.0,42571.0,100.0,42571.0,100.0,3227440.0,4533540.0,44.0,1259420.0,13.0,27.8,1418.0,946.0,0.03,33.0,3.5,3.1,39.4
2026-01-22,e-영업4,매칭,최저가,42504.0,42504.0,100.0,42504.0,100.0,3203720.0,5821420.0,41.0,782200.0,13.0,13.4,1354.0,892.0,0.03,22.0,2.5,3.0,59.1
2026-01-23,e-영업4,매칭,최저가,41976.0,41976.0,100.0,41976.0,100.0,3240110.0,4158810.0,47.0,822300.0,12.0,19.8,1076.0,670.0,0.03,19.0,2.8,4.4,63.2
2026-01-24,e-영업4,매칭,최저가,42856.0,42856.0,100.0,42856.0,100.0,3263500.0,3640900.0,50.0,478700.0,12.0,13.1,1202.0,696.0,0.03,27.0,3.9,4.2,44.4
2026-01-25,e-영업4,매칭,최저가,43439.0,43439.0,100.0,43439.0,100.0,5866020.0,6209520.0,55.0,1523100.0,15.0,24.5,1463.0,906.0,0.03,29.0,3.2,3.8,51.7
2026-01-26,e-영업4,매칭,최저가,42427.0,42427.0,100.0,42427.0,100.0,2983030.0,3976130.0,59.0,610600.0,11.0,15.4,1200.0,756.0,0.03,25.0,3.3,4.9,44.0
2026-01-27,e-영업4,매칭,최저가,42359.0,42359.0,100.0,42359.0,100.0,3755620.0,4983720.0,51.0,686440.0,11.0,13.8,1218.0,746.0,0.03,34.0,4.6,4.2,32.4
2026-01-28,e-영업4,매칭,최저가,42359.0,42359.0,100.0,42359.0,100.0,826690.0,2198590.0,29.0,165700.0,5.0,7.5,1006.0,617.0,0.02,21.0,3.4,2.9,23.8
2026-01-29,e-영업4,매칭,최저가,42381.0,42381.0,100.0,42381.0,100.0,2424310.0,2522310.0,33.0,498110.0,9.0,19.7,935.0,553.0,0.02,20.0,3.6,3.5,45.0
2026-01-30,e-영업4,매칭,최저가,41891.0,41891.0,100.0,41891.0,100.0,2022140.0,2881860.0,31.0,1021000.0,8.0,35.4,759.0,449.0,0.02,13.0,2.9,4.1,61.5
2026-01-31,e-영업4,매칭,최저가,42087.0,42087.0,100.0,42087.0,100.0,1993280.0,2227380.0,24.0,227020.0,3.0,10.2,951.0,558.0,0.02,13.0,2.3,2.5,23.1
2026-02-01,e-영업4,매칭,최저가,43170.0,43170.0,100.0,43170.0,100.0,2475170.0,2925970.0,45.0,646400.0,10.0,22.1,1122.0,623.0,0.03,21.0,3.4,4.0,47.6
2026-02-02,e-영업4,매칭,최저가,42245.0,42245.0,100.0,42245.0,100.0,1299690.0,2554690.0,39.0,673250.0,11.0,26.4,1045.0,603.0,0.02,24.0,4.0,3.7,45.8
2026-02-03,e-영업4,매칭,최저가,43135.0,43135.0,100.0,43135.0,100.0,4092680.0,5271580.0,47.0,1386380.0,16.0,26.3,1306.0,793.0,0.03,33.0,4.2,3.6,48.5
2026-02-04,e-영업4,매칭,최저가,44444.0,44444.0,100.0,44444.0,100.0,5416780.0,5739380.0,53.0,1411100.0,13.0,24.6,1354.0,841.0,0.03,32.0,3.8,3.9,40.6
2026-02-05,e-영업4,매칭,최저가,44192.0,44192.0,100.0,44192.0,100.0,4698950.0,5822650.0,57.0,2012850.0,17.0,34.6,1266.0,727.0,0.03,36.0,5.0,4.5,47.2
2026-02-06,e-영업4,매칭,최저가,43691.0,43691.0,100.0,43691.0,100.0,3526700.0,4029450.0,31.0,1510500.0,9.0,37.5,1101.0,672.0,0.03,28.0,4.2,2.8,32.1
2026-02-07,e-영업4,매칭,최저가,43276.0,43276.0,100.0,43276.0,100.0,3758760.0,4793060.0,52.0,414000.0,9.0,8.6,1243.0,696.0,0.03,16.0,2.3,4.2,56.3
2026-02-08,e-영업4,매칭,최저가,43513.0,43513.0,100.0,43513.0,100.0,3980980.0,4493980.0,60.0,1773080.0,18.0,39.5,1683.0,1000.0,0.04,43.0,4.3,3.6,41.9
2026-02-09,e-영업4,매칭,최저가,43597.0,43597.0,100.0,43597.0,100.0,3095020.0,4576520.0,50.0,1366020.0,14.0,29.8,1212.0,754.0,0.03,20.0,2.7,4.1,70.0
2026-02-10,e-영업4,매칭,최저가,42790.0,42790.0,100.0,42790.0,100.0,2401620.0,3530700.0,42.0,385100.0,6.0,10.9,1015.0,630.0,0.02,15.0,2.4,4.1,40.0
2026-02-11,e-영업4,매칭,최저가,42542.0,42542.0,100.0,42542.0,100.0,2415720.0,3795320.0,37.0,242000.0,3.0,6.4,927.0,571.0,0.02,18.0,3.2,4.0,16.7
2026-02-12,e-영업4,매칭,최저가,43122.0,43122.0,100.0,43122.0,100.0,3673600.0,3898400.0,36.0,2105500.0,9.0,54.0,918.0,554.0,0.02,20.0,3.6,3.9,45.0
2026-02-13,e-영업4,매칭,최저가,42835.0,42835.0,100.0,42835.0,100.0,1555880.0,1981920.0,27.0,336200.0,5.0,17.0,902.0,553.0,0.02,16.0,2.9,3.0,31.3
2026-02-14,e-영업4,매칭,최저가,43273.0,43273.0,100.0,43273.0,100.0,1627200.0,1627200.0,18.0,420800.0,4.0,25.9,800.0,481.0,0.02,13.0,2.7,2.3,30.8
2026-02-15,e-영업4,매칭,최저가,42410.0,42410.0,100.0,42410.0,100.0,2207900.0,2554300.0,31.0,841900.0,10.0,33.0,736.0,432.0,0.02,18.0,4.2,4.2,55.6
2026-02-16,e-영업4,매칭,최저가,42589.0,42589.0,100.0,42589.0,100.0,1854400.0,1854400.0,26.0,700200.0,9.0,37.8,733.0,397.0,0.02,18.0,4.5,3.5,50.0
2026-02-17,e-영업4,매칭,최저가,43061.0,43061.0,100.0,43061.0,100.0,1978300.0,2117800.0,26.0,499300.0,6.0,23.6,787.0,465.0,0.02,18.0,3.9,3.3,33.3
2026-02-18,e-영업4,매칭,최저가,43415.0,43415.0,100.0,43415.0,100.0,4723730.0,5706530.0,56.0,2666200.0,19.0,46.7,1123.0,646.0,0.03,28.0,4.3,5.0,67.9
2026-02-19,e-영업4,매칭,최저가,44032.0,44032.0,100.0,44032.0,100.0,1806010.0,4197310.0,51.0,1047900.0,16.0,25.0,1142.0,703.0,0.03,33.0,4.7,4.5,48.5
2026-02-20,e-영업4,매칭,최저가,44201.0,44201.0,100.0,44201.0,100.0,4005790.0,6735490.0,51.0,3674800.0,17.0,54.6,1046.0,631.0,0.02,33.0,5.2,4.9,51.5
2026-02-21,e-영업4,매칭,최저가,44534.0,44534.0,100.0,44534.0,100.0,3391250.0,3725050.0,47.0,592510.0,11.0,15.9,1325.0,789.0,0.03,25.0,3.2,3.5,44.0
2026-02-22,e-영업4,매칭,최저가,44397.0,44397.0,100.0,44397.0,100.0,6562700.0,7713200.0,76.0,1051400.0,19.0,13.6,1406.0,820.0,0.03,41.0,5.0,5.4,46.3
2026-02-23,e-영업4,매칭,최저가,43939.0,43939.0,100.0,43939.0,100.0,4533700.0,5978200.0,49.0,911400.0,12.0,15.2,1196.0,740.0,0.03,29.0,3.9,4.1,41.4
2026-02-24,e-영업4,매칭,최저가,44299.0,44299.0,100.0,44299.0,100.0,1803520.0,3292220.0,46.0,578900.0,12.0,17.6,1215.0,756.0,0.03,26.0,3.4,3.8,46.2
2026-02-25,e-영업4,매칭,최저가,46107.0,46107.0,100.0,46107.0,100.0,1993030.0,3174850.0,49.0,876000.0,15.0,27.6,1299.0,863.0,0.03,30.0,3.5,3.8,50.0
2026-02-26,e-영업4,매칭,최저가,45444.0,45444.0,100.0,45444.0,100.0,1403400.0,2583600.0,42.0,483000.0,13.0,18.7,1196.0,751.0,0.03,21.0,2.8,3.5,61.9
2026-02-27,e-영업4,매칭,최저가,45256.0,45256.0,100.0,45256.0,100.0,2541300.0,3452885.0,35.0,913800.0,14.0,26.5,934.0,579.0,0.02,27.0,4.7,3.7,51.9
2026-02-28,e-영업4,매칭,최저가,44843.0,44843.0,100.0,44843.0,100.0,2722650.0,2722650.0,42.0,823000.0,16.0,30.2,1031.0,630.0,0.02,34.0,5.4,4.1,47.1
2026-03-01,e-영업4,매칭,최저가,45317.0,45317.0,100.0,45317.0,100.0,3330100.0,3574900.0,49.0,826100.0,11.0,23.1,1291.0,776.0,0.03,25.0,3.2,3.8,44.0
2026-03-02,e-영업4,매칭,최저가,45694.0,45694.0,100.0,45694.0,100.0,3855450.0,4941000.0,53.0,899700.0,14.0,18.2,1454.0,883.0,0.03,47.0,5.3,3.6,29.8
2026-03-03,e-영업4,매칭,최저가,44985.0,44985.0,100.0,44985.0,100.0,3177550.0,4403950.0,39.0,1267500.0,11.0,28.8,1098.0,703.0,0.02,20.0,2.8,3.6,55.0
2026-03-04,e-영업4,매칭,최저가,37157.0,37157.0,100.0,37157.0,100.0,2604600.0,3318500.0,38.0,1248600.0,8.0,37.6,788.0,473.0,0.02,19.0,4.0,4.8,42.1
2026-03-05,e-영업4,매칭,최저가,37407.0,37407.0,100.0,37407.0,100.0,1246250.0,1466350.0,23.0,459350.0,9.0,31.3,808.0,483.0,0.02,23.0,4.8,2.8,39.1
2026-03-06,e-영업4,매칭,최저가,37008.0,37008.0,100.0,37008.0,100.0,3677060.0,4092460.0,36.0,735960.0,9.0,18.0,728.0,415.0,0.02,16.0,3.9,4.9,56.3
2026-03-07,e-영업4,매칭,최저가,45390.0,45390.0,100.0,45390.0,100.0,3077150.0,3870150.0,47.0,1296500.0,14.0,33.5,1057.0,628.0,0.02,21.0,3.3,4.4,66.7
2026-03-08,e-영업4,매칭,최저가,37198.0,37198.0,100.0,37198.0,100.0,1487040.0,1992840.0,23.0,173000.0,3.0,8.7,745.0,419.0,0.02,12.0,2.9,3.1,25.0
2026-03-09,e-영업4,매칭,최저가,37605.0,37605.0,100.0,37605.0,100.0,1594400.0,2261400.0,31.0,1214400.0,15.0,53.7,700.0,399.0,0.02,17.0,4.3,4.4,88.2
2026-03-10,e-영업4,매칭,최저가,45538.0,45538.0,100.0,45538.0,100.0,961040.0,1801240.0,25.0,1251340.0,12.0,69.5,959.0,583.0,0.02,25.0,4.3,2.6,48.0
2026-03-11,e-영업4,매칭,최저가,37949.0,37949.0,100.0,37949.0,100.0,3360940.0,3558840.0,31.0,931740.0,6.0,26.2,690.0,419.0,0.02,17.0,4.1,4.5,35.3
2026-03-12,e-영업4,매칭,최저가,37967.0,37967.0,100.0,37967.0,100.0,223300.0,1621600.0,21.0,497000.0,3.0,30.6,636.0,391.0,0.02,16.0,4.1,3.3,18.8
2026-03-13,e-영업4,매칭,최저가,,,,,,,,,,,,,,,,,,
2026-03-14,e-영업4,매칭,최저가,38004.0,38004.0,100.0,38004.0,100.0,2660340.0,2696340.0,31.0,959240.0,9.0,35.6,776.0,482.0,0.02,13.0,2.7,4.0,69.2
2026-03-15,e-영업4,매칭,최저가,45528.0,45528.0,100.0,45528.0,100.0,3852220.0,5326520.0,59.0,1237020.0,18.0,23.2,1366.0,821.0,0.03,35.0,4.3,4.3,51.4
2026-03-16,e-영업4,매칭,최저가,38145.0,38145.0,100.0,38145.0,100.0,3082540.0,4503140.0,36.0,1494100.0,9.0,33.2,832.0,542.0,0.02,21.0,3.9,4.3,42.9
2026-03-17,e-영업4,매칭,최저가,37760.0,37760.0,100.0,37760.0,100.0,337210.0,1521810.0,24.0,386910.0,8.0,25.4,781.0,483.0,0.02,14.0,2.9,3.1,57.1
2026-03-18,e-영업4,매칭,최저가,38391.0,38391.0,100.0,38391.0,100.0,2713010.0,3447010.0,36.0,1032200.0,10.0,29.9,814.0,518.0,0.02,24.0,4.6,4.4,41.7
2026-03-19,e-영업4,매칭,최저가,44710.0,44710.0,100.0,44710.0,100.0,6193060.0,6633700.0,38.0,507900.0,8.0,7.7,1033.0,645.0,0.02,29.0,4.5,3.7,27.6
2026-03-20,e-영업4,매칭,최저가,44305.0,44305.0,100.0,44305.0,100.0,694180.0,2015780.0,29.0,661500.0,8.0,32.8,940.0,586.0,0.02,20.0,3.4,3.1,40.0
2026-03-21,e-영업4,매칭,최저가,42075.0,42075.0,100.0,42075.0,100.0,2842580.0,3417620.0,41.0,168900.0,2.0,4.9,821.0,466.0,0.02,11.0,2.4,5.0,18.2
2026-03-22,e-영업4,매칭,최저가,42482.0,42482.0,100.0,42482.0,100.0,4393460.0,4830460.0,43.0,576000.0,8.0,11.9,1010.0,573.0,0.02,20.0,3.5,4.3,40.0
2026-03-23,e-영업4,매칭,최저가,36237.0,36237.0,100.0,36237.0,100.0,1068390.0,2147690.0,27.0,592400.0,8.0,27.6,588.0,330.0,0.02,12.0,3.6,4.6,66.7
2026-03-24,e-영업4,매칭,최저가,37095.0,37095.0,100.0,37095.0,100.0,541100.0,1104100.0,20.0,204200.0,5.0,18.5,669.0,391.0,0.02,10.0,2.6,3.0,50.0
2026-03-25,e-영업4,매칭,최저가,37320.0,37320.0,100.0,37320.0,100.0,1525670.0,1759870.0,25.0,307820.0,7.0,17.5,661.0,402.0,0.02,11.0,2.7,3.8,63.6
2026-03-26,e-영업4,매칭,최저가,36256.0,36256.0,100.0,36256.0,100.0,476590.0,1178990.0,19.0,299900.0,6.0,25.4,550.0,325.0,0.02,8.0,2.5,3.5,75.0
2026-03-27,e-영업4,매칭,최저가,36226.0,36226.0,100.0,36226.0,100.0,1367140.0,1572340.0,17.0,652140.0,4.0,41.5,547.0,335.0,0.02,9.0,2.7,3.1,44.4
2026-03-28,e-영업4,매칭,최저가,41439.0,41439.0,100.0,41439.0,100.0,2776170.0,3182170.0,33.0,1004700.0,10.0,31.6,918.0,550.0,0.02,14.0,2.5,3.6,71.4
2026-03-29,e-영업4,매칭,최저가,41657.0,41657.0,100.0,41657.0,100.0,2966550.0,3409250.0,39.0,670100.0,6.0,19.7,1236.0,751.0,0.03,14.0,1.9,3.2,42.9
2026-03-30,e-영업4,매칭,최저가,41667.0,41667.0,100.0,41667.0,100.0,1676800.0,2808300.0,46.0,1329400.0,15.0,47.3,977.0,555.0,0.02,27.0,4.9,4.7,55.6
2026-03-31,e-영업4,매칭,최저가,36267.0,36267.0,100.0,36267.0,100.0,2136390.0,2741390.0,37.0,1037690.0,14.0,37.9,707.0,433.0,0.02,21.0,4.8,5.2,66.7
2026-04-01,e-영업4,매칭,최저가,37523.0,37523.0,100.0,37523.0,100.0,610800.0,1340700.0,20.0,518200.0,8.0,38.7,721.0,429.0,0.02,24.0,5.6,2.8,33.3
2026-04-02,e-영업4,매칭,최저가,41172.0,41172.0,100.0,41172.0,100.0,1459930.0,2019430.0,36.0,451500.0,9.0,22.4,994.0,618.0,0.02,24.0,3.9,3.6,37.5
2026-04-03,e-영업4,매칭,최저가,38393.0,38393.0,100.0,38393.0,100.0,2128300.0,2495300.0,30.0,319100.0,6.0,12.8,848.0,482.0,0.02,17.0,3.5,3.5,35.3
2026-04-04,e-영업4,매칭,최저가,38621.0,38621.0,100.0,38621.0,100.0,2621300.0,4301200.0,35.0,500700.0,6.0,11.6,1005.0,607.0,0.03,32.0,5.3,3.5,18.8
2026-04-05,e-영업4,매칭,최저가,38871.0,38871.0,100.0,38871.0,100.0,4481570.0,4481570.0,57.0,337000.0,11.0,7.5,1138.0,664.0,0.03,28.0,4.2,5.0,39.3
2026-04-06,e-영업4,매칭,최저가,35331.0,35331.0,100.0,35331.0,100.0,1204890.0,1810190.0,20.0,458590.0,5.0,25.3,723.0,436.0,0.02,13.0,3.0,2.8,38.5
2026-04-07,e-영업4,매칭,최저가,38341.0,38341.0,100.0,38341.0,100.0,4107850.0,4501800.0,53.0,1032300.0,12.0,22.9,1110.0,665.0,0.03,29.0,4.4,4.8,41.4
2026-04-08,e-영업4,매칭,최저가,35652.0,35652.0,100.0,35652.0,100.0,3825060.0,4543360.0,36.0,741060.0,8.0,16.3,709.0,406.0,0.02,18.0,4.4,5.1,44.4
2026-04-09,e-영업4,매칭,최저가,35585.0,35585.0,100.0,35585.0,100.0,2449500.0,3378200.0,28.0,1788700.0,5.0,52.9,603.0,339.0,0.02,13.0,3.8,4.6,38.5
2026-04-10,e-영업4,매칭,최저가,39121.0,39121.0,100.0,39121.0,100.0,1640620.0,2533920.0,33.0,360400.0,6.0,14.2,839.0,538.0,0.02,19.0,3.5,3.9,31.6
2026-04-11,e-영업4,매칭,최저가,38744.0,38744.0,100.0,38744.0,100.0,2560860.0,2750560.0,48.0,851880.0,17.0,31.0,970.0,589.0,0.03,28.0,4.8,4.9,60.7
2026-04-12,e-영업4,매칭,최저가,39238.0,39238.0,100.0,39238.0,100.0,4198120.0,4993220.0,69.0,870600.0,14.0,17.4,1153.0,686.0,0.03,38.0,5.5,6.0,36.8
2026-04-13,e-영업4,매칭,최저가,38507.0,38507.0,100.0,38507.0,100.0,2341740.0,2777240.0,47.0,1065600.0,14.0,38.4,1045.0,675.0,0.03,29.0,4.3,4.5,48.3
2026-04-14,e-영업4,매칭,최저가,38771.0,38771.0,100.0,38771.0,100.0,2408770.0,3267270.0,39.0,476900.0,8.0,14.6,1178.0,780.0,0.03,24.0,3.1,3.3,33.3
2026-04-15,e-영업4,매칭,최저가,38953.0,38953.0,100.0,38953.0,100.0,2325420.0,2888720.0,37.0,601600.0,13.0,20.8,1074.0,693.0,0.03,29.0,4.2,3.4,44.8
2026-04-16,e-영업4,매칭,최저가,39196.0,39196.0,100.0,39196.0,100.0,3039210.0,3326010.0,38.0,720800.0,10.0,21.7,976.0,621.0,0.02,24.0,3.9,3.9,41.7
2026-04-17,e-영업4,매칭,최저가,38730.0,38730.0,100.0,38730.0,100.0,2511800.0,3198500.0,35.0,864400.0,11.0,27.0,830.0,492.0,0.02,22.0,4.5,4.2,50.0
2026-04-18,e-영업4,매칭,최저가,39077.0,39077.0,100.0,39077.0,100.0,2551490.0,3018890.0,33.0,892210.0,8.0,29.6,853.0,496.0,0.02,14.0,2.8,3.9,57.1
2026-04-19,e-영업4,매칭,최저가,39887.0,39887.0,100.0,39887.0,100.0,4264050.0,4676350.0,64.0,1447100.0,16.0,30.9,1148.0,648.0,0.03,39.0,6.0,5.6,41.0
2026-04-20,e-영업4,매칭,최저가,39897.0,39897.0,100.0,39897.0,100.0,2665700.0,3243130.0,53.0,616400.0,11.0,19.0,1067.0,642.0,0.03,25.0,3.9,5.0,44.0
2026-04-21,e-영업4,매칭,최저가,40677.0,40677.0,100.0,40677.0,100.0,1938950.0,3134700.0,46.0,557200.0,12.0,17.8,977.0,566.0,0.02,23.0,4.1,4.7,52.2
2026-04-22,e-영업4,매칭,최저가,39092.0,39092.0,100.0,39092.0,100.0,2169110.0,3661810.0,39.0,1481410.0,11.0,40.5,809.0,469.0,0.02,10.0,2.1,4.8,110.0
2026-04-23,e-영업4,매칭,최저가,37430.0,37430.0,100.0,37430.0,100.0,2022100.0,2546700.0,29.0,733600.0,10.0,28.8,715.0,436.0,0.02,18.0,4.1,4.1,55.6
2026-04-24,e-영업4,매칭,최저가,,,,,,,,,,,,,,,,,,
2026-04-25,e-영업4,매칭,최저가,,,,,,,,,,,,,,,,,,
2026-04-26,e-영업4,매칭,최저가,,,,,,,,,,,,,,,,,,
2026-04-27,e-영업4,매칭,최저가,,,,,,,,,,,,,,,,,,
2026-04-28,e-영업4,매칭,최저가,,,,,,,,,,,,,,,,,,
2026-04-29,e-영업4,매칭,최저가,,,,,,,,,,,,,,,,,,
2026-04-30,e-영업4,매칭,최저가,39030.0,39030.0,100.0,39030.0,100.0,1517600.0,2032000.0,24.0,494600.0,4.0,24.3,899.0,646.0,0.02,11.0,1.7,2.7,36.4
2026-05-01,e-영업4,매칭,최저가,39210.0,39210.0,100.0,39210.0,100.0,4144770.0,4387590.0,86.0,2423420.0,40.0,55.2,1204.0,751.0,0.03,64.0,8.5,7.1,62.5
2026-05-02,e-영업4,매칭,최저가,39298.0,39298.0,100.0,39298.0,100.0,4166340.0,4166340.0,41.0,724500.0,11.0,17.4,1194.0,795.0,0.03,21.0,2.6,3.4,52.4
2026-05-03,e-영업4,매칭,최저가,38290.0,38290.0,100.0,38290.0,100.0,3413300.0,4024000.0,45.0,814500.0,12.0,20.2,1473.0,1027.0,0.04,31.0,3.0,3.1,38.7
2026-05-04,e-영업4,매칭,최저가,,,,,,,,,,,,,,,,,,
2026-05-05,e-영업4,매칭,최저가,36190.0,36190.0,100.0,36190.0,100.0,2338110.0,2667110.0,36.0,666030.0,13.0,25.0,1212.0,819.0,0.03,17.0,2.1,3.0,76.5
2026-05-06,e-영업4,매칭,최저가,37829.0,37829.0,100.0,37829.0,100.0,3352090.0,4101930.0,37.0,1121420.0,11.0,27.3,1120.0,790.0,0.03,18.0,2.3,3.3,61.1
2026-05-07,e-영업4,매칭,최저가,,,,,,,,,,,,,,,,,,
2026-05-08,e-영업4,매칭,최저가,38266.0,38266.0,100.0,38266.0,100.0,2888060.0,3677170.0,29.0,953900.0,7.0,25.9,865.0,580.0,0.02,20.0,3.4,3.4,35.0
2026-05-09,e-영업4,매칭,최저가,,,,,,,,,,,,,,,,,,
2026-05-10,e-영업4,매칭,최저가,,,,,,,,,,,,,,,,,,
2026-05-11,e-영업4,매칭,최저가,38251.0,38251.0,100.0,38251.0,100.0,2078000.0,2896500.0,40.0,451300.0,5.0,15.6,1177.0,801.0,0.03,11.0,1.4,3.4,45.5
2026-05-12,e-영업4,매칭,최저가,38248.0,38248.0,100.0,38248.0,100.0,2098730.0,3147930.0,41.0,962300.0,11.0,30.6,1170.0,819.0,0.03,25.0,3.1,3.5,44.0
2026-05-13,e-영업4,매칭,최저가,38529.0,38529.0,100.0,38529.0,100.0,3954030.0,5475030.0,42.0,818500.0,8.0,14.9,1258.0,895.0,0.03,17.0,1.9,3.3,47.1
2026-05-14,e-영업4,매칭,최저가,38362.0,38362.0,100.0,38362.0,100.0,1379750.0,1819460.0,32.0,329300.0,7.0,18.1,1172.0,854.0,0.03,19.0,2.2,2.7,36.8
2026-05-15,e-영업4,매칭,최저가,37667.0,37667.0,100.0,37667.0,100.0,632120.0,2348820.0,30.0,870900.0,8.0,37.1,1000.0,691.0,0.03,21.0,3.0,3.0,38.1
2026-05-16,e-영업4,매칭,최저가,38954.0,38954.0,100.0,38954.0,100.0,3126900.0,3201900.0,44.0,648400.0,8.0,20.3,1007.0,677.0,0.03,17.0,2.5,4.4,47.1
2026-05-17,e-영업4,매칭,최저가,38416.0,38416.0,100.0,38416.0,100.0,3350010.0,3549710.0,47.0,336100.0,8.0,9.5,1265.0,857.0,0.03,24.0,2.8,3.7,33.3
2026-05-18,e-영업4,매칭,최저가,37352.0,37352.0,100.0,37352.0,100.0,2344910.0,3313110.0,44.0,891400.0,10.0,26.9,1022.0,689.0,0.03,15.0,2.2,4.3,66.7
2026-05-19,e-영업4,매칭,최저가,36898.0,36898.0,100.0,36898.0,100.0,1769093.0,2235143.0,27.0,469000.0,4.0,21.0,946.0,648.0,0.03,11.0,1.7,2.9,36.4
2026-05-20,e-영업4,매칭,최저가,38152.0,38152.0,100.0,38152.0,100.0,2032600.0,2876300.0,22.0,1263600.0,8.0,43.9,889.0,620.0,0.02,15.0,2.4,2.5,53.3
2026-05-21,e-영업4,매칭,최저가,37069.0,37069.0,100.0,37069.0,100.0,1245100.0,1441400.0,23.0,234900.0,6.0,16.3,857.0,618.0,0.02,11.0,1.8,2.7,54.5
2026-05-22,e-영업4,매칭,최저가,38041.0,38041.0,100.0,38041.0,100.0,1337900.0,2480000.0,24.0,603100.0,4.0,24.3,853.0,585.0,0.02,7.0,1.2,2.8,57.1
2026-05-23,e-영업4,매칭,최저가,38328.0,38328.0,100.0,38328.0,100.0,1417300.0,1749800.0,24.0,59000.0,1.0,3.4,910.0,618.0,0.02,9.0,1.5,2.6,11.1
2026-05-24,e-영업4,매칭,최저가,38599.0,38599.0,100.0,38599.0,100.0,2477300.0,3296300.0,35.0,510600.0,8.0,15.5,1027.0,675.0,0.03,13.0,1.9,3.4,61.5
2026-05-25,e-영업4,매칭,최저가,37373.0,37373.0,100.0,37373.0,100.0,1771140.0,2845340.0,27.0,1018790.0,7.0,35.8,1049.0,706.0,0.03,14.0,2.0,2.6,50.0
2026-05-26,e-영업4,매칭,최저가,,,,,,,,,,,,,,,,,,
2026-05-27,e-영업4,매칭,최저가,36828.0,36828.0,100.0,36828.0,100.0,757200.0,1815400.0,25.0,155400.0,3.0,8.6,998.0,686.0,0.03,10.0,1.5,2.5,30.0
2026-05-28,e-영업4,매칭,최저가,38515.0,38515.0,100.0,38515.0,100.0,1555060.0,2174160.0,25.0,556800.0,8.0,25.6,967.0,652.0,0.03,19.0,2.9,2.6,42.1
2026-05-29,e-영업4,매칭,최저가,38291.0,38291.0,100.0,38291.0,100.0,892700.0,1204700.0,18.0,375100.0,6.0,31.1,877.0,624.0,0.02,14.0,2.2,2.1,42.9
2026-05-30,e-영업4,매칭,최저가,38758.0,38758.0,100.0,38758.0,100.0,3129850.0,3699950.0,42.0,684810.0,8.0,18.5,1035.0,700.0,0.03,22.0,3.1,4.1,36.4
2026-05-31,e-영업4,매칭,최저가,38901.0,38901.0,100.0,38901.0,100.0,2594150.0,2743750.0,40.0,689100.0,9.0,25.1,1133.0,748.0,0.03,23.0,3.1,3.5,39.1
2026-06-01,e-영업4,매칭,최저가,38281.0,38281.0,100.0,38281.0,100.0,2680000.0,3168400.0,36.0,564500.0,9.0,17.8,1082.0,748.0,0.03,19.0,2.5,3.3,47.4
2026-06-02,e-영업4,매칭,최저가,38584.0,38584.0,100.0,38584.0,100.0,1417430.0,2277630.0,30.0,448900.0,10.0,19.7,1020.0,723.0,0.03,10.0,1.4,2.9,100.0
2026-06-03,e-영업4,매칭,최저가,38925.0,38925.0,100.0,38925.0,100.0,3553820.0,4191820.0,49.0,579200.0,7.0,13.8,1101.0,739.0,0.03,18.0,2.4,4.5,38.9
2026-06-04,e-영업4,매칭,최저가,37934.0,37934.0,100.0,37934.0,100.0,1030600.0,1710100.0,24.0,472700.0,5.0,27.6,885.0,634.0,0.02,13.0,2.1,2.7,38.5
2026-06-05,e-영업4,매칭,최저가,36174.0,36174.0,100.0,36174.0,100.0,1284100.0,1401000.0,15.0,151300.0,2.0,10.8,699.0,486.0,0.02,3.0,0.6,2.1,66.7
2026-06-06,e-영업4,매칭,최저가,38223.0,38223.0,100.0,38223.0,100.0,2704950.0,2960550.0,33.0,270800.0,5.0,9.1,889.0,594.0,0.02,15.0,2.5,3.7,33.3
2026-06-07,e-영업4,매칭,최저가,38483.0,38483.0,100.0,38483.0,100.0,3251960.0,3396260.0,31.0,1745240.0,13.0,51.4,906.0,590.0,0.02,21.0,3.6,3.4,61.9
2026-06-08,e-영업4,매칭,최저가,,,,,,,,,,,,,,,,,,
2026-06-09,e-영업4,매칭,최저가,,,,,,,,,,,,,,,,,,
2026-06-10,e-영업4,매칭,최저가,37656.0,37656.0,100.0,37656.0,100.0,641500.0,1769770.0,29.0,240070.0,5.0,13.6,938.0,644.0,0.02,15.0,2.3,3.1,33.3
2026-06-11,e-영업4,매칭,최저가,37800.0,37800.0,100.0,37800.0,100.0,1720100.0,2099100.0,17.0,179000.0,2.0,8.5,927.0,661.0,0.02,8.0,1.2,1.8,25.0
2026-06-12,e-영업4,매칭,최저가,38569.0,38569.0,100.0,38569.0,100.0,1862400.0,2325500.0,38.0,280300.0,6.0,12.1,895.0,593.0,0.02,13.0,2.2,4.2,46.2
2026-06-13,e-영업4,매칭,최저가,38199.0,38199.0,100.0,38199.0,100.0,2016050.0,2373050.0,31.0,997150.0,10.0,42.0,814.0,530.0,0.02,14.0,2.6,3.8,71.4
2026-06-14,e-영업4,매칭,최저가,38196.0,38196.0,100.0,38196.0,100.0,2046600.0,2757000.0,35.0,804300.0,12.0,29.2,987.0,642.0,0.03,11.0,1.7,3.5,109.1
2026-06-15,e-영업4,매칭,최저가,37710.0,37710.0,100.0,37710.0,100.0,1693400.0,2223400.0,32.0,671500.0,9.0,30.2,692.0,445.0,0.02,11.0,2.5,4.6,81.8
2026-06-16,e-영업4,매칭,최저가,37317.0,37317.0,100.0,37317.0,100.0,1945490.0,2186490.0,25.0,430990.0,8.0,19.7,761.0,496.0,0.02,12.0,2.4,3.3,66.7
2026-06-17,e-영업4,매칭,최저가,37693.0,37693.0,100.0,37693.0,100.0,600290.0,1264890.0,15.0,135400.0,4.0,10.7,686.0,457.0,0.02,11.0,2.4,2.2,36.4
2026-06-18,e-영업4,매칭,최저가,36594.0,36594.0,100.0,36594.0,100.0,1249120.0,1538920.0,22.0,592200.0,6.0,38.5,659.0,416.0,0.02,14.0,3.4,3.3,42.9
2026-06-19,e-영업4,매칭,최저가,37050.0,37050.0,100.0,37050.0,100.0,550700.0,1296900.0,17.0,330400.0,4.0,25.5,671.0,424.0,0.02,13.0,3.1,2.5,30.8
2026-06-20,e-영업4,매칭,최저가,37761.0,37761.0,100.0,37761.0,100.0,1439800.0,1706200.0,19.0,314500.0,5.0,18.4,733.0,446.0,0.02,10.0,2.2,2.6,50.0
2026-06-21,e-영업4,매칭,최저가,37886.0,37886.0,100.0,37886.0,100.0,2511730.0,2899330.0,31.0,206400.0,5.0,7.1,818.0,501.0,0.02,13.0,2.6,3.8,38.5
2026-06-22,e-영업4,매칭,최저가,37100.0,37100.0,100.0,37100.0,100.0,863500.0,1076400.0,14.0,148400.0,2.0,13.8,769.0,530.0,0.02,7.0,1.3,1.8,28.6
2026-06-23,e-영업4,매칭,최저가,36117.0,36117.0,100.0,36117.0,100.0,2942540.0,3391440.0,24.0,226500.0,4.0,6.7,622.0,392.0,0.02,9.0,2.3,3.9,44.4
2026-06-24,e-영업4,매칭,최저가,36097.0,36097.0,100.0,36097.0,100.0,381800.0,655000.0,15.0,122400.0,3.0,18.7,631.0,386.0,0.02,10.0,2.6,2.4,30.0
2026-06-25,e-영업4,매칭,최저가,35680.0,35680.0,100.0,35680.0,100.0,1994000.0,2206000.0,22.0,858900.0,6.0,38.9,488.0,288.0,0.01,10.0,3.5,4.5,60.0
2026-06-26,e-영업4,매칭,최저가,35188.0,35188.0,100.0,35188.0,100.0,763370.0,1342870.0,16.0,326000.0,5.0,24.3,470.0,274.0,0.01,7.0,2.6,3.4,71.4
2026-06-27,e-영업4,매칭,최저가,,,,,,,,,,,,,,,,,,
2026-06-28,e-영업4,매칭,최저가,36398.0,36398.0,100.0,36398.0,100.0,991650.0,1373650.0,22.0,168250.0,5.0,12.2,652.0,398.0,0.02,12.0,3.0,3.4,41.7
2026-06-29,e-영업4,매칭,최저가,,,,,,,,,,,,,,,,,,
2026-06-30,e-영업4,매칭,최저가,35634.0,35634.0,100.0,35634.0,100.0,624200.0,2222380.0,22.0,534500.0,10.0,24.1,583.0,361.0,0.02,19.0,5.3,3.8,52.6
2026-07-01,e-영업4,매칭,최저가,36680.0,36680.0,100.0,36680.0,100.0,1017400.0,1790400.0,20.0,426600.0,6.0,23.8,557.0,345.0,0.02,7.0,2.0,3.6,85.7
2026-07-02,e-영업4,매칭,최저가,36045.0,36045.0,100.0,36045.0,100.0,1757800.0,1888600.0,16.0,801600.0,5.0,42.4,582.0,363.0,0.02,6.0,1.7,2.7,83.3
2026-07-03,e-영업4,매칭,최저가,35855.0,35855.0,100.0,35855.0,100.0,1639900.0,1775200.0,21.0,421400.0,7.0,23.7,498.0,279.0,0.01,9.0,3.2,4.2,77.8
2026-07-04,e-영업4,매칭,최저가,37152.0,37152.0,100.0,37152.0,100.0,1226900.0,1226900.0,21.0,146000.0,2.0,11.9,645.0,379.0,0.02,12.0,3.2,3.3,16.7
2026-07-05,e-영업4,매칭,최저가,36634.0,36634.0,100.0,36634.0,100.0,1126350.0,1235850.0,17.0,270700.0,3.0,21.9,719.0,442.0,0.02,10.0,2.3,2.4,30.0
2026-07-06,e-영업4,매칭,최저가,36644.0,36644.0,100.0,36644.0,100.0,4851000.0,5052800.0,25.0,1542300.0,7.0,30.5,779.0,526.0,0.02,16.0,3.0,3.2,43.8
2026-07-07,e-영업4,매칭,최저가,36135.0,36135.0,100.0,36135.0,100.0,2380000.0,2854400.0,26.0,268900.0,3.0,9.4,734.0,447.0,0.02,17.0,3.8,3.5,17.6
2026-07-08,e-영업4,매칭,최저가,37694.0,37694.0,100.0,37694.0,100.0,654200.0,1104200.0,16.0,264700.0,4.0,24.0,679.0,433.0,0.02,7.0,1.6,2.4,57.1
2026-07-09,e-영업4,매칭,최저가,36087.0,36087.0,100.0,36087.0,100.0,731300.0,1031000.0,17.0,70800.0,2.0,6.9,566.0,339.0,0.02,9.0,2.7,3.0,22.2
2026-07-10,e-영업4,매칭,최저가,35244.0,35244.0,100.0,35244.0,100.0,919900.0,919900.0,12.0,126200.0,2.0,13.7,518.0,309.0,0.01,8.0,2.6,2.3,25.0
2026-07-11,e-영업4,매칭,최저가,36427.0,36427.0,100.0,36427.0,100.0,1777150.0,1842050.0,18.0,452850.0,5.0,24.6,681.0,399.0,0.02,16.0,4.0,2.6,31.3
2026-07-12,e-영업4,매칭,최저가,36585.0,36585.0,100.0,36585.0,100.0,1693800.0,1732800.0,20.0,130700.0,3.0,7.5,742.0,421.0,0.02,8.0,1.9,2.7,37.5
2026-07-13,e-영업4,매칭,최저가,34688.0,34688.0,100.0,34688.0,100.0,1058250.0,1376250.0,25.0,237700.0,4.0,17.3,634.0,395.0,0.02,17.0,4.3,3.9,23.5
2026-07-14,e-영업4,매칭,최저가,35943.0,35943.0,100.0,35943.0,100.0,2408600.0,2692200.0,29.0,937300.0,9.0,34.8,792.0,492.0,0.02,17.0,3.5,3.7,52.9
2026-07-15,e-영업4,매칭,최저가,39057.0,39057.0,100.0,39057.0,100.0,2294530.0,2825330.0,32.0,441000.0,4.0,15.6,797.0,503.0,0.02,16.0,3.2,4.0,25.0
2026-07-16,e-영업4,매칭,최저가,37461.0,37461.0,100.0,37461.0,100.0,1822350.0,2231550.0,22.0,965150.0,10.0,43.3,704.0,437.0,0.02,19.0,4.3,3.1,52.6
2026-07-17,e-영업4,매칭,최저가,38562.0,38562.0,100.0,38562.0,100.0,4493020.0,5229670.0,32.0,2256020.0,6.0,43.1,716.0,394.0,0.02,18.0,4.6,4.5,33.3
2026-07-18,e-영업4,매칭,최저가,39873.0,39873.0,100.0,39873.0,100.0,3867100.0,4203300.0,48.0,1135400.0,12.0,27.0,944.0,527.0,0.02,31.0,5.9,5.1,38.7
2026-07-19,e-영업4,매칭,최저가,42620.0,42620.0,100.0,42620.0,100.0,4115800.0,5082400.0,44.0,2256900.0,10.0,44.4,1191.0,712.0,0.03,24.0,3.4,3.7,41.7
2026-07-20,e-영업4,매칭,최저가,42537.0,42537.0,100.0,42537.0,100.0,1436200.0,2983800.0,44.0,1027700.0,15.0,34.4,1137.0,718.0,0.03,28.0,3.9,3.9,53.6
2026-07-21,e-영업4,매칭,최저가,42288.0,42288.0,100.0,42288.0,100.0,3023030.0,3555330.0,52.0,660430.0,12.0,18.6,1212.0,781.0,0.03,30.0,3.8,4.3,40.0
2026-07-22,e-영업4,매칭,최저가,43715.0,43715.0,100.0,43715.0,100.0,2103800.0,2358200.0,44.0,633650.0,13.0,26.9,1176.0,740.0,0.03,21.0,2.8,3.7,61.9
2026-07-23,e-영업4,매칭,최저가,34506.0,34506.0,100.0,34506.0,100.0,530400.0,1466320.0,24.0,213400.0,5.0,14.6,719.0,445.0,0.02,13.0,2.9,3.3,38.5
2026-07-24,e-영업4,매칭,최저가,35029.0,35029.0,100.0,35029.0,100.0,1166700.0,1918700.0,35.0,410200.0,6.0,21.4,721.0,442.0,0.02,18.0,4.1,4.9,33.3
2026-07-25,e-영업4,매칭,최저가,36215.0,36215.0,100.0,36215.0,100.0,1573100.0,1681600.0,26.0,457400.0,8.0,27.2,798.0,463.0,0.02,18.0,3.9,3.3,44.4
2026-07-26,e-영업4,매칭,최저가,36081.0,36081.0,100.0,36081.0,100.0,1610100.0,2154200.0,34.0,409500.0,8.0,19.0,1010.0,617.0,0.03,16.0,2.6,3.4,50.0
2026-07-27,e-영업4,매칭,최저가,35074.0,35074.0,100.0,35074.0,100.0,1067310.0,2042310.0,25.0,396650.0,4.0,19.4,747.0,491.0,0.02,17.0,3.5,3.3,23.5
2026-07-28,e-영업4,매칭,최저가,35248.0,35248.0,100.0,35248.0,100.0,395200.0,743000.0,12.0,195400.0,4.0,26.3,567.0,335.0,0.02,11.0,3.3,2.1,36.4
2026-07-29,e-영업4,매칭,최저가,35167.0,35167.0,100.0,35167.0,100.0,1049750.0,1128750.0,17.0,107900.0,2.0,9.6,528.0,320.0,0.02,6.0,1.9,3.2,33.3
