날짜,BPU,회원구분,CR,객단가,거래액,구매객수,트래픽
2025-01-01,Total,기존,8.89917695473251,193620.19618146785,100488881.81818181,519.0,5832.0
2025-01-02,Total,기존,5.840071877807727,157338.0839160839,51134877.272727266,325.0,5565.0
2025-01-03,Total,기존,7.363636363636364,216481.8855218855,87675163.63636363,405.0,5500.0
2025-01-04,Total,기존,8.583264291632146,201905.8266058266,104587218.18181817,518.0,6035.0
2025-01-05,Total,기존,9.530815759359163,216131.81818181815,126004849.99999999,583.0,6117.0
2025-01-06,Total,기존,6.793573174991267,157655.2932928254,61327909.090909086,389.0,5726.0
2025-01-07,Total,기존,7.18093446221386,229786.72687574432,105242320.9090909,458.0,6378.0
2025-01-08,Total,기존,8.964764577486747,220997.98735177863,127073842.72727272,575.0,6414.0
2025-01-09,Total,기존,6.297872340425532,220075.28255528252,81427854.54545453,370.0,5875.0
2025-01-10,Total,기존,7.717215326497572,224297.9868616232,96223836.36363636,429.0,5559.0
2025-01-11,Total,기존,8.265538561666125,207928.27487473155,105627563.63636363,508.0,6146.0
2025-01-12,Total,기존,9.491629549992322,215935.36334215943,133448054.54545453,618.0,6511.0
2025-01-13,Total,기존,7.102318793578726,173192.98464092982,75858527.27272727,438.0,6167.0
2025-01-14,Total,기존,7.652115287375695,174850.360432519,79382063.63636363,454.0,5933.0
2025-01-15,Total,기존,7.811988208319685,181898.03316180673,86765361.81818181,477.0,6106.0
2025-01-16,Total,기존,7.89568345323741,173634.43777179538,76225518.18181817,439.0,5560.0
2025-01-17,Total,기존,7.853012497668345,184053.2714316562,77486427.27272727,421.0,5361.0
2025-01-18,Total,기존,8.506787330316742,204115.51257253383,95934290.9090909,470.0,5525.0
2025-01-19,Total,기존,9.944284990714165,225496.72789010647,132817572.72727272,589.0,5923.0
2025-01-20,Total,기존,8.134394341290893,169533.28063241104,77985309.09090908,460.0,5655.0
2025-01-21,Total,기존,7.781032588795313,186513.61069518715,79268284.54545453,425.0,5462.0
2025-01-22,Total,기존,8.052541404911478,180662.0889748549,76420063.63636363,423.0,5253.0
2025-01-23,Total,기존,7.788539144471347,199567.004239284,77032863.63636363,386.0,4956.0
2025-01-24,Total,기존,6.77463503649635,208746.61769207224,61997745.45454545,297.0,4384.0
2025-01-25,Total,기존,10.325406758448059,202722.056932966,100347418.18181817,495.0,4794.0
2025-01-26,Total,기존,8.72778110645097,178187.16455169543,77867790.9090909,437.0,5007.0
2025-01-27,Total,기존,9.32694228080687,227205.91785088571,106105163.63636363,467.0,5007.0
2025-01-28,Total,기존,8.942731277533039,206809.0461262875,83964472.72727272,406.0,4540.0
2025-01-29,Total,기존,9.751811992093124,219424.52907452907,97424490.9090909,444.0,4553.0
2025-01-30,Total,기존,11.137184115523466,183669.14689848237,113323863.63636363,617.0,5540.0
2025-01-31,Total,기존,9.159891598915989,173064.9094495248,87743909.09090908,507.0,5535.0
2025-02-01,Total,기존,10.250907890392869,202546.30361586882,125781254.54545453,621.0,6058.0
2025-02-02,Total,기존,10.991617902894196,221420.43165467627,153887200.0,695.0,6323.0
2025-02-03,Total,기존,5.51209750773149,139035.00750075004,42127607.272727266,303.0,5497.0
2025-02-04,Total,기존,6.78686851505358,172728.38915470493,68918627.27272727,399.0,5879.0
2025-02-05,Total,기존,7.766505903874937,207668.4056842515,96981145.45454545,467.0,6013.0
2025-02-06,Total,기존,7.397817643795081,168000.8818181818,67200352.72727272,400.0,5407.0
2025-02-07,Total,기존,9.243043393656352,212165.03349282296,100778390.9090909,475.0,5139.0
2025-02-08,Total,기존,8.636445081526608,191704.01735194266,92401336.36363636,482.0,5581.0
2025-02-09,Total,기존,11.08153078202995,222517.6085176085,148196727.27272725,666.0,6010.0
2025-02-10,Total,기존,7.630597014925374,139420.5712380529,57023013.63636363,409.0,5360.0
2025-02-11,Total,기존,9.357050213081342,176820.16201620162,89294181.81818181,505.0,5397.0
2025-02-12,Total,기존,9.417528579205225,169017.04326502015,87719845.45454545,519.0,5511.0
2025-02-13,Total,기존,7.420901246404601,164563.5189100305,63686081.81818181,387.0,5215.0
2025-02-14,Total,기존,9.002384737678854,178627.97511539233,80918472.72727272,453.0,5032.0
2025-02-15,Total,기존,9.452296819787986,186018.48768054374,99519890.9090909,535.0,5660.0
2025-02-16,Total,기존,12.234375,201883.7803320562,158075000.0,783.0,6400.0
2025-02-17,Total,기존,7.044975404075895,144436.975742462,57919227.272727266,401.0,5692.0
2025-02-18,Total,기존,7.177902962020716,132161.47295742232,52203781.81818181,395.0,5503.0
2025-02-19,Total,기존,7.682267387656163,186871.77846425417,76991172.72727272,412.0,5363.0
2025-02-20,Total,기존,8.252238224990268,175501.98327615779,74412840.9090909,424.0,5138.0
2025-02-21,Total,기존,8.992601024473535,198278.3275795934,93983927.27272727,474.0,5271.0
2025-02-22,Total,기존,9.195599862495703,157308.8020390824,84160209.09090908,535.0,5818.0
2025-02-23,Total,기존,11.560953666216824,181628.7230279448,140035745.45454544,771.0,6669.0
2025-02-24,Total,기존,8.587257617728532,201076.6862170088,99734036.36363636,496.0,5776.0
2025-02-25,Total,기존,9.037800687285223,179329.98617352228,94327572.72727272,526.0,5820.0
2025-02-26,Total,기존,8.19324302268647,154934.588917059,77777163.63636363,502.0,6127.0
2025-02-27,Total,기존,8.426359380626575,182507.61460761458,85413563.63636363,468.0,5554.0
2025-02-28,Total,기존,9.59568733153639,203767.41573033706,108811799.99999999,534.0,5565.0
2025-03-01,Total,기존,12.239975881820921,192384.57232422748,156216272.72727272,812.0,6634.0
2025-03-02,Total,기존,10.196487049717177,179965.6801592568,123276490.9090909,685.0,6718.0
2025-03-03,Total,기존,11.786563614744352,170578.7343803737,135268936.36363634,793.0,6728.0
2025-03-04,Total,기존,9.128763613068545,179883.25358851673,102533454.54545453,570.0,6244.0
2025-03-05,Total,기존,9.789362024549174,165044.75091471995,106618909.09090908,646.0,6599.0
2025-03-06,Total,기존,8.42790134664851,143761.33507426144,80075063.63636363,557.0,6609.0
2025-03-07,Total,기존,7.218070652173914,155122.56684491978,65927090.90909091,425.0,5888.0
2025-03-08,Total,기존,10.329941412272587,178135.447761194,119350749.99999999,670.0,6486.0
2025-03-09,Total,기존,12.865099850563782,176821.28251895937,167449754.54545453,947.0,7361.0
2025-03-10,Total,기존,7.611275964391691,113785.94719121035,58372190.90909091,513.0,6740.0
2025-03-11,Total,기존,7.966522008679479,127668.71241598867,65621718.18181818,514.0,6452.0
2025-03-12,Total,기존,9.979947555144223,142556.69523675705,92234181.81818181,647.0,6483.0
2025-03-13,Total,기존,8.746778350515463,143909.5094592332,78142863.63636363,543.0,6208.0
2025-03-14,Total,기존,8.741830065359476,179069.94902293966,95802422.72727272,535.0,6120.0
2025-03-15,Total,기존,11.849881796690308,164997.81228746314,132328245.45454544,802.0,6768.0
2025-03-16,Total,기존,12.82017075773746,185983.03850156086,178729700.0,961.0,7496.0
2025-03-17,Total,기존,9.02660310625865,141196.2366424036,82882190.9090909,587.0,6503.0
2025-03-18,Total,기존,7.086349099478202,123453.50896134743,51973927.272727266,421.0,5941.0
2025-03-19,Total,기존,8.753138075313807,117254.89309925256,61324309.090909086,523.0,5975.0
2025-03-20,Total,기존,8.101135190918471,150208.6469793476,70748272.72727272,471.0,5814.0
2025-03-21,Total,기존,8.215547703180212,121021.99804496577,56275229.090909086,465.0,5660.0
2025-03-22,Total,기존,11.286753082516599,164716.8449197861,117607827.27272727,714.0,6326.0
2025-03-23,Total,기존,13.017405294719905,161384.77528089887,143632450.0,890.0,6837.0
2025-03-24,Total,기존,11.321626617375232,147218.44774273344,108205559.09090908,735.0,6492.0
2025-03-25,Total,기존,9.435679611650485,130592.2537269804,81228381.81818181,622.0,6592.0
2025-03-26,Total,기존,10.715979137031768,109758.12550281575,74416009.09090908,678.0,6327.0
2025-03-27,Total,기존,9.005145797598628,148335.08225108223,77875918.18181817,525.0,5830.0
2025-03-28,Total,기존,8.795771989429973,171548.5193133047,79941610.0,466.0,5298.0
2025-03-29,Total,기존,11.560886223554888,153810.51349227142,106744496.36363636,694.0,6003.0
2025-03-30,Total,기존,13.054750648162269,174291.89039932028,149193858.18181816,856.0,6557.0
2025-03-31,Total,기존,10.476987447698745,162920.7958176009,101988418.18181817,626.0,5975.0
2025-04-01,Total,기존,8.30945558739255,136032.74991292233,71009095.45454545,522.0,6282.0
2025-04-02,Total,기존,11.482720178372352,159973.0324044887,115340556.36363636,721.0,6279.0
2025-04-03,Total,기존,9.772311783280704,182480.4808286951,107298522.72727272,588.0,6017.0
2025-04-04,Total,기존,9.572557471264368,159165.8348968105,84835390.0,533.0,5568.0
2025-04-05,Total,기존,11.292602481545469,154655.83512454163,111197545.45454544,719.0,6367.0
2025-04-06,Total,기존,13.264374809857014,175407.6365721434,152955459.09090906,872.0,6574.0
2025-04-07,Total,기존,9.098567818028643,163873.84680134678,88491877.27272727,540.0,5935.0
2025-04-08,Total,기존,9.341959917942244,158703.22174447172,93952307.27272727,592.0,6337.0
2025-04-09,Total,기존,10.47168371241032,148863.9411608799,102120663.63636363,686.0,6551.0
2025-04-10,Total,기존,9.879066598535173,151163.7539184953,87674977.27272727,580.0,5871.0
2025-04-11,Total,기존,10.049514028974876,156031.92601194425,85505495.45454545,548.0,5453.0
2025-04-12,Total,기존,11.192746599968736,158477.12671406806,113469622.72727272,716.0,6397.0
2025-04-13,Total,기존,13.496218731820825,167107.3275862069,155075600.0,928.0,6876.0
2025-04-14,Total,기존,8.92653526633002,142258.0308560053,77957400.9090909,548.0,6139.0
2025-04-15,Total,기존,9.589981128838566,135293.47048300537,75629050.0,559.0,5829.0
2025-04-16,Total,기존,10.712489522212909,136717.12903684736,87362245.45454545,639.0,5965.0
2025-04-17,Total,기존,9.730668983492615,171666.0551948052,96132990.9090909,560.0,5755.0
2025-04-18,Total,기존,9.860354223433243,149921.77735908303,86804709.09090908,579.0,5872.0
2025-04-19,Total,기존,10.682402784082312,149183.4251867113,105323498.18181817,706.0,6609.0
2025-04-20,Total,기존,14.488434794948205,155430.0507523818,158694081.8181818,1021.0,7047.0
2025-04-21,Total,기존,10.693127962085308,150844.59204230673,108909795.45454545,722.0,6752.0
2025-04-22,Total,기존,9.022676461194507,130349.23572003216,73647318.18181817,565.0,6262.0
2025-04-23,Total,기존,10.665854030169129,124285.57402597401,86999901.81818181,700.0,6563.0
2025-04-24,Total,기존,9.444354446784384,142472.00218306563,83061177.27272727,583.0,6173.0
2025-04-25,Total,기존,8.80536439032998,127930.58116232464,63837359.99999999,499.0,5667.0
2025-04-26,Total,기존,11.059013742926435,139504.42583732057,95421027.27272727,684.0,6185.0
2025-04-27,Total,기존,14.236161294984825,154850.0452238117,152527294.54545453,985.0,6919.0
2025-04-28,Total,기존,9.765182186234817,152753.2790592492,92110227.27272727,603.0,6175.0
2025-04-29,Total,기존,10.075360419397118,131866.77457501847,81098066.36363636,615.0,6104.0
2025-04-30,Total,기존,10.703418650438518,152433.58619641227,91155284.54545453,598.0,5587.0
2025-05-01,Total,기존,12.612612612612612,160435.7433945365,130273823.63636363,812.0,6438.0
2025-05-02,Total,기존,8.953194795105846,124107.335831197,57213481.81818181,461.0,5149.0
2025-05-03,Total,기존,11.824259789875835,165107.9747393156,102201836.36363636,619.0,5235.0
2025-05-04,Total,기존,11.945525291828794,159809.97927154278,98123327.27272727,614.0,5140.0
2025-05-05,Total,기존,11.509267431597529,158083.66285554934,103070548.18181817,652.0,5665.0
2025-05-06,Total,기존,12.184873949579831,169409.9849065366,132648018.18181817,783.0,6426.0
2025-05-07,Total,기존,9.095900439238653,179949.6981891348,89435000.0,497.0,5464.0
2025-05-08,Total,기존,7.829515583927901,162598.29954218442,67803490.9090909,417.0,5326.0
2025-05-09,Total,기존,7.228003784295176,148958.61494526415,56902190.90909091,382.0,5285.0
2025-05-10,Total,기존,9.579772079772079,122733.44035147008,66030590.90909091,538.0,5616.0
2025-05-11,Total,기존,12.883834281072298,154013.57331193396,122132763.63636363,793.0,6155.0
2025-05-12,Total,기존,9.21905379131562,148282.03866432337,84372480.0,569.0,6172.0
2025-05-13,Total,기존,8.251410153102338,138942.96875,71138800.0,512.0,6205.0
2025-05-14,Total,기존,9.941318605453917,149672.9529671717,86211620.9090909,576.0,5794.0
2025-05-15,Total,기존,9.358589647411852,106313.8458735653,53050609.090909086,499.0,5332.0
2025-05-16,Total,기존,9.213127718465797,166376.02419040186,77531227.27272727,466.0,5058.0
2025-05-17,Total,기존,9.11497730711044,157860.78838174275,76088900.0,482.0,5288.0
2025-05-18,Total,기존,13.094818470215017,174280.49675761652,129490409.09090908,743.0,5674.0
2025-05-19,Total,기존,8.411580594679187,130434.07188160675,56086650.90909091,430.0,5112.0
2025-05-20,Total,기존,7.687699680511183,129992.266824085,50047022.72727273,385.0,5008.0
2025-05-21,Total,기존,10.555762775083924,133014.1904914873,75286031.81818181,566.0,5362.0
2025-05-22,Total,기존,9.894128970163619,134342.75026529888,69052173.63636363,514.0,5195.0
2025-05-23,Total,기존,9.622563251762754,132590.96786833854,61522209.090909086,464.0,4822.0
2025-05-24,Total,기존,10.81337894336754,154421.0097459658,87865554.54545453,569.0,5262.0
2025-05-25,Total,기존,14.076814658210008,154286.51951302763,123274929.09090908,799.0,5676.0
2025-05-26,Total,기존,,116567.68990092125,60964901.81818181,523.0,0.0
2025-05-27,Total,기존,8.689788053949904,136878.59302559966,61732245.45454545,451.0,5190.0
2025-05-28,Total,기존,9.496316942066494,119663.93177053554,57079695.45454545,477.0,5023.0
2025-05-29,Total,기존,8.75912408759124,116417.21491228069,53086249.99999999,456.0,5206.0
2025-05-30,Total,기존,8.900414937759336,108551.43038779401,46568563.63636363,429.0,4820.0
2025-05-31,Total,기존,9.865025803890433,155339.2902871776,77203627.27272727,497.0,5038.0
2025-06-01,Total,기존,12.593984962406015,148232.576785494,109247409.09090908,737.0,5852.0
2025-06-02,Total,기존,9.248327430145611,133814.83558994197,62892972.72727272,470.0,5082.0
2025-06-03,Total,기존,14.048672566371682,176424.99437570304,156841820.0,889.0,6328.0
2025-06-04,Total,기존,9.768943255181787,162402.97233201578,93381709.09090908,575.0,5886.0
2025-06-05,Total,기존,9.752773992602688,136372.85429141717,68322800.0,501.0,5137.0
2025-06-06,Total,기존,13.30385111479639,146173.57088894484,105537318.18181817,722.0,5427.0
2025-06-07,Total,기존,10.363059569968277,129663.12615955471,76241918.18181817,588.0,5674.0
2025-06-08,Total,기존,13.330013280212484,146233.2842748783,117425327.27272727,803.0,6024.0
2025-06-09,Total,기존,9.256844850065189,136389.90305469176,67785781.81818181,497.0,5369.0
2025-06-10,Total,기존,8.760975609756096,131592.77586555982,59085156.36363636,449.0,5125.0
2025-06-11,Total,기존,8.915165165165165,119358.77511961722,56695418.18181818,475.0,5328.0
2025-06-12,Total,기존,10.85680751173709,142734.43407043407,79217610.9090909,555.0,5112.0
2025-06-13,Total,기존,9.50932684509327,132966.67958906764,62361372.72727272,469.0,4932.0
2025-06-14,Total,기존,10.95837366892546,141491.68005139736,80084290.9090909,566.0,5165.0
2025-06-15,Total,기존,13.685474189675869,153732.9368876737,122678883.63636363,798.0,5831.0
2025-06-16,Total,기존,10.09501187648456,128598.57906799081,76516154.54545453,595.0,5894.0
2025-06-17,Total,기존,8.405748663101605,103468.60654256279,52044709.090909086,503.0,5984.0
2025-06-18,Total,기존,10.38232199228341,119443.69164619164,106065998.18181817,888.0,8553.0
2025-06-19,Total,기존,9.284070916226824,139827.4847601378,95921654.54545453,686.0,7389.0
2025-06-20,Total,기존,8.356430155210642,135896.00482436302,81945290.9090909,603.0,7216.0
2025-06-21,Total,기존,9.488679725260749,142712.72239824518,106463690.9090909,746.0,7862.0
2025-06-22,Total,기존,11.793717165219256,139851.50165289256,153836651.8181818,1100.0,9327.0
2025-06-23,Total,기존,7.367165761229627,110924.13996075865,61673821.81818181,556.0,7547.0
2025-06-24,Total,기존,6.805374945817079,138164.76548928776,65075604.54545454,471.0,6921.0
2025-06-25,Total,기존,7.401388683705126,130965.00635093449,65613468.18181818,501.0,6769.0
2025-06-26,Total,기존,8.490994399878916,119044.67671366066,66784063.63636363,561.0,6607.0
2025-06-27,Total,기존,10.641221374045802,127395.6788835268,88794788.18181817,697.0,6550.0
2025-06-28,Total,기존,10.85112205801861,130726.95173678779,103666472.72727272,793.0,7308.0
2025-06-29,Total,기존,12.79780466508669,138018.76661350345,141607254.54545453,1026.0,8017.0
2025-06-30,Total,기존,8.801498127340825,121542.34488915339,74262372.72727272,611.0,6942.0
2025-07-01,Total,기존,7.984528249758253,120128.60962566844,69434336.36363636,578.0,7239.0
2025-07-02,Total,기존,8.692432992743965,119792.11708223632,70317972.72727272,587.0,6753.0
2025-07-03,Total,기존,8.216837527182355,118471.07234920088,62671197.272727266,529.0,6438.0
2025-07-04,Total,기존,9.25925925925926,127138.92490118576,73104881.81818181,575.0,6210.0
2025-07-05,Total,기존,10.456169277273975,138094.40927009916,105089845.45454545,761.0,7278.0
2025-07-06,Total,기존,12.539838195636186,147313.83631031725,150702054.54545453,1023.0,8158.0
2025-07-07,Total,기존,8.713984539704848,127861.34017595307,79274030.9090909,620.0,7115.0
2025-07-08,Total,기존,9.157462111482149,143773.27935738873,102510348.18181817,713.0,7786.0
2025-07-09,Total,기존,9.640623083527537,136272.14665741383,107109907.27272727,786.0,8153.0
2025-07-10,Total,기존,8.568750836792075,144369.63778409088,92396568.18181817,640.0,7469.0
2025-07-11,Total,기존,8.02919708029197,131526.50362624388,70892785.45454545,539.0,6713.0
2025-07-12,Total,기존,9.351839374747337,136216.3675661514,94534159.09090908,694.0,7421.0
2025-07-13,Total,기존,12.440366972477063,145096.08921069096,147562722.72727272,1017.0,8175.0
2025-07-14,Total,기존,7.041231126596981,112521.70571696344,54573027.272727266,485.0,6888.0
2025-07-15,Total,기존,7.434890149861778,128407.64988436221,65616309.090909086,511.0,6873.0
2025-07-16,Total,기존,9.525819614464611,114581.58050221566,77571730.0,677.0,7107.0
2025-07-17,Total,기존,7.979131502224949,138539.4755244755,72040527.27272727,520.0,6517.0
2025-07-18,Total,기존,8.11242414564037,154388.033285612,78429120.9090909,508.0,6262.0
2025-07-19,Total,기존,9.43231441048035,175712.42003367003,113861648.18181817,648.0,6870.0
2025-07-20,Total,기존,11.89670302118591,141263.24073187084,134058815.45454544,949.0,7977.0
2025-07-21,Total,기존,8.320362247063818,106686.34817563387,62731572.72727272,588.0,7067.0
2025-07-22,Total,기존,8.570990493713584,129412.81509188484,72341763.63636363,559.0,6522.0
2025-07-23,Total,기존,8.990129081245254,119970.10902948403,71022304.54545455,592.0,6585.0
2025-07-24,Total,기존,7.598350253807107,122813.77870563672,58827799.99999999,479.0,6304.0
2025-07-25,Total,기존,8.668987236863915,103419.17260559706,54088227.272727266,523.0,6033.0
2025-07-26,Total,기존,8.802177858439201,117788.47235238987,68552890.9090909,582.0,6612.0
2025-07-27,Total,기존,12.558746736292429,141162.2094122094,135798045.45454544,962.0,7660.0
2025-07-28,Total,기존,7.743070831500221,120734.45247933884,63747790.90909091,528.0,6819.0
2025-07-29,Total,기존,7.345499156571078,126352.21104573923,60522709.090909086,479.0,6521.0
2025-07-30,Total,기존,8.237698475082535,121799.79181124219,63823090.90909091,524.0,6361.0
2025-07-31,Total,기존,7.592653328960315,128225.34262713528,59368333.63636363,463.0,6098.0
2025-08-01,Total,기존,10.0140383715489,134051.4401019541,86061024.54545453,642.0,6411.0
2025-08-02,Total,기존,11.269507803121249,140428.96743735624,105462154.54545453,751.0,6664.0
2025-08-03,Total,기존,11.796391058443307,155597.66500622663,136303554.54545453,876.0,7426.0
2025-08-04,Total,기존,8.631799790199311,151609.0861742424,87326833.63636363,576.0,6673.0
2025-08-05,Total,기존,9.507238307349667,144558.71955277518,98733605.45454545,683.0,7184.0
2025-08-06,Total,기존,9.902067464635474,158971.95304695304,115731581.81818181,728.0,7352.0
2025-08-07,Total,기존,8.124387169071298,153594.89968652037,89085041.81818181,580.0,7139.0
2025-08-08,Total,기존,8.132394788078479,130893.37016574586,71075100.0,543.0,6677.0
2025-08-09,Total,기존,8.707348152343197,142996.0561714708,87942574.54545453,615.0,7063.0
2025-08-10,Total,기존,11.351706036745407,145407.3252758802,125777336.36363636,865.0,7620.0
2025-08-11,Total,기존,6.778115501519758,114396.21891561353,51020713.63636363,446.0,6580.0
2025-08-12,Total,기존,7.006469938456683,145200.6859131859,64469104.54545454,444.0,6337.0
2025-08-13,Total,기존,8.730873087308732,135331.73227116524,78763068.18181817,582.0,6666.0
2025-08-14,Total,기존,8.320623623114725,149417.51527494908,73364000.0,491.0,5901.0
2025-08-15,Total,기존,11.063700091435539,156100.48835462055,113328954.54545453,726.0,6562.0
2025-08-16,Total,기존,8.917937545388526,151675.86615339058,93128981.81818181,614.0,6885.0
2025-08-17,Total,기존,11.445701049189262,167589.25324675324,140774972.72727272,840.0,7339.0
2025-08-18,Total,기존,6.844840386043059,141392.26976927626,65181836.36363636,461.0,6735.0
2025-08-19,Total,기존,5.936143831370118,138099.52527889865,52892118.18181818,383.0,6452.0
2025-08-20,Total,기존,6.012250161186331,126695.68608335363,47257490.90909091,373.0,6204.0
2025-08-21,Total,기존,6.390414378432352,105187.07386363635,40391836.36363636,384.0,6009.0
2025-08-22,Total,기존,5.990304709141274,149690.4887020494,51792909.090909086,346.0,5776.0
2025-08-23,Total,기존,9.019730660820544,146415.77020202018,84335483.63636363,576.0,6386.0
2025-08-24,Total,기존,10.527077903272517,162041.6031011629,117804245.45454544,727.0,6906.0
2025-08-25,Total,기존,7.54317367220593,153327.42980561554,70990600.0,463.0,6138.0
2025-08-26,Total,기존,7.104094721262951,142655.66077441076,61627245.45454545,432.0,6081.0
2025-08-27,Total,기존,6.620265458077047,152950.96688152922,62556945.45454545,409.0,6178.0
2025-08-28,Total,기존,7.5547384255390275,139861.28720836685,63217301.81818181,452.0,5983.0
2025-08-29,Total,기존,7.394090980146944,154339.20814914472,73002445.45454545,473.0,6397.0
2025-08-30,Total,기존,8.238884045335658,181646.32034632034,102993463.63636363,567.0,6882.0
2025-08-31,Total,기존,9.78597578147001,171108.59385219097,118920472.72727272,695.0,7102.0
2025-09-01,Total,기존,10.010169984018596,162837.10252012138,112194763.63636363,689.0,6883.0
2025-09-02,Total,기존,8.332156475074141,139913.14329738056,82548754.54545453,590.0,7081.0
2025-09-03,Total,기존,7.765042979942693,114336.19590741361,61970218.18181818,542.0,6980.0
2025-09-04,Total,기존,8.509381001625055,140557.00757575757,80960836.36363636,576.0,6769.0
2025-09-05,Total,기존,8.143421452446065,181550.42401628222,97311027.27272727,536.0,6582.0
2025-09-06,Total,기존,8.50140056022409,168852.08926164443,102493218.18181817,607.0,7140.0
2025-09-07,Total,기존,11.786923678041157,172975.41938724258,156542754.54545453,905.0,7678.0
2025-09-08,Total,기존,7.249850209706412,132567.67468069118,64162754.54545454,484.0,6676.0
2025-09-09,Total,기존,7.9290110204665805,154405.54643912043,85540672.72727272,554.0,6987.0
2025-09-10,Total,기존,8.611729769858947,150631.89655172414,87366500.0,580.0,6735.0
2025-09-11,Total,기존,8.115338882282996,173431.09890109889,94693379.99999999,546.0,6728.0
2025-09-12,Total,기존,7.918797458546413,153085.12720156557,78226500.0,511.0,6453.0
2025-09-13,Total,기존,9.31200416178957,195542.64855256473,140008536.36363634,716.0,7689.0
2025-09-14,Total,기존,11.656291956548273,196168.4626368396,187340881.8181818,955.0,8193.0
2025-09-15,Total,기존,6.8493150684931505,161058.16307403933,78113209.09090908,485.0,7081.0
2025-09-16,Total,기존,6.451147351710204,164313.3658735001,73448074.54545455,447.0,6929.0
2025-09-17,Total,기존,7.338006007724217,209566.45401382243,107507590.9090909,513.0,6991.0
2025-09-18,Total,기존,6.687995124923828,127300.70407951956,55885009.090909086,439.0,6564.0
2025-09-19,Total,기존,7.162687395891172,191783.83368569415,98960458.18181817,516.0,7204.0
2025-09-20,Total,기존,8.333333333333332,197118.0366803008,135814327.27272725,689.0,8268.0
2025-09-21,Total,기존,11.247240618101545,196280.77973057365,200010114.54545453,1019.0,9060.0
2025-09-22,Total,기존,7.705692269450659,173196.99413489737,107382136.36363636,620.0,8046.0
2025-09-23,Total,기존,7.725321888412018,169454.4503862151,103706123.63636363,612.0,7922.0
2025-09-24,Total,기존,7.962264150943396,155279.19000430848,98291727.27272727,633.0,7950.0
2025-09-25,Total,기존,8.529079261399323,223722.2251974829,151907390.9090909,679.0,7961.0
2025-09-26,Total,기존,6.966442953020134,161100.49045366963,83611154.54545453,519.0,7450.0
2025-09-27,Total,기존,7.905814259405419,207882.12978369382,124937159.99999999,601.0,7602.0
2025-09-28,Total,기존,10.075899241007589,195724.6536323938,179283782.72727272,916.0,9091.0
2025-09-29,Total,기존,6.225,152221.19386637455,75806154.54545453,498.0,8000.0
2025-09-30,Total,기존,7.590027700831024,164694.81751824816,90252760.0,548.0,7220.0
2025-10-01,Total,기존,7.121057985757884,188407.3098330241,92319581.81818181,490.0,6881.0
2025-10-02,Total,기존,5.744822979291917,187804.33403805495,64604690.90909091,344.0,5988.0
2025-10-03,Total,기존,7.60900140646976,203890.85867921356,110304954.54545453,541.0,7110.0
2025-10-04,Total,기존,8.575851393188854,218451.8050541516,121022299.99999999,554.0,6460.0
2025-10-05,Total,기존,7.9651831170964025,218791.0590440487,106113663.63636363,485.0,6089.0
2025-10-06,Total,기존,7.391099229438591,219148.27852998066,102999690.9090909,470.0,6359.0
2025-10-07,Total,기존,8.44280240831965,211351.84912332398,130404090.90909089,617.0,7308.0
2025-10-08,Total,기존,8.537039334905074,193803.66014799153,133336918.18181817,688.0,8059.0
2025-10-09,Total,기존,7.43801652892562,264803.2077532077,176358936.36363634,666.0,8954.0
2025-10-10,Total,기존,7.352251407129456,205260.47556908798,128698318.18181817,627.0,8528.0
2025-10-11,Total,기존,7.611518915866743,197559.22039384945,133154914.54545453,674.0,8855.0
2025-10-12,Total,기존,9.568345323741006,214941.4373596328,200110478.18181816,931.0,9730.0
2025-10-13,Total,기존,5.289500625639859,179214.71163245357,83334840.9090909,465.0,8791.0
2025-10-14,Total,기존,6.090466579603467,265227.11323763954,136061509.0909091,513.0,8423.0
2025-10-15,Total,기존,7.485101311084624,176200.03908511868,110653624.54545453,628.0,8390.0
2025-10-16,Total,기존,7.240963855421686,201697.74164271666,121220342.72727272,601.0,8300.0
2025-10-17,Total,기존,7.383131338115261,226724.80584741893,135354709.0909091,597.0,8086.0
2025-10-18,Total,기존,8.761548842520503,233892.56785868158,197405327.27272725,844.0,9633.0
2025-10-19,Total,기존,10.910862152946907,220139.0097402597,246555690.90909088,1120.0,10265.0
2025-10-20,Total,기존,8.137023949744798,188113.183463099,155945829.09090906,829.0,10188.0
2025-10-21,Total,기존,7.5622686806041814,223721.04377104374,169133109.09090906,756.0,9997.0
2025-10-22,Total,기존,7.042253521126761,208609.76775049767,142897690.9090909,685.0,9727.0
2025-10-23,Total,기존,6.782646994054173,206621.16883116882,127278639.99999999,616.0,9082.0
2025-10-24,Total,기존,5.661474075796327,215896.07989546386,105141390.9090909,487.0,8602.0
2025-10-25,Total,기존,6.873008648156577,237170.50421432868,143250984.54545453,604.0,8788.0
2025-10-26,Total,기존,9.155266430689753,235333.2772869763,225213946.36363634,957.0,10453.0
2025-10-27,Total,기존,6.388916575301505,185824.76244504325,119113672.72727272,641.0,10033.0
2025-10-28,Total,기존,5.875165461765604,152751.22104931463,88137454.54545453,577.0,9821.0
2025-10-29,Total,기존,6.740058413839586,179805.60606060605,107883363.63636363,600.0,8902.0
2025-10-30,Total,기존,5.646943285047876,191676.02766798416,88170972.72727272,460.0,8146.0
2025-10-31,Total,기존,6.039123014310096,222571.79841897232,102383027.27272727,460.0,7617.0
2025-11-01,Total,기존,8.127248201438848,234372.27461335342,169451154.54545453,723.0,8896.0
2025-11-02,Total,기존,9.724457911182654,246810.30362043018,253474181.81818178,1027.0,10561.0
2025-11-03,Total,기존,5.812955812955813,181670.64743374707,98465490.9090909,542.0,9324.0
2025-11-04,Total,기존,5.39576895650107,190436.36363636362,86458109.09090908,454.0,8414.0
2025-11-05,Total,기존,4.735376044568245,232582.74819809344,90939854.54545453,391.0,8257.0
2025-11-06,Total,기존,5.2663884114903015,246358.69040050855,105687878.18181817,429.0,8146.0
2025-11-07,Total,기존,4.346677236094596,237659.71262779774,78190045.45454545,329.0,7569.0
2025-11-08,Total,기존,6.4512310606060606,279006.8890742285,152058754.54545453,545.0,8448.0
2025-11-09,Total,기존,9.109903886335143,259864.13678065053,226601527.27272725,872.0,9572.0
2025-11-10,Total,기존,5.810081524859341,254376.51814588573,128714518.18181817,506.0,8709.0
2025-11-11,Total,기존,6.182734142431875,251328.1313131313,135717190.9090909,540.0,8734.0
2025-11-12,Total,기존,6.581959706959707,222495.87351778656,127935127.27272727,575.0,8736.0
2025-11-13,Total,기존,7.129608161372595,232385.3067257945,142916963.63636363,615.0,8626.0
2025-11-14,Total,기존,5.5998125585754455,221781.57093952072,106011590.9090909,478.0,8536.0
2025-11-15,Total,기존,7.8666968941283155,236496.24050301284,164128390.9090909,694.0,8822.0
2025-11-16,Total,기존,8.3382037794662,265918.82965165674,227626518.18181816,856.0,10266.0
2025-11-17,Total,기존,5.897829423372068,174399.49307198377,93826927.27272727,538.0,9122.0
2025-11-18,Total,기존,6.578660266201178,200939.07281772952,121166260.9090909,603.0,9166.0
2025-11-19,Total,기존,5.3605313092979125,203269.04666130326,91877609.09090908,452.0,8432.0
2025-11-20,Total,기존,5.314576006252443,232960.5837789661,95047918.18181817,408.0,7677.0
2025-11-21,Total,기존,5.003223726627982,222308.66916588563,86255763.63636363,388.0,7755.0
2025-11-22,Total,기존,6.712344675415166,257124.18999685434,148617781.8181818,578.0,8611.0
2025-11-23,Total,기존,8.705312058170067,291587.39717359206,251348336.36363634,862.0,9902.0
2025-11-24,Total,기존,5.655672673693755,226751.503006012,113148999.99999999,499.0,8823.0
2025-11-25,Total,기존,6.918882072256305,217827.58620689652,132656999.99999999,609.0,8802.0
2025-11-26,Total,기존,5.963302752293578,205678.6802940649,104279090.9090909,507.0,8502.0
2025-11-27,Total,기존,7.078208401021119,263352.21460506704,160644850.9090909,610.0,8618.0
2025-11-28,Total,기존,4.429901837402467,254851.7303719008,89707809.09090908,352.0,7946.0
2025-11-29,Total,기존,6.620737972909856,253346.70514670515,143647581.8181818,567.0,8564.0
2025-11-30,Total,기존,7.95033761707689,279812.9638854296,204263463.63636363,730.0,9182.0
2025-12-01,Total,기존,5.782511998127122,195034.50496871548,96347045.45454545,494.0,8543.0
2025-12-02,Total,기존,5.936876686612695,189625.45813869924,95950481.81818181,506.0,8523.0
2025-12-03,Total,기존,6.180276662204373,217949.95077125038,120744272.72727272,554.0,8964.0
2025-12-04,Total,기존,6.491312741312741,181059.6823251098,97410109.09090908,538.0,8288.0
2025-12-05,Total,기존,6.257332811888933,237547.6515151515,114022872.72727272,480.0,7671.0
2025-12-06,Total,기존,7.3899371069182385,292949.2932599315,178992018.18181816,611.0,8268.0
2025-12-07,Total,기존,9.488971391133436,292012.1288837744,253758539.99999997,869.0,9158.0
2025-12-08,Total,기존,6.5652818991097925,226193.4001027221,120108695.45454544,531.0,8088.0
2025-12-09,Total,기존,5.842991994264548,256137.51998512732,125251247.27272727,489.0,8369.0
2025-12-10,Total,기존,6.847909720441139,244120.7865168539,130360499.99999999,534.0,7798.0
2025-12-11,Total,기존,6.6519931523599904,244225.98596256683,132858936.36363636,544.0,8178.0
2025-12-12,Total,기존,5.372340425531915,199635.2610261026,80652645.45454545,404.0,7520.0
2025-12-13,Total,기존,6.729758149316509,257602.51104797976,148379046.36363634,576.0,8559.0
2025-12-14,Total,기존,9.429712296508653,301871.1479617017,278023327.27272725,921.0,9767.0
2025-12-15,Total,기존,6.554641878202837,189191.520661157,104055336.36363636,550.0,8391.0
2025-12-16,Total,기존,5.1065439414953975,186304.6913580247,75453400.0,405.0,7931.0
2025-12-17,Total,기존,5.529100529100529,223291.0830795998,93335672.72727272,418.0,7560.0
2025-12-18,Total,기존,6.251725089704665,258585.26991772023,117139127.27272727,453.0,7246.0
2025-12-19,Total,기존,6.278555637435519,228393.02176696542,97295427.27272727,426.0,6785.0
2025-12-20,Total,기존,6.739703231174595,238744.50056116722,116029827.27272727,486.0,7211.0
2025-12-21,Total,기존,9.659021963353961,265017.0397441754,210953563.63636363,796.0,8241.0
2025-12-22,Total,기존,7.346938775510205,272601.44183773216,152111604.54545453,558.0,7595.0
2025-12-23,Total,기존,5.398013531020585,146655.70909090908,54995890.90909091,375.0,6947.0
2025-12-24,Total,기존,5.033664636101314,183567.95020266357,57640336.36363636,314.0,6238.0
2025-12-25,Total,기존,8.431539302636375,272998.8996594184,189461236.36363634,694.0,8231.0
2025-12-26,Total,기존,5.513585155732273,171781.97115384616,71461300.0,416.0,7545.0
2025-12-27,Total,기존,6.404692082111437,233598.5014985015,127544781.81818181,546.0,8525.0
2025-12-28,Total,기존,9.090909090909092,266931.2169906731,215947354.54545453,809.0,8899.0
2025-12-29,Total,기존,4.983432736911862,229998.9240812379,86479595.45454545,376.0,7545.0
2025-12-30,Total,기존,6.293485135989879,233523.755139333,92942454.54545453,398.0,6324.0
2025-12-31,Total,기존,5.715312724658519,214290.70897655803,68144445.45454545,318.0,5564.0
2025-01-01,Total,비회원,0.0,,0.0,0.0,12910.0
2025-01-02,Total,비회원,0.0,,0.0,0.0,13142.0
2025-01-03,Total,비회원,0.0,,0.0,0.0,12739.0
2025-01-04,Total,비회원,0.0,,0.0,0.0,13237.0
2025-01-05,Total,비회원,0.0,,0.0,0.0,14209.0
2025-01-06,Total,비회원,0.0,,0.0,0.0,13947.0
2025-01-07,Total,비회원,0.0,,0.0,0.0,14250.0
2025-01-08,Total,비회원,0.0,,0.0,0.0,14372.0
2025-01-09,Total,비회원,0.0,,0.0,0.0,13436.0
2025-01-10,Total,비회원,0.0,,0.0,0.0,12635.0
2025-01-11,Total,비회원,0.0,,0.0,0.0,13544.0
2025-01-12,Total,비회원,0.0,,0.0,0.0,14908.0
2025-01-13,Total,비회원,0.0,,0.0,0.0,14034.0
2025-01-14,Total,비회원,0.0,,0.0,0.0,13661.0
2025-01-15,Total,비회원,0.0,,0.0,0.0,13386.0
2025-01-16,Total,비회원,0.0,,0.0,0.0,12481.0
2025-01-17,Total,비회원,0.0,,0.0,0.0,11699.0
2025-01-18,Total,비회원,0.0,,0.0,0.0,12487.0
2025-01-19,Total,비회원,0.0,,0.0,0.0,13561.0
2025-01-20,Total,비회원,0.0,,0.0,0.0,12930.0
2025-01-21,Total,비회원,0.0,,0.0,0.0,12441.0
2025-01-22,Total,비회원,0.0,,0.0,0.0,11769.0
2025-01-23,Total,비회원,0.0,,0.0,0.0,10801.0
2025-01-24,Total,비회원,0.0,,0.0,0.0,9438.0
2025-01-25,Total,비회원,0.0,,0.0,0.0,9886.0
2025-01-26,Total,비회원,0.0,,0.0,0.0,10850.0
2025-01-27,Total,비회원,0.0,,0.0,0.0,10741.0
2025-01-28,Total,비회원,0.0,,0.0,0.0,10430.0
2025-01-29,Total,비회원,0.0,,0.0,0.0,10744.0
2025-01-30,Total,비회원,0.0,,0.0,0.0,13030.0
2025-01-31,Total,비회원,0.0,,0.0,0.0,12672.0
2025-02-01,Total,비회원,0.0,,0.0,0.0,13096.0
2025-02-02,Total,비회원,0.0,,0.0,0.0,14550.0
2025-02-03,Total,비회원,0.0,,0.0,0.0,13863.0
2025-02-04,Total,비회원,0.0,,0.0,0.0,13028.0
2025-02-05,Total,비회원,0.0,,0.0,0.0,13293.0
2025-02-06,Total,비회원,0.0,,0.0,0.0,12758.0
2025-02-07,Total,비회원,0.0,,0.0,0.0,11986.0
2025-02-08,Total,비회원,0.0,,0.0,0.0,12588.0
2025-02-09,Total,비회원,0.0,,0.0,0.0,13861.0
2025-02-10,Total,비회원,0.0,,0.0,0.0,13331.0
2025-02-11,Total,비회원,0.0,,0.0,0.0,13175.0
2025-02-12,Total,비회원,0.0,,0.0,0.0,13214.0
2025-02-13,Total,비회원,0.0,,0.0,0.0,12510.0
2025-02-14,Total,비회원,0.0,,0.0,0.0,11772.0
2025-02-15,Total,비회원,0.0,,0.0,0.0,12372.0
2025-02-16,Total,비회원,0.0,,0.0,0.0,14394.0
2025-02-17,Total,비회원,0.0,,0.0,0.0,13743.0
2025-02-18,Total,비회원,0.0,,0.0,0.0,13753.0
2025-02-19,Total,비회원,0.0,,0.0,0.0,13105.0
2025-02-20,Total,비회원,0.0,,0.0,0.0,12439.0
2025-02-21,Total,비회원,0.0,,0.0,0.0,12332.0
2025-02-22,Total,비회원,0.0,,0.0,0.0,13000.0
2025-02-23,Total,비회원,0.0,,0.0,0.0,15189.0
2025-02-24,Total,비회원,0.0,,0.0,0.0,14506.0
2025-02-25,Total,비회원,0.0,,0.0,0.0,13829.0
2025-02-26,Total,비회원,0.0,,0.0,0.0,13625.0
2025-02-27,Total,비회원,0.0,,0.0,0.0,12063.0
2025-02-28,Total,비회원,0.0,,0.0,0.0,11280.0
2025-03-01,Total,비회원,0.0,,0.0,0.0,12835.0
2025-03-02,Total,비회원,0.0,,0.0,0.0,14196.0
2025-03-03,Total,비회원,0.0,,0.0,0.0,15580.0
2025-03-04,Total,비회원,0.0,,0.0,0.0,13728.0
2025-03-05,Total,비회원,0.0,,0.0,0.0,13808.0
2025-03-06,Total,비회원,0.0,,0.0,0.0,14043.0
2025-03-07,Total,비회원,0.0,,0.0,0.0,12266.0
2025-03-08,Total,비회원,0.0,,0.0,0.0,13112.0
2025-03-09,Total,비회원,0.0,,0.0,0.0,15959.0
2025-03-10,Total,비회원,0.0,,0.0,0.0,15031.0
2025-03-11,Total,비회원,0.0,,0.0,0.0,14835.0
2025-03-12,Total,비회원,0.0,,0.0,0.0,14489.0
2025-03-13,Total,비회원,0.0,,0.0,0.0,13186.0
2025-03-14,Total,비회원,0.0,,0.0,0.0,12718.0
2025-03-15,Total,비회원,0.0,,0.0,0.0,13563.0
2025-03-16,Total,비회원,0.0,,0.0,0.0,15340.0
2025-03-17,Total,비회원,0.0,,0.0,0.0,13885.0
2025-03-18,Total,비회원,0.0,,0.0,0.0,13097.0
2025-03-19,Total,비회원,0.0,,0.0,0.0,12800.0
2025-03-20,Total,비회원,0.0,,0.0,0.0,12552.0
2025-03-21,Total,비회원,0.0,,0.0,0.0,11824.0
2025-03-22,Total,비회원,0.0,,0.0,0.0,11883.0
2025-03-23,Total,비회원,0.0,,0.0,0.0,14130.0
2025-03-24,Total,비회원,0.0,,0.0,0.0,14248.0
2025-03-25,Total,비회원,0.0,,0.0,0.0,14023.0
2025-03-26,Total,비회원,0.0,,0.0,0.0,13555.0
2025-03-27,Total,비회원,0.0,,0.0,0.0,12705.0
2025-03-28,Total,비회원,0.0,,0.0,0.0,10916.0
2025-03-29,Total,비회원,0.0,,0.0,0.0,11310.0
2025-03-30,Total,비회원,0.0,,0.0,0.0,12820.0
2025-03-31,Total,비회원,0.0,,0.0,0.0,12729.0
2025-04-01,Total,비회원,0.0,,0.0,0.0,13074.0
2025-04-02,Total,비회원,0.0,,0.0,0.0,12734.0
2025-04-03,Total,비회원,0.0,,0.0,0.0,12019.0
2025-04-04,Total,비회원,0.0,,0.0,0.0,10950.0
2025-04-05,Total,비회원,0.0,,0.0,0.0,12383.0
2025-04-06,Total,비회원,0.0,,0.0,0.0,12922.0
2025-04-07,Total,비회원,0.0,,0.0,0.0,12953.0
2025-04-08,Total,비회원,0.0,,0.0,0.0,13025.0
2025-04-09,Total,비회원,0.0,,0.0,0.0,13271.0
2025-04-10,Total,비회원,0.0,,0.0,0.0,12130.0
2025-04-11,Total,비회원,0.0,,0.0,0.0,11612.0
2025-04-12,Total,비회원,0.0,,0.0,0.0,12445.0
2025-04-13,Total,비회원,0.0,,0.0,0.0,14068.0
2025-04-14,Total,비회원,0.0,,0.0,0.0,13215.0
2025-04-15,Total,비회원,0.0,,0.0,0.0,12877.0
2025-04-16,Total,비회원,0.0,,0.0,0.0,13165.0
2025-04-17,Total,비회원,0.0,,0.0,0.0,12449.0
2025-04-18,Total,비회원,0.0,,0.0,0.0,12300.0
2025-04-19,Total,비회원,0.0,,0.0,0.0,12902.0
2025-04-20,Total,비회원,0.0,,0.0,0.0,14440.0
2025-04-21,Total,비회원,0.0,,0.0,0.0,14573.0
2025-04-22,Total,비회원,0.0,,0.0,0.0,13890.0
2025-04-23,Total,비회원,0.0,,0.0,0.0,13631.0
2025-04-24,Total,비회원,0.0,,0.0,0.0,12912.0
2025-04-25,Total,비회원,0.0,,0.0,0.0,11734.0
2025-04-26,Total,비회원,0.0,,0.0,0.0,12108.0
2025-04-27,Total,비회원,0.0,,0.0,0.0,13737.0
2025-04-28,Total,비회원,0.0,,0.0,0.0,13063.0
2025-04-29,Total,비회원,0.0,,0.0,0.0,12468.0
2025-04-30,Total,비회원,0.0,,0.0,0.0,11740.0
2025-05-01,Total,비회원,0.0,,0.0,0.0,12205.0
2025-05-02,Total,비회원,0.0,,0.0,0.0,10265.0
2025-05-03,Total,비회원,0.0,,0.0,0.0,10378.0
2025-05-04,Total,비회원,0.0,,0.0,0.0,10452.0
2025-05-05,Total,비회원,0.0,,0.0,0.0,11772.0
2025-05-06,Total,비회원,0.0,,0.0,0.0,12745.0
2025-05-07,Total,비회원,0.0,,0.0,0.0,11720.0
2025-05-08,Total,비회원,0.0,,0.0,0.0,11379.0
2025-05-09,Total,비회원,0.0,,0.0,0.0,11579.0
2025-05-10,Total,비회원,0.0,,0.0,0.0,11796.0
2025-05-11,Total,비회원,0.0,,0.0,0.0,13384.0
2025-05-12,Total,비회원,0.0,,0.0,0.0,15143.0
2025-05-13,Total,비회원,0.0,,0.0,0.0,15785.0
2025-05-14,Total,비회원,0.0,,0.0,0.0,12944.0
2025-05-15,Total,비회원,0.0,,0.0,0.0,11586.0
2025-05-16,Total,비회원,0.0,,0.0,0.0,10817.0
2025-05-17,Total,비회원,0.0,,0.0,0.0,10535.0
2025-05-18,Total,비회원,0.0,,0.0,0.0,11932.0
2025-05-19,Total,비회원,0.0,,0.0,0.0,12090.0
2025-05-20,Total,비회원,0.0,,0.0,0.0,12142.0
2025-05-21,Total,비회원,0.0,,0.0,0.0,12845.0
2025-05-22,Total,비회원,0.0,,0.0,0.0,11985.0
2025-05-23,Total,비회원,0.0,,0.0,0.0,10937.0
2025-05-24,Total,비회원,0.0,,0.0,0.0,10884.0
2025-05-25,Total,비회원,0.0,,0.0,0.0,12339.0
2025-05-26,Total,비회원,0.0,,0.0,0.0,18311.0
2025-05-27,Total,비회원,0.0,,0.0,0.0,12197.0
2025-05-28,Total,비회원,0.0,,0.0,0.0,11559.0
2025-05-29,Total,비회원,0.0,,0.0,0.0,11610.0
2025-05-30,Total,비회원,0.0,,0.0,0.0,10418.0
2025-05-31,Total,비회원,0.0,,0.0,0.0,10766.0
2025-06-01,Total,비회원,0.0,,0.0,0.0,12605.0
2025-06-02,Total,비회원,0.0,,0.0,0.0,11610.0
2025-06-03,Total,비회원,0.0,,0.0,0.0,12894.0
2025-06-04,Total,비회원,0.0,,0.0,0.0,12085.0
2025-06-05,Total,비회원,0.0,,0.0,0.0,10797.0
2025-06-06,Total,비회원,0.0,,0.0,0.0,10803.0
2025-06-07,Total,비회원,0.0,,0.0,0.0,11528.0
2025-06-08,Total,비회원,0.0,,0.0,0.0,12543.0
2025-06-09,Total,비회원,0.0,,0.0,0.0,11912.0
2025-06-10,Total,비회원,0.0,,0.0,0.0,11337.0
2025-06-11,Total,비회원,0.0,,0.0,0.0,11477.0
2025-06-12,Total,비회원,0.0,,0.0,0.0,10989.0
2025-06-13,Total,비회원,0.0,,0.0,0.0,10003.0
2025-06-14,Total,비회원,0.0,,0.0,0.0,10086.0
2025-06-15,Total,비회원,0.0,,0.0,0.0,11652.0
2025-06-16,Total,비회원,0.0,,0.0,0.0,12438.0
2025-06-17,Total,비회원,0.0,,0.0,0.0,12232.0
2025-06-18,Total,비회원,0.0,,0.0,0.0,12162.0
2025-06-19,Total,비회원,0.0,,0.0,0.0,10631.0
2025-06-20,Total,비회원,0.0,,0.0,0.0,10092.0
2025-06-21,Total,비회원,0.0,,0.0,0.0,9895.0
2025-06-22,Total,비회원,0.0,,0.0,0.0,11644.0
2025-06-23,Total,비회원,0.0,,0.0,0.0,11022.0
2025-06-24,Total,비회원,0.0,,0.0,0.0,10180.0
2025-06-25,Total,비회원,0.0,,0.0,0.0,9852.0
2025-06-26,Total,비회원,0.0,,0.0,0.0,9438.0
2025-06-27,Total,비회원,0.0,,0.0,0.0,8807.0
2025-06-28,Total,비회원,0.0,,0.0,0.0,8976.0
2025-06-29,Total,비회원,0.0,,0.0,0.0,10089.0
2025-06-30,Total,비회원,0.0,,0.0,0.0,10016.0
2025-07-01,Total,비회원,0.0,,0.0,0.0,10159.0
2025-07-02,Total,비회원,0.0,,0.0,0.0,9698.0
2025-07-03,Total,비회원,0.0,,0.0,0.0,9316.0
2025-07-04,Total,비회원,0.0,,0.0,0.0,8461.0
2025-07-05,Total,비회원,0.0,,0.0,0.0,8853.0
2025-07-06,Total,비회원,0.0,,0.0,0.0,10260.0
2025-07-07,Total,비회원,0.0,,0.0,0.0,10302.0
2025-07-08,Total,비회원,0.0,,0.0,0.0,10656.0
2025-07-09,Total,비회원,0.0,,0.0,0.0,11249.0
2025-07-10,Total,비회원,0.0,,0.0,0.0,10378.0
2025-07-11,Total,비회원,0.0,,0.0,0.0,9478.0
2025-07-12,Total,비회원,0.0,,0.0,0.0,9427.0
2025-07-13,Total,비회원,0.0,,0.0,0.0,10396.0
2025-07-14,Total,비회원,0.0,,0.0,0.0,10175.0
2025-07-15,Total,비회원,0.0,,0.0,0.0,9927.0
2025-07-16,Total,비회원,0.0,,0.0,0.0,9980.0
2025-07-17,Total,비회원,0.0,,0.0,0.0,9225.0
2025-07-18,Total,비회원,0.0,,0.0,0.0,8838.0
2025-07-19,Total,비회원,0.0,,0.0,0.0,8530.0
2025-07-20,Total,비회원,0.0,,0.0,0.0,9910.0
2025-07-21,Total,비회원,0.0,,0.0,0.0,10121.0
2025-07-22,Total,비회원,0.0,,0.0,0.0,9439.0
2025-07-23,Total,비회원,0.0,,0.0,0.0,9454.0
2025-07-24,Total,비회원,0.0,,0.0,0.0,8681.0
2025-07-25,Total,비회원,0.0,,0.0,0.0,8015.0
2025-07-26,Total,비회원,0.0,,0.0,0.0,8320.0
2025-07-27,Total,비회원,0.0,,0.0,0.0,9672.0
2025-07-28,Total,비회원,0.0,,0.0,0.0,9877.0
2025-07-29,Total,비회원,0.0,,0.0,0.0,9611.0
2025-07-30,Total,비회원,0.0,,0.0,0.0,9315.0
2025-07-31,Total,비회원,0.0,,0.0,0.0,8905.0
2025-08-01,Total,비회원,0.0,,0.0,0.0,8874.0
2025-08-02,Total,비회원,0.0,,0.0,0.0,8703.0
2025-08-03,Total,비회원,0.0,,0.0,0.0,10006.0
2025-08-04,Total,비회원,0.0,,0.0,0.0,9977.0
2025-08-05,Total,비회원,0.0,,0.0,0.0,10135.0
2025-08-06,Total,비회원,0.0,,0.0,0.0,10509.0
2025-08-07,Total,비회원,0.0,,0.0,0.0,10021.0
2025-08-08,Total,비회원,0.0,,0.0,0.0,9198.0
2025-08-09,Total,비회원,0.0,,0.0,0.0,9421.0
2025-08-10,Total,비회원,0.0,,0.0,0.0,10281.0
2025-08-11,Total,비회원,0.0,,0.0,0.0,10223.0
2025-08-12,Total,비회원,0.0,,0.0,0.0,9577.0
2025-08-13,Total,비회원,0.0,,0.0,0.0,9457.0
2025-08-14,Total,비회원,0.0,,0.0,0.0,8350.0
2025-08-15,Total,비회원,0.0,,0.0,0.0,8596.0
2025-08-16,Total,비회원,0.0,,0.0,0.0,9093.0
2025-08-17,Total,비회원,0.0,,0.0,0.0,9786.0
2025-08-18,Total,비회원,0.0,,0.0,0.0,9980.0
2025-08-19,Total,비회원,0.0,,0.0,0.0,9642.0
2025-08-20,Total,비회원,0.0,,0.0,0.0,9507.0
2025-08-21,Total,비회원,0.0,,0.0,0.0,9294.0
2025-08-22,Total,비회원,0.0,,0.0,0.0,8791.0
2025-08-23,Total,비회원,0.0,,0.0,0.0,8851.0
2025-08-24,Total,비회원,0.0,,0.0,0.0,9707.0
2025-08-25,Total,비회원,0.0,,0.0,0.0,9615.0
2025-08-26,Total,비회원,0.0,,0.0,0.0,10040.0
2025-08-27,Total,비회원,0.0,,0.0,0.0,9879.0
2025-08-28,Total,비회원,0.0,,0.0,0.0,9678.0
2025-08-29,Total,비회원,0.0,,0.0,0.0,9639.0
2025-08-30,Total,비회원,0.0,,0.0,0.0,9660.0
2025-08-31,Total,비회원,0.0,,0.0,0.0,10790.0
2025-09-01,Total,비회원,0.0,,0.0,0.0,10698.0
2025-09-02,Total,비회원,0.0,,0.0,0.0,10906.0
2025-09-03,Total,비회원,0.0,,0.0,0.0,10497.0
2025-09-04,Total,비회원,0.0,,0.0,0.0,10116.0
2025-09-05,Total,비회원,0.0,,0.0,0.0,9306.0
2025-09-06,Total,비회원,0.0,,0.0,0.0,9107.0
2025-09-07,Total,비회원,0.0,,0.0,0.0,10257.0
2025-09-08,Total,비회원,0.0,,0.0,0.0,10663.0
2025-09-09,Total,비회원,0.0,,0.0,0.0,10624.0
2025-09-10,Total,비회원,0.0,,0.0,0.0,9899.0
2025-09-11,Total,비회원,0.0,,0.0,0.0,10013.0
2025-09-12,Total,비회원,0.0,,0.0,0.0,9366.0
2025-09-13,Total,비회원,0.0,,0.0,0.0,10049.0
2025-09-14,Total,비회원,0.0,,0.0,0.0,10873.0
2025-09-15,Total,비회원,0.0,,0.0,0.0,10724.0
2025-09-16,Total,비회원,0.0,,0.0,0.0,10561.0
2025-09-17,Total,비회원,0.0,,0.0,0.0,10699.0
2025-09-18,Total,비회원,0.0,,0.0,0.0,9928.0
2025-09-19,Total,비회원,0.0,,0.0,0.0,10295.0
2025-09-20,Total,비회원,0.0,,0.0,0.0,10636.0
2025-09-21,Total,비회원,0.0,,0.0,0.0,11803.0
2025-09-22,Total,비회원,0.0,,0.0,0.0,11967.0
2025-09-23,Total,비회원,0.0,,0.0,0.0,11844.0
2025-09-24,Total,비회원,0.0,,0.0,0.0,12073.0
2025-09-25,Total,비회원,0.0,,0.0,0.0,11345.0
2025-09-26,Total,비회원,0.0,,0.0,0.0,10285.0
2025-09-27,Total,비회원,0.0,,0.0,0.0,9693.0
2025-09-28,Total,비회원,0.0,,0.0,0.0,11952.0
2025-09-29,Total,비회원,0.0,,0.0,0.0,11534.0
2025-09-30,Total,비회원,0.0,,0.0,0.0,10402.0
2025-10-01,Total,비회원,0.0,,0.0,0.0,9062.0
2025-10-02,Total,비회원,0.0,,0.0,0.0,8129.0
2025-10-03,Total,비회원,0.0,,0.0,0.0,8582.0
2025-10-04,Total,비회원,0.0,,0.0,0.0,8637.0
2025-10-05,Total,비회원,0.0,,0.0,0.0,8236.0
2025-10-06,Total,비회원,0.0,,0.0,0.0,8678.0
2025-10-07,Total,비회원,0.0,,0.0,0.0,10274.0
2025-10-08,Total,비회원,0.0,,0.0,0.0,11522.0
2025-10-09,Total,비회원,0.0,,0.0,0.0,12497.0
2025-10-10,Total,비회원,0.0,,0.0,0.0,12463.0
2025-10-11,Total,비회원,0.0,,0.0,0.0,12168.0
2025-10-12,Total,비회원,0.0,,0.0,0.0,13370.0
2025-10-13,Total,비회원,0.0,,0.0,0.0,13816.0
2025-10-14,Total,비회원,0.0,,0.0,0.0,13024.0
2025-10-15,Total,비회원,0.0,,0.0,0.0,12433.0
2025-10-16,Total,비회원,0.0,,0.0,0.0,12224.0
2025-10-17,Total,비회원,0.0,,0.0,0.0,11447.0
2025-10-18,Total,비회원,0.0,,0.0,0.0,11900.0
2025-10-19,Total,비회원,0.0,,0.0,0.0,14093.0
2025-10-20,Total,비회원,0.0,,0.0,0.0,15484.0
2025-10-21,Total,비회원,0.0,,0.0,0.0,14873.0
2025-10-22,Total,비회원,0.0,,0.0,0.0,14867.0
2025-10-23,Total,비회원,0.0,,0.0,0.0,12973.0
2025-10-24,Total,비회원,0.0,,0.0,0.0,11746.0
2025-10-25,Total,비회원,0.0,,0.0,0.0,11656.0
2025-10-26,Total,비회원,0.0,,0.0,0.0,13883.0
2025-10-27,Total,비회원,0.0,,0.0,0.0,15056.0
2025-10-28,Total,비회원,0.0,,0.0,0.0,16025.0
2025-10-29,Total,비회원,0.0,,0.0,0.0,13942.0
2025-10-30,Total,비회원,0.0,,0.0,0.0,11928.0
2025-10-31,Total,비회원,0.0,,0.0,0.0,10507.0
2025-11-01,Total,비회원,0.0,,0.0,0.0,11244.0
2025-11-02,Total,비회원,0.0,,0.0,0.0,14791.0
2025-11-03,Total,비회원,0.0,,0.0,0.0,14407.0
2025-11-04,Total,비회원,0.0,,0.0,0.0,13247.0
2025-11-05,Total,비회원,0.0,,0.0,0.0,12584.0
2025-11-06,Total,비회원,0.0,,0.0,0.0,11917.0
2025-11-07,Total,비회원,0.0,,0.0,0.0,11066.0
2025-11-08,Total,비회원,0.0,,0.0,0.0,11925.0
2025-11-09,Total,비회원,0.0,,0.0,0.0,13494.0
2025-11-10,Total,비회원,0.0,,0.0,0.0,13513.0
2025-11-11,Total,비회원,0.0,,0.0,0.0,13328.0
2025-11-12,Total,비회원,0.0,,0.0,0.0,13106.0
2025-11-13,Total,비회원,0.0,,0.0,0.0,12618.0
2025-11-14,Total,비회원,0.0,,0.0,0.0,12141.0
2025-11-15,Total,비회원,0.0,,0.0,0.0,12036.0
2025-11-16,Total,비회원,0.0,,0.0,0.0,14281.0
2025-11-17,Total,비회원,0.0,,0.0,0.0,14590.0
2025-11-18,Total,비회원,0.0,,0.0,0.0,15391.0
2025-11-19,Total,비회원,0.0,,0.0,0.0,13591.0
2025-11-20,Total,비회원,0.0,,0.0,0.0,12032.0
2025-11-21,Total,비회원,0.0,,0.0,0.0,11432.0
2025-11-22,Total,비회원,0.0,,0.0,0.0,11870.0
2025-11-23,Total,비회원,0.0,,0.0,0.0,13836.0
2025-11-24,Total,비회원,0.0,,0.0,0.0,13594.0
2025-11-25,Total,비회원,0.0,,0.0,0.0,13811.0
2025-11-26,Total,비회원,0.0,,0.0,0.0,13022.0
2025-11-27,Total,비회원,0.0,,0.0,0.0,12827.0
2025-11-28,Total,비회원,0.0,,0.0,0.0,11998.0
2025-11-29,Total,비회원,0.0,,0.0,0.0,11608.0
2025-11-30,Total,비회원,0.0,,0.0,0.0,12353.0
2025-12-01,Total,비회원,0.0,,0.0,0.0,12897.0
2025-12-02,Total,비회원,0.0,,0.0,0.0,12943.0
2025-12-03,Total,비회원,0.0,,0.0,0.0,13785.0
2025-12-04,Total,비회원,0.0,,0.0,0.0,12928.0
2025-12-05,Total,비회원,0.0,,0.0,0.0,11792.0
2025-12-06,Total,비회원,0.0,,0.0,0.0,11708.0
2025-12-07,Total,비회원,0.0,,0.0,0.0,12887.0
2025-12-08,Total,비회원,0.0,,0.0,0.0,12442.0
2025-12-09,Total,비회원,0.0,,0.0,0.0,12639.0
2025-12-10,Total,비회원,0.0,,0.0,0.0,11771.0
2025-12-11,Total,비회원,0.0,,0.0,0.0,12014.0
2025-12-12,Total,비회원,0.0,,0.0,0.0,11861.0
2025-12-13,Total,비회원,0.0,,0.0,0.0,12192.0
2025-12-14,Total,비회원,0.0,,0.0,0.0,13671.0
2025-12-15,Total,비회원,0.0,,0.0,0.0,13149.0
2025-12-16,Total,비회원,0.0,,0.0,0.0,11517.0
2025-12-17,Total,비회원,0.0,,0.0,0.0,11244.0
2025-12-18,Total,비회원,0.0,,0.0,0.0,10291.0
2025-12-19,Total,비회원,0.0,,0.0,0.0,9373.0
2025-12-20,Total,비회원,0.0,,0.0,0.0,9481.0
2025-12-21,Total,비회원,0.0,,0.0,0.0,10793.0
2025-12-22,Total,비회원,0.0,,0.0,0.0,11155.0
2025-12-23,Total,비회원,0.0,,0.0,0.0,10353.0
2025-12-24,Total,비회원,0.0,,0.0,0.0,9232.0
2025-12-25,Total,비회원,0.0,,0.0,0.0,11537.0
2025-12-26,Total,비회원,0.0,,0.0,0.0,11937.0
2025-12-27,Total,비회원,0.0,,0.0,0.0,12250.0
2025-12-28,Total,비회원,0.0,,0.0,0.0,12999.0
2025-12-29,Total,비회원,0.0,,0.0,0.0,11814.0
2025-12-30,Total,비회원,0.0,,0.0,0.0,11163.0
2025-12-31,Total,비회원,0.0,,0.0,0.0,10240.0
2025-01-01,Total,신규,23.647294589178355,160843.4514637904,18979527.27272727,118.0,499.0
2025-01-02,Total,신규,26.91511387163561,159105.38461538462,20683700.0,130.0,483.0
2025-01-03,Total,신규,24.733475479744136,149251.88087774292,17313218.18181818,116.0,469.0
2025-01-04,Total,신규,23.316062176165804,210042.2222222222,28355699.999999996,135.0,579.0
2025-01-05,Total,신규,21.903052064631957,152114.9031296572,18558018.18181818,122.0,557.0
2025-01-06,Total,신규,22.57495590828924,134259.12642045453,17185168.18181818,128.0,567.0
2025-01-07,Total,신규,21.076923076923077,141216.0583941606,19346600.0,137.0,650.0
2025-01-08,Total,신규,17.835365853658537,141974.59207459207,16611027.272727272,117.0,656.0
2025-01-09,Total,신규,17.94871794871795,178063.3766233766,18696654.545454543,105.0,585.0
2025-01-10,Total,신규,17.79816513761468,195263.26148078725,18940536.363636363,97.0,545.0
2025-01-11,Total,신규,22.483221476510067,165555.223880597,22184400.0,134.0,596.0
2025-01-12,Total,신규,20.87447108603667,155596.92874692875,23028345.454545453,148.0,709.0
2025-01-13,Total,신규,18.92332789559543,138417.39811912223,16056418.18181818,116.0,613.0
2025-01-14,Total,신규,19.490254872563717,138204.00699300697,17966520.909090906,130.0,667.0
2025-01-15,Total,신규,17.741935483870968,197760.04132231403,21753604.545454543,110.0,620.0
2025-01-16,Total,신규,16.151202749140893,136092.55319148934,12792699.999999998,94.0,582.0
2025-01-17,Total,신규,16.63716814159292,188688.68471953578,17736736.363636363,94.0,565.0
2025-01-18,Total,신규,17.443868739205527,136862.01620162014,13823063.636363635,101.0,579.0
2025-01-19,Total,신규,22.19020172910663,167392.7095631641,25778477.27272727,154.0,694.0
2025-01-20,Total,신규,18.48341232227488,115777.00077700077,13545909.09090909,117.0,633.0
2025-01-21,Total,신규,15.184049079754603,129907.07070707068,12860799.999999998,99.0,652.0
2025-01-22,Total,신규,15.532286212914483,126735.75076608783,11279481.818181816,89.0,573.0
2025-01-23,Total,신규,15.567765567765568,152331.44385026736,12948172.727272727,85.0,546.0
2025-01-24,Total,신규,17.286652078774615,131062.94591484465,10353972.727272727,79.0,457.0
2025-01-25,Total,신규,20.299145299145298,181783.92344497607,17269472.727272727,95.0,468.0
2025-01-26,Total,신규,17.14801444043321,137870.43062200956,13097690.909090908,95.0,554.0
2025-01-27,Total,신규,18.59582542694497,164535.5287569573,16124481.818181816,98.0,527.0
2025-01-28,Total,신규,17.872340425531917,145933.87445887443,12258445.454545453,84.0,470.0
2025-01-29,Total,신규,19.771863117870723,159536.27622377622,16591772.727272727,104.0,526.0
2025-01-30,Total,신규,20.783132530120483,143413.70223978919,19791090.909090906,138.0,664.0
2025-01-31,Total,신규,18.364418938307033,135973.1534090909,17404563.636363637,128.0,697.0
2025-02-01,Total,신규,19.810040705563093,157640.34869240347,23015490.909090906,146.0,737.0
2025-02-02,Total,신규,20.976253298153033,154491.3093196112,24564118.18181818,159.0,758.0
2025-02-03,Total,신규,15.75037147102526,112048.5420240137,11877145.454545453,106.0,673.0
2025-02-04,Total,신규,13.668061366806135,125045.45454545454,12254454.545454545,98.0,717.0
2025-02-05,Total,신규,15.775401069518717,207376.11710323574,24470381.818181816,118.0,748.0
2025-02-06,Total,신규,16.013628620102217,105304.64216634429,9898636.363636363,94.0,587.0
2025-02-07,Total,신규,12.950819672131148,132392.75028768697,10459027.272727272,79.0,610.0
2025-02-08,Total,신규,17.236255572065378,147178.3699059561,17072690.909090906,116.0,673.0
2025-02-09,Total,신규,17.039800995024876,133471.59920371597,18285609.09090909,137.0,804.0
2025-02-10,Total,신규,20.214190093708165,110548.46478025285,16692818.18181818,151.0,747.0
2025-02-11,Total,신규,16.23931623931624,110794.25837320572,12630545.454545453,114.0,702.0
2025-02-12,Total,신규,18.021680216802167,123120.71086807929,16375054.545454545,133.0,738.0
2025-02-13,Total,신규,14.551083591331269,140025.2417794971,13162372.727272727,94.0,646.0
2025-02-14,Total,신규,16.40625,80882.51082251081,8492663.636363635,105.0,640.0
2025-02-15,Total,신규,17.34265734265734,164499.1568914956,20397895.454545453,124.0,715.0
2025-02-16,Total,신규,20.98159509202454,158756.884635832,27147427.27272727,171.0,815.0
2025-02-17,Total,신규,14.305177111716622,198129.9567099567,20803645.454545453,105.0,734.0
2025-02-18,Total,신규,16.573816155988858,98150.49656226127,11679909.09090909,119.0,718.0
2025-02-19,Total,신규,15.62043795620438,130005.86236193712,13910627.272727272,107.0,685.0
2025-02-20,Total,신규,14.307692307692307,110768.57282502443,10301477.272727272,93.0,650.0
2025-02-21,Total,신규,18.294573643410853,131629.04468412942,15532227.272727272,118.0,645.0
2025-02-22,Total,신규,20.933521923620933,140355.4361179361,20772604.545454543,148.0,707.0
2025-02-23,Total,신규,22.069825436408976,139662.91730868001,24720336.363636363,177.0,802.0
2025-02-24,Total,신규,15.214564369310793,143892.42424242425,16835413.636363637,117.0,769.0
2025-02-25,Total,신규,14.36388508891929,138856.0173160173,14579881.818181816,105.0,731.0
2025-02-26,Total,신규,15.128205128205128,118553.85208012327,13989354.545454545,118.0,780.0
2025-02-27,Total,신규,17.134831460674157,168426.45305514155,20548027.27272727,122.0,712.0
2025-02-28,Total,신규,14.992721979621543,143312.00353045014,14761136.363636363,103.0,687.0
2025-03-01,Total,신규,16.109045848822802,148324.8951048951,19282236.363636363,130.0,807.0
2025-03-02,Total,신규,16.185567010309278,124268.26867400114,19510118.18181818,157.0,970.0
2025-03-03,Total,신규,20.106382978723406,123594.22799422799,23359309.09090909,189.0,940.0
2025-03-04,Total,신규,14.415437003405222,144859.41302791695,18397145.454545453,127.0,881.0
2025-03-05,Total,신규,18.4,134582.60869565216,24763199.999999996,184.0,1000.0
2025-03-06,Total,신규,13.858093126385809,103018.83636363636,12877354.545454545,125.0,902.0
2025-03-07,Total,신규,13.333333333333334,102153.90909090909,10215390.909090908,100.0,750.0
2025-03-08,Total,신규,14.434180138568129,126783.12727272726,15847890.909090908,125.0,866.0
2025-03-09,Total,신규,21.163490471414242,125722.74881516586,26527499.999999996,211.0,997.0
2025-03-10,Total,신규,14.956331877729257,118418.31453218314,16223309.09090909,137.0,916.0
2025-03-11,Total,신규,14.175824175824175,116098.02677942211,14976645.454545453,129.0,910.0
2025-03-12,Total,신규,15.639810426540285,129626.23966942148,17110663.636363637,132.0,844.0
2025-03-13,Total,신규,14.791403286978507,118298.29059829058,13840899.999999998,117.0,791.0
2025-03-14,Total,신규,17.125,147591.9708029197,20220100.0,137.0,800.0
2025-03-15,Total,신규,16.355140186915886,154354.2857142857,21609600.0,140.0,856.0
2025-03-16,Total,신규,19.29480901077375,124354.63774803875,24497863.636363633,197.0,1021.0
2025-03-17,Total,신규,14.859002169197396,126651.82481751825,17351300.0,137.0,922.0
2025-03-18,Total,신규,13.411764705882353,140851.59489633172,16057081.818181816,114.0,850.0
2025-03-19,Total,신규,15.02958579881657,117026.48532569791,14862363.636363635,127.0,845.0
2025-03-20,Total,신규,15.808383233532936,110062.94765840219,14528309.09090909,132.0,835.0
2025-03-21,Total,신규,15.702479338842975,120111.80223285485,13692745.454545453,114.0,726.0
2025-03-22,Total,신규,17.374517374517374,131888.4175084175,17804936.363636363,135.0,777.0
2025-03-23,Total,신규,19.959473150962513,122870.00461467465,24205390.909090906,197.0,987.0
2025-03-24,Total,신규,16.433566433566433,130879.43262411347,18454000.0,141.0,858.0
2025-03-25,Total,신규,16.219119226638025,147905.17760385308,22333681.818181816,151.0,931.0
2025-03-26,Total,신규,14.000000000000002,82494.44444444444,10394300.0,126.0,900.0
2025-03-27,Total,신규,15.54140127388535,96699.92548435171,11797390.909090908,122.0,785.0
2025-03-28,Total,신규,15.32033426183844,118050.99173553719,12985609.09090909,110.0,718.0
2025-03-29,Total,신규,17.319848293299618,143588.1220968812,19671572.727272727,137.0,791.0
2025-03-30,Total,신규,16.78082191780822,124126.39455782314,18246580.0,147.0,876.0
2025-03-31,Total,신규,16.763678696158323,127210.41666666667,18318300.0,144.0,859.0
2025-04-01,Total,신규,16.268980477223426,139599.87878787878,20939981.818181816,150.0,922.0
2025-04-02,Total,신규,15.13317191283293,121489.30909090908,15186163.636363635,125.0,826.0
2025-04-03,Total,신규,15.294117647058824,137795.95959595958,16122127.272727272,117.0,765.0
2025-04-04,Total,신규,16.819973718791065,95373.29545454544,12207781.818181816,128.0,761.0
2025-04-05,Total,신규,18.275418275418275,126373.04737516005,17944972.727272727,142.0,777.0
2025-04-06,Total,신규,18.671248568155786,116852.09146681537,19046890.909090906,163.0,873.0
2025-04-07,Total,신규,16.552511415525114,124550.97178683383,18059890.909090906,145.0,876.0
2025-04-08,Total,신규,18.296892980437285,130133.24757004002,20691186.363636363,159.0,869.0
2025-04-09,Total,신규,19.741100323624593,91975.55886736212,16831527.27272727,183.0,927.0
2025-04-10,Total,신규,16.4366373902133,132948.85496183205,17416300.0,131.0,797.0
2025-04-11,Total,신규,14.560439560439562,147979.5883361921,15685836.363636363,106.0,728.0
2025-04-12,Total,신규,14.847715736040609,132899.5337995338,15549245.454545453,117.0,788.0
2025-04-13,Total,신규,19.444444444444446,123591.75084175082,23358840.909090906,189.0,972.0
2025-04-14,Total,신규,17.05426356589147,118727.80401416765,18284081.818181816,154.0,903.0
2025-04-15,Total,신규,15.105386416861826,159288.72445384072,20548245.454545453,129.0,854.0
2025-04-16,Total,신규,14.627994955863807,110137.06896551723,12775899.999999998,116.0,793.0
2025-04-17,Total,신규,15.14041514041514,120373.02052785923,14926254.545454545,124.0,819.0
2025-04-18,Total,신규,15.75091575091575,147842.70613107822,19071709.09090909,129.0,819.0
2025-04-19,Total,신규,18.305084745762713,113168.8552188552,18333354.545454543,162.0,885.0
2025-04-20,Total,신규,17.28515625,119128.96764252694,21085827.27272727,177.0,1024.0
2025-04-21,Total,신규,15.148413510747186,87839.00491400491,13000172.727272727,148.0,977.0
2025-04-22,Total,신규,16.151202749140893,124950.54803352673,17618027.27272727,141.0,873.0
2025-04-23,Total,신규,17.770034843205575,121516.95781342838,18592094.545454543,153.0,861.0
2025-04-24,Total,신규,16.891064871481028,119455.8629776021,16484909.09090909,138.0,817.0
2025-04-25,Total,신규,14.102564102564102,96223.30578512396,10584563.636363635,110.0,780.0
2025-04-26,Total,신규,16.382699868938403,117767.31636363636,14720914.545454545,125.0,763.0
2025-04-27,Total,신규,17.585848074921955,151962.98009682624,25681743.636363633,169.0,961.0
2025-04-28,Total,신규,14.683815648445876,121180.87591240875,16601779.999999998,137.0,933.0
2025-04-29,Total,신규,13.310185185185187,147347.6679841897,16944981.818181816,115.0,864.0
2025-04-30,Total,신규,14.622641509433961,101469.28152492669,12582190.909090908,124.0,848.0
2025-05-01,Total,신규,19.142259414225943,146749.6770988574,26855190.909090906,183.0,956.0
2025-05-02,Total,신규,14.731585518102372,121917.71956856702,14386290.909090908,118.0,801.0
2025-05-03,Total,신규,16.201859229747676,126789.2697466468,15468290.909090908,122.0,753.0
2025-05-04,Total,신규,16.64580725907384,142404.78468899522,18939836.363636363,133.0,799.0
2025-05-05,Total,신규,18.94484412470024,132056.6168009206,20864945.454545453,158.0,834.0
2025-05-06,Total,신규,19.670442842430482,116082.38933841028,22171736.363636363,191.0,971.0
2025-05-07,Total,신규,12.004662004662006,116853.66284201235,12035927.272727272,103.0,858.0
2025-05-08,Total,신규,14.430379746835442,182102.71132376394,20759709.09090909,114.0,790.0
2025-05-09,Total,신규,11.780455153949129,119268.07851239668,10495590.909090908,88.0,747.0
2025-05-10,Total,신규,17.78058007566204,121016.18310767246,17063281.818181816,141.0,793.0
2025-05-11,Total,신규,18.798665183537263,109365.51909628832,18482772.727272727,169.0,899.0
2025-05-12,Total,신규,14.577259475218659,112727.33333333333,16909100.0,150.0,1029.0
2025-05-13,Total,신규,12.634671890303622,133925.44045102183,17276381.818181816,129.0,1021.0
2025-05-14,Total,신규,14.91031390134529,120743.33561175666,16058863.636363635,133.0,892.0
2025-05-15,Total,신규,14.12639405204461,116298.80382775118,13258063.636363635,114.0,807.0
2025-05-16,Total,신규,14.228187919463087,117428.55917667237,12447427.272727272,106.0,745.0
2025-05-17,Total,신규,15.450643776824036,119179.6296296296,12871399.999999998,108.0,699.0
2025-05-18,Total,신규,16.470588235294116,113260.25974025973,15856436.363636361,140.0,850.0
2025-05-19,Total,신규,9.028727770177838,135758.08539944902,8960033.636363635,66.0,731.0
2025-05-20,Total,신규,12.046444121915819,98764.84118291346,8197481.818181817,83.0,689.0
2025-05-21,Total,신규,16.28787878787879,138048.35799859054,17808238.18181818,129.0,792.0
2025-05-22,Total,신규,15.460122699386503,125390.83694083693,15799245.454545453,126.0,815.0
2025-05-23,Total,신규,14.532374100719425,124397.79477947793,12564177.272727272,101.0,695.0
2025-05-24,Total,신규,15.934065934065933,124212.73510971786,14408677.272727272,116.0,728.0
2025-05-25,Total,신규,15.990453460620524,128584.93894165535,17230381.818181816,134.0,838.0
2025-05-26,Total,신규,,115208.92501658924,15783622.727272727,137.0,0.0
2025-05-27,Total,신규,15.344603381014304,101297.61171032357,11953118.181818182,118.0,769.0
2025-05-28,Total,신규,15.284974093264248,110655.39291217257,13057336.363636363,118.0,772.0
2025-05-29,Total,신규,16.792929292929294,104165.82365003417,13854054.545454545,133.0,792.0
2025-05-30,Total,신규,12.573099415204677,70233.6152219873,6040090.909090908,86.0,684.0
2025-05-31,Total,신규,16.124469589816123,137218.18181818182,15642872.727272727,114.0,707.0
2025-06-01,Total,신규,18.231441048034934,127931.30103429503,21364527.27272727,167.0,916.0
2025-06-02,Total,신규,15.243101182654403,121312.22570532914,14072218.18181818,116.0,761.0
2025-06-03,Total,신규,17.791411042944784,101340.43887147335,17633236.363636363,174.0,978.0
2025-06-04,Total,신규,15.254237288135593,102649.55808080808,14781536.363636363,144.0,944.0
2025-06-05,Total,신규,11.953727506426736,115605.37634408602,10751300.0,93.0,778.0
2025-06-06,Total,신규,16.60649819494585,117085.3096179183,16157772.727272727,138.0,831.0
2025-06-07,Total,신규,15.375586854460094,99671.26995142263,13056936.363636363,131.0,852.0
2025-06-08,Total,신규,16.969050160085377,107206.2893081761,17045800.0,159.0,937.0
2025-06-09,Total,신규,12.224938875305623,127421.0909090909,12742109.09090909,100.0,818.0
2025-06-10,Total,신규,15.664160401002505,98140.14545454545,12267518.181818182,125.0,798.0
2025-06-11,Total,신규,15.897435897435896,82682.77126099706,10252663.636363635,124.0,780.0
2025-06-12,Total,신규,14.716981132075471,107209.8679098679,12543554.545454545,117.0,795.0
2025-06-13,Total,신규,16.490765171503956,135856.72727272726,16982090.909090906,125.0,758.0
2025-06-14,Total,신규,14.561855670103094,101864.038616251,11510636.363636363,113.0,776.0
2025-06-15,Total,신규,17.262512768130744,117032.38300161377,19778472.727272727,169.0,979.0
2025-06-16,Total,신규,18.24973319103522,101761.13769271663,17401154.545454543,171.0,937.0
2025-06-17,Total,신규,14.423076923076922,121532.7946127946,16406927.272727272,135.0,936.0
2025-06-18,Total,신규,16.082659478885894,128624.58100558659,23023800.0,179.0,1113.0
2025-06-19,Total,신규,16.118769883351007,95977.27272727272,14588545.454545453,152.0,943.0
2025-06-20,Total,신규,15.102974828375288,120253.99449035812,15873527.272727272,132.0,874.0
2025-06-21,Total,신규,14.84375,118553.86192754612,15767663.636363635,133.0,896.0
2025-06-22,Total,신규,17.678100263852244,113480.61962912708,22809604.545454543,201.0,1137.0
2025-06-23,Total,신규,12.893401015228426,101031.85397279884,12831045.454545453,127.0,985.0
2025-06-24,Total,신규,10.206297502714442,126123.01740812378,11855563.636363635,94.0,921.0
2025-06-25,Total,신규,11.949685534591195,94653.68421052632,8992100.0,95.0,795.0
2025-06-26,Total,신규,12.942477876106196,106568.06526806526,12468463.636363635,117.0,904.0
2025-06-27,Total,신규,14.625445897740786,113944.71544715446,14015199.999999998,123.0,841.0
2025-06-28,Total,신규,15.285252960172228,117949.23175416133,16748790.909090908,142.0,929.0
2025-06-29,Total,신규,15.717092337917485,110958.80681818181,17753409.09090909,160.0,1018.0
2025-06-30,Total,신규,15.503875968992247,107890.55194805194,15104677.272727272,140.0,903.0
2025-07-01,Total,신규,13.106295149638802,102876.66428060128,13065336.363636363,127.0,969.0
2025-07-02,Total,신규,12.917115177610333,121906.43939393939,14628772.727272727,120.0,929.0
2025-07-03,Total,신규,13.410404624277456,102910.81504702194,11937654.545454545,116.0,865.0
2025-07-04,Total,신규,14.380825565912117,124888.04713804713,13487909.09090909,108.0,751.0
2025-07-05,Total,신규,17.17514124293785,102372.1889952153,15560572.727272727,152.0,885.0
2025-07-06,Total,신규,16.374269005847953,101949.67532467532,17127545.454545453,168.0,1026.0
2025-07-07,Total,신규,13.290460878885316,121971.33431085043,15124445.454545453,124.0,933.0
2025-07-08,Total,신규,13.352272727272727,191124.95164410057,26948618.18181818,141.0,1056.0
2025-07-09,Total,신규,16.795366795366796,118252.97805642632,20576018.18181818,174.0,1036.0
2025-07-10,Total,신규,15.161290322580644,117302.11476466795,16539598.18181818,141.0,930.0
2025-07-11,Total,신규,13.816534541336353,81381.74366616989,9928572.727272727,122.0,883.0
2025-07-12,Total,신규,16.648764769065522,112134.0762463343,17380781.818181816,155.0,931.0
2025-07-13,Total,신규,18.228105906313647,114607.36414423565,20514718.18181818,179.0,982.0
2025-07-14,Total,신규,11.978021978021978,125459.54962468724,13675090.909090908,109.0,910.0
2025-07-15,Total,신규,13.180169286577993,148073.39449541282,16139999.999999998,109.0,827.0
2025-07-16,Total,신규,13.90728476821192,85916.59451659452,10825490.909090908,126.0,906.0
2025-07-17,Total,신규,12.42603550295858,117856.0173160173,12374881.818181816,105.0,845.0
2025-07-18,Total,신규,12.85892634207241,112115.11915269196,11547857.272727272,103.0,801.0
2025-07-19,Total,신규,14.025974025974024,112612.87878787878,12162190.909090908,108.0,770.0
2025-07-20,Total,신규,17.678381256656017,121352.24534501643,20144472.727272727,166.0,939.0
2025-07-21,Total,신규,13.084112149532709,111636.21933621932,14066163.636363635,126.0,963.0
2025-07-22,Total,신규,14.51271186440678,96981.55275381553,13286472.727272727,137.0,944.0
2025-07-23,Total,신규,12.687427912341406,120744.21487603305,13281863.636363635,110.0,867.0
2025-07-24,Total,신규,13.75598086124402,90030.43478260869,10353500.0,115.0,836.0
2025-07-25,Total,신규,13.367609254498714,119881.81818181818,12467709.09090909,104.0,778.0
2025-07-26,Total,신규,14.030915576694412,93148.92141756548,10991572.727272727,118.0,841.0
2025-07-27,Total,신규,16.633663366336634,101131.65584415583,16990118.18181818,168.0,1010.0
2025-07-28,Total,신규,14.423076923076922,86996.09427609427,11744472.727272727,135.0,936.0
2025-07-29,Total,신규,12.985436893203882,100348.07136788443,10737243.636363635,107.0,824.0
2025-07-30,Total,신규,14.303797468354432,111780.61142397425,12631209.09090909,113.0,790.0
2025-07-31,Total,신규,10.921052631578949,86300.76670317634,7162963.636363636,83.0,760.0
2025-08-01,Total,신규,13.956466069142126,150765.0542118432,16433390.909090908,109.0,781.0
2025-08-02,Total,신규,16.055625790139064,115059.01216893342,14612494.545454545,127.0,791.0
2025-08-03,Total,신규,14.9364406779661,124748.74274661508,17589572.727272727,141.0,944.0
2025-08-04,Total,신규,15.904139433551197,96125.46699875465,14034318.18181818,146.0,918.0
2025-08-05,Total,신규,14.884696016771489,132810.87067861715,18859143.636363637,142.0,954.0
2025-08-06,Total,신규,12.37785016286645,120288.83572567783,13712927.272727272,114.0,921.0
2025-08-07,Total,신규,10.144927536231885,141457.14285714284,12872599.999999998,91.0,897.0
2025-08-08,Total,신규,13.393870601589104,126968.25885978428,14982254.545454545,118.0,881.0
2025-08-09,Total,신규,16.924910607866508,129018.56594110114,18320636.363636363,142.0,839.0
2025-08-10,Total,신규,18.635437881873727,128659.9602583209,23544772.727272727,183.0,982.0
2025-08-11,Total,신규,11.515151515151516,183848.51674641148,17465609.09090909,95.0,825.0
2025-08-12,Total,신규,10.807291666666668,125613.27491785321,10425901.818181816,83.0,768.0
2025-08-13,Total,신규,13.141426783479348,97263.72294372294,10212690.909090908,105.0,799.0
2025-08-14,Total,신규,10.606060606060606,151590.51948051946,10611336.363636363,70.0,660.0
2025-08-15,Total,신규,14.84480431848853,129643.88429752065,14260827.272727272,110.0,741.0
2025-08-16,Total,신규,12.632821723730814,109663.21155480032,11733963.636363635,107.0,847.0
2025-08-17,Total,신규,17.381489841986454,113359.18536009443,17457314.545454543,154.0,886.0
2025-08-18,Total,신규,13.700234192037472,87241.10334110333,10207209.09090909,117.0,854.0
2025-08-19,Total,신규,9.322033898305085,123514.87603305784,9510645.454545453,77.0,826.0
2025-08-20,Total,신규,14.963503649635038,89533.33333333333,11012600.0,123.0,822.0
2025-08-21,Total,신규,11.630847029077119,102682.50988142291,9446790.909090908,92.0,791.0
2025-08-22,Total,신규,12.427745664739884,128439.21775898519,11045772.727272727,86.0,692.0
2025-08-23,Total,신규,12.927756653992395,128418.53832442068,13098690.909090908,102.0,789.0
2025-08-24,Total,신규,14.797136038186157,129006.41495601172,15996795.454545453,124.0,838.0
2025-08-25,Total,신규,11.223203026481714,158523.7997957099,14108618.18181818,89.0,793.0
2025-08-26,Total,신규,11.71875,139783.53535353535,12580518.181818182,90.0,768.0
2025-08-27,Total,신규,10.747051114023591,126885.1441241685,10404581.818181816,82.0,763.0
2025-08-28,Total,신규,15.032679738562091,113549.96047430829,13058245.454545453,115.0,765.0
2025-08-29,Total,신규,13.892365456821027,108972.23587223588,12095918.181818182,111.0,799.0
2025-08-30,Total,신규,13.376623376623375,128423.74227714032,13227645.454545453,103.0,770.0
2025-08-31,Total,신규,15.165876777251185,137523.08238636362,17602954.545454543,128.0,844.0
2025-09-01,Total,신규,14.705882352941178,143275.0,20058500.0,140.0,952.0
2025-09-02,Total,신규,15.29175050301811,128451.31578947368,19524600.0,152.0,994.0
2025-09-03,Total,신규,15.745568300312826,133846.41782059,20210809.09090909,151.0,959.0
2025-09-04,Total,신규,14.539400665926749,115759.68077723801,15164518.18181818,131.0,901.0
2025-09-05,Total,신규,11.151960784313726,161707.3926073926,14715372.727272727,91.0,816.0
2025-09-06,Total,신규,12.389380530973451,133463.72912801482,13079445.454545453,98.0,791.0
2025-09-07,Total,신규,15.665236051502147,137452.67745952675,20068090.909090906,146.0,932.0
2025-09-08,Total,신규,8.633879781420765,108764.32681242809,8592381.818181818,79.0,915.0
2025-09-09,Total,신규,12.969283276450511,126635.48644338117,14436445.454545453,114.0,879.0
2025-09-10,Total,신규,11.935110081112398,170970.69726390112,17609981.818181816,103.0,863.0
2025-09-11,Total,신규,11.083743842364532,202888.28282828283,18259945.454545453,90.0,812.0
2025-09-12,Total,신규,11.567164179104477,131831.1827956989,12260299.999999998,93.0,804.0
2025-09-13,Total,신규,12.823397075365579,162062.20095693777,18475090.909090906,114.0,889.0
2025-09-14,Total,신규,16.597938144329895,145111.63184641444,23362972.727272727,161.0,970.0
2025-09-15,Total,신규,14.055299539170507,181144.18777943365,22099590.909090906,122.0,868.0
2025-09-16,Total,신규,12.252042007001167,127821.64502164502,13421272.727272727,105.0,857.0
2025-09-17,Total,신규,14.954337899543379,175037.89035392087,22929963.636363633,131.0,876.0
2025-09-18,Total,신규,12.097812097812097,139300.19342359767,13094218.181818182,94.0,777.0
2025-09-19,Total,신규,13.848039215686276,135002.97666934834,15255336.363636363,113.0,816.0
2025-09-20,Total,신규,12.150537634408602,131545.21319388575,14864609.09090909,113.0,930.0
2025-09-21,Total,신규,14.614703277236494,170228.98071625343,28087781.818181816,165.0,1129.0
2025-09-22,Total,신규,10.797665369649806,184306.9615069615,20458072.727272727,111.0,1028.0
2025-09-23,Total,신규,14.32865731462926,145746.40813731722,20841736.363636363,143.0,998.0
2025-09-24,Total,신규,11.952191235059761,177464.54545454544,21295745.454545453,120.0,1004.0
2025-09-25,Total,신규,11.770623742454728,138687.02408702407,16226381.818181816,117.0,994.0
2025-09-26,Total,신규,10.922587486744433,183406.88437775816,18890909.09090909,103.0,943.0
2025-09-27,Total,신규,10.993657505285412,207233.56643356642,21552290.909090906,104.0,946.0
2025-09-28,Total,신규,13.858424725822532,154864.94440810985,21526227.27272727,139.0,1003.0
2025-09-29,Total,신규,9.990205680705191,118831.78253119427,12120841.818181816,102.0,1021.0
2025-09-30,Total,신규,9.944134078212292,231364.55566905002,20591445.454545453,89.0,895.0
2025-10-01,Total,신규,9.090909090909092,117360.21251475796,9036736.363636363,77.0,847.0
2025-10-02,Total,신규,7.63582966226138,201416.2587412587,10473645.454545453,52.0,681.0
2025-10-03,Total,신규,9.033078880407125,124399.87195902687,8832390.909090908,71.0,786.0
2025-10-04,Total,신규,12.855209742895804,210517.03349282296,19999118.18181818,95.0,739.0
2025-10-05,Total,신규,12.172774869109947,189423.3626588465,17616372.727272727,93.0,764.0
2025-10-06,Total,신규,9.49796472184532,167704.8051948052,11739336.363636363,70.0,737.0
2025-10-07,Total,신규,12.294182217343579,167785.38961038963,18791963.636363637,112.0,911.0
2025-10-08,Total,신규,12.512613521695256,177855.35190615832,22054063.636363633,124.0,991.0
2025-10-09,Total,신규,14.595103578154426,184091.14369501465,28534127.27272727,155.0,1062.0
2025-10-10,Total,신규,10.674157303370785,180675.91706539073,20597054.545454543,114.0,1068.0
2025-10-11,Total,신규,12.631578947368421,148703.44352617077,19628854.545454543,132.0,1045.0
2025-10-12,Total,신규,14.703425229741018,191764.30785123966,33750518.18181818,176.0,1197.0
2025-10-13,Total,신규,10.0,147307.01078582433,17382227.27272727,118.0,1180.0
2025-10-14,Total,신규,11.742424242424242,179684.45747800585,22280872.727272727,124.0,1056.0
2025-10-15,Total,신규,11.889400921658986,180393.5165609584,23270763.636363633,129.0,1085.0
2025-10-16,Total,신규,13.62763915547025,248675.67221510882,35311945.45454545,142.0,1042.0
2025-10-17,Total,신규,10.75268817204301,157889.0909090909,15788909.09090909,100.0,930.0
2025-10-18,Total,신규,11.654135338345863,176979.54545454544,21945463.636363633,124.0,1064.0
2025-10-19,Total,신규,15.956622773044153,182667.8729037952,37629581.81818181,206.0,1291.0
2025-10-20,Total,신규,14.880493446414803,153004.26754592557,29529823.636363633,193.0,1297.0
2025-10-21,Total,신규,11.470361816782141,151897.55948749237,22632736.363636363,149.0,1299.0
2025-10-22,Total,신규,12.244897959183673,135444.17249417247,21129290.909090906,156.0,1274.0
2025-10-23,Total,신규,8.53448275862069,163144.0771349862,16151263.636363635,99.0,1160.0
2025-10-24,Total,신규,10.121836925960636,179458.92255892252,19381563.636363633,108.0,1067.0
2025-10-25,Total,신규,8.731617647058822,157437.7990430622,14956590.909090908,95.0,1088.0
2025-10-26,Total,신규,13.270142180094787,200746.5909090909,33725427.27272727,168.0,1266.0
2025-10-27,Total,신규,11.299000768639509,192116.38837353123,28241109.09090909,147.0,1301.0
2025-10-28,Total,신규,11.572942135289324,153926.82458386684,21857609.09090909,142.0,1227.0
2025-10-29,Total,신규,9.947643979057592,163264.4338118022,18612145.454545453,114.0,1146.0
2025-10-30,Total,신규,9.619238476953909,143431.3446969697,13769409.09090909,96.0,998.0
2025-10-31,Total,신규,10.045146726862303,205578.1409601634,18296454.545454543,89.0,886.0
2025-11-01,Total,신규,12.0259019426457,187436.36363636362,24366727.27272727,130.0,1081.0
2025-11-02,Total,신규,13.013698630136986,206987.61297182346,35394881.81818181,171.0,1314.0
2025-11-03,Total,신규,12.910986367281478,162101.35516657255,26098318.18181818,161.0,1247.0
2025-11-04,Total,신규,9.043478260869566,230831.64335664333,24006490.909090906,104.0,1150.0
2025-11-05,Total,신규,10.16949152542373,157385.26936026936,16997609.09090909,108.0,1062.0
2025-11-06,Total,신규,9.538784067085954,230591.7082917083,20983845.454545453,91.0,954.0
2025-11-07,Total,신규,8.447488584474886,247065.35626535627,18282836.363636363,74.0,876.0
2025-11-08,Total,신규,11.144578313253012,157846.10974610972,17520918.18181818,111.0,996.0
2025-11-09,Total,신규,14.897260273972604,183091.90177638453,31857990.909090906,174.0,1168.0
2025-11-10,Total,신규,10.653536257833482,153350.11459129106,18248663.636363637,119.0,1117.0
2025-11-11,Total,신규,9.956331877729257,198582.29665071768,22638381.818181816,114.0,1145.0
2025-11-12,Total,신규,10.261194029850747,193511.15702479336,21286227.27272727,110.0,1072.0
2025-11-13,Total,신규,9.39476061427281,124098.77622377622,12906272.727272727,104.0,1107.0
2025-11-14,Total,신규,9.467455621301776,138423.67424242423,13288672.727272727,96.0,1014.0
2025-11-15,Total,신규,10.73558648111332,279055.6397306397,30138009.09090909,108.0,1006.0
2025-11-16,Total,신규,13.192182410423452,273109.65207631874,44243763.63636363,162.0,1228.0
2025-11-17,Total,신규,10.76555023923445,120461.21212121211,16262263.636363635,135.0,1254.0
2025-11-18,Total,신규,10.338983050847457,171597.8390461997,20934936.363636363,122.0,1180.0
2025-11-19,Total,신규,7.78175313059034,163076.07105538138,14187618.18181818,87.0,1118.0
2025-11-20,Total,신규,8.68131868131868,473881.7031070195,37436654.54545454,79.0,910.0
2025-11-21,Total,신규,6.150583244962885,145090.9090909091,8415272.727272727,58.0,943.0
2025-11-22,Total,신규,12.070566388115136,263548.3916083916,34261290.90909091,130.0,1077.0
2025-11-23,Total,신규,12.611275964391691,257448.3422459893,43766218.18181818,170.0,1348.0
2025-11-24,Total,신규,10.235580828594639,191401.29870129869,24116563.636363633,126.0,1231.0
2025-11-25,Total,신규,10.090984284532672,205255.43964232487,25041163.636363633,122.0,1209.0
2025-11-26,Total,신규,11.09200343938091,172905.39112050738,22304795.454545453,129.0,1163.0
2025-11-27,Total,신규,11.858407079646017,140343.21573948438,18805990.909090906,134.0,1130.0
2025-11-28,Total,신규,8.026440037771483,162570.16042780748,13818463.636363635,85.0,1059.0
2025-11-29,Total,신규,10.714285714285714,232364.19457735246,26489518.18181818,114.0,1064.0
2025-11-30,Total,신규,12.66294227188082,183179.41176470584,24912399.999999996,136.0,1074.0
2025-12-01,Total,신규,11.41439205955335,178879.2490118577,24685336.363636363,138.0,1209.0
2025-12-02,Total,신규,10.757314974182444,169534.90909090906,21191863.636363633,125.0,1162.0
2025-12-03,Total,신규,9.082892416225748,155645.63106796113,16031499.999999998,103.0,1134.0
2025-12-04,Total,신규,14.19047619047619,212591.94630872482,31676199.999999996,149.0,1050.0
2025-12-05,Total,신규,9.75609756097561,202062.97348484848,19398045.454545453,96.0,984.0
2025-12-06,Total,신규,11.627906976744185,197080.79051383396,22664290.909090906,115.0,989.0
2025-12-07,Total,신규,13.951473136915077,220336.87182382832,35474236.36363636,161.0,1154.0
2025-12-08,Total,신규,8.907254361799815,175588.94095595123,17032127.27272727,97.0,1089.0
2025-12-09,Total,신규,11.060743427017226,163151.78837555886,19904518.18181818,122.0,1103.0
2025-12-10,Total,신규,11.391129032258064,229128.80128720833,25891554.545454543,113.0,992.0
2025-12-11,Total,신규,8.803165182987142,300397.13993871293,26735345.454545453,89.0,1011.0
2025-12-12,Total,신규,8.617021276595745,172299.77553310886,13956281.818181816,81.0,940.0
2025-12-13,Total,신규,11.014492753623188,210423.84370015946,23988318.18181818,114.0,1035.0
2025-12-14,Total,신규,13.877551020408163,323277.96791443846,54957254.54545454,170.0,1225.0
2025-12-15,Total,신규,11.120764552562989,401915.76704545453,51445218.18181818,128.0,1151.0
2025-12-16,Total,신규,9.47867298578199,171356.63636363635,17135663.636363637,100.0,1055.0
2025-12-17,Total,신규,9.700000000000001,218071.79006560447,21152963.636363633,97.0,1000.0
2025-12-18,Total,신규,11.052631578947368,141501.1255411255,14857618.18181818,105.0,950.0
2025-12-19,Total,신규,11.662817551963048,306205.0405040504,30926709.09090909,101.0,866.0
2025-12-20,Total,신규,9.587378640776699,203848.56156501724,16104036.363636361,79.0,824.0
2025-12-21,Total,신규,13.223140495867769,222480.6186868687,32037209.09090909,144.0,1089.0
2025-12-22,Total,신규,13.085764809902741,315395.5773955774,46678545.45454545,148.0,1131.0
2025-12-23,Total,신규,8.102564102564102,261536.13348676637,20661354.545454543,79.0,975.0
2025-12-24,Total,신규,8.536585365853659,103640.12987012985,7254809.09090909,70.0,820.0
2025-12-25,Total,신규,14.258734655335223,193914.268512944,29281054.545454543,151.0,1059.0
2025-12-26,Total,신규,11.375387797311271,241720.6611570248,26589272.727272727,110.0,967.0
2025-12-27,Total,신규,14.396887159533073,214700.9828009828,31775745.454545453,148.0,1028.0
2025-12-28,Total,신규,14.005123825789923,203201.55210643014,33325054.545454543,164.0,1171.0
2025-12-29,Total,신규,9.63302752293578,177704.58874458872,18658981.818181816,105.0,1090.0
2025-12-30,Total,신규,10.485651214128035,210612.72727272726,20008209.09090909,95.0,906.0
2025-12-31,Total,신규,9.311224489795919,249742.21668742213,18231181.818181816,73.0,784.0
2025-01-01,Total,전체,3.3106387401902184,187548.52290566574,119468409.09090908,637.0,19241.0
2025-01-02,Total,전체,2.371026576341845,157843.02697302695,71818577.27272727,455.0,19190.0
2025-01-03,Total,전체,2.784904853538593,201513.20886407257,104988381.81818181,521.0,18708.0
2025-01-04,Total,전체,3.289506825852602,203587.92983433104,132942918.18181817,653.0,19851.0
2025-01-05,Total,전체,3.3759517310731213,205053.7137330754,144562868.18181816,705.0,20883.0
2025-01-06,Total,전체,2.5543478260869565,151862.81870933707,78513077.27272727,517.0,20240.0
2025-01-07,Total,전체,2.79631544318075,209393.14438502674,124588920.9090909,595.0,21278.0
2025-01-08,Total,전체,3.227310885178621,207637.09537572254,143684870.0,692.0,21442.0
2025-01-09,Total,전체,2.387414555689586,210788.44019138755,100124509.09090908,475.0,19896.0
2025-01-10,Total,전체,2.8069800949890604,218943.67438645003,115164372.72727272,526.0,18739.0
2025-01-11,Total,전체,3.1647441585329785,199084.05550835456,127811963.63636363,642.0,20286.0
2025-01-12,Total,전체,3.4616775126536514,204277.28459530027,156476400.0,766.0,22128.0
2025-01-13,Total,전체,2.661670029787643,165911.4538890712,91914945.45454545,554.0,20814.0
2025-01-14,Total,전체,2.8823848773505754,166692.7817559153,97348584.54545453,584.0,20261.0
2025-01-15,Total,전체,2.9186555290373906,184870.47080687626,108518966.36363636,587.0,20112.0
2025-01-16,Total,전체,2.8620523009182195,167013.54255500596,89018218.18181817,533.0,18623.0
2025-01-17,Total,전체,2.9219858156028367,184899.34686672548,95223163.63636363,515.0,17625.0
2025-01-18,Total,전체,3.071378624065408,192219.53510587485,109757354.54545453,571.0,18591.0
2025-01-19,Total,전체,3.68222816929329,213453.6339165545,158596050.0,743.0,20178.0
2025-01-20,Total,전체,3.002393589343324,158632.96045375767,91531218.18181817,577.0,19218.0
2025-01-21,Total,전체,2.8240366478038266,175818.86363636362,92129084.54545453,524.0,18555.0
2025-01-22,Total,전체,2.9099175902244956,171288.1747159091,87699545.45454545,512.0,17595.0
2025-01-23,Total,전체,2.889038827209716,191042.54005018336,89981036.36363636,471.0,16303.0
2025-01-24,Total,전체,2.6332376216821904,192424.78239845257,72351718.18181817,376.0,14279.0
2025-01-25,Total,전체,3.894903617639292,199350.6625577812,117616890.9090909,590.0,15148.0
2025-01-26,Total,전체,3.2417281091950523,170987.74777853725,90965481.81818181,532.0,16411.0
2025-01-27,Total,전체,3.4715821812596004,216335.65567176184,122229645.45454544,565.0,16275.0
2025-01-28,Total,전체,3.173575129533679,196373.30241187382,96222918.18181817,490.0,15440.0
2025-01-29,Total,전체,3.4633128989445745,208058.87524883874,114016263.63636363,548.0,15823.0
2025-01-30,Total,전체,3.925340542788811,176311.19807344972,133114954.54545453,755.0,19234.0
2025-01-31,Total,전체,3.3590774439272106,165588.14602720115,105148472.72727272,635.0,18904.0
2025-02-01,Total,전체,3.8560152832939525,193998.36434751688,148796745.45454544,767.0,19891.0
2025-02-02,Total,전체,3.948037538717581,208959.38897168403,178451318.18181816,854.0,21631.0
2025-02-03,Total,전체,2.0416313083412367,132040.96021338075,54004752.72727273,409.0,20033.0
2025-02-04,Total,전체,2.5326131267835303,163326.12035851472,81173081.81818181,497.0,19624.0
2025-02-05,Total,전체,2.917123765832253,207609.44832944832,121451527.27272727,585.0,20054.0
2025-02-06,Total,전체,2.63438566552901,156070.82811924914,77098989.09090908,494.0,18752.0
2025-02-07,Total,전체,3.1237665632929232,200789.56350508696,111237418.18181817,554.0,17735.0
2025-02-08,Total,전체,3.1737607472667446,183066.93523867437,109474027.27272727,598.0,18842.0
2025-02-09,Total,전체,3.8839177750906897,207325.45001698175,166482336.36363634,803.0,20675.0
2025-02-10,Total,전체,2.880954830743904,131635.41396103895,73715831.81818181,560.0,19438.0
2025-02-11,Total,전체,3.2115803673342325,164660.30254075487,101924727.27272727,619.0,19274.0
2025-02-12,Total,전체,3.3499460514823,159654.75460122697,104094899.99999999,652.0,19463.0
2025-02-13,Total,전체,2.618257035545153,159768.09676809673,76848454.54545453,481.0,18371.0
2025-02-14,Total,전체,3.1988076129328133,160235.01140436623,89411136.36363636,558.0,17444.0
2025-02-15,Total,전체,3.515229103323198,181969.32680369707,119917786.36363636,659.0,18747.0
2025-02-16,Total,전체,4.4148271553519365,194153.48770726126,185222427.27272725,954.0,21609.0
2025-02-17,Total,전체,2.508800634637315,155578.7998562702,78722872.72727272,506.0,20169.0
2025-02-18,Total,전체,2.5733453489536395,124287.33639900954,63883690.90909091,514.0,19974.0
2025-02-19,Total,전체,2.709758262413199,175147.9768786127,90901800.0,519.0,19153.0
2025-02-20,Total,전체,2.836451418225709,163857.48197643747,84714318.18181817,517.0,18227.0
2025-02-21,Total,전체,3.2441911442349847,184993.50429975428,109516154.54545453,592.0,18248.0
2025-02-22,Total,전체,3.498079385403329,153635.15905763343,104932813.63636363,683.0,19525.0
2025-02-23,Total,전체,4.183583406884378,173793.33525124664,164756081.8181818,948.0,22660.0
2025-02-24,Total,전체,2.911975678115054,190162.2349102773,116569449.99999999,613.0,21051.0
2025-02-25,Total,전체,3.096172718351325,172595.01512750323,108907454.54545453,631.0,20380.0
2025-02-26,Total,전체,3.0196766023767774,148010.51319648093,91766518.18181817,620.0,20532.0
2025-02-27,Total,전체,3.2189426591739867,179595.91679506932,105961590.9090909,590.0,18329.0
2025-02-28,Total,전체,3.633356148756559,193992.0508063365,123572936.36363636,637.0,17532.0
2025-03-01,Total,전체,4.645886762675084,186304.1497780351,175498509.09090906,942.0,20276.0
2025-03-02,Total,전체,3.8475598610857245,169580.2958324336,142786609.0909091,842.0,21884.0
2025-03-03,Total,전체,4.22401927047488,161535.89150157376,158628245.45454544,982.0,23248.0
2025-03-04,Total,전체,3.3424447321728286,173501.5781922525,120930599.99999999,697.0,20853.0
2025-03-05,Total,전체,3.8772364179941143,158291.69769989044,131382109.09090908,830.0,21407.0
2025-03-06,Total,전체,3.16414586619653,136293.86830178616,92952418.18181817,682.0,21554.0
2025-03-07,Total,전체,2.777190012695726,145033.29870129869,76142481.81818181,525.0,18904.0
2025-03-08,Total,전체,3.884870992963253,170061.18353344768,135198640.9090909,795.0,20464.0
2025-03-09,Total,전체,4.762100588065962,167510.58250902809,193977254.54545453,1158.0,24317.0
2025-03-10,Total,전체,2.865076916295676,114762.30769230769,74595500.0,650.0,22687.0
2025-03-11,Total,전체,2.8967878542145336,125347.37735048775,80598363.63636363,643.0,22197.0
2025-03-12,Total,전체,3.570773744041071,140365.65526899285,109344845.45454544,779.0,21816.0
2025-03-13,Total,전체,3.2697547683923704,139369.33884297518,91983763.63636363,660.0,20185.0
2025-03-14,Total,전체,3.421937060800489,172652.56358225108,116022522.72727272,672.0,19638.0
2025-03-15,Total,전체,4.44612262236277,163415.97182011194,153937845.45454544,942.0,21187.0
2025-03-16,Total,전체,4.853921280965754,175498.75961689433,203227563.63636363,1158.0,23857.0
2025-03-17,Total,전체,3.3974659784138903,138444.0482169764,100233490.9090909,724.0,21310.0
2025-03-18,Total,전체,2.6900643604183427,127160.76465590482,68031009.09090908,535.0,19888.0
2025-03-19,Total,전체,3.3129459734964324,117210.26573426572,76186672.72727272,650.0,19620.0
2025-03-20,Total,전체,3.1404614343002972,141420.53369516056,85276581.81818181,603.0,19201.0
2025-03-21,Total,전체,3.179571663920923,120842.78850682997,69967974.54545455,579.0,18210.0
2025-03-22,Total,전체,4.471716001264089,159496.7769568476,135412763.63636363,849.0,18986.0
2025-03-23,Total,전체,4.9512617290698735,154404.6374508656,167837840.9090909,1087.0,21954.0
2025-03-24,Total,전체,4.05593110473192,144588.53777501037,126659559.09090908,876.0,21598.0
2025-03-25,Total,전체,3.5876728859185,133974.20910266964,103562063.63636363,773.0,21546.0
2025-03-26,Total,전체,3.8687325570204982,105485.45906829488,84810309.09090908,804.0,20782.0
2025-03-27,Total,전체,3.3488612836438927,138598.62301531542,89673309.09090908,647.0,19320.0
2025-03-28,Total,전체,3.401842664776754,161331.97758838383,92927219.09090908,576.0,16932.0
2025-03-29,Total,전체,4.590145824127265,152125.23356306748,126416069.09090908,831.0,18104.0
2025-03-30,Total,전체,4.952352737865995,166939.61932384662,167440438.18181816,1003.0,20253.0
2025-03-31,Total,전체,3.93600163574094,156242.4911452184,120306718.18181817,770.0,19563.0
2025-04-01,Total,전체,3.313936285629746,136828.98403679652,91949077.27272727,672.0,20278.0
2025-04-02,Total,전체,4.264327839104793,154286.90307328603,130526719.99999999,846.0,19839.0
2025-04-03,Total,전체,3.7498005425243344,175064.75177304962,123420649.99999999,705.0,18801.0
2025-04-04,Total,전체,3.8254528618554313,146812.66538302845,97043171.81818181,661.0,17279.0
2025-04-05,Total,전체,4.409279459210324,149991.31031570054,129142518.18181817,861.0,19527.0
2025-04-06,Total,전체,5.081250920516471,166185.845410628,172002350.0,1035.0,20369.0
2025-04-07,Total,전체,3.4658975915806516,155550.02654280025,106551768.18181817,685.0,19764.0
2025-04-08,Total,전체,3.712124956749543,152654.45224549086,114643493.63636363,751.0,20231.0
2025-04-09,Total,전체,4.188153645958841,136883.9941416466,118952190.9090909,869.0,20749.0
2025-04-10,Total,전체,3.782317267794446,147807.7036184631,105091277.27272727,711.0,18798.0
2025-04-11,Total,전체,3.6756027651323553,154726.80706144008,101191331.81818181,654.0,17793.0
2025-04-12,Total,전체,4.2435048395313295,154884.59565644438,129018868.18181817,833.0,19630.0
2025-04-13,Total,전체,5.096732980470889,159744.3517538862,178434440.9090909,1117.0,21916.0
2025-04-14,Total,전체,3.465468726859851,137096.12924112924,96241482.72727272,702.0,20257.0
2025-04-15,Total,전체,3.517382413087935,139792.580602537,96177295.45454545,688.0,19560.0
2025-04-16,Total,전체,3.7895899211966064,132633.30523780856,100138145.45454545,755.0,19923.0
2025-04-17,Total,전체,3.5956473742311936,162367.3179160021,111059245.45454544,684.0,19023.0
2025-04-18,Total,전체,3.7280817229213836,149542.96353364148,105876418.18181817,708.0,18991.0
2025-04-19,Total,전체,4.255736418905668,142461.81189777964,123656852.72727272,868.0,20396.0
2025-04-20,Total,전체,5.321842654702145,150066.70207922292,179779909.09090906,1198.0,22511.0
2025-04-21,Total,전체,3.900995426419155,140126.4002089864,121909968.18181817,870.0,22302.0
2025-04-22,Total,전체,3.357907253269917,129271.02755601339,91265345.45454545,706.0,21025.0
2025-04-23,Total,전체,4.0512942293991925,123788.97580731109,105591996.36363636,853.0,21055.0
2025-04-24,Total,전체,3.622751482263089,138066.693985626,99546086.36363636,721.0,19902.0
2025-04-25,Total,전체,3.3496507342830424,122203.487087625,74421923.63636363,609.0,18181.0
2025-04-26,Total,전체,4.245382031905962,136145.7871670974,110141941.81818181,809.0,19056.0
2025-04-27,Total,전체,5.338391081093584,154427.24279187014,178209038.18181816,1154.0,21617.0
2025-04-28,Total,전체,3.6686331862574986,146908.11793611792,108712007.27272727,740.0,20171.0
2025-04-29,Total,전체,3.7559168553200246,134305.54545454544,98043048.18181817,730.0,19436.0
2025-04-30,Total,전체,3.9724896836313617,143680.71392596324,103737475.45454545,722.0,18175.0
2025-05-01,Total,전체,5.076789632124088,157918.6075833714,157129014.54545453,995.0,19599.0
2025-05-02,Total,전체,3.570767807585569,123661.09279321713,71599772.72727272,579.0,16215.0
2025-05-03,Total,전체,4.527679335207137,158799.09213593425,117670127.27272727,741.0,16366.0
2025-05-04,Total,전체,4.557379049478373,156711.06243154436,117063163.63636363,747.0,16391.0
2025-05-05,Total,전체,4.433254884790105,153006.78226711557,123935493.63636363,810.0,18271.0
2025-05-06,Total,전체,4.8356667659616726,158952.52006720178,154819754.54545453,974.0,20142.0
2025-05-07,Total,전체,3.325573661456601,169118.2121212121,101470927.27272727,600.0,18042.0
2025-05-08,Total,전체,3.035152900828808,166785.68738229756,88563200.0,531.0,17495.0
2025-05-09,Total,전체,2.668786553858384,143399.53578336557,67397781.81818181,470.0,17611.0
2025-05-10,Total,전체,3.729744575666026,122376.83759539429,83093872.72727272,679.0,18205.0
2025-05-11,Total,전체,4.706918485174675,146169.9962199962,140615536.36363634,962.0,20438.0
2025-05-12,Total,전체,3.2178660938059434,140864.50625869262,101281579.99999999,719.0,22344.0
2025-05-13,Total,전체,2.785624266655078,137933.2009644022,88415181.81818181,641.0,23011.0
2025-05-14,Total,전체,3.611818644931228,144246.09949993587,102270484.54545453,709.0,19630.0
2025-05-15,Total,전체,3.458392101551481,108170.75485688861,66308672.72727272,613.0,17725.0
2025-05-16,Total,전체,3.441636582430806,157305.340114431,89978654.54545453,572.0,16620.0
2025-05-17,Total,전체,3.570996247427672,150780.16949152542,88960300.0,590.0,16522.0
2025-05-18,Total,전체,4.784351972258344,164605.71399155768,145346845.45454544,883.0,18456.0
2025-05-19,Total,전체,2.7658506663692637,131142.50916422287,65046684.54545454,496.0,17933.0
2025-05-20,Total,전체,2.623465440887942,124454.06954156952,58244504.54545454,468.0,17839.0
2025-05-21,Total,전체,3.658087267750934,133948.58992805754,93094269.99999999,695.0,18999.0
2025-05-22,Total,전체,3.5565434843011943,132580.34232954544,84851419.09090908,640.0,17995.0
2025-05-23,Total,전체,3.4338154855962073,131126.34754625906,74086386.36363636,565.0,16454.0
2025-05-24,Total,전체,4.059499822211687,149305.44790975447,102274231.81818181,685.0,16874.0
2025-05-25,Total,전체,4.948814512279212,150595.18854136218,140505310.9090909,933.0,18853.0
2025-05-26,Total,전체,3.6043908033422536,116285.64325068868,76748524.54545453,660.0,18311.0
2025-05-27,Total,전체,3.133950209297202,129499.76034510303,73685363.63636363,569.0,18156.0
2025-05-28,Total,전체,3.4286043563443585,117877.36440030557,70137031.81818181,595.0,17354.0
2025-05-29,Total,전체,3.345070422535211,113650.77172403148,66940304.54545454,589.0,17608.0
2025-05-30,Total,전체,3.234518276598417,102152.72727272726,52608654.54545454,515.0,15922.0
2025-05-31,Total,전체,3.7005632608563985,151958.26513911618,92846499.99999999,611.0,16511.0
2025-06-01,Total,전체,4.666288132968564,144482.2304907482,130611936.36363636,904.0,19373.0
2025-06-02,Total,전체,3.357588953188564,131339.9162271176,76965190.9090909,586.0,17453.0
2025-06-03,Total,전체,5.262376237623762,164134.5779526212,174475056.36363634,1063.0,20200.0
2025-06-04,Total,전체,3.8012159661644196,150435.66822607158,108163245.45454545,719.0,18915.0
2025-06-05,Total,전체,3.5543322163714697,133121.3804713805,79074100.0,594.0,16712.0
2025-06-06,Total,전체,5.040736181935408,141505.9196617336,121695090.9090909,860.0,17061.0
2025-06-07,Total,전체,3.982496953583693,124198.6850423568,89298854.54545453,719.0,18054.0
2025-06-08,Total,전체,4.932321575061526,139782.87658287655,134471127.27272725,962.0,19504.0
2025-06-09,Total,전체,3.2985247803746063,134887.58946246383,80527890.9090909,597.0,18099.0
2025-06-10,Total,전체,3.3256083429895713,124307.79537535635,71352674.54545455,574.0,17260.0
2025-06-11,Total,전체,3.406312197895934,111766.41371983608,66948081.81818181,599.0,17585.0
2025-06-12,Total,전체,3.977272727272727,136549.35335497835,91761165.45454545,672.0,16896.0
2025-06-13,Total,전체,3.785127126744409,133574.85460667277,79343463.63636363,594.0,15693.0
2025-06-14,Total,전체,4.236600736257565,134896.8001071094,91594927.27272727,679.0,16027.0
2025-06-15,Total,전체,5.237785722023617,147318.87938328474,142457356.36363634,967.0,18462.0
2025-06-16,Total,전체,3.975297109346619,122607.45312129123,93917309.09090908,766.0,19269.0
2025-06-17,Total,전체,3.3312447786131996,107290.96608720433,68451636.36363636,638.0,19152.0
2025-06-18,Total,전체,4.888216969030603,120983.87833347532,129089798.18181817,1067.0,21828.0
2025-06-19,Total,전체,4.419131993882824,131873.74701670642,110510199.99999999,838.0,18963.0
2025-06-20,Total,전체,4.042459575404246,133086.827458256,97818818.18181817,735.0,18182.0
2025-06-21,Total,전체,4.712378705838203,139057.28617230323,122231354.54545453,879.0,18653.0
2025-06-22,Total,전체,5.884747602677764,135777.29159387882,176646256.36363634,1301.0,22108.0
2025-06-23,Total,전체,3.4928914800040913,109084.7251430853,74504867.27272727,683.0,19554.0
2025-06-24,Total,전체,3.1350571523693262,136161.35961383747,76931168.18181817,565.0,18022.0
2025-06-25,Total,전체,3.422140560404226,125177.12782184257,74605568.18181817,596.0,17416.0
2025-06-26,Total,전체,4.000236002124019,116891.63314561543,79252527.27272727,678.0,16949.0
2025-06-27,Total,전체,5.062353376960119,125378.03436807095,102809988.18181817,820.0,16198.0
2025-06-28,Total,전체,5.431940974844594,128786.37822070975,120415263.63636363,935.0,17213.0
2025-06-29,Total,전체,6.201631457854005,134368.18181818182,159360663.63636363,1186.0,19124.0
2025-06-30,Total,전체,4.2046917865741005,118997.4034620506,89367050.0,751.0,17861.0
2025-07-01,Total,전체,3.8384058365546903,117020.81237911024,82499672.72727272,705.0,18367.0
2025-07-02,Total,전체,4.0678941311852705,120150.98366979555,84946745.45454545,707.0,17380.0
2025-07-03,Total,전체,3.881099945845117,115672.63847780126,74608851.81818181,645.0,16619.0
2025-07-04,Total,전체,4.428738166255998,126783.00279515506,86592790.9090909,683.0,15422.0
2025-07-05,Total,전체,5.365538316878232,132147.2269242258,120650418.18181817,913.0,17016.0
2025-07-06,Total,전체,6.125282863608311,140914.86146095718,167829600.0,1191.0,19444.0
2025-07-07,Total,전체,4.05449591280654,126879.6725317693,94398476.36363636,744.0,18350.0
2025-07-08,Total,전체,4.3799364037337165,151591.2955077709,129458966.36363636,854.0,19498.0
2025-07-09,Total,전체,4.697132791858303,133006.17234848483,127685925.45454544,960.0,20438.0
2025-07-10,Total,전체,4.159343878148799,139482.92748224887,108936166.36363636,781.0,18777.0
2025-07-11,Total,전체,3.8713833899496306,122271.34369412734,80821358.18181817,661.0,17074.0
2025-07-12,Total,전체,4.775296698351989,131819.71838526608,111914940.9090909,849.0,17779.0
2025-07-13,Total,전체,6.116708433488467,140532.9773487382,168077440.9090909,1196.0,19553.0
2025-07-14,Total,전체,3.3049574361542313,114895.82185491275,68248118.18181817,594.0,17973.0
2025-07-15,Total,전체,3.517331366653429,131865.01466275658,81756309.09090908,620.0,17627.0
2025-07-16,Total,전체,4.462846662591008,110083.7122155553,88397220.9090909,803.0,17993.0
2025-07-17,Total,전체,3.7680110930246578,135064.6545454545,84415409.09090908,625.0,16587.0
2025-07-18,Total,전체,3.8425256273190365,147261.83008480878,89976978.18181817,611.0,15901.0
2025-07-19,Total,전체,4.675324675324675,166698.19985569984,126023839.09090908,756.0,16170.0
2025-07-20,Total,전체,5.9226601508552,138298.9131675499,154203288.18181816,1115.0,18826.0
2025-07-21,Total,전체,3.9336675665252603,107559.85485103131,76797736.36363636,714.0,18151.0
2025-07-22,Total,전체,4.117125110913931,123029.07523510972,85628236.36363636,696.0,16905.0
2025-07-23,Total,전체,4.152371938956583,120091.40766640766,84304168.18181817,702.0,16906.0
2025-07-24,Total,전체,3.7545035079957016,116466.83501683502,69181300.0,594.0,15821.0
2025-07-25,Total,전체,4.229057061918252,106149.81876178048,66555936.36363636,627.0,14826.0
2025-07-26,Total,전체,4.437963608698409,113634.94805194804,79544463.63636363,700.0,15773.0
2025-07-27,Total,전체,6.160724021371715,135210.7642799678,152788163.63636363,1130.0,18342.0
2025-07-28,Total,전체,3.760208711433757,113864.65103523925,75492263.63636363,663.0,17632.0
2025-07-29,Total,전체,3.4560037744751124,121604.01489295685,71259952.72727272,586.0,16956.0
2025-07-30,Total,전체,3.8685776752095222,120022.44897959183,76454300.0,637.0,16466.0
2025-07-31,Total,전체,3.463807650827888,121852.1928071928,66531297.272727266,546.0,15763.0
2025-08-01,Total,전체,4.674467820241504,136477.2509381431,102494415.45454545,751.0,16066.0
2025-08-02,Total,전체,5.433840821883897,136759.2814247256,120074649.09090908,878.0,16158.0
2025-08-03,Total,전체,5.53439268611232,151320.67578439257,153893127.27272725,1017.0,18376.0
2025-08-04,Total,전체,4.109744990892532,140389.40695039032,101361151.81818181,722.0,17568.0
2025-08-05,Total,전체,4.514857987194221,142536.66556473827,117592749.09090908,825.0,18273.0
2025-08-06,Total,전체,4.48301565328506,153734.5713668754,129444509.09090908,842.0,18782.0
2025-08-07,Total,전체,3.7160104114747745,151948.79555615768,101957641.81818181,671.0,18057.0
2025-08-08,Total,전체,3.944855574122702,130192.66950900837,86057354.54545453,661.0,16756.0
2025-08-09,Total,전체,4.3699128326502334,140374.1227332773,106263210.9090909,757.0,17323.0
2025-08-10,Total,전체,5.549965577503575,142482.9285218598,149322109.0909091,1048.0,18883.0
2025-08-11,Total,전체,3.068981166326299,126592.09376575364,68486322.72727272,541.0,17628.0
2025-08-12,Total,전체,3.1590936338568514,142115.761600828,74895006.36363636,527.0,16682.0
2025-08-13,Total,전체,4.059803805696726,129513.47757046446,88975759.09090908,687.0,16922.0
2025-08-14,Total,전체,3.7623231171618268,149688.65661967266,83975336.36363636,561.0,14911.0
2025-08-15,Total,전체,5.258192339140826,152619.35624184427,127589781.81818181,836.0,15899.0
2025-08-16,Total,전체,4.285289747399703,145440.9784390367,104862945.45454545,721.0,16825.0
2025-08-17,Total,전체,5.518849591916052,159187.41174318636,158232287.27272725,994.0,18011.0
2025-08-18,Total,전체,3.289885593943878,130430.87448883297,75389045.45454545,578.0,17569.0
2025-08-19,Total,전체,2.7186761229314422,135658.18181818182,62402763.63636363,460.0,16920.0
2025-08-20,Total,전체,3.0000604850904256,117480.02199413489,58270090.90909091,496.0,16533.0
2025-08-21,Total,전체,2.957623959239468,104702.9984721161,49838627.272727266,476.0,16094.0
2025-08-22,Total,전체,2.83111606265155,145459.9116161616,62838681.81818181,432.0,15259.0
2025-08-23,Total,전체,4.2306252339947585,143708.22204344327,97434174.54545453,678.0,16026.0
2025-08-24,Total,전체,4.876511374706321,157228.0151693195,133801040.90909089,851.0,17451.0
2025-08-25,Total,전체,3.336153753172973,154165.25032938074,85099218.18181817,552.0,16546.0
2025-08-26,Total,전체,3.0907691396767127,142160.4667363288,74207763.63636363,522.0,16889.0
2025-08-27,Total,전체,2.919143876337693,148597.8152194038,72961527.27272727,491.0,16820.0
2025-08-28,Total,전체,3.451844636551808,134524.77473144137,76275547.27272727,567.0,16426.0
2025-08-29,Total,전체,3.4689634689634685,145716.37608966374,85098363.63636363,584.0,16835.0
2025-08-30,Total,전체,3.8701478743068387,173464.34192672998,116221109.09090908,670.0,17312.0
2025-08-31,Total,전체,4.392613151152861,165885.0878161935,136523427.27272725,823.0,18736.0
2025-09-01,Total,전체,4.473102034209249,159533.49051431078,132253263.63636363,829.0,18533.0
2025-09-02,Total,전체,3.9091723302249615,137565.1678510169,102073354.54545453,742.0,18981.0
2025-09-03,Total,전체,3.758949880668258,118587.34094188639,82181027.27272727,693.0,18436.0
2025-09-04,Total,전체,3.9750365455976615,135962.31194548024,96125354.54545453,707.0,17786.0
2025-09-05,Total,전체,3.7535919540229883,178670.49441786282,112026399.99999999,627.0,16704.0
2025-09-06,Total,전체,4.13780960206597,163932.85622179238,115572663.63636363,705.0,17038.0
2025-09-07,Total,전체,5.570572958074946,168040.76636969118,176610845.45454544,1051.0,18867.0
2025-09-08,Total,전체,3.084255505642599,129227.5956725335,72755136.36363636,563.0,18254.0
2025-09-09,Total,전체,3.6127636560302863,149666.34458356013,99977118.18181817,668.0,18490.0
2025-09-10,Total,전체,3.903526318797508,153699.09490216957,104976481.81818181,683.0,17497.0
2025-09-11,Total,전체,3.6233122543155014,177599.56832475698,112953325.45454544,636.0,17553.0
2025-09-12,Total,전체,3.6335198219334655,149812.58278145696,90486800.0,604.0,16623.0
2025-09-13,Total,전체,4.455897353304343,190944.1292442497,158483627.27272725,830.0,18627.0
2025-09-14,Total,전체,5.569974046715911,188802.73704789832,210703854.54545453,1116.0,20036.0
2025-09-15,Total,전체,3.250682804048626,165095.2224052718,100212799.99999999,607.0,18673.0
2025-09-16,Total,전체,3.0086662669646262,157372.00592885373,86869347.27272727,552.0,18347.0
2025-09-17,Total,전체,3.4687062372077992,202542.7865612648,130437554.54545453,644.0,18566.0
2025-09-18,Total,전체,3.0864554982917367,129416.93672181475,68979227.27272727,533.0,17269.0
2025-09-19,Total,전체,3.4343434343434343,181583.1391819627,114215794.54545453,629.0,18315.0
2025-09-20,Total,전체,4.0435615609559346,187878.97302199044,150678936.36363634,802.0,19834.0
2025-09-21,Total,전체,5.383775918515824,192650.2503071253,228097896.36363634,1184.0,21992.0
2025-09-22,Total,전체,3.474169478636947,174884.00696430792,127840209.09090908,731.0,21041.0
2025-09-23,Total,전체,3.6361009439414373,164964.05298013243,124547859.99999999,755.0,20764.0
2025-09-24,Total,전체,3.581110001426737,158814.70481709525,119587472.72727272,753.0,21027.0
2025-09-25,Total,전체,3.9211822660098523,211223.33257195065,168133772.72727272,796.0,20300.0
2025-09-26,Total,전체,3.330120997965521,164794.3145279158,102502063.63636363,622.0,18678.0
2025-09-27,Total,전체,3.8649196864207007,207786.45519019986,146489450.9090909,705.0,18241.0
2025-09-28,Total,전체,4.785448607457135,190341.24170616112,200810009.99999997,1055.0,22046.0
2025-09-29,Total,전체,2.918997810751642,146544.99393939393,87926996.36363636,600.0,20555.0
2025-09-30,Total,전체,3.440082086731112,174009.74168688452,110844205.45454544,637.0,18517.0
2025-10-01,Total,전체,3.3770101250744493,178758.9385922719,101356318.18181817,567.0,16790.0
2025-10-02,Total,전체,2.6760373023381536,189591.7584940312,75078336.36363636,396.0,14798.0
2025-10-03,Total,전체,3.714042966379415,194668.86512180627,119137345.45454544,612.0,16478.0
2025-10-04,Total,전체,4.0982571356403135,217290.3207732175,141021418.18181816,649.0,15836.0
2025-10-05,Total,전체,3.830605076545828,214065.80685750235,123730036.36363636,578.0,15089.0
2025-10-06,Total,전체,3.4233548877900346,212479.68013468012,114739027.27272727,540.0,15774.0
2025-10-07,Total,전체,3.942032120261721,204658.5110362888,149196054.54545453,729.0,18493.0
2025-10-08,Total,전체,3.947112580206105,191368.20420958352,155390981.8181818,812.0,20572.0
2025-10-09,Total,전체,3.646781859370142,249565.24194441366,204893063.63636363,821.0,22513.0
2025-10-10,Total,전체,3.359173126614987,201478.2357992884,149295372.72727272,741.0,22059.0
2025-10-11,Total,전체,3.652347290193946,189558.02616738097,152783769.09090906,806.0,22068.0
2025-10-12,Total,전체,4.556118039264106,211256.54594727763,233860996.36363634,1107.0,24297.0
2025-10-13,Total,전체,2.450918568966242,172756.5491969437,100717068.18181817,583.0,23787.0
2025-10-14,Total,전체,2.8307336799537843,248575.1676894534,158342381.8181818,637.0,22503.0
2025-10-15,Total,전체,3.45535877305094,176914.6475321244,133924388.18181817,757.0,21908.0
2025-10-16,Total,전체,3.4452378744319763,210676.02716260855,156532288.18181816,743.0,21566.0
2025-10-17,Total,전체,3.4061476811806677,216848.8065736272,151143618.18181816,697.0,20463.0
2025-10-18,Total,전체,4.283754480683276,226602.05672426743,219350790.90909088,968.0,22597.0
2025-10-19,Total,전체,5.169792194627471,214317.70190593717,284185272.7272727,1326.0,25649.0
2025-10-20,Total,전체,3.78953613407987,181483.02615193024,185475652.72727272,1022.0,26969.0
2025-10-21,Total,전체,3.458290343536245,211895.961828227,191765845.45454544,905.0,26169.0
2025-10-22,Total,전체,3.2511210762331837,195038.02832126257,164026981.8181818,841.0,25868.0
2025-10-23,Total,전체,3.079905233685117,200601.263827082,143429903.63636363,715.0,23215.0
2025-10-24,Total,전체,2.7784263366798974,209282.2765469824,124522954.54545453,595.0,21415.0
2025-10-25,Total,전체,3.2463310421697935,226334.15658733252,158207575.45454544,699.0,21532.0
2025-10-26,Total,전체,4.394187954066089,230168.33212121212,258939373.63636363,1125.0,25602.0
2025-10-27,Total,전체,2.9859795377036757,186998.45408398708,147354781.8181818,788.0,26390.0
2025-10-28,Total,전체,2.6557825139437816,152983.3986597547,109995063.63636363,719.0,27073.0
2025-10-29,Total,전체,2.976240100041684,177164.5785586962,126495509.09090908,714.0,23990.0
2025-10-30,Total,전체,2.6385725132877753,183346.0104643558,101940381.81818181,556.0,21072.0
2025-10-31,Total,전체,2.8879537085744347,219816.90677264446,120679481.81818181,549.0,19010.0
2025-11-01,Total,전체,4.01960322322228,227219.08771181924,193817881.8181818,853.0,21221.0
2025-11-02,Total,전체,4.492612315307882,241126.09652451053,288869063.6363636,1198.0,26666.0
2025-11-03,Total,전체,2.8144767395307873,177188.9176257597,124563809.09090908,703.0,24978.0
2025-11-04,Total,전체,2.4461882425145762,197965.23297491038,110464599.99999999,558.0,22811.0
2025-11-05,Total,전체,2.2782267269323837,216307.54235744214,107937463.63636363,499.0,21903.0
2025-11-06,Total,전체,2.474187562449446,243599.4685314685,126671723.63636363,520.0,21017.0
2025-11-07,Total,전체,2.065501511967608,239386.80351906156,96472881.81818181,403.0,19511.0
2025-11-08,Total,전체,3.0698675651644907,258505.59866962305,169579672.72727272,656.0,21369.0
2025-11-09,Total,전체,4.316249896839151,247093.229619329,258459518.18181816,1046.0,24234.0
2025-11-10,Total,전체,2.677921076310039,235141.0909090909,146963181.8181818,625.0,23339.0
2025-11-11,Total,전체,2.8181152238548712,242133.9032527106,158355572.72727272,654.0,23207.0
2025-11-12,Total,전체,2.989438771056996,217841.39349701392,149221354.54545453,685.0,22914.0
2025-11-13,Total,전체,3.2168583061160576,216722.16462258185,155823236.36363634,719.0,22351.0
2025-11-14,Total,전체,2.6462588170208843,207840.18055115614,119300263.63636363,574.0,21691.0
2025-11-15,Total,전체,3.668130259787779,242227.43142144635,194266399.99999997,802.0,21864.0
2025-11-16,Total,전체,3.949563530552861,267063.1452045008,271870281.8181818,1018.0,25775.0
2025-11-17,Total,전체,2.695666105904029,163579.77846818857,110089190.9090909,673.0,24966.0
2025-11-18,Total,전체,2.816956133193457,196001.6514106583,142101197.27272725,725.0,25737.0
2025-11-19,Total,전체,2.3291992567304782,196781.49772305615,106065227.27272727,539.0,23141.0
2025-11-20,Total,전체,2.3618992191667876,272042.2437931678,132484572.72727272,487.0,20619.0
2025-11-21,Total,전체,2.215598609041232,212266.89767631472,94671036.36363636,446.0,20130.0
2025-11-22,Total,전체,3.28416365154467,258303.77503852078,182879072.72727272,708.0,21558.0
2025-11-23,Total,전체,4.113848361635973,285963.71564482024,295114554.5454545,1032.0,25086.0
2025-11-24,Total,전체,2.642929634641407,219624.9018181818,137265563.63636363,625.0,23648.0
2025-11-25,Total,전체,3.068592057761733,215729.36201964927,157698163.63636363,731.0,23822.0
2025-11-26,Total,전체,2.8033675673293077,199031.26786735276,126583886.36363636,636.0,22687.0
2025-11-27,Total,전체,3.295681063122924,241197.36803519062,179450841.8181818,744.0,22575.0
2025-11-28,Total,전체,2.0806551445031665,236902.22592053254,103526272.72727272,437.0,21003.0
2025-11-29,Total,전체,3.2068186099077036,249834.21439060205,170137100.0,681.0,21236.0
2025-11-30,Total,전체,3.8303330532088995,264637.25593113585,229175863.63636363,866.0,22609.0
2025-12-01,Total,전체,2.7904101726345534,191506.9332566168,121032381.81818181,632.0,22649.0
2025-12-02,Total,전체,2.7885805197100937,185645.55539547614,117142345.45454544,631.0,22628.0
2025-12-03,Total,전체,2.7509106896118576,208182.302476823,136775772.72727272,657.0,23883.0
2025-12-04,Total,전체,3.08542171921315,187898.5576286886,129086309.09090908,687.0,22266.0
2025-12-05,Total,전체,2.8170391744510197,231633.538510101,133420918.18181817,576.0,20447.0
2025-12-06,Total,전체,3.462914381111376,277763.51114450285,201656309.09090906,726.0,20965.0
2025-12-07,Total,전체,4.439846545109703,280808.5207413945,289232776.3636363,1030.0,23199.0
2025-12-08,Total,전체,2.9048522133308663,218377.106253619,137140822.72727272,628.0,21619.0
2025-12-09,Total,전체,2.7633304689973315,237570.81089123638,145155765.45454544,611.0,22111.0
2025-12-10,Total,전체,3.146734108263217,241502.40269776588,156252054.54545453,647.0,20561.0
2025-12-11,Total,전체,2.985426590576805,252123.66795921297,159594281.8181818,633.0,21203.0
2025-12-12,Total,전체,2.38669356822991,195069.95313964385,94608927.27272727,485.0,20321.0
2025-12-13,Total,전체,3.1671715780776646,249807.77470355728,172367364.54545453,690.0,21786.0
2025-12-14,Total,전체,4.423630539674816,305206.76610282477,332980581.8181818,1091.0,24663.0
2025-12-15,Total,전체,2.9879687982019303,229351.85036202733,155500554.54545453,678.0,22691.0
2025-12-16,Total,전체,2.4630541871921183,183344.68046804678,92589063.63636363,505.0,20503.0
2025-12-17,Total,전체,2.6004847505554434,222308.0317740512,114488636.36363636,515.0,19804.0
2025-12-18,Total,전체,3.018337209931303,236553.30726621047,131996745.45454544,558.0,18487.0
2025-12-19,Total,전체,3.0956296992481205,243305.761600828,128222136.36363636,527.0,17024.0
2025-12-20,Total,전체,3.2256222881936516,233865.2453740949,132133863.63636363,565.0,17516.0
2025-12-21,Total,전체,4.671271679173086,258500.82205029012,242990772.72727272,940.0,20123.0
2025-12-22,Total,전체,3.5511292188521706,281572.45042492915,198790149.99999997,706.0,19881.0
2025-12-23,Total,전체,2.484268125854993,166645.91509811775,75657245.45454545,454.0,18275.0
2025-12-24,Total,전체,2.3572744014732963,168997.7746212121,64895145.454545446,384.0,16290.0
2025-12-25,Total,전체,4.057233398953282,258866.61646046257,218742290.90909088,845.0,20827.0
2025-12-26,Total,전체,2.5722529219032717,186407.93294158313,98050572.72727272,526.0,20449.0
2025-12-27,Total,전체,3.1830482043755444,229568.48310191245,159320527.27272725,694.0,21803.0
2025-12-28,Total,전체,4.217781438293814,256189.52630103705,249272409.09090906,973.0,23069.0
2025-12-29,Total,전체,2.3521932612841705,218583.32073332072,105138577.27272727,481.0,20449.0
2025-12-30,Total,전체,2.680367531125972,229108.85118937856,112950663.63636363,493.0,18393.0
2025-12-31,Total,전체,2.357125632987702,220909.53266682164,86375627.27272727,391.0,16588.0
2025-01-01,Total,회원,10.061601642710473,187548.52290566574,119468409.09090908,637.0,6331.0
2025-01-02,Total,회원,7.523148148148148,157843.02697302695,71818577.27272727,455.0,6048.0
2025-01-03,Total,회원,8.728430222817893,201513.20886407257,104988381.81818181,521.0,5969.0
2025-01-04,Total,회원,9.872996673722408,203587.92983433104,132942918.18181817,653.0,6614.0
2025-01-05,Total,회원,10.56338028169014,205053.7137330754,144562868.18181816,705.0,6674.0
2025-01-06,Total,회원,8.215477514698872,151862.81870933707,78513077.27272727,517.0,6293.0
2025-01-07,Total,회원,8.46613545816733,209393.14438502674,124588920.9090909,595.0,7028.0
2025-01-08,Total,회원,9.787835926449787,207637.09537572254,143684870.0,692.0,7070.0
2025-01-09,Total,회원,7.352941176470589,210788.44019138755,100124509.09090908,475.0,6460.0
2025-01-10,Total,회원,8.617300131061599,218943.67438645003,115164372.72727272,526.0,6104.0
2025-01-11,Total,회원,9.522396914862059,199084.05550835456,127811963.63636363,642.0,6742.0
2025-01-12,Total,회원,10.609418282548475,204277.28459530027,156476400.0,766.0,7220.0
2025-01-13,Total,회원,8.171091445427729,165911.4538890712,91914945.45454545,554.0,6780.0
2025-01-14,Total,회원,8.848484848484848,166692.7817559153,97348584.54545453,584.0,6600.0
2025-01-15,Total,회원,8.727326791555159,184870.47080687626,108518966.36363636,587.0,6726.0
2025-01-16,Total,회원,8.677955063497231,167013.54255500596,89018218.18181817,533.0,6142.0
2025-01-17,Total,회원,8.690516368545394,184899.34686672548,95223163.63636363,515.0,5926.0
2025-01-18,Total,회원,9.354521625163827,192219.53510587485,109757354.54545453,571.0,6104.0
2025-01-19,Total,회원,11.228653468339127,213453.6339165545,158596050.0,743.0,6617.0
2025-01-20,Total,회원,9.176208651399492,158632.96045375767,91531218.18181817,577.0,6288.0
2025-01-21,Total,회원,8.570493948315342,175818.86363636362,92129084.54545453,524.0,6114.0
2025-01-22,Total,회원,8.788190868520426,171288.1747159091,87699545.45454545,512.0,5826.0
2025-01-23,Total,회원,8.560523446019628,191042.54005018336,89981036.36363636,471.0,5502.0
2025-01-24,Total,회원,7.766990291262135,192424.78239845257,72351718.18181817,376.0,4841.0
2025-01-25,Total,회원,11.21246674268339,199350.6625577812,117616890.9090909,590.0,5262.0
2025-01-26,Total,회원,9.566624707786369,170987.74777853725,90965481.81818181,532.0,5561.0
2025-01-27,Total,회원,10.209613299602458,216335.65567176184,122229645.45454544,565.0,5534.0
2025-01-28,Total,회원,9.780439121756487,196373.30241187382,96222918.18181817,490.0,5010.0
2025-01-29,Total,회원,10.789525497145107,208058.87524883874,114016263.63636363,548.0,5079.0
2025-01-30,Total,회원,12.16956802063185,176311.19807344972,133114954.54545453,755.0,6204.0
2025-01-31,Total,회원,10.189345314505777,165588.14602720115,105148472.72727272,635.0,6232.0
2025-02-01,Total,회원,11.287711552612215,193998.36434751688,148796745.45454544,767.0,6795.0
2025-02-02,Total,회원,12.060443440192063,208959.38897168403,178451318.18181816,854.0,7081.0
2025-02-03,Total,회원,6.628849270664505,132040.96021338075,54004752.72727273,409.0,6170.0
2025-02-04,Total,회원,7.534869617950273,163326.12035851472,81173081.81818181,497.0,6596.0
2025-02-05,Total,회원,8.652566188433664,207609.44832944832,121451527.27272727,585.0,6761.0
2025-02-06,Total,회원,8.241574908241574,156070.82811924914,77098989.09090908,494.0,5994.0
2025-02-07,Total,회원,9.636458514524266,200789.56350508696,111237418.18181817,554.0,5749.0
2025-02-08,Total,회원,9.56188039654621,183066.93523867437,109474027.27272727,598.0,6254.0
2025-02-09,Total,회원,11.784561197534488,207325.45001698175,166482336.36363634,803.0,6814.0
2025-02-10,Total,회원,9.16980514164074,131635.41396103895,73715831.81818181,560.0,6107.0
2025-02-11,Total,회원,10.14920478767011,164660.30254075487,101924727.27272727,619.0,6099.0
2025-02-12,Total,회원,10.433669387101936,159654.75460122697,104094899.99999999,652.0,6249.0
2025-02-13,Total,회원,8.206790650059718,159768.09676809673,76848454.54545453,481.0,5861.0
2025-02-14,Total,회원,9.837799717912553,160235.01140436623,89411136.36363636,558.0,5672.0
2025-02-15,Total,회원,10.337254901960783,181969.32680369707,119917786.36363636,659.0,6375.0
2025-02-16,Total,회원,13.222453222453224,194153.48770726126,185222427.27272725,954.0,7215.0
2025-02-17,Total,회원,7.874260815437285,155578.7998562702,78722872.72727272,506.0,6426.0
2025-02-18,Total,회원,8.262337244815946,124287.33639900954,63883690.90909091,514.0,6221.0
2025-02-19,Total,회원,8.581349206349206,175147.9768786127,90901800.0,519.0,6048.0
2025-02-20,Total,회원,8.932273669661368,163857.48197643747,84714318.18181817,517.0,5788.0
2025-02-21,Total,회원,10.006761325219744,184993.50429975428,109516154.54545453,592.0,5916.0
2025-02-22,Total,회원,10.467432950191572,153635.15905763343,104932813.63636363,683.0,6525.0
2025-02-23,Total,회원,12.689064382278142,173793.33525124664,164756081.8181818,948.0,7471.0
2025-02-24,Total,회원,9.3659281894576,190162.2349102773,116569449.99999999,613.0,6545.0
2025-02-25,Total,회원,9.632117234010074,172595.01512750323,108907454.54545453,631.0,6551.0
2025-02-26,Total,회원,8.976400752859417,148010.51319648093,91766518.18181817,620.0,6907.0
2025-02-27,Total,회원,9.41589530801149,179595.91679506932,105961590.9090909,590.0,6266.0
2025-02-28,Total,회원,10.188739603326935,193992.0508063365,123572936.36363636,637.0,6252.0
2025-03-01,Total,회원,12.659588764950946,186304.1497780351,175498509.09090906,942.0,7441.0
2025-03-02,Total,회원,10.95213319458897,169580.2958324336,142786609.0909091,842.0,7688.0
2025-03-03,Total,회원,12.806468440271257,161535.89150157376,158628245.45454544,982.0,7668.0
2025-03-04,Total,회원,9.782456140350877,173501.5781922525,120930599.99999999,697.0,7125.0
2025-03-05,Total,회원,10.922489801289643,158291.69769989044,131382109.09090908,830.0,7599.0
2025-03-06,Total,회원,9.0800159765677,136293.86830178616,92952418.18181817,682.0,7511.0
2025-03-07,Total,회원,7.909008737571558,145033.29870129869,76142481.81818181,525.0,6638.0
2025-03-08,Total,회원,10.813384113166485,170061.18353344768,135198640.9090909,795.0,7352.0
2025-03-09,Total,회원,13.854989231873654,167510.58250902809,193977254.54545453,1158.0,8358.0
2025-03-10,Total,회원,8.49007314524556,114762.30769230769,74595500.0,650.0,7656.0
2025-03-11,Total,회원,8.734039663135018,125347.37735048775,80598363.63636363,643.0,7362.0
2025-03-12,Total,회원,10.631909376279513,140365.65526899285,109344845.45454544,779.0,7327.0
2025-03-13,Total,회원,9.429918559794256,139369.33884297518,91983763.63636363,660.0,6999.0
2025-03-14,Total,회원,9.710982658959537,172652.56358225108,116022522.72727272,672.0,6920.0
2025-03-15,Total,회원,12.355718782791186,163415.97182011194,153937845.45454544,942.0,7624.0
2025-03-16,Total,회원,13.596336738288128,175498.75961689433,203227563.63636363,1158.0,8517.0
2025-03-17,Total,회원,9.75084175084175,138444.0482169764,100233490.9090909,724.0,7425.0
2025-03-18,Total,회원,7.878073921366514,127160.76465590482,68031009.09090908,535.0,6791.0
2025-03-19,Total,회원,9.530791788856305,117210.26573426572,76186672.72727272,650.0,6820.0
2025-03-20,Total,회원,9.069032937283803,141420.53369516056,85276581.81818181,603.0,6649.0
2025-03-21,Total,회원,9.066708424678986,120842.78850682997,69967974.54545455,579.0,6386.0
2025-03-22,Total,회원,11.952696043925103,159496.7769568476,135412763.63636363,849.0,7103.0
2025-03-23,Total,회원,13.893149284253578,154404.6374508656,167837840.9090909,1087.0,7824.0
2025-03-24,Total,회원,11.918367346938776,144588.53777501037,126659559.09090908,876.0,7350.0
2025-03-25,Total,회원,10.275156187691081,133974.20910266964,103562063.63636363,773.0,7523.0
2025-03-26,Total,회원,11.124948111249482,105485.45906829488,84810309.09090908,804.0,7227.0
2025-03-27,Total,회원,9.780801209372637,138598.62301531542,89673309.09090908,647.0,6615.0
2025-03-28,Total,회원,9.574468085106384,161331.97758838383,92927219.09090908,576.0,6016.0
2025-03-29,Total,회원,12.231380629967619,152125.23356306748,126416069.09090908,831.0,6794.0
2025-03-30,Total,회원,13.493878649266783,166939.61932384662,167440438.18181816,1003.0,7433.0
2025-03-31,Total,회원,11.267193444541995,156242.4911452184,120306718.18181817,770.0,6834.0
2025-04-01,Total,회원,9.328151027207108,136828.98403679652,91949077.27272727,672.0,7204.0
2025-04-02,Total,회원,11.907107670654469,154286.90307328603,130526719.99999999,846.0,7105.0
2025-04-03,Total,회원,10.395163668534355,175064.75177304962,123420649.99999999,705.0,6782.0
2025-04-04,Total,회원,10.443987991783853,146812.66538302845,97043171.81818181,661.0,6329.0
2025-04-05,Total,회원,12.052071668533035,149991.31031570054,129142518.18181817,861.0,7144.0
2025-04-06,Total,회원,13.898214045924535,166185.845410628,172002350.0,1035.0,7447.0
2025-04-07,Total,회원,10.057260314197622,155550.02654280025,106551768.18181817,685.0,6811.0
2025-04-08,Total,회원,10.42187066333611,152654.45224549086,114643493.63636363,751.0,7206.0
2025-04-09,Total,회원,11.620754212356244,136883.9941416466,118952190.9090909,869.0,7478.0
2025-04-10,Total,회원,10.662867426514696,147807.7036184631,105091277.27272727,711.0,6668.0
2025-04-11,Total,회원,10.580812166316129,154726.80706144008,101191331.81818181,654.0,6181.0
2025-04-12,Total,회원,11.593597773138482,154884.59565644438,129018868.18181817,833.0,7185.0
2025-04-13,Total,회원,14.232925586136597,159744.3517538862,178434440.9090909,1117.0,7848.0
2025-04-14,Total,회원,9.96875887531951,137096.12924112924,96241482.72727272,702.0,7042.0
2025-04-15,Total,회원,10.29477779440371,139792.580602537,96177295.45454545,688.0,6683.0
2025-04-16,Total,회원,11.17194436223735,132633.30523780856,100138145.45454545,755.0,6758.0
2025-04-17,Total,회원,10.404624277456648,162367.3179160021,111059245.45454544,684.0,6574.0
2025-04-18,Total,회원,10.581377970408012,149542.96353364148,105876418.18181817,708.0,6691.0
2025-04-19,Total,회원,11.582599412863624,142461.81189777964,123656852.72727272,868.0,7494.0
2025-04-20,Total,회원,14.843266014124643,150066.70207922292,179779909.09090906,1198.0,8071.0
2025-04-21,Total,회원,11.256307413636952,140126.4002089864,121909968.18181817,870.0,7729.0
2025-04-22,Total,회원,9.894884372810091,129271.02755601339,91265345.45454545,706.0,7135.0
2025-04-23,Total,회원,11.489762931034484,123788.97580731109,105591996.36363636,853.0,7424.0
2025-04-24,Total,회원,10.314735336194564,138066.693985626,99546086.36363636,721.0,6990.0
2025-04-25,Total,회원,9.446254071661238,122203.487087625,74421923.63636363,609.0,6447.0
2025-04-26,Total,회원,11.64363845710996,136145.7871670974,110141941.81818181,809.0,6948.0
2025-04-27,Total,회원,14.644670050761421,154427.24279187014,178209038.18181816,1154.0,7880.0
2025-04-28,Total,회원,10.410804727068092,146908.11793611792,108712007.27272727,740.0,7108.0
2025-04-29,Total,회원,10.47646383467279,134305.54545454544,98043048.18181817,730.0,6968.0
2025-04-30,Total,회원,11.21989121989122,143680.71392596324,103737475.45454545,722.0,6435.0
2025-05-01,Total,회원,13.456856911008927,157918.6075833714,157129014.54545453,995.0,7394.0
2025-05-02,Total,회원,9.73109243697479,123661.09279321713,71599772.72727272,579.0,5950.0
2025-05-03,Total,회원,12.374749498997996,158799.09213593425,117670127.27272727,741.0,5988.0
2025-05-04,Total,회원,12.577875063141944,156711.06243154436,117063163.63636363,747.0,5939.0
2025-05-05,Total,회원,12.463455916294814,153006.78226711557,123935493.63636363,810.0,6499.0
2025-05-06,Total,회원,13.167500337974856,158952.52006720178,154819754.54545453,974.0,7397.0
2025-05-07,Total,회원,9.490667510281558,169118.2121212121,101470927.27272727,600.0,6322.0
2025-05-08,Total,회원,8.68214519293656,166785.68738229756,88563200.0,531.0,6116.0
2025-05-09,Total,회원,7.791777188328912,143399.53578336557,67397781.81818181,470.0,6032.0
2025-05-10,Total,회원,10.594476517397409,122376.83759539429,83093872.72727272,679.0,6409.0
2025-05-11,Total,회원,13.637652395803798,146169.9962199962,140615536.36363634,962.0,7054.0
2025-05-12,Total,회원,9.984724343841133,140864.50625869262,101281579.99999999,719.0,7201.0
2025-05-13,Total,회원,8.870744533628564,137933.2009644022,88415181.81818181,641.0,7226.0
2025-05-14,Total,회원,10.604247681723002,144246.09949993587,102270484.54545453,709.0,6686.0
2025-05-15,Total,회원,9.985339631861867,108170.75485688861,66308672.72727272,613.0,6139.0
2025-05-16,Total,회원,9.8569705324832,157305.340114431,89978654.54545453,572.0,5803.0
2025-05-17,Total,회원,9.854685151160849,150780.16949152542,88960300.0,590.0,5987.0
2025-05-18,Total,회원,13.534641324340896,164605.71399155768,145346845.45454544,883.0,6524.0
2025-05-19,Total,회원,8.488790005134348,131142.50916422287,65046684.54545454,496.0,5843.0
2025-05-20,Total,회원,8.214849921011059,124454.06954156952,58244504.54545454,468.0,5697.0
2025-05-21,Total,회원,11.293467663308416,133948.58992805754,93094269.99999999,695.0,6154.0
2025-05-22,Total,회원,10.64891846921797,132580.34232954544,84851419.09090908,640.0,6010.0
2025-05-23,Total,회원,10.241073046945804,131126.34754625906,74086386.36363636,565.0,5517.0
2025-05-24,Total,회원,11.435726210350584,149305.44790975447,102274231.81818181,685.0,5990.0
2025-05-25,Total,회원,14.322996622658888,150595.18854136218,140505310.9090909,933.0,6514.0
2025-05-26,Total,회원,,116285.64325068868,76748524.54545453,660.0,0.0
2025-05-27,Total,회원,9.548581976841753,129499.76034510303,73685363.63636363,569.0,5959.0
2025-05-28,Total,회원,10.267471958584986,117877.36440030557,70137031.81818181,595.0,5795.0
2025-05-29,Total,회원,9.81993997999333,113650.77172403148,66940304.54545454,589.0,5998.0
2025-05-30,Total,회원,9.356831395348838,102152.72727272726,52608654.54545454,515.0,5504.0
2025-05-31,Total,회원,10.635335073977371,151958.26513911618,92846499.99999999,611.0,5745.0
2025-06-01,Total,회원,13.356973995271867,144482.2304907482,130611936.36363636,904.0,6768.0
2025-06-02,Total,회원,10.02909464316276,131339.9162271176,76965190.9090909,586.0,5843.0
2025-06-03,Total,회원,14.549685190254586,164134.5779526212,174475056.36363634,1063.0,7306.0
2025-06-04,Total,회원,10.527086383601757,150435.66822607158,108163245.45454545,719.0,6830.0
2025-06-05,Total,회원,10.042265426880812,133121.3804713805,79074100.0,594.0,5915.0
2025-06-06,Total,회원,13.742409715564078,141505.9196617336,121695090.9090909,860.0,6258.0
2025-06-07,Total,회원,11.017468587189702,124198.6850423568,89298854.54545453,719.0,6526.0
2025-06-08,Total,회원,13.819853469329118,139782.87658287655,134471127.27272725,962.0,6961.0
2025-06-09,Total,회원,9.649264587037337,134887.58946246383,80527890.9090909,597.0,6187.0
2025-06-10,Total,회원,9.691034948505825,124307.79537535635,71352674.54545455,574.0,5923.0
2025-06-11,Total,회원,9.806810740013097,111766.41371983608,66948081.81818181,599.0,6108.0
2025-06-12,Total,회원,11.376333164042661,136549.35335497835,91761165.45454545,672.0,5907.0
2025-06-13,Total,회원,10.439367311072056,133574.85460667277,79343463.63636363,594.0,5690.0
2025-06-14,Total,회원,11.429052348089547,134896.8001071094,91594927.27272727,679.0,5941.0
2025-06-15,Total,회원,14.199706314243759,147318.87938328474,142457356.36363634,967.0,6810.0
2025-06-16,Total,회원,11.213585126628605,122607.45312129123,93917309.09090908,766.0,6831.0
2025-06-17,Total,회원,9.21965317919075,107290.96608720433,68451636.36363636,638.0,6920.0
2025-06-18,Total,회원,11.038692323608524,120983.87833347532,129089798.18181817,1067.0,9666.0
2025-06-19,Total,회원,10.057609217474797,131873.74701670642,110510199.99999999,838.0,8332.0
2025-06-20,Total,회원,9.085290482076639,133086.827458256,97818818.18181817,735.0,8090.0
2025-06-21,Total,회원,10.036538022379538,139057.28617230323,122231354.54545453,879.0,8758.0
2025-06-22,Total,회원,12.433103975535168,135777.29159387882,176646256.36363634,1301.0,10464.0
2025-06-23,Total,회원,8.005157055789967,109084.7251430853,74504867.27272727,683.0,8532.0
2025-06-24,Total,회원,7.204794695230808,136161.35961383747,76931168.18181817,565.0,7842.0
2025-06-25,Total,회원,7.879428873611846,125177.12782184257,74605568.18181817,596.0,7564.0
2025-06-26,Total,회원,9.026760750898683,116891.63314561543,79252527.27272727,678.0,7511.0
2025-06-27,Total,회원,11.09457448247869,125378.03436807095,102809988.18181817,820.0,7391.0
2025-06-28,Total,회원,11.351220104406945,128786.37822070975,120415263.63636363,935.0,8237.0
2025-06-29,Total,회원,13.126729385722191,134368.18181818182,159360663.63636363,1186.0,9035.0
2025-06-30,Total,회원,9.572976418100701,118997.4034620506,89367050.0,751.0,7845.0
2025-07-01,Total,회원,8.589181286549707,117020.81237911024,82499672.72727272,705.0,8208.0
2025-07-02,Total,회원,9.203332465503774,120150.98366979555,84946745.45454545,707.0,7682.0
2025-07-03,Total,회원,8.83198685471724,115672.63847780126,74608851.81818181,645.0,7303.0
2025-07-04,Total,회원,9.811808648182732,126783.00279515506,86592790.9090909,683.0,6961.0
2025-07-05,Total,회원,11.184613499938747,132147.2269242258,120650418.18181817,913.0,8163.0
2025-07-06,Total,회원,12.968205574912892,140914.86146095718,167829600.0,1191.0,9184.0
2025-07-07,Total,회원,9.244532803180915,126879.6725317693,94398476.36363636,744.0,8048.0
2025-07-08,Total,회원,9.658448314860891,151591.2955077709,129458966.36363636,854.0,8842.0
2025-07-09,Total,회원,10.447273914462944,133006.17234848483,127685925.45454544,960.0,9189.0
2025-07-10,Total,회원,9.298726038814145,139482.92748224887,108936166.36363636,781.0,8399.0
2025-07-11,Total,회원,8.701948393891522,122271.34369412734,80821358.18181817,661.0,7596.0
2025-07-12,Total,회원,10.165229885057471,131819.71838526608,111914940.9090909,849.0,8352.0
2025-07-13,Total,회원,13.061046194168396,140532.9773487382,168077440.9090909,1196.0,9157.0
2025-07-14,Total,회원,7.617337778917671,114895.82185491275,68248118.18181817,594.0,7798.0
2025-07-15,Total,회원,8.051948051948052,131865.01466275658,81756309.09090908,620.0,7700.0
2025-07-16,Total,회원,10.021215524772245,110083.7122155553,88397220.9090909,803.0,8013.0
2025-07-17,Total,회원,8.489540885628905,135064.6545454545,84415409.09090908,625.0,7362.0
2025-07-18,Total,회원,8.65071499362877,147261.83008480878,89976978.18181817,611.0,7063.0
2025-07-19,Total,회원,9.895287958115183,166698.19985569984,126023839.09090908,756.0,7640.0
2025-07-20,Total,회원,12.50560789591745,138298.9131675499,154203288.18181816,1115.0,8916.0
2025-07-21,Total,회원,8.891656288916563,107559.85485103131,76797736.36363636,714.0,8030.0
2025-07-22,Total,회원,9.322260916153228,123029.07523510972,85628236.36363636,696.0,7466.0
2025-07-23,Total,회원,9.420289855072465,120091.40766640766,84304168.18181817,702.0,7452.0
2025-07-24,Total,회원,8.319327731092436,116466.83501683502,69181300.0,594.0,7140.0
2025-07-25,Total,회원,9.205696667156072,106149.81876178048,66555936.36363636,627.0,6811.0
2025-07-26,Total,회원,9.392191064001073,113634.94805194804,79544463.63636363,700.0,7453.0
2025-07-27,Total,회원,13.033448673587081,135210.7642799678,152788163.63636363,1130.0,8670.0
2025-07-28,Total,회원,8.549323017408124,113864.65103523925,75492263.63636363,663.0,7755.0
2025-07-29,Total,회원,7.978216473791695,121604.01489295685,71259952.72727272,586.0,7345.0
2025-07-30,Total,회원,8.907845056635436,120022.44897959183,76454300.0,637.0,7151.0
2025-07-31,Total,회원,7.961504811898513,121852.1928071928,66531297.272727266,546.0,6858.0
2025-08-01,Total,회원,10.442157953281423,136477.2509381431,102494415.45454545,751.0,7192.0
2025-08-02,Total,회원,11.777330650570088,136759.2814247256,120074649.09090908,878.0,7455.0
2025-08-03,Total,회원,12.150537634408602,151320.67578439257,153893127.27272725,1017.0,8370.0
2025-08-04,Total,회원,9.511263338163614,140389.40695039032,101361151.81818181,722.0,7591.0
2025-08-05,Total,회원,10.137625952322438,142536.66556473827,117592749.09090908,825.0,8138.0
2025-08-06,Total,회원,10.177686449897257,153734.5713668754,129444509.09090908,842.0,8273.0
2025-08-07,Total,회원,8.349925335988054,151948.79555615768,101957641.81818181,671.0,8036.0
2025-08-08,Total,회원,8.74569992061392,130192.66950900837,86057354.54545453,661.0,7558.0
2025-08-09,Total,회원,9.579853201721084,140374.1227332773,106263210.9090909,757.0,7902.0
2025-08-10,Total,회원,12.183213206231109,142482.9285218598,149322109.0909091,1048.0,8602.0
2025-08-11,Total,회원,7.305874409182985,126592.09376575364,68486322.72727272,541.0,7405.0
2025-08-12,Total,회원,7.417311752287121,142115.761600828,74895006.36363636,527.0,7105.0
2025-08-13,Total,회원,9.202947086403215,129513.47757046446,88975759.09090908,687.0,7465.0
2025-08-14,Total,회원,8.550525834476453,149688.65661967266,83975336.36363636,561.0,6561.0
2025-08-15,Total,회원,11.447350403943584,152619.35624184427,127589781.81818181,836.0,7303.0
2025-08-16,Total,회원,9.324883600620797,145440.9784390367,104862945.45454545,721.0,7732.0
2025-08-17,Total,회원,12.085106382978724,159187.41174318636,158232287.27272725,994.0,8225.0
2025-08-18,Total,회원,7.61628673079457,130430.87448883297,75389045.45454545,578.0,7589.0
2025-08-19,Total,회원,6.320417697169551,135658.18181818182,62402763.63636363,460.0,7278.0
2025-08-20,Total,회원,7.059493310560774,117480.02199413489,58270090.90909091,496.0,7026.0
2025-08-21,Total,회원,7.000000000000001,104702.9984721161,49838627.272727266,476.0,6800.0
2025-08-22,Total,회원,6.679035250463822,145459.9116161616,62838681.81818181,432.0,6468.0
2025-08-23,Total,회원,9.449477351916375,143708.22204344327,97434174.54545453,678.0,7175.0
2025-08-24,Total,회원,10.989152892561984,157228.0151693195,133801040.90909089,851.0,7744.0
2025-08-25,Total,회원,7.964218727456355,154165.25032938074,85099218.18181817,552.0,6931.0
2025-08-26,Total,회원,7.6215505913272015,142160.4667363288,74207763.63636363,522.0,6849.0
2025-08-27,Total,회원,7.073908658694712,148597.8152194038,72961527.27272727,491.0,6941.0
2025-08-28,Total,회원,8.402489626556017,134524.77473144137,76275547.27272727,567.0,6748.0
2025-08-29,Total,회원,8.11561978877154,145716.37608966374,85098363.63636363,584.0,7196.0
2025-08-30,Total,회원,8.755880815473079,173464.34192672998,116221109.09090908,670.0,7652.0
2025-08-31,Total,회원,10.357412534608608,165885.0878161935,136523427.27272725,823.0,7946.0
2025-09-01,Total,회원,10.580727504786216,159533.49051431078,132253263.63636363,829.0,7835.0
2025-09-02,Total,회원,9.188854489164086,137565.1678510169,102073354.54545453,742.0,8075.0
2025-09-03,Total,회원,8.729059075450309,118587.34094188639,82181027.27272727,693.0,7939.0
2025-09-04,Total,회원,9.217731421121252,135962.31194548024,96125354.54545453,707.0,7670.0
2025-09-05,Total,회원,8.475263584752636,178670.49441786282,112026399.99999999,627.0,7398.0
2025-09-06,Total,회원,8.889169083343841,163932.85622179238,115572663.63636363,705.0,7931.0
2025-09-07,Total,회원,12.206736353077817,168040.76636969118,176610845.45454544,1051.0,8610.0
2025-09-08,Total,회원,7.416677644579107,129227.5956725335,72755136.36363636,563.0,7591.0
2025-09-09,Total,회원,8.492245105517418,149666.34458356013,99977118.18181817,668.0,7866.0
2025-09-10,Total,회원,8.98920768623322,153699.09490216957,104976481.81818181,683.0,7598.0
2025-09-11,Total,회원,8.435013262599469,177599.56832475698,112953325.45454544,636.0,7540.0
2025-09-12,Total,회원,8.32299848422213,149812.58278145696,90486800.0,604.0,7257.0
2025-09-13,Total,회원,9.675915131732339,190944.1292442497,158483627.27272725,830.0,8578.0
2025-09-14,Total,회원,12.17941722143403,188802.73704789832,210703854.54545453,1116.0,9163.0
2025-09-15,Total,회원,7.636180651654296,165095.2224052718,100212799.99999999,607.0,7949.0
2025-09-16,Total,회원,7.08964808630876,157372.00592885373,86869347.27272727,552.0,7786.0
2025-09-17,Total,회원,8.18609380958434,202542.7865612648,130437554.54545453,644.0,7867.0
2025-09-18,Total,회원,7.260591200108977,129416.93672181475,68979227.27272727,533.0,7341.0
2025-09-19,Total,회원,7.8428927680798015,181583.1391819627,114215794.54545453,629.0,8020.0
2025-09-20,Total,회원,8.719286801478582,187878.97302199044,150678936.36363634,802.0,9198.0
2025-09-21,Total,회원,11.620374914123074,192650.2503071253,228097896.36363634,1184.0,10189.0
2025-09-22,Total,회원,8.055984130482697,174884.00696430792,127840209.09090908,731.0,9074.0
2025-09-23,Total,회원,8.464125560538116,164964.05298013243,124547859.99999999,755.0,8920.0
2025-09-24,Total,회원,8.409649318740229,158814.70481709525,119587472.72727272,753.0,8954.0
2025-09-25,Total,회원,8.88888888888889,211223.33257195065,168133772.72727272,796.0,8955.0
2025-09-26,Total,회원,7.410937686167044,164794.3145279158,102502063.63636363,622.0,8393.0
2025-09-27,Total,회원,8.247543284978942,207786.45519019986,146489450.9090909,705.0,8548.0
2025-09-28,Total,회원,10.451753516940757,190341.24170616112,200810009.99999997,1055.0,10094.0
2025-09-29,Total,회원,6.651147322913202,146544.99393939393,87926996.36363636,600.0,9021.0
2025-09-30,Total,회원,7.8496611213801595,174009.74168688452,110844205.45454544,637.0,8115.0
2025-10-01,Total,회원,7.336956521739131,178758.9385922719,101356318.18181817,567.0,7728.0
2025-10-02,Total,회원,5.937921727395412,189591.7584940312,75078336.36363636,396.0,6669.0
2025-10-03,Total,회원,7.750759878419452,194668.86512180627,119137345.45454544,612.0,7896.0
2025-10-04,Total,회원,9.015140991804417,217290.3207732175,141021418.18181816,649.0,7199.0
2025-10-05,Total,회원,8.434262366846637,214065.80685750235,123730036.36363636,578.0,6853.0
2025-10-06,Total,회원,7.609921082299888,212479.68013468012,114739027.27272727,540.0,7096.0
2025-10-07,Total,회원,8.869692176663827,204658.5110362888,149196054.54545453,729.0,8219.0
2025-10-08,Total,회원,8.972375690607736,191368.20420958352,155390981.8181818,812.0,9050.0
2025-10-09,Total,회원,8.19688498402556,249565.24194441366,204893063.63636363,821.0,10016.0
2025-10-10,Total,회원,7.721967486452688,201478.2357992884,149295372.72727272,741.0,9596.0
2025-10-11,Total,회원,8.141414141414142,189558.02616738097,152783769.09090906,806.0,9900.0
2025-10-12,Total,회원,10.130868490894116,211256.54594727763,233860996.36363634,1107.0,10927.0
2025-10-13,Total,회원,5.846956172901415,172756.5491969437,100717068.18181817,583.0,9971.0
2025-10-14,Total,회원,6.720118155923621,248575.1676894534,158342381.8181818,637.0,9479.0
2025-10-15,Total,회원,7.989445910290237,176914.6475321244,133924388.18181817,757.0,9475.0
2025-10-16,Total,회원,7.953329051594947,210676.02716260855,156532288.18181816,743.0,9342.0
2025-10-17,Total,회원,7.730700976042591,216848.8065736272,151143618.18181816,697.0,9016.0
2025-10-18,Total,회원,9.049266149387678,226602.05672426743,219350790.90909088,968.0,10697.0
2025-10-19,Total,회원,11.474558670820354,214317.70190593717,284185272.7272727,1326.0,11556.0
2025-10-20,Total,회원,8.898563343491512,181483.02615193024,185475652.72727272,1022.0,11485.0
2025-10-21,Total,회원,8.011685552407933,211895.961828227,191765845.45454544,905.0,11296.0
2025-10-22,Total,회원,7.644759567312062,195038.02832126257,164026981.8181818,841.0,11001.0
2025-10-23,Total,회원,6.981058387033783,200601.263827082,143429903.63636363,715.0,10242.0
2025-10-24,Total,회원,6.1536870410590545,209282.2765469824,124522954.54545453,595.0,9669.0
2025-10-25,Total,회원,7.077764277035237,226334.15658733252,158207575.45454544,699.0,9876.0
2025-10-26,Total,회원,9.599795204368974,230168.33212121212,258939373.63636363,1125.0,11719.0
2025-10-27,Total,회원,6.952532203988,186998.45408398708,147354781.8181818,788.0,11334.0
2025-10-28,Total,회원,6.507965242577843,152983.3986597547,109995063.63636363,719.0,11048.0
2025-10-29,Total,회원,7.105891719745223,177164.5785586962,126495509.09090908,714.0,10048.0
2025-10-30,Total,회원,6.080489938757655,183346.0104643558,101940381.81818181,556.0,9144.0
2025-10-31,Total,회원,6.456544748912149,219816.90677264446,120679481.81818181,549.0,8503.0
2025-11-01,Total,회원,8.549664227723765,227219.08771181924,193817881.8181818,853.0,9977.0
2025-11-02,Total,회원,10.088421052631578,241126.09652451053,288869063.6363636,1198.0,11875.0
2025-11-03,Total,회원,6.6502696055245485,177188.9176257597,124563809.09090908,703.0,10571.0
2025-11-04,Total,회원,5.834378920953576,197965.23297491038,110464599.99999999,558.0,9564.0
2025-11-05,Total,회원,5.35465178667239,216307.54235744214,107937463.63636363,499.0,9319.0
2025-11-06,Total,회원,5.714285714285714,243599.4685314685,126671723.63636363,520.0,9100.0
2025-11-07,Total,회원,4.7720544701006515,239386.80351906156,96472881.81818181,403.0,8445.0
2025-11-08,Total,회원,6.946209233375688,258505.59866962305,169579672.72727272,656.0,9444.0
2025-11-09,Total,회원,9.739292364990689,247093.229619329,258459518.18181816,1046.0,10740.0
2025-11-10,Total,회원,6.360675758192551,235141.0909090909,146963181.8181818,625.0,9826.0
2025-11-11,Total,회원,6.620103249316732,242133.9032527106,158355572.72727272,654.0,9879.0
2025-11-12,Total,회원,6.984094616639477,217841.39349701392,149221354.54545453,685.0,9808.0
2025-11-13,Total,회원,7.3872392890167475,216722.16462258185,155823236.36363634,719.0,9733.0
2025-11-14,Total,회원,6.010471204188482,207840.18055115614,119300263.63636363,574.0,9550.0
2025-11-15,Total,회원,8.160358160358161,242227.43142144635,194266399.99999997,802.0,9828.0
2025-11-16,Total,회원,8.85679484948669,267063.1452045008,271870281.8181818,1018.0,11494.0
2025-11-17,Total,회원,6.486121819583654,163579.77846818857,110089190.9090909,673.0,10376.0
2025-11-18,Total,회원,7.007539145563503,196001.6514106583,142101197.27272725,725.0,10346.0
2025-11-19,Total,회원,5.643979057591623,196781.49772305615,106065227.27272727,539.0,9550.0
2025-11-20,Total,회원,5.671363689297776,272042.2437931678,132484572.72727272,487.0,8587.0
2025-11-21,Total,회원,5.127615543803174,212266.89767631472,94671036.36363636,446.0,8698.0
2025-11-22,Total,회원,7.308009909165978,258303.77503852078,182879072.72727272,708.0,9688.0
2025-11-23,Total,회원,9.173333333333334,285963.71564482024,295114554.5454545,1032.0,11250.0
2025-11-24,Total,회원,6.216431271135867,219624.9018181818,137265563.63636363,625.0,10054.0
2025-11-25,Total,회원,7.30196783538108,215729.36201964927,157698163.63636363,731.0,10011.0
2025-11-26,Total,회원,6.580444904293843,199031.26786735276,126583886.36363636,636.0,9665.0
2025-11-27,Total,회원,7.63233483791547,241197.36803519062,179450841.8181818,744.0,9748.0
2025-11-28,Total,회원,4.852859522487507,236902.22592053254,103526272.72727272,437.0,9005.0
2025-11-29,Total,회원,7.073120066472788,249834.21439060205,170137100.0,681.0,9628.0
2025-11-30,Total,회원,8.44383775351014,264637.25593113585,229175863.63636363,866.0,10256.0
2025-12-01,Total,회원,6.480721903199344,191506.9332566168,121032381.81818181,632.0,9752.0
2025-12-02,Total,회원,6.515229736706246,185645.55539547614,117142345.45454544,631.0,9685.0
2025-12-03,Total,회원,6.506238859180035,208182.302476823,136775772.72727272,657.0,10098.0
2025-12-04,Total,회원,7.357035767830371,187898.5576286886,129086309.09090908,687.0,9338.0
2025-12-05,Total,회원,6.655112651646447,231633.538510101,133420918.18181817,576.0,8655.0
2025-12-06,Total,회원,7.842713622123798,277763.51114450285,201656309.09090906,726.0,9257.0
2025-12-07,Total,회원,9.988363072148951,280808.5207413945,289232776.3636363,1030.0,10312.0
2025-12-08,Total,회원,6.843194943881442,218377.106253619,137140822.72727272,628.0,9177.0
2025-12-09,Total,회원,6.450591216216216,237570.81089123638,145155765.45454544,611.0,9472.0
2025-12-10,Total,회원,7.360637087599545,241502.40269776588,156252054.54545453,647.0,8790.0
2025-12-11,Total,회원,6.888671237349005,252123.66795921297,159594281.8181818,633.0,9189.0
2025-12-12,Total,회원,5.732860520094563,195069.95313964385,94608927.27272727,485.0,8460.0
2025-12-13,Total,회원,7.191994996873046,249807.77470355728,172367364.54545453,690.0,9594.0
2025-12-14,Total,회원,9.925400291120814,305206.76610282477,332980581.8181818,1091.0,10992.0
2025-12-15,Total,회원,7.105428631314189,229351.85036202733,155500554.54545453,678.0,9542.0
2025-12-16,Total,회원,5.619853104829735,183344.68046804678,92589063.63636363,505.0,8986.0
2025-12-17,Total,회원,6.016355140186916,222308.0317740512,114488636.36363636,515.0,8560.0
2025-12-18,Total,회원,6.808199121522694,236553.30726621047,131996745.45454544,558.0,8196.0
2025-12-19,Total,회원,6.887988498235524,243305.761600828,128222136.36363636,527.0,7651.0
2025-12-20,Total,회원,7.031736154324829,233865.2453740949,132133863.63636363,565.0,8035.0
2025-12-21,Total,회원,10.07502679528403,258500.82205029012,242990772.72727272,940.0,9330.0
2025-12-22,Total,회원,8.090763236305294,281572.45042492915,198790149.99999997,706.0,8726.0
2025-12-23,Total,회원,5.730876041403686,166645.91509811775,75657245.45454545,454.0,7922.0
2025-12-24,Total,회원,5.440634740719751,168997.7746212121,64895145.454545446,384.0,7058.0
2025-12-25,Total,회원,9.095801937567277,258866.61646046257,218742290.90909088,845.0,9290.0
2025-12-26,Total,회원,6.179511278195489,186407.93294158313,98050572.72727272,526.0,8512.0
2025-12-27,Total,회원,7.2647335915419236,229568.48310191245,159320527.27272725,694.0,9553.0
2025-12-28,Total,회원,9.662363455809334,256189.52630103705,249272409.09090906,973.0,10070.0
2025-12-29,Total,회원,5.5703532136653156,218583.32073332072,105138577.27272727,481.0,8635.0
2025-12-30,Total,회원,6.81881051175657,229108.85118937856,112950663.63636363,493.0,7230.0
2025-12-31,Total,회원,6.159420289855073,220909.53266682164,86375627.27272727,391.0,6348.0
2025-01-01,e-영업1,기존,11.924342105263158,224283.51097178683,32521109.09090909,145.0,1216.0
2025-01-02,e-영업1,기존,6.2857142857142865,71812.39669421487,4739618.181818182,66.0,1050.0
2025-01-03,e-영업1,기존,8.200000000000001,320577.82705099776,26287381.818181816,82.0,1000.0
2025-01-04,e-영업1,기존,8.907563025210084,221130.01715265863,23439781.818181816,106.0,1190.0
2025-01-05,e-영업1,기존,10.79597438243367,252685.20801232665,29816854.545454543,118.0,1093.0
2025-01-06,e-영업1,기존,8.55721393034826,206808.56236786468,17785536.363636363,86.0,1005.0
2025-01-07,e-영업1,기존,8.946488294314381,190722.59983007645,20407318.18181818,107.0,1196.0
2025-01-08,e-영업1,기존,10.29535864978903,248030.5514157973,30259727.27272727,122.0,1185.0
2025-01-09,e-영업1,기존,9.271523178807946,227507.51391465677,22295736.363636363,98.0,1057.0
2025-01-10,e-영업1,기존,13.16326530612245,256633.4742776603,33105718.18181818,129.0,980.0
2025-01-11,e-영업1,기존,8.967391304347826,260066.391184573,25746572.727272727,99.0,1104.0
2025-01-12,e-영업1,기존,10.839160839160838,246110.8504398827,30517745.454545453,124.0,1144.0
2025-01-13,e-영업1,기존,10.18018018018018,151109.89541432017,17075418.18181818,113.0,1110.0
2025-01-14,e-영업1,기존,11.410459587955627,169404.98737373736,24394318.18181818,144.0,1262.0
2025-01-15,e-영업1,기존,10.697305863708399,180623.569023569,24384181.818181816,135.0,1262.0
2025-01-16,e-영업1,기존,10.531135531135531,232506.2450592885,26738218.18181818,115.0,1092.0
2025-01-17,e-영업1,기존,11.588785046728972,206695.89442815247,25630290.909090906,124.0,1070.0
2025-01-18,e-영업1,기존,8.793969849246231,231661.55844155842,24324463.636363633,105.0,1194.0
2025-01-19,e-영업1,기존,12.289562289562289,249414.5703611457,36414527.27272727,146.0,1188.0
2025-01-20,e-영업1,기존,13.268892794376097,205558.81998795905,31039381.818181816,151.0,1138.0
2025-01-21,e-영업1,기존,10.960144927536232,199999.54921111945,24199945.454545453,121.0,1104.0
2025-01-22,e-영업1,기존,12.987012987012985,187961.94805194804,26314672.727272727,140.0,1078.0
2025-01-23,e-영업1,기존,11.0792741165234,194437.22570532913,22554718.18181818,116.0,1047.0
2025-01-24,e-영업1,기존,10.710259301014656,217416.55502392343,20654572.727272727,95.0,887.0
2025-01-25,e-영업1,기존,10.619469026548673,303862.4053030303,29170790.909090906,96.0,904.0
2025-01-26,e-영업1,기존,8.180839612486544,192660.2870813397,14642181.818181816,76.0,929.0
2025-01-27,e-영업1,기존,9.935897435897436,230096.38318670573,21398963.636363633,93.0,936.0
2025-01-28,e-영업1,기존,8.076009501187649,192842.7807486631,13113309.09090909,68.0,842.0
2025-01-29,e-영업1,기존,11.551528878822197,220388.59180035652,22479636.363636363,102.0,883.0
2025-01-30,e-영업1,기존,14.963880288957688,212240.12539184952,30774818.18181818,145.0,969.0
2025-01-31,e-영업1,기존,13.25178389398573,224033.986013986,29124418.18181818,130.0,981.0
2025-02-01,e-영업1,기존,9.660574412532636,262891.89189189184,29180999.999999996,111.0,1149.0
2025-02-02,e-영업1,기존,14.200680272108842,271340.99074578116,45313945.45454545,167.0,1176.0
2025-02-03,e-영업1,기존,6.879361914257228,167891.04084321472,11584481.818181816,69.0,1003.0
2025-02-04,e-영업1,기존,9.339622641509433,260221.85491276396,25761963.636363633,99.0,1060.0
2025-02-05,e-영업1,기존,9.620476610767872,221429.6080066722,24135827.27272727,109.0,1133.0
2025-02-06,e-영업1,기존,7.31958762886598,156807.68245838667,11133345.454545453,71.0,970.0
2025-02-07,e-영업1,기존,12.351029252437703,274548.1658692185,31298490.909090906,114.0,923.0
2025-02-08,e-영업1,기존,10.48951048951049,189099.4805194805,19855445.454545453,105.0,1001.0
2025-02-09,e-영업1,기존,14.113597246127366,217229.1019955654,35625572.72727273,164.0,1162.0
2025-02-10,e-영업1,기존,10.989010989010989,119590.90909090907,13154999.999999998,110.0,1001.0
2025-02-11,e-영업1,기존,12.917115177610333,174554.84848484848,20946581.818181816,120.0,929.0
2025-02-12,e-영업1,기존,11.645299145299145,203542.11843202668,22186090.909090906,109.0,936.0
2025-02-13,e-영업1,기존,5.325443786982249,240363.83838383836,10816372.727272727,45.0,845.0
2025-02-14,e-영업1,기존,9.879518072289157,240175.49889135253,19694390.909090906,82.0,830.0
2025-02-15,e-영업1,기존,8.256880733944955,233370.03367003365,18902972.727272727,81.0,981.0
2025-02-16,e-영업1,기존,14.033457249070633,256281.15593016252,38698454.54545454,151.0,1076.0
2025-02-17,e-영업1,기존,6.68693009118541,125427.82369146006,8278236.363636363,66.0,987.0
2025-02-18,e-영업1,기존,8.713272543059777,118469.97885835095,10188418.181818182,86.0,987.0
2025-02-19,e-영업1,기존,10.286320254506894,225301.87441424554,21854281.818181816,97.0,943.0
2025-02-20,e-영업1,기존,9.508196721311474,202099.16405433643,17582627.27272727,87.0,915.0
2025-02-21,e-영업1,기존,11.036789297658862,253100.82644628096,25056981.818181816,99.0,897.0
2025-02-22,e-영업1,기존,9.80952380952381,167684.907325684,17271545.454545453,103.0,1050.0
2025-02-23,e-영업1,기존,13.796133567662567,218913.83902721482,34369472.72727273,157.0,1138.0
2025-02-24,e-영업1,기존,8.097165991902834,211124.31818181818,16889945.454545453,80.0,988.0
2025-02-25,e-영업1,기존,12.486064659977703,185743.4253246753,20803263.636363633,112.0,897.0
2025-02-26,e-영업1,기존,12.5,180339.41877794336,22001409.09090909,122.0,976.0
2025-02-27,e-영업1,기존,12.925969447708576,213370.57851239666,23470763.636363633,110.0,851.0
2025-02-28,e-영업1,기존,12.333965844402277,227106.57342657342,29523854.545454543,130.0,1054.0
2025-03-01,e-영업1,기존,12.681159420289855,234257.40259740257,32796036.36363636,140.0,1104.0
2025-03-02,e-영업1,기존,8.779631255487269,230248.0,23024800.0,100.0,1139.0
2025-03-03,e-영업1,기존,12.30916030534351,176116.6314305849,22719045.454545453,129.0,1048.0
2025-03-04,e-영업1,기존,9.937238493723848,188658.85167464113,17922590.909090906,95.0,956.0
2025-03-05,e-영업1,기존,10.826771653543307,223551.73553719005,24590690.909090906,110.0,1016.0
2025-03-06,e-영업1,기존,11.256281407035177,221059.74025974024,24758690.909090906,112.0,995.0
2025-03-07,e-영업1,기존,7.939914163090128,172247.7886977887,12746336.363636363,74.0,932.0
2025-03-08,e-영업1,기존,12.59105098855359,255147.18256949662,30872809.09090909,121.0,961.0
2025-03-09,e-영업1,기존,15.579710144927535,214649.3128964059,36919681.81818181,172.0,1104.0
2025-03-10,e-영업1,기존,8.499475341028331,131014.92704826038,10612209.09090909,81.0,953.0
2025-03-11,e-영업1,기존,10.220673635307783,113775.4132231405,10012236.363636363,88.0,861.0
2025-03-12,e-영업1,기존,12.004801920768307,127903.27272727272,12790327.272727272,100.0,833.0
2025-03-13,e-영업1,기존,10.046728971962617,206846.6173361522,17788809.09090909,86.0,856.0
2025-03-14,e-영업1,기존,9.988109393579073,178257.57575757575,14973636.363636363,84.0,841.0
2025-03-15,e-영업1,기존,12.360801781737193,224800.9828009828,24952909.09090909,111.0,898.0
2025-03-16,e-영업1,기존,17.037754114230395,217248.6053719008,38235754.54545454,176.0,1033.0
2025-03-17,e-영업1,기존,12.677725118483412,190523.36448598132,20386000.0,107.0,844.0
2025-03-18,e-영업1,기존,9.069212410501192,96233.4928229665,7313745.454545454,76.0,838.0
2025-03-19,e-영업1,기존,10.061349693251534,185963.52549889134,15249009.09090909,82.0,815.0
2025-03-20,e-영업1,기존,8.192457737321195,218111.6883116883,13741036.363636363,63.0,769.0
2025-03-21,e-영업1,기존,9.988109393579073,159060.71428571426,13361099.999999998,84.0,841.0
2025-03-22,e-영업1,기존,10.686164229471316,232786.79425837318,22114745.454545453,95.0,889.0
2025-03-23,e-영업1,기존,13.29896907216495,227310.5708245243,29323063.636363633,129.0,970.0
2025-03-24,e-영업1,기존,12.614678899082568,220580.6611570248,24263872.727272727,110.0,872.0
2025-03-25,e-영업1,기존,10.411899313501143,168749.35064935064,15356190.909090908,91.0,874.0
2025-03-26,e-영업1,기존,12.105926860025221,122247.34848484847,11735745.454545453,96.0,793.0
2025-03-27,e-영업1,기존,11.818181818181818,109049.45054945054,9923500.0,91.0,770.0
2025-03-28,e-영업1,기존,12.95843520782396,203571.01200686104,21578527.27272727,106.0,818.0
2025-03-29,e-영업1,기존,13.978494623655912,193417.32711732708,22629827.27272727,117.0,837.0
2025-03-30,e-영업1,기존,16.857440166493237,207005.44332211,33534881.818181816,162.0,961.0
2025-03-31,e-영업1,기존,16.70731707317073,186906.63570006634,25606209.09090909,137.0,820.0
2025-04-01,e-영업1,기존,8.16831683168317,100247.93388429751,6616363.636363636,66.0,808.0
2025-04-02,e-영업1,기존,11.936662606577345,182932.18923933207,17927354.545454543,98.0,821.0
2025-04-03,e-영업1,기존,12.473118279569892,188842.6332288401,21905745.454545453,116.0,930.0
2025-04-04,e-영업1,기존,10.223266745005875,185993.41692789967,16181427.272727272,87.0,851.0
2025-04-05,e-영업1,기존,13.488843813387424,180859.05673274092,24054254.545454543,133.0,986.0
2025-04-06,e-영업1,기존,17.61904761904762,188963.39066339066,34958227.27272727,185.0,1050.0
2025-04-07,e-영업1,기존,11.466372657111357,191019.23076923078,19866000.0,104.0,907.0
2025-04-08,e-영업1,기존,11.582213029989658,163990.5844155844,18366945.454545453,112.0,967.0
2025-04-09,e-영업1,기존,16.56862745098039,174802.90478752015,29541690.909090906,169.0,1020.0
2025-04-10,e-영업1,기존,11.831626848691695,177539.33566433564,18464090.909090906,104.0,879.0
2025-04-11,e-영업1,기존,13.219094247246021,173531.06060606058,18741354.545454543,108.0,817.0
2025-04-12,e-영업1,기존,11.758360302049622,187030.6088407006,20386336.363636363,109.0,927.0
2025-04-13,e-영업1,기존,16.634980988593156,194005.2987012987,33950927.27272727,175.0,1052.0
2025-04-14,e-영업1,기존,9.33806146572104,186828.88377445337,14759481.818181816,79.0,846.0
2025-04-15,e-영업1,기존,12.013729977116705,156035.67099567098,16383745.454545453,105.0,874.0
2025-04-16,e-영업1,기존,13.302217036172696,132957.01754385963,15157099.999999998,114.0,857.0
2025-04-17,e-영업1,기존,12.623762376237623,154708.11051693404,15780227.272727272,102.0,808.0
2025-04-18,e-영업1,기존,11.524163568773234,191071.84750733135,17769681.818181816,93.0,807.0
2025-04-19,e-영업1,기존,13.547052740434331,151767.03678001388,19881481.818181816,131.0,967.0
2025-04-20,e-영업1,기존,19.379115710254,195150.1765225066,40200936.36363636,206.0,1063.0
2025-04-21,e-영업1,기존,16.532258064516128,169561.97339246116,27808163.636363633,164.0,992.0
2025-04-22,e-영업1,기존,15.086646279306828,161802.45700245697,23946763.636363633,148.0,981.0
2025-04-23,e-영업1,기존,12.742382271468145,131074.57180500656,18088290.909090906,138.0,1083.0
2025-04-24,e-영업1,기존,14.503042596348884,144648.95104895104,20684800.0,143.0,986.0
2025-04-25,e-영업1,기존,9.79498861047836,143252.53699788582,12319718.181818182,86.0,878.0
2025-04-26,e-영업1,기존,14.56736035049288,171597.6760082023,22822490.909090906,133.0,913.0
2025-04-27,e-영업1,기존,19.526627218934912,186654.66351829984,43117227.272727266,231.0,1183.0
2025-04-28,e-영업1,기존,15.024875621890546,146000.42143287175,22046063.636363633,151.0,1005.0
2025-04-29,e-영업1,기존,13.636363636363635,172718.3164983165,23316972.727272727,135.0,990.0
2025-04-30,e-영업1,기존,17.248459958932237,176938.25757575757,29725627.27272727,168.0,974.0
2025-05-01,e-영업1,기존,17.506404782237404,176721.86252771615,36227981.81818181,205.0,1171.0
2025-05-02,e-영업1,기존,12.88936627282492,147660.45454545453,17719254.545454543,120.0,931.0
2025-05-03,e-영업1,기존,16.48590021691974,182374.70095693777,27720954.545454543,152.0,922.0
2025-05-04,e-영업1,기존,17.76765375854214,163055.88578088576,25436718.18181818,156.0,878.0
2025-05-05,e-영업1,기존,13.123092573753814,170052.00845665962,21936709.09090909,129.0,983.0
2025-05-06,e-영업1,기존,17.05357142857143,186095.1927653498,35544181.81818181,191.0,1120.0
2025-05-07,e-영업1,기존,17.68355739400207,181191.54704944178,30983754.545454543,171.0,967.0
2025-05-08,e-영업1,기존,10.0,150329.46127946128,16235581.818181816,108.0,1080.0
2025-05-09,e-영업1,기존,12.065637065637064,176438.61818181816,22054827.27272727,125.0,1036.0
2025-05-10,e-영업1,기존,10.904480135249365,126552.36081747709,16325254.545454545,129.0,1183.0
2025-05-11,e-영업1,기존,17.269624573378838,163449.4071146245,41352700.0,253.0,1465.0
2025-05-12,e-영업1,기존,14.265831593597772,158059.0243902439,32402099.999999996,205.0,1437.0
2025-05-13,e-영업1,기존,13.0,151656.21301775146,25629899.999999996,169.0,1300.0
2025-05-14,e-영업1,기존,15.183673469387754,155714.85826001954,28962963.636363633,186.0,1225.0
2025-05-15,e-영업1,기존,14.768683274021353,139969.7152245345,23234972.727272727,166.0,1124.0
2025-05-16,e-영업1,기존,13.142292490118576,183766.02870813396,24440881.818181816,133.0,1012.0
2025-05-17,e-영업1,기존,11.437246963562753,172811.9066773934,19527745.454545453,113.0,988.0
2025-05-18,e-영업1,기존,17.15867158671587,167036.6568914956,31068818.18181818,186.0,1084.0
2025-05-19,e-영업1,기존,10.56644880174292,159598.50046860357,15481054.545454545,97.0,918.0
2025-05-20,e-영업1,기존,7.674943566591422,151762.29946524065,10319836.363636363,68.0,886.0
2025-05-21,e-영업1,기존,12.541254125412541,159321.29186602868,18162627.27272727,114.0,909.0
2025-05-22,e-영업1,기존,10.323253388946819,183402.2038567493,18156818.18181818,99.0,959.0
2025-05-23,e-영업1,기존,13.476070528967254,172692.948173322,18478145.454545453,107.0,794.0
2025-05-24,e-영업1,기존,11.542730299667037,182290.20979020977,18958181.818181816,104.0,901.0
2025-05-25,e-영업1,기존,16.446700507614214,188497.02581369248,30536518.18181818,162.0,985.0
2025-05-26,e-영업1,기존,,146762.72727272726,16143899.999999998,110.0,0.0
2025-05-27,e-영업1,기존,13.071895424836603,116460.30303030302,13975236.363636363,120.0,918.0
2025-05-28,e-영업1,기존,12.457912457912458,127233.57903357902,14122927.272727272,111.0,891.0
2025-05-29,e-영업1,기존,12.5,129149.44903581265,17047727.27272727,132.0,1056.0
2025-05-30,e-영업1,기존,12.810707456978967,150249.93215739483,20133490.909090906,134.0,1046.0
2025-05-31,e-영업1,기존,12.955032119914348,164039.21863260705,19848745.454545453,121.0,934.0
2025-06-01,e-영업1,기존,17.684021543985637,173866.49746192893,34251700.0,197.0,1114.0
2025-06-02,e-영업1,기존,12.235817575083425,141257.0247933884,15538272.727272727,110.0,899.0
2025-06-03,e-영업1,기존,16.86367218282112,167144.26508071367,35768872.72727273,214.0,1269.0
2025-06-04,e-영업1,기존,11.909949164851126,129720.73170731707,21274200.0,164.0,1377.0
2025-06-05,e-영업1,기존,14.29872495446266,150485.63983786912,23626245.454545453,157.0,1098.0
2025-06-06,e-영업1,기존,18.69244935543278,159048.27586206896,32286799.999999996,203.0,1086.0
2025-06-07,e-영업1,기존,12.25531914893617,139749.87373737374,20123981.818181816,144.0,1175.0
2025-06-08,e-영업1,기존,19.634340222575517,160822.67206477732,39723200.0,247.0,1258.0
2025-06-09,e-영업1,기존,11.160714285714286,146247.05454545454,18280881.818181816,125.0,1120.0
2025-06-10,e-영업1,기존,13.27683615819209,143726.30560928432,20265409.09090909,141.0,1062.0
2025-06-11,e-영업1,기존,12.676056338028168,114918.30808080807,16548236.363636361,144.0,1136.0
2025-06-12,e-영업1,기존,15.41318477251625,153302.24534501642,25448172.727272727,166.0,1077.0
2025-06-13,e-영업1,기존,13.96357328707719,141651.04460756632,22805818.18181818,161.0,1153.0
2025-06-14,e-영업1,기존,13.427856547122602,166962.11180124222,26880899.999999996,161.0,1199.0
2025-06-15,e-영업1,기존,18.37037037037037,167480.35190615832,41535127.272727266,248.0,1350.0
2025-06-16,e-영업1,기존,14.599574769666903,135054.5895851721,27821245.454545453,206.0,1411.0
2025-06-17,e-영업1,기존,11.631016042780749,124632.13166144199,21685990.909090906,174.0,1496.0
2025-06-18,e-영업1,기존,16.446124763705104,139325.67049808428,36364000.0,261.0,1587.0
2025-06-19,e-영업1,기존,15.525423728813559,144442.55657006748,33077345.454545453,229.0,1475.0
2025-06-20,e-영업1,기존,14.365411436541143,146495.27802294792,30178027.27272727,206.0,1434.0
2025-06-21,e-영업1,기존,14.60880195599022,135464.51122099656,32376018.18181818,239.0,1636.0
2025-06-22,e-영업1,기존,18.582824964805255,148386.13406795223,58760909.090909086,396.0,2131.0
2025-06-23,e-영업1,기존,11.449906658369633,118319.81225296442,21770845.454545453,184.0,1607.0
2025-06-24,e-영업1,기존,11.891515994436718,151191.6533758639,25853772.727272727,171.0,1438.0
2025-06-25,e-영업1,기존,11.43717080511663,154975.05980861242,23556209.09090909,152.0,1329.0
2025-06-26,e-영업1,기존,11.440329218106996,96498.82275997383,13413336.363636363,139.0,1215.0
2025-06-27,e-영업1,기존,16.196013289036546,132212.5874125874,25781454.545454543,195.0,1204.0
2025-06-28,e-영업1,기존,15.158045977011495,137993.36492890993,29116599.999999996,211.0,1392.0
2025-06-29,e-영업1,기존,20.8005249343832,150023.17178090048,47557345.45454545,317.0,1524.0
2025-06-30,e-영업1,기존,15.824357912178957,138245.6925273679,26404927.27272727,191.0,1207.0
2025-07-01,e-영업1,기존,13.7875101378751,117757.32620320855,20018745.454545453,170.0,1233.0
2025-07-02,e-영업1,기존,13.91231028667791,106147.60330578512,17514354.545454543,165.0,1186.0
2025-07-03,e-영업1,기존,14.065180102915953,122501.49667405763,20090245.454545453,164.0,1166.0
2025-07-04,e-영업1,기존,16.967509025270758,143486.7988394584,26975518.18181818,188.0,1108.0
2025-07-05,e-영업1,기존,16.428571428571427,146077.9051383399,33597918.18181818,230.0,1400.0
2025-07-06,e-영업1,기존,20.712844653665098,140097.520661157,43150036.36363636,308.0,1487.0
2025-07-07,e-영업1,기존,14.340786430223593,126266.568914956,23485581.818181816,186.0,1297.0
2025-07-08,e-영업1,기존,15.894955079474776,148407.39130434784,34133700.0,230.0,1447.0
2025-07-09,e-영업1,기존,16.91988950276243,136865.45454545453,33532036.36363636,245.0,1448.0
2025-07-10,e-영업1,기존,15.277777777777779,147906.78555893866,30912518.18181818,209.0,1368.0
2025-07-11,e-영업1,기존,14.401294498381878,139480.69458631254,24827563.636363633,178.0,1236.0
2025-07-12,e-영업1,기존,14.873837981407704,122375.4464285714,27412099.999999996,224.0,1506.0
2025-07-13,e-영업1,기존,21.94513715710723,137880.3977272727,48533899.99999999,352.0,1604.0
2025-07-14,e-영업1,기존,11.505122143420015,122785.11830635116,17926627.27272727,146.0,1269.0
2025-07-15,e-영업1,기존,14.34108527131783,136389.484029484,25232054.545454543,185.0,1290.0
2025-07-16,e-영업1,기존,16.977077363896846,115371.38473341004,27343018.18181818,237.0,1396.0
2025-07-17,e-영업1,기존,12.206572769953052,170315.1515151515,26569163.636363633,156.0,1278.0
2025-07-18,e-영업1,기존,14.867109634551495,133848.50177755204,23958881.818181816,179.0,1204.0
2025-07-19,e-영업1,기존,14.638157894736842,140567.72216547496,25021054.545454543,178.0,1216.0
2025-07-20,e-영업1,기존,20.622041920216365,129988.8822652757,39646609.090909086,305.0,1479.0
2025-07-21,e-영업1,기존,10.5716523101018,105886.93602693602,14294736.363636363,135.0,1277.0
2025-07-22,e-영업1,기존,14.920634920634921,138258.26885880076,25992554.545454543,188.0,1260.0
2025-07-23,e-영업1,기존,15.04286827747467,112824.39943476212,21775109.09090909,193.0,1283.0
2025-07-24,e-영업1,기존,12.310286677908937,126519.30261519301,18471818.18181818,146.0,1186.0
2025-07-25,e-영업1,기존,15.09433962264151,115794.73140495867,20379872.727272727,176.0,1166.0
2025-07-26,e-영업1,기존,11.726384364820847,138722.91666666666,19976100.0,144.0,1228.0
2025-07-27,e-영업1,기존,22.135785007072137,149934.53383677025,46929509.090909086,313.0,1414.0
2025-07-28,e-영업1,기존,13.917122752150119,117174.51481103165,20857063.636363633,178.0,1279.0
2025-07-29,e-영업1,기존,11.343523732904263,120744.10058027078,17024918.18181818,141.0,1243.0
2025-07-30,e-영업1,기존,12.236628849270664,139908.5490668272,21126190.909090906,151.0,1234.0
2025-07-31,e-영업1,기존,11.601307189542483,121577.20870678617,17263963.636363637,142.0,1224.0
2025-08-01,e-영업1,기존,17.656373713380837,142736.32286995515,31830199.999999996,223.0,1263.0
2025-08-02,e-영업1,기존,17.62962962962963,137581.77998472116,32744463.636363633,238.0,1350.0
2025-08-03,e-영업1,기존,16.903225806451612,147633.5183900069,38679981.81818181,262.0,1550.0
2025-08-04,e-영업1,기존,15.836012861736334,147099.81541301336,28978663.636363633,197.0,1244.0
2025-08-05,e-영업1,기존,16.291751874573958,135171.58615443134,32306009.09090909,239.0,1467.0
2025-08-06,e-영업1,기존,16.63187195546277,128033.54887790034,30600018.18181818,239.0,1437.0
2025-08-07,e-영업1,기존,12.021036814425244,147257.61363636362,23561218.18181818,160.0,1331.0
2025-08-08,e-영업1,기존,13.349514563106796,128888.31955922865,21266572.727272727,165.0,1236.0
2025-08-09,e-영업1,기존,12.246865959498553,153375.66213314244,19478709.09090909,127.0,1037.0
2025-08-10,e-영업1,기존,18.490878938640133,147038.15735833673,32789509.09090909,223.0,1206.0
2025-08-11,e-영업1,기존,10.728346456692913,146038.53211009174,15918199.999999998,109.0,1016.0
2025-08-12,e-영업1,기존,12.183235867446394,164786.32727272724,20598290.909090906,125.0,1026.0
2025-08-13,e-영업1,기존,16.00965406275141,99296.11694837824,19759927.27272727,199.0,1243.0
2025-08-14,e-영업1,기존,12.429906542056075,158573.95762132603,21090336.363636363,133.0,1070.0
2025-08-15,e-영업1,기존,18.98846495119787,154393.3305012744,33040172.727272723,214.0,1127.0
2025-08-16,e-영업1,기존,12.762237762237763,182207.84557907845,26602345.454545453,146.0,1144.0
2025-08-17,e-영업1,기존,19.781931464174455,156454.90336435218,39739545.45454545,254.0,1284.0
2025-08-18,e-영업1,기존,13.951473136915077,149130.88650479954,24010072.727272727,161.0,1154.0
2025-08-19,e-영업1,기존,12.715340442986053,119517.65395894428,18525236.363636363,155.0,1219.0
2025-08-20,e-영업1,기존,10.506566604127581,140524.59415584416,15738754.545454545,112.0,1066.0
2025-08-21,e-영업1,기존,11.270125223613595,99312.1212121212,12513327.272727272,126.0,1118.0
2025-08-22,e-영업1,기존,11.55830753353973,133598.21428571426,14962999.999999998,112.0,969.0
2025-08-23,e-영업1,기존,16.424682395644282,147219.7388247112,26646772.727272727,181.0,1102.0
2025-08-24,e-영업1,기존,18.1266261925412,143725.4893431927,30038627.27272727,209.0,1153.0
2025-08-25,e-영업1,기존,13.904235727440147,159638.04936785068,24105345.454545453,151.0,1086.0
2025-08-26,e-영업1,기존,12.87593984962406,145083.21167883213,19876400.0,137.0,1064.0
2025-08-27,e-영업1,기존,8.370837083708372,114006.64711632453,10602618.181818182,93.0,1111.0
2025-08-28,e-영업1,기존,12.761904761904763,134199.93215739483,17982790.909090906,134.0,1050.0
2025-08-29,e-영업1,기존,11.655874190564292,171542.2799422799,21614327.27272727,126.0,1081.0
2025-08-30,e-영업1,기존,13.058419243986256,163622.42822966506,24870609.09090909,152.0,1164.0
2025-08-31,e-영업1,기존,16.842105263157894,185178.30578512396,32591381.818181816,176.0,1045.0
2025-09-01,e-영업1,기존,16.605166051660518,155161.61616161614,27929090.909090906,180.0,1084.0
2025-09-02,e-영업1,기존,15.1643690349947,121294.78703115066,17345154.545454543,143.0,943.0
2025-09-03,e-영업1,기존,10.737527114967461,87812.02938475665,8693390.909090908,99.0,922.0
2025-09-04,e-영업1,기존,13.203463203463203,107919.22503725781,13166145.454545453,122.0,924.0
2025-09-05,e-영업1,기존,11.981020166073547,133126.10261026103,13445736.363636363,101.0,843.0
2025-09-06,e-영업1,기존,12.513721185510429,176093.38118022328,20074645.454545453,114.0,911.0
2025-09-07,e-영업1,기존,16.577540106951872,145744.34017595308,22590372.727272727,155.0,935.0
2025-09-08,e-영업1,기존,10.759493670886076,118385.98930481283,10062809.09090909,85.0,790.0
2025-09-09,e-영업1,기존,12.737430167597767,141222.40829346093,16099354.545454545,114.0,895.0
2025-09-10,e-영업1,기존,17.72784019975031,113983.93085787451,16185718.18181818,142.0,801.0
2025-09-11,e-영업1,기존,11.504424778761061,159810.5894105894,14542763.636363635,91.0,791.0
2025-09-12,e-영업1,기존,11.58357771260997,197599.07940161103,15610327.272727272,79.0,682.0
2025-09-13,e-영업1,기존,13.784461152882205,252189.173553719,27740809.09090909,110.0,798.0
2025-09-14,e-영업1,기존,20.0,236230.25335320414,43230136.36363636,183.0,915.0
2025-09-15,e-영업1,기존,9.61298377028714,195164.46280991734,15027663.636363635,77.0,801.0
2025-09-16,e-영업1,기존,9.523809523809524,137371.74447174446,10165509.09090909,74.0,777.0
2025-09-17,e-영업1,기존,11.700680272108844,159209.72515856236,13692036.363636363,86.0,735.0
2025-09-18,e-영업1,기존,12.394366197183098,205018.59504132232,18041636.363636363,88.0,710.0
2025-09-19,e-영업1,기존,12.259615384615383,172671.6577540107,17612509.09090909,102.0,832.0
2025-09-20,e-영업1,기존,12.32876712328767,241995.41569541566,28313463.636363633,117.0,949.0
2025-09-21,e-영업1,기존,16.39962299717248,212724.8171368861,37014118.18181818,174.0,1061.0
2025-09-22,e-영업1,기존,15.861344537815125,182755.5087296809,27596081.818181816,151.0,952.0
2025-09-23,e-영업1,기존,17.766497461928935,132569.66233766233,23199690.909090906,175.0,985.0
2025-09-24,e-영업1,기존,14.614614614614615,167950.2490660025,24520736.363636363,146.0,999.0
2025-09-25,e-영업1,기존,16.431924882629108,162426.85714285713,28424699.999999996,175.0,1065.0
2025-09-26,e-영업1,기존,10.30818278427205,137181.91190253044,13306645.454545453,97.0,941.0
2025-09-27,e-영업1,기존,14.135021097046414,187040.02713704202,25063363.636363633,134.0,948.0
2025-09-28,e-영업1,기존,17.64176417641764,221410.29684601113,43396418.18181818,196.0,1111.0
2025-09-29,e-영업1,기존,10.802775024777008,150999.3327773144,16458927.272727272,109.0,1009.0
2025-09-30,e-영업1,기존,16.9811320754717,164660.34024455075,28156918.18181818,171.0,1007.0
2025-10-01,e-영업1,기존,11.262376237623762,118698.50149850149,10801563.636363635,91.0,808.0
2025-10-02,e-영업1,기존,7.4858757062146895,229528.3018867924,12164999.999999998,53.0,708.0
2025-10-03,e-영업1,기존,6.910569105691057,231679.32263814614,11815645.454545453,51.0,738.0
2025-10-04,e-영업1,기존,10.941828254847644,278701.495972382,22017418.18181818,79.0,722.0
2025-10-05,e-영업1,기존,11.900826446280991,276324.4949494949,19895363.636363633,72.0,605.0
2025-10-06,e-영업1,기존,11.428571428571429,253888.41991341987,21326627.27272727,84.0,735.0
2025-10-07,e-영업1,기존,12.95143212951432,170751.486013986,17758154.545454543,104.0,803.0
2025-10-08,e-영업1,기존,13.948256467941508,205122.3607038123,25435172.727272727,124.0,889.0
2025-10-09,e-영업1,기존,11.68032786885246,175898.0861244019,20052381.818181816,114.0,976.0
2025-10-10,e-영업1,기존,15.496098104793758,222146.0431654676,30878299.999999996,139.0,897.0
2025-10-11,e-영업1,기존,10.365251727541954,224881.645021645,23612572.727272727,105.0,1013.0
2025-10-12,e-영업1,기존,15.764925373134329,223266.32598171057,37732009.090909086,169.0,1072.0
2025-10-13,e-영업1,기존,10.149572649572649,228026.02870813396,21662472.727272727,95.0,936.0
2025-10-14,e-영업1,기존,7.701564380264742,210190.62499999997,13452199.999999998,64.0,831.0
2025-10-15,e-영업1,기존,9.765625,159738.66666666663,11980399.999999998,75.0,768.0
2025-10-16,e-영업1,기존,12.562814070351758,169057.90909090906,16905790.909090906,100.0,796.0
2025-10-17,e-영업1,기존,8.632286995515695,219504.7225501771,16901863.636363637,77.0,892.0
2025-10-18,e-영업1,기존,14.019448946515398,283188.3342091434,48991581.81818181,173.0,1234.0
2025-10-19,e-영업1,기존,17.33833177132146,247493.75921375921,45786345.45454545,185.0,1067.0
2025-10-20,e-영업1,기존,15.12455516014235,248628.3422459893,42266818.18181818,170.0,1124.0
2025-10-21,e-영업1,기존,13.772954924874792,222658.0716253443,36738581.81818181,165.0,1198.0
2025-10-22,e-영업1,기존,11.827079934747145,212656.36363636362,30835172.727272727,145.0,1226.0
2025-10-23,e-영업1,기존,13.937621832358674,221346.34456452637,31652527.27272727,143.0,1026.0
2025-10-24,e-영업1,기존,11.650485436893204,233282.82828282827,25194545.454545453,108.0,927.0
2025-10-25,e-영업1,기존,8.134920634920634,295890.465631929,24263018.18181818,82.0,1008.0
2025-10-26,e-영업1,기존,12.831125827814569,240978.9442815249,37351736.36363636,155.0,1208.0
2025-10-27,e-영업1,기존,7.741935483870968,155168.6147186147,13034163.636363635,84.0,1085.0
2025-10-28,e-영업1,기존,6.462882096069869,113771.74447174446,8419109.09090909,74.0,1145.0
2025-10-29,e-영업1,기존,10.152740341419586,148824.69831053898,16817190.909090906,113.0,1113.0
2025-10-30,e-영업1,기존,9.090909090909092,195793.36057201226,17425609.09090909,89.0,979.0
2025-10-31,e-영업1,기존,9.989484752891693,240361.62679425834,22834354.545454543,95.0,951.0
2025-11-01,e-영업1,기존,12.695492180312787,322489.26218708826,44503518.18181818,138.0,1087.0
2025-11-02,e-영업1,기존,15.04286827747467,252253.93311351858,48685009.090909086,193.0,1283.0
2025-11-03,e-영업1,기존,10.455764075067025,235613.5975135975,27566790.909090906,117.0,1119.0
2025-11-04,e-영업1,기존,10.526315789473683,200095.86038961037,22410736.363636363,112.0,1064.0
2025-11-05,e-영업1,기존,10.887465690759377,246479.0679908327,29331009.09090909,119.0,1093.0
2025-11-06,e-영업1,기존,10.636363636363637,278015.2292152292,32527781.818181816,117.0,1100.0
2025-11-07,e-영업1,기존,8.88888888888889,273731.9214876033,24088409.09090909,88.0,990.0
2025-11-08,e-영업1,기존,9.451476793248945,330328.2467532467,36996763.63636363,112.0,1185.0
2025-11-09,e-영업1,기존,15.202952029520295,281005.5604589585,57887145.45454545,206.0,1355.0
2025-11-10,e-영업1,기존,12.419503219871206,338665.85858585854,45719890.90909091,135.0,1087.0
2025-11-11,e-영업1,기존,11.644374508261212,250612.59213759212,37090663.63636363,148.0,1271.0
2025-11-12,e-영업1,기존,9.603174603174605,274890.30803906836,33261727.27272727,121.0,1260.0
2025-11-13,e-영업1,기존,14.165666266506602,257085.78582434513,60672245.45454545,236.0,1666.0
2025-11-14,e-영업1,기존,9.393737508327781,179916.56995486782,25368236.363636363,141.0,1501.0
2025-11-15,e-영업1,기존,9.72338642078793,237896.31661442007,27595972.727272727,116.0,1193.0
2025-11-16,e-영업1,기존,13.140794223826715,288706.0439560439,52544499.99999999,182.0,1385.0
2025-11-17,e-영업1,기존,8.855799373040753,163770.796460177,18506100.0,113.0,1276.0
2025-11-18,e-영업1,기존,10.618792971734148,226286.7887508175,31453863.636363633,139.0,1309.0
2025-11-19,e-영업1,기존,9.789644012944985,213435.31179564237,25825672.727272727,121.0,1236.0
2025-11-20,e-영업1,기존,9.640666082383873,244257.520661157,26868327.27272727,110.0,1141.0
2025-11-21,e-영업1,기존,8.673026886383347,191794.90909090906,19179490.909090906,100.0,1153.0
2025-11-22,e-영업1,기존,7.975986277873071,446220.72336265875,41498527.272727266,93.0,1166.0
2025-11-23,e-영업1,기존,13.701578192252512,325254.7358400761,62123654.54545454,191.0,1394.0
2025-11-24,e-영업1,기존,8.203125,289762.33766233764,30425045.454545453,105.0,1280.0
2025-11-25,e-영업1,기존,13.294797687861271,253722.19085262564,40849272.72727273,161.0,1211.0
2025-11-26,e-영업1,기존,11.865793780687397,211976.5517241379,30736599.999999996,145.0,1222.0
2025-11-27,e-영업1,기존,14.964925954793454,270603.0303030303,51955781.81818181,192.0,1283.0
2025-11-28,e-영업1,기존,8.01056338028169,95279.22077922076,8670409.09090909,91.0,1136.0
2025-11-29,e-영업1,기존,9.762100082034454,266543.5446906035,31718681.818181816,119.0,1219.0
2025-11-30,e-영업1,기존,12.974203338391503,309860.1275917065,52986081.81818181,171.0,1318.0
2025-12-01,e-영업1,기존,9.556574923547402,204671.4909090909,25583936.363636363,125.0,1308.0
2025-12-02,e-영업1,기존,10.829493087557603,117603.86847195357,16582145.454545453,141.0,1302.0
2025-12-03,e-영업1,기존,12.202380952380953,228742.73835920176,37513809.090909086,164.0,1344.0
2025-12-04,e-영업1,기존,12.040133779264215,174672.7904040404,25152881.818181816,144.0,1196.0
2025-12-05,e-영업1,기존,9.991386735572782,207921.0815047022,24118845.454545453,116.0,1161.0
2025-12-06,e-영업1,기존,10.69767441860465,306523.3201581027,42300218.18181818,138.0,1290.0
2025-12-07,e-영업1,기존,15.250544662309368,304393.0303030303,63922536.36363636,210.0,1377.0
2025-12-08,e-영업1,기존,11.614956245027845,218792.6525529265,31943727.27272727,146.0,1257.0
2025-12-09,e-영업1,기존,11.152694610778443,188077.79133618058,28023590.909090906,149.0,1336.0
2025-12-10,e-영업1,기존,12.714508580343214,317978.9180145008,51830563.63636363,163.0,1282.0
2025-12-11,e-영업1,기존,13.260423786739576,258702.57731958758,50188299.99999999,194.0,1463.0
2025-12-12,e-영업1,기존,10.52195526097763,216052.6127415891,27438681.818181816,127.0,1207.0
2025-12-13,e-영업1,기존,11.009174311926607,247757.51262626259,35677081.81818181,144.0,1308.0
2025-12-14,e-영업1,기존,16.97645600991326,288362.50829462503,79011327.27272727,274.0,1614.0
2025-12-15,e-영업1,기존,11.735419630156473,195040.8815426997,32181745.454545453,165.0,1406.0
2025-12-16,e-영업1,기존,11.135531135531137,156223.02631578944,23745899.999999996,152.0,1365.0
2025-12-17,e-영업1,기존,12.616099071207431,198694.03234802006,32387127.27272727,163.0,1292.0
2025-12-18,e-영업1,기존,12.183908045977011,338188.67924528295,53771999.99999999,159.0,1305.0
2025-12-19,e-영업1,기존,10.62992125984252,184939.93265993265,24966890.909090906,135.0,1270.0
2025-12-20,e-영업1,기존,11.459129106187929,278162.0,41724300.0,150.0,1309.0
2025-12-21,e-영업1,기존,15.845959595959597,268896.77653024264,67493090.9090909,251.0,1584.0
2025-12-22,e-영업1,기존,16.376306620209057,246350.4835589942,57892363.63636363,235.0,1435.0
2025-12-23,e-영업1,기존,11.507936507936508,175186.26959247648,25402009.09090909,145.0,1260.0
2025-12-24,e-영업1,기존,9.869646182495345,220329.7598627787,23354954.545454543,106.0,1074.0
2025-12-25,e-영업1,기존,12.850467289719624,304787.9338842975,50290009.090909086,165.0,1284.0
2025-12-26,e-영업1,기존,5.4373522458628845,47510.540184453224,3278227.2727272725,69.0,1269.0
2025-12-27,e-영업1,기존,8.138658628485306,260195.11784511784,28101072.727272727,108.0,1327.0
2025-12-28,e-영업1,기존,14.771904417089065,317664.3939393939,64803536.36363636,204.0,1381.0
2025-12-29,e-영업1,기존,8.085430968726163,202271.4408233276,21440772.727272727,106.0,1311.0
2025-12-30,e-영업1,기존,12.861136999068034,268026.2845849802,36987627.27272727,138.0,1073.0
2025-12-31,e-영업1,기존,7.6190476190476195,215982.19696969693,15550718.18181818,72.0,945.0
2025-01-01,e-영업1,비회원,0.0,,0.0,0.0,1412.0
2025-01-02,e-영업1,비회원,0.0,,0.0,0.0,1385.0
2025-01-03,e-영업1,비회원,0.0,,0.0,0.0,1472.0
2025-01-04,e-영업1,비회원,0.0,,0.0,0.0,1769.0
2025-01-05,e-영업1,비회원,0.0,,0.0,0.0,1602.0
2025-01-06,e-영업1,비회원,0.0,,0.0,0.0,1660.0
2025-01-07,e-영업1,비회원,0.0,,0.0,0.0,1534.0
2025-01-08,e-영업1,비회원,0.0,,0.0,0.0,1449.0
2025-01-09,e-영업1,비회원,0.0,,0.0,0.0,1274.0
2025-01-10,e-영업1,비회원,0.0,,0.0,0.0,1143.0
2025-01-11,e-영업1,비회원,0.0,,0.0,0.0,1281.0
2025-01-12,e-영업1,비회원,0.0,,0.0,0.0,1342.0
2025-01-13,e-영업1,비회원,0.0,,0.0,0.0,1301.0
2025-01-14,e-영업1,비회원,0.0,,0.0,0.0,1388.0
2025-01-15,e-영업1,비회원,0.0,,0.0,0.0,1445.0
2025-01-16,e-영업1,비회원,0.0,,0.0,0.0,1329.0
2025-01-17,e-영업1,비회원,0.0,,0.0,0.0,1250.0
2025-01-18,e-영업1,비회원,0.0,,0.0,0.0,1254.0
2025-01-19,e-영업1,비회원,0.0,,0.0,0.0,1352.0
2025-01-20,e-영업1,비회원,0.0,,0.0,0.0,1251.0
2025-01-21,e-영업1,비회원,0.0,,0.0,0.0,1162.0
2025-01-22,e-영업1,비회원,0.0,,0.0,0.0,1332.0
2025-01-23,e-영업1,비회원,0.0,,0.0,0.0,1141.0
2025-01-24,e-영업1,비회원,0.0,,0.0,0.0,1013.0
2025-01-25,e-영업1,비회원,0.0,,0.0,0.0,1008.0
2025-01-26,e-영업1,비회원,0.0,,0.0,0.0,1105.0
2025-01-27,e-영업1,비회원,0.0,,0.0,0.0,1090.0
2025-01-28,e-영업1,비회원,0.0,,0.0,0.0,1041.0
2025-01-29,e-영업1,비회원,0.0,,0.0,0.0,1148.0
2025-01-30,e-영업1,비회원,0.0,,0.0,0.0,1236.0
2025-01-31,e-영업1,비회원,0.0,,0.0,0.0,1292.0
2025-02-01,e-영업1,비회원,0.0,,0.0,0.0,1263.0
2025-02-02,e-영업1,비회원,0.0,,0.0,0.0,1423.0
2025-02-03,e-영업1,비회원,0.0,,0.0,0.0,1261.0
2025-02-04,e-영업1,비회원,0.0,,0.0,0.0,1162.0
2025-02-05,e-영업1,비회원,0.0,,0.0,0.0,1271.0
2025-02-06,e-영업1,비회원,0.0,,0.0,0.0,1156.0
2025-02-07,e-영업1,비회원,0.0,,0.0,0.0,1165.0
2025-02-08,e-영업1,비회원,0.0,,0.0,0.0,1311.0
2025-02-09,e-영업1,비회원,0.0,,0.0,0.0,1447.0
2025-02-10,e-영업1,비회원,0.0,,0.0,0.0,1383.0
2025-02-11,e-영업1,비회원,0.0,,0.0,0.0,1354.0
2025-02-12,e-영업1,비회원,0.0,,0.0,0.0,1221.0
2025-02-13,e-영업1,비회원,0.0,,0.0,0.0,1212.0
2025-02-14,e-영업1,비회원,0.0,,0.0,0.0,1221.0
2025-02-15,e-영업1,비회원,0.0,,0.0,0.0,1268.0
2025-02-16,e-영업1,비회원,0.0,,0.0,0.0,1449.0
2025-02-17,e-영업1,비회원,0.0,,0.0,0.0,1350.0
2025-02-18,e-영업1,비회원,0.0,,0.0,0.0,1390.0
2025-02-19,e-영업1,비회원,0.0,,0.0,0.0,1302.0
2025-02-20,e-영업1,비회원,0.0,,0.0,0.0,1279.0
2025-02-21,e-영업1,비회원,0.0,,0.0,0.0,1272.0
2025-02-22,e-영업1,비회원,0.0,,0.0,0.0,1403.0
2025-02-23,e-영업1,비회원,0.0,,0.0,0.0,1486.0
2025-02-24,e-영업1,비회원,0.0,,0.0,0.0,1448.0
2025-02-25,e-영업1,비회원,0.0,,0.0,0.0,1284.0
2025-02-26,e-영업1,비회원,0.0,,0.0,0.0,1376.0
2025-02-27,e-영업1,비회원,0.0,,0.0,0.0,1157.0
2025-02-28,e-영업1,비회원,0.0,,0.0,0.0,1174.0
2025-03-01,e-영업1,비회원,0.0,,0.0,0.0,1191.0
2025-03-02,e-영업1,비회원,0.0,,0.0,0.0,1252.0
2025-03-03,e-영업1,비회원,0.0,,0.0,0.0,1292.0
2025-03-04,e-영업1,비회원,0.0,,0.0,0.0,1107.0
2025-03-05,e-영업1,비회원,0.0,,0.0,0.0,1094.0
2025-03-06,e-영업1,비회원,0.0,,0.0,0.0,1113.0
2025-03-07,e-영업1,비회원,0.0,,0.0,0.0,1070.0
2025-03-08,e-영업1,비회원,0.0,,0.0,0.0,1040.0
2025-03-09,e-영업1,비회원,0.0,,0.0,0.0,1244.0
2025-03-10,e-영업1,비회원,0.0,,0.0,0.0,1132.0
2025-03-11,e-영업1,비회원,0.0,,0.0,0.0,1151.0
2025-03-12,e-영업1,비회원,0.0,,0.0,0.0,1028.0
2025-03-13,e-영업1,비회원,0.0,,0.0,0.0,1091.0
2025-03-14,e-영업1,비회원,0.0,,0.0,0.0,923.0
2025-03-15,e-영업1,비회원,0.0,,0.0,0.0,1010.0
2025-03-16,e-영업1,비회원,0.0,,0.0,0.0,1196.0
2025-03-17,e-영업1,비회원,0.0,,0.0,0.0,993.0
2025-03-18,e-영업1,비회원,0.0,,0.0,0.0,1045.0
2025-03-19,e-영업1,비회원,0.0,,0.0,0.0,1001.0
2025-03-20,e-영업1,비회원,0.0,,0.0,0.0,1020.0
2025-03-21,e-영업1,비회원,0.0,,0.0,0.0,954.0
2025-03-22,e-영업1,비회원,0.0,,0.0,0.0,952.0
2025-03-23,e-영업1,비회원,0.0,,0.0,0.0,1149.0
2025-03-24,e-영업1,비회원,0.0,,0.0,0.0,1009.0
2025-03-25,e-영업1,비회원,0.0,,0.0,0.0,1081.0
2025-03-26,e-영업1,비회원,0.0,,0.0,0.0,1012.0
2025-03-27,e-영업1,비회원,0.0,,0.0,0.0,1011.0
2025-03-28,e-영업1,비회원,0.0,,0.0,0.0,977.0
2025-03-29,e-영업1,비회원,0.0,,0.0,0.0,855.0
2025-03-30,e-영업1,비회원,0.0,,0.0,0.0,960.0
2025-03-31,e-영업1,비회원,0.0,,0.0,0.0,925.0
2025-04-01,e-영업1,비회원,0.0,,0.0,0.0,939.0
2025-04-02,e-영업1,비회원,0.0,,0.0,0.0,903.0
2025-04-03,e-영업1,비회원,0.0,,0.0,0.0,1048.0
2025-04-04,e-영업1,비회원,0.0,,0.0,0.0,975.0
2025-04-05,e-영업1,비회원,0.0,,0.0,0.0,1159.0
2025-04-06,e-영업1,비회원,0.0,,0.0,0.0,1203.0
2025-04-07,e-영업1,비회원,0.0,,0.0,0.0,1061.0
2025-04-08,e-영업1,비회원,0.0,,0.0,0.0,1209.0
2025-04-09,e-영업1,비회원,0.0,,0.0,0.0,1299.0
2025-04-10,e-영업1,비회원,0.0,,0.0,0.0,1008.0
2025-04-11,e-영업1,비회원,0.0,,0.0,0.0,1004.0
2025-04-12,e-영업1,비회원,0.0,,0.0,0.0,1104.0
2025-04-13,e-영업1,비회원,0.0,,0.0,0.0,1248.0
2025-04-14,e-영업1,비회원,0.0,,0.0,0.0,1143.0
2025-04-15,e-영업1,비회원,0.0,,0.0,0.0,1115.0
2025-04-16,e-영업1,비회원,0.0,,0.0,0.0,1117.0
2025-04-17,e-영업1,비회원,0.0,,0.0,0.0,1109.0
2025-04-18,e-영업1,비회원,0.0,,0.0,0.0,1021.0
2025-04-19,e-영업1,비회원,0.0,,0.0,0.0,1085.0
2025-04-20,e-영업1,비회원,0.0,,0.0,0.0,1237.0
2025-04-21,e-영업1,비회원,0.0,,0.0,0.0,1213.0
2025-04-22,e-영업1,비회원,0.0,,0.0,0.0,1180.0
2025-04-23,e-영업1,비회원,0.0,,0.0,0.0,1206.0
2025-04-24,e-영업1,비회원,0.0,,0.0,0.0,1215.0
2025-04-25,e-영업1,비회원,0.0,,0.0,0.0,957.0
2025-04-26,e-영업1,비회원,0.0,,0.0,0.0,933.0
2025-04-27,e-영업1,비회원,0.0,,0.0,0.0,1158.0
2025-04-28,e-영업1,비회원,0.0,,0.0,0.0,1118.0
2025-04-29,e-영업1,비회원,0.0,,0.0,0.0,1111.0
2025-04-30,e-영업1,비회원,0.0,,0.0,0.0,1036.0
2025-05-01,e-영업1,비회원,0.0,,0.0,0.0,1063.0
2025-05-02,e-영업1,비회원,0.0,,0.0,0.0,863.0
2025-05-03,e-영업1,비회원,0.0,,0.0,0.0,887.0
2025-05-04,e-영업1,비회원,0.0,,0.0,0.0,898.0
2025-05-05,e-영업1,비회원,0.0,,0.0,0.0,994.0
2025-05-06,e-영업1,비회원,0.0,,0.0,0.0,1122.0
2025-05-07,e-영업1,비회원,0.0,,0.0,0.0,1060.0
2025-05-08,e-영업1,비회원,0.0,,0.0,0.0,1157.0
2025-05-09,e-영업1,비회원,0.0,,0.0,0.0,1072.0
2025-05-10,e-영업1,비회원,0.0,,0.0,0.0,1231.0
2025-05-11,e-영업1,비회원,0.0,,0.0,0.0,1906.0
2025-05-12,e-영업1,비회원,0.0,,0.0,0.0,1747.0
2025-05-13,e-영업1,비회원,0.0,,0.0,0.0,1494.0
2025-05-14,e-영업1,비회원,0.0,,0.0,0.0,1314.0
2025-05-15,e-영업1,비회원,0.0,,0.0,0.0,1098.0
2025-05-16,e-영업1,비회원,0.0,,0.0,0.0,1094.0
2025-05-17,e-영업1,비회원,0.0,,0.0,0.0,1002.0
2025-05-18,e-영업1,비회원,0.0,,0.0,0.0,1040.0
2025-05-19,e-영업1,비회원,0.0,,0.0,0.0,1019.0
2025-05-20,e-영업1,비회원,0.0,,0.0,0.0,1051.0
2025-05-21,e-영업1,비회원,0.0,,0.0,0.0,1166.0
2025-05-22,e-영업1,비회원,0.0,,0.0,0.0,926.0
2025-05-23,e-영업1,비회원,0.0,,0.0,0.0,897.0
2025-05-24,e-영업1,비회원,0.0,,0.0,0.0,891.0
2025-05-25,e-영업1,비회원,0.0,,0.0,0.0,1018.0
2025-05-26,e-영업1,비회원,0.0,,0.0,0.0,2084.0
2025-05-27,e-영업1,비회원,0.0,,0.0,0.0,1032.0
2025-05-28,e-영업1,비회원,0.0,,0.0,0.0,1043.0
2025-05-29,e-영업1,비회원,0.0,,0.0,0.0,1188.0
2025-05-30,e-영업1,비회원,0.0,,0.0,0.0,1090.0
2025-05-31,e-영업1,비회원,0.0,,0.0,0.0,873.0
2025-06-01,e-영업1,비회원,0.0,,0.0,0.0,1062.0
2025-06-02,e-영업1,비회원,0.0,,0.0,0.0,953.0
2025-06-03,e-영업1,비회원,0.0,,0.0,0.0,1274.0
2025-06-04,e-영업1,비회원,0.0,,0.0,0.0,1382.0
2025-06-05,e-영업1,비회원,0.0,,0.0,0.0,989.0
2025-06-06,e-영업1,비회원,0.0,,0.0,0.0,923.0
2025-06-07,e-영업1,비회원,0.0,,0.0,0.0,1069.0
2025-06-08,e-영업1,비회원,0.0,,0.0,0.0,1159.0
2025-06-09,e-영업1,비회원,0.0,,0.0,0.0,1047.0
2025-06-10,e-영업1,비회원,0.0,,0.0,0.0,1053.0
2025-06-11,e-영업1,비회원,0.0,,0.0,0.0,1189.0
2025-06-12,e-영업1,비회원,0.0,,0.0,0.0,1030.0
2025-06-13,e-영업1,비회원,0.0,,0.0,0.0,1023.0
2025-06-14,e-영업1,비회원,0.0,,0.0,0.0,988.0
2025-06-15,e-영업1,비회원,0.0,,0.0,0.0,1109.0
2025-06-16,e-영업1,비회원,0.0,,0.0,0.0,1133.0
2025-06-17,e-영업1,비회원,0.0,,0.0,0.0,1269.0
2025-06-18,e-영업1,비회원,0.0,,0.0,0.0,1169.0
2025-06-19,e-영업1,비회원,0.0,,0.0,0.0,1032.0
2025-06-20,e-영업1,비회원,0.0,,0.0,0.0,937.0
2025-06-21,e-영업1,비회원,0.0,,0.0,0.0,1039.0
2025-06-22,e-영업1,비회원,0.0,,0.0,0.0,1419.0
2025-06-23,e-영업1,비회원,0.0,,0.0,0.0,1053.0
2025-06-24,e-영업1,비회원,0.0,,0.0,0.0,1045.0
2025-06-25,e-영업1,비회원,0.0,,0.0,0.0,960.0
2025-06-26,e-영업1,비회원,0.0,,0.0,0.0,872.0
2025-06-27,e-영업1,비회원,0.0,,0.0,0.0,836.0
2025-06-28,e-영업1,비회원,0.0,,0.0,0.0,1007.0
2025-06-29,e-영업1,비회원,0.0,,0.0,0.0,1064.0
2025-06-30,e-영업1,비회원,0.0,,0.0,0.0,922.0
2025-07-01,e-영업1,비회원,0.0,,0.0,0.0,967.0
2025-07-02,e-영업1,비회원,0.0,,0.0,0.0,926.0
2025-07-03,e-영업1,비회원,0.0,,0.0,0.0,908.0
2025-07-04,e-영업1,비회원,0.0,,0.0,0.0,865.0
2025-07-05,e-영업1,비회원,0.0,,0.0,0.0,995.0
2025-07-06,e-영업1,비회원,0.0,,0.0,0.0,1026.0
2025-07-07,e-영업1,비회원,0.0,,0.0,0.0,1028.0
2025-07-08,e-영업1,비회원,0.0,,0.0,0.0,1078.0
2025-07-09,e-영업1,비회원,0.0,,0.0,0.0,1087.0
2025-07-10,e-영업1,비회원,0.0,,0.0,0.0,994.0
2025-07-11,e-영업1,비회원,0.0,,0.0,0.0,1018.0
2025-07-12,e-영업1,비회원,0.0,,0.0,0.0,1075.0
2025-07-13,e-영업1,비회원,0.0,,0.0,0.0,1134.0
2025-07-14,e-영업1,비회원,0.0,,0.0,0.0,972.0
2025-07-15,e-영업1,비회원,0.0,,0.0,0.0,911.0
2025-07-16,e-영업1,비회원,0.0,,0.0,0.0,988.0
2025-07-17,e-영업1,비회원,0.0,,0.0,0.0,926.0
2025-07-18,e-영업1,비회원,0.0,,0.0,0.0,877.0
2025-07-19,e-영업1,비회원,0.0,,0.0,0.0,794.0
2025-07-20,e-영업1,비회원,0.0,,0.0,0.0,1010.0
2025-07-21,e-영업1,비회원,0.0,,0.0,0.0,983.0
2025-07-22,e-영업1,비회원,0.0,,0.0,0.0,979.0
2025-07-23,e-영업1,비회원,0.0,,0.0,0.0,1136.0
2025-07-24,e-영업1,비회원,0.0,,0.0,0.0,941.0
2025-07-25,e-영업1,비회원,0.0,,0.0,0.0,838.0
2025-07-26,e-영업1,비회원,0.0,,0.0,0.0,845.0
2025-07-27,e-영업1,비회원,0.0,,0.0,0.0,959.0
2025-07-28,e-영업1,비회원,0.0,,0.0,0.0,1029.0
2025-07-29,e-영업1,비회원,0.0,,0.0,0.0,990.0
2025-07-30,e-영업1,비회원,0.0,,0.0,0.0,941.0
2025-07-31,e-영업1,비회원,0.0,,0.0,0.0,883.0
2025-08-01,e-영업1,비회원,0.0,,0.0,0.0,906.0
2025-08-02,e-영업1,비회원,0.0,,0.0,0.0,997.0
2025-08-03,e-영업1,비회원,0.0,,0.0,0.0,1285.0
2025-08-04,e-영업1,비회원,0.0,,0.0,0.0,1000.0
2025-08-05,e-영업1,비회원,0.0,,0.0,0.0,1048.0
2025-08-06,e-영업1,비회원,0.0,,0.0,0.0,1069.0
2025-08-07,e-영업1,비회원,0.0,,0.0,0.0,967.0
2025-08-08,e-영업1,비회원,0.0,,0.0,0.0,850.0
2025-08-09,e-영업1,비회원,0.0,,0.0,0.0,784.0
2025-08-10,e-영업1,비회원,0.0,,0.0,0.0,824.0
2025-08-11,e-영업1,비회원,0.0,,0.0,0.0,862.0
2025-08-12,e-영업1,비회원,0.0,,0.0,0.0,817.0
2025-08-13,e-영업1,비회원,0.0,,0.0,0.0,1015.0
2025-08-14,e-영업1,비회원,0.0,,0.0,0.0,826.0
2025-08-15,e-영업1,비회원,0.0,,0.0,0.0,767.0
2025-08-16,e-영업1,비회원,0.0,,0.0,0.0,873.0
2025-08-17,e-영업1,비회원,0.0,,0.0,0.0,930.0
2025-08-18,e-영업1,비회원,0.0,,0.0,0.0,937.0
2025-08-19,e-영업1,비회원,0.0,,0.0,0.0,1037.0
2025-08-20,e-영업1,비회원,0.0,,0.0,0.0,879.0
2025-08-21,e-영업1,비회원,0.0,,0.0,0.0,903.0
2025-08-22,e-영업1,비회원,0.0,,0.0,0.0,770.0
2025-08-23,e-영업1,비회원,0.0,,0.0,0.0,811.0
2025-08-24,e-영업1,비회원,0.0,,0.0,0.0,910.0
2025-08-25,e-영업1,비회원,0.0,,0.0,0.0,939.0
2025-08-26,e-영업1,비회원,0.0,,0.0,0.0,1004.0
2025-08-27,e-영업1,비회원,0.0,,0.0,0.0,996.0
2025-08-28,e-영업1,비회원,0.0,,0.0,0.0,925.0
2025-08-29,e-영업1,비회원,0.0,,0.0,0.0,830.0
2025-08-30,e-영업1,비회원,0.0,,0.0,0.0,930.0
2025-08-31,e-영업1,비회원,0.0,,0.0,0.0,918.0
2025-09-01,e-영업1,비회원,0.0,,0.0,0.0,878.0
2025-09-02,e-영업1,비회원,0.0,,0.0,0.0,854.0
2025-09-03,e-영업1,비회원,0.0,,0.0,0.0,818.0
2025-09-04,e-영업1,비회원,0.0,,0.0,0.0,799.0
2025-09-05,e-영업1,비회원,0.0,,0.0,0.0,725.0
2025-09-06,e-영업1,비회원,0.0,,0.0,0.0,696.0
2025-09-07,e-영업1,비회원,0.0,,0.0,0.0,793.0
2025-09-08,e-영업1,비회원,0.0,,0.0,0.0,794.0
2025-09-09,e-영업1,비회원,0.0,,0.0,0.0,788.0
2025-09-10,e-영업1,비회원,0.0,,0.0,0.0,651.0
2025-09-11,e-영업1,비회원,0.0,,0.0,0.0,649.0
2025-09-12,e-영업1,비회원,0.0,,0.0,0.0,558.0
2025-09-13,e-영업1,비회원,0.0,,0.0,0.0,677.0
2025-09-14,e-영업1,비회원,0.0,,0.0,0.0,811.0
2025-09-15,e-영업1,비회원,0.0,,0.0,0.0,725.0
2025-09-16,e-영업1,비회원,0.0,,0.0,0.0,649.0
2025-09-17,e-영업1,비회원,0.0,,0.0,0.0,644.0
2025-09-18,e-영업1,비회원,0.0,,0.0,0.0,574.0
2025-09-19,e-영업1,비회원,0.0,,0.0,0.0,658.0
2025-09-20,e-영업1,비회원,0.0,,0.0,0.0,701.0
2025-09-21,e-영업1,비회원,0.0,,0.0,0.0,725.0
2025-09-22,e-영업1,비회원,0.0,,0.0,0.0,781.0
2025-09-23,e-영업1,비회원,0.0,,0.0,0.0,829.0
2025-09-24,e-영업1,비회원,0.0,,0.0,0.0,779.0
2025-09-25,e-영업1,비회원,0.0,,0.0,0.0,747.0
2025-09-26,e-영업1,비회원,0.0,,0.0,0.0,633.0
2025-09-27,e-영업1,비회원,0.0,,0.0,0.0,624.0
2025-09-28,e-영업1,비회원,0.0,,0.0,0.0,815.0
2025-09-29,e-영업1,비회원,0.0,,0.0,0.0,852.0
2025-09-30,e-영업1,비회원,0.0,,0.0,0.0,809.0
2025-10-01,e-영업1,비회원,0.0,,0.0,0.0,596.0
2025-10-02,e-영업1,비회원,0.0,,0.0,0.0,558.0
2025-10-03,e-영업1,비회원,0.0,,0.0,0.0,586.0
2025-10-04,e-영업1,비회원,0.0,,0.0,0.0,580.0
2025-10-05,e-영업1,비회원,0.0,,0.0,0.0,557.0
2025-10-06,e-영업1,비회원,0.0,,0.0,0.0,657.0
2025-10-07,e-영업1,비회원,0.0,,0.0,0.0,741.0
2025-10-08,e-영업1,비회원,0.0,,0.0,0.0,841.0
2025-10-09,e-영업1,비회원,0.0,,0.0,0.0,907.0
2025-10-10,e-영업1,비회원,0.0,,0.0,0.0,876.0
2025-10-11,e-영업1,비회원,0.0,,0.0,0.0,860.0
2025-10-12,e-영업1,비회원,0.0,,0.0,0.0,977.0
2025-10-13,e-영업1,비회원,0.0,,0.0,0.0,822.0
2025-10-14,e-영업1,비회원,0.0,,0.0,0.0,724.0
2025-10-15,e-영업1,비회원,0.0,,0.0,0.0,717.0
2025-10-16,e-영업1,비회원,0.0,,0.0,0.0,757.0
2025-10-17,e-영업1,비회원,0.0,,0.0,0.0,659.0
2025-10-18,e-영업1,비회원,0.0,,0.0,0.0,747.0
2025-10-19,e-영업1,비회원,0.0,,0.0,0.0,840.0
2025-10-20,e-영업1,비회원,0.0,,0.0,0.0,1020.0
2025-10-21,e-영업1,비회원,0.0,,0.0,0.0,973.0
2025-10-22,e-영업1,비회원,0.0,,0.0,0.0,1078.0
2025-10-23,e-영업1,비회원,0.0,,0.0,0.0,802.0
2025-10-24,e-영업1,비회원,0.0,,0.0,0.0,759.0
2025-10-25,e-영업1,비회원,0.0,,0.0,0.0,855.0
2025-10-26,e-영업1,비회원,0.0,,0.0,0.0,1052.0
2025-10-27,e-영업1,비회원,0.0,,0.0,0.0,977.0
2025-10-28,e-영업1,비회원,0.0,,0.0,0.0,1086.0
2025-10-29,e-영업1,비회원,0.0,,0.0,0.0,1083.0
2025-10-30,e-영업1,비회원,0.0,,0.0,0.0,817.0
2025-10-31,e-영업1,비회원,0.0,,0.0,0.0,660.0
2025-11-01,e-영업1,비회원,0.0,,0.0,0.0,811.0
2025-11-02,e-영업1,비회원,0.0,,0.0,0.0,1080.0
2025-11-03,e-영업1,비회원,0.0,,0.0,0.0,1015.0
2025-11-04,e-영업1,비회원,0.0,,0.0,0.0,907.0
2025-11-05,e-영업1,비회원,0.0,,0.0,0.0,980.0
2025-11-06,e-영업1,비회원,0.0,,0.0,0.0,860.0
2025-11-07,e-영업1,비회원,0.0,,0.0,0.0,774.0
2025-11-08,e-영업1,비회원,0.0,,0.0,0.0,958.0
2025-11-09,e-영업1,비회원,0.0,,0.0,0.0,1149.0
2025-11-10,e-영업1,비회원,0.0,,0.0,0.0,946.0
2025-11-11,e-영업1,비회원,0.0,,0.0,0.0,1121.0
2025-11-12,e-영업1,비회원,0.0,,0.0,0.0,990.0
2025-11-13,e-영업1,비회원,0.0,,0.0,0.0,1346.0
2025-11-14,e-영업1,비회원,0.0,,0.0,0.0,1373.0
2025-11-15,e-영업1,비회원,0.0,,0.0,0.0,921.0
2025-11-16,e-영업1,비회원,0.0,,0.0,0.0,1064.0
2025-11-17,e-영업1,비회원,0.0,,0.0,0.0,1254.0
2025-11-18,e-영업1,비회원,0.0,,0.0,0.0,1466.0
2025-11-19,e-영업1,비회원,0.0,,0.0,0.0,1149.0
2025-11-20,e-영업1,비회원,0.0,,0.0,0.0,1001.0
2025-11-21,e-영업1,비회원,0.0,,0.0,0.0,940.0
2025-11-22,e-영업1,비회원,0.0,,0.0,0.0,918.0
2025-11-23,e-영업1,비회원,0.0,,0.0,0.0,1215.0
2025-11-24,e-영업1,비회원,0.0,,0.0,0.0,1046.0
2025-11-25,e-영업1,비회원,0.0,,0.0,0.0,1024.0
2025-11-26,e-영업1,비회원,0.0,,0.0,0.0,1118.0
2025-11-27,e-영업1,비회원,0.0,,0.0,0.0,1122.0
2025-11-28,e-영업1,비회원,0.0,,0.0,0.0,950.0
2025-11-29,e-영업1,비회원,0.0,,0.0,0.0,1056.0
2025-11-30,e-영업1,비회원,0.0,,0.0,0.0,1097.0
2025-12-01,e-영업1,비회원,0.0,,0.0,0.0,1137.0
2025-12-02,e-영업1,비회원,0.0,,0.0,0.0,1045.0
2025-12-03,e-영업1,비회원,0.0,,0.0,0.0,1274.0
2025-12-04,e-영업1,비회원,0.0,,0.0,0.0,1167.0
2025-12-05,e-영업1,비회원,0.0,,0.0,0.0,1133.0
2025-12-06,e-영업1,비회원,0.0,,0.0,0.0,1173.0
2025-12-07,e-영업1,비회원,0.0,,0.0,0.0,1244.0
2025-12-08,e-영업1,비회원,0.0,,0.0,0.0,1153.0
2025-12-09,e-영업1,비회원,0.0,,0.0,0.0,1157.0
2025-12-10,e-영업1,비회원,0.0,,0.0,0.0,1050.0
2025-12-11,e-영업1,비회원,0.0,,0.0,0.0,1020.0
2025-12-12,e-영업1,비회원,0.0,,0.0,0.0,1066.0
2025-12-13,e-영업1,비회원,0.0,,0.0,0.0,1113.0
2025-12-14,e-영업1,비회원,0.0,,0.0,0.0,1401.0
2025-12-15,e-영업1,비회원,0.0,,0.0,0.0,1272.0
2025-12-16,e-영업1,비회원,0.0,,0.0,0.0,1119.0
2025-12-17,e-영업1,비회원,0.0,,0.0,0.0,1074.0
2025-12-18,e-영업1,비회원,0.0,,0.0,0.0,1068.0
2025-12-19,e-영업1,비회원,0.0,,0.0,0.0,939.0
2025-12-20,e-영업1,비회원,0.0,,0.0,0.0,1005.0
2025-12-21,e-영업1,비회원,0.0,,0.0,0.0,1202.0
2025-12-22,e-영업1,비회원,0.0,,0.0,0.0,1260.0
2025-12-23,e-영업1,비회원,0.0,,0.0,0.0,1074.0
2025-12-24,e-영업1,비회원,0.0,,0.0,0.0,960.0
2025-12-25,e-영업1,비회원,0.0,,0.0,0.0,1068.0
2025-12-26,e-영업1,비회원,0.0,,0.0,0.0,1095.0
2025-12-27,e-영업1,비회원,0.0,,0.0,0.0,1114.0
2025-12-28,e-영업1,비회원,0.0,,0.0,0.0,1098.0
2025-12-29,e-영업1,비회원,0.0,,0.0,0.0,1044.0
2025-12-30,e-영업1,비회원,0.0,,0.0,0.0,1099.0
2025-12-31,e-영업1,비회원,0.0,,0.0,0.0,1026.0
2025-01-01,e-영업1,신규,20.689655172413794,120791.9191919192,2174254.5454545454,18.0,87.0
2025-01-02,e-영업1,신규,25.925925925925924,233933.76623376622,4912609.090909091,21.0,81.0
2025-01-03,e-영업1,신규,30.864197530864196,214321.0909090909,5358027.2727272725,25.0,81.0
2025-01-04,e-영업1,신규,29.72972972972973,207340.9090909091,4561500.0,22.0,74.0
2025-01-05,e-영업1,신규,19.444444444444446,221934.19913419912,4660618.181818182,21.0,108.0
2025-01-06,e-영업1,신규,18.072289156626507,245701.81818181818,3685527.2727272725,15.0,83.0
2025-01-07,e-영업1,신규,23.91304347826087,265433.47107438016,5839536.363636363,22.0,92.0
2025-01-08,e-영업1,신규,20.0,157458.44155844155,3306627.2727272725,21.0,105.0
2025-01-09,e-영업1,신규,18.9873417721519,316203.63636363635,4743054.545454545,15.0,79.0
2025-01-10,e-영업1,신규,26.744186046511626,242087.35177865613,5568009.090909091,23.0,86.0
2025-01-11,e-영업1,신규,28.26086956521739,194482.51748251746,5056545.454545454,26.0,92.0
2025-01-12,e-영업1,신규,18.627450980392158,141994.25837320572,2697890.9090909087,19.0,102.0
2025-01-13,e-영업1,신규,21.27659574468085,168413.18181818182,3368263.6363636362,20.0,94.0
2025-01-14,e-영업1,신규,25.53191489361702,193905.55555555553,6980599.999999999,36.0,141.0
2025-01-15,e-영업1,신규,25.471698113207548,140542.08754208754,3794636.3636363633,27.0,106.0
2025-01-16,e-영업1,신규,13.88888888888889,146837.57575757575,2202563.6363636362,15.0,108.0
2025-01-17,e-영업1,신규,24.752475247524753,170669.0909090909,4266727.2727272725,25.0,101.0
2025-01-18,e-영업1,신규,17.20430107526882,201409.09090909088,3222545.454545454,16.0,93.0
2025-01-19,e-영업1,신규,30.075187969924812,200306.59090909088,8012263.636363636,40.0,133.0
2025-01-20,e-영업1,신규,17.17171717171717,111036.36363636363,1887618.1818181816,17.0,99.0
2025-01-21,e-영업1,신규,11.904761904761903,152363.63636363635,2285454.5454545454,15.0,126.0
2025-01-22,e-영업1,신규,14.529914529914532,163589.8395721925,2781027.2727272725,17.0,117.0
2025-01-23,e-영업1,신규,24.528301886792452,177314.68531468528,4610181.818181817,26.0,106.0
2025-01-24,e-영업1,신규,19.148936170212767,181282.82828282827,3263090.9090909087,18.0,94.0
2025-01-25,e-영업1,신규,27.631578947368425,200119.04761904763,4202500.0,21.0,76.0
2025-01-26,e-영업1,신규,16.049382716049383,125079.72027972028,1626036.3636363635,13.0,81.0
2025-01-27,e-영업1,신규,12.658227848101266,236700.9090909091,2367009.090909091,10.0,79.0
2025-01-28,e-영업1,신규,13.636363636363635,213573.73737373736,1922163.6363636362,9.0,66.0
2025-01-29,e-영업1,신규,12.0,88548.48484848483,796936.3636363635,9.0,75.0
2025-01-30,e-영업1,신규,20.2020202020202,127232.2727272727,2544645.454545454,20.0,99.0
2025-01-31,e-영업1,신규,23.333333333333332,146531.60173160172,3077163.6363636362,21.0,90.0
2025-02-01,e-영업1,신규,23.214285714285715,210114.33566433564,5462972.727272727,26.0,112.0
2025-02-02,e-영업1,신규,28.26086956521739,268510.4895104895,6981272.727272727,26.0,92.0
2025-02-03,e-영업1,신규,14.893617021276595,133038.96103896102,1862545.4545454544,14.0,94.0
2025-02-04,e-영업1,신규,12.037037037037036,329532.8671328671,4283927.2727272725,13.0,108.0
2025-02-05,e-영업1,신규,23.140495867768596,200811.6883116883,5622727.2727272725,28.0,121.0
2025-02-06,e-영업1,신규,17.073170731707318,-24447.402597402597,-342263.63636363635,14.0,82.0
2025-02-07,e-영업1,신규,12.76595744680851,259805.303030303,3117663.6363636362,12.0,94.0
2025-02-08,e-영업1,신규,17.346938775510203,139940.10695187165,2378981.818181818,17.0,98.0
2025-02-09,e-영업1,신규,21.138211382113823,180632.51748251746,4696445.454545454,26.0,123.0
2025-02-10,e-영업1,신규,17.117117117117118,79123.44497607654,1503345.4545454544,19.0,111.0
2025-02-11,e-영업1,신규,21.153846153846153,174391.73553719008,3836618.1818181816,22.0,104.0
2025-02-12,e-영업1,신규,25.190839694656486,132603.30578512396,4375909.090909091,33.0,131.0
2025-02-13,e-영업1,신규,18.34862385321101,207786.81818181818,4155736.3636363633,20.0,109.0
2025-02-14,e-영업1,신규,20.408163265306122,87474.54545454544,1749490.909090909,20.0,98.0
2025-02-15,e-영업1,신규,14.912280701754385,208113.36898395722,3537927.2727272725,17.0,114.0
2025-02-16,e-영업1,신규,25.225225225225223,180816.23376623375,5062854.545454545,28.0,111.0
2025-02-17,e-영업1,신규,13.600000000000001,49437.43315508021,840436.3636363635,17.0,125.0
2025-02-18,e-영업1,신규,19.130434782608695,122283.05785123966,2690227.2727272725,22.0,115.0
2025-02-19,e-영업1,신규,20.408163265306122,163952.2727272727,3279045.454545454,20.0,98.0
2025-02-20,e-영업1,신규,13.580246913580247,111016.52892561983,1221181.8181818181,11.0,81.0
2025-02-21,e-영업1,신규,20.224719101123593,121576.26262626261,2188372.727272727,18.0,89.0
2025-02-22,e-영업1,신규,13.0,166511.18881118883,2164645.4545454546,13.0,100.0
2025-02-23,e-영업1,신규,21.311475409836063,217311.18881118877,5650090.909090908,26.0,122.0
2025-02-24,e-영업1,신규,15.74074074074074,163123.5294117647,2773100.0,17.0,108.0
2025-02-25,e-영업1,신규,16.842105263157894,214290.34090909088,3428645.454545454,16.0,95.0
2025-02-26,e-영업1,신규,23.200000000000003,136202.50783699058,3949872.727272727,29.0,125.0
2025-02-27,e-영업1,신규,17.475728155339805,210572.2222222222,3790299.9999999995,18.0,103.0
2025-02-28,e-영업1,신규,14.782608695652174,146911.76470588235,2497500.0,17.0,115.0
2025-03-01,e-영업1,신규,17.073170731707318,164080.51948051946,3445690.9090909087,21.0,123.0
2025-03-02,e-영업1,신규,9.285714285714286,188433.56643356642,2449636.3636363633,13.0,140.0
2025-03-03,e-영업1,신규,18.0,157281.31313131313,2831063.6363636362,18.0,100.0
2025-03-04,e-영업1,신규,13.768115942028986,167749.2822966507,3187236.3636363633,19.0,138.0
2025-03-05,e-영업1,신규,21.428571428571427,239724.6212121212,5753390.909090908,24.0,112.0
2025-03-06,e-영업1,신규,13.20754716981132,125912.98701298701,1762781.8181818181,14.0,106.0
2025-03-07,e-영업1,신규,14.035087719298245,151182.38636363635,2418918.1818181816,16.0,114.0
2025-03-08,e-영업1,신규,21.818181818181817,147147.34848484848,3531536.3636363633,24.0,110.0
2025-03-09,e-영업1,신규,23.021582733812952,173466.19318181818,5550918.181818182,32.0,139.0
2025-03-10,e-영업1,신규,18.6046511627907,145283.71212121213,3486809.090909091,24.0,129.0
2025-03-11,e-영업1,신규,13.675213675213676,77815.3409090909,1245045.4545454544,16.0,117.0
2025-03-12,e-영업1,신규,23.711340206185564,97311.46245059288,2238163.6363636362,23.0,97.0
2025-03-13,e-영업1,신규,19.19191919191919,215874.64114832535,4101618.1818181816,19.0,99.0
2025-03-14,e-영업1,신규,28.000000000000004,200803.57142857142,5622500.0,28.0,100.0
2025-03-15,e-영업1,신규,17.17171717171717,229603.2085561497,3903254.545454545,17.0,99.0
2025-03-16,e-영업1,신규,18.954248366013072,166154.54545454544,4818481.818181817,29.0,153.0
2025-03-17,e-영업1,신규,16.666666666666664,236228.78787878787,4252118.181818182,18.0,108.0
2025-03-18,e-영업1,신규,19.230769230769234,124664.54545454544,2493290.9090909087,20.0,104.0
2025-03-19,e-영업1,신규,14.814814814814813,145309.6590909091,2324954.5454545454,16.0,108.0
2025-03-20,e-영업1,신규,12.903225806451612,128819.69696969696,1545836.3636363635,12.0,93.0
2025-03-21,e-영업1,신규,19.718309859154928,221058.44155844155,3094818.1818181816,14.0,71.0
2025-03-22,e-영업1,신규,13.761467889908257,243704.84848484848,3655572.727272727,15.0,109.0
2025-03-23,e-영업1,신규,22.04724409448819,191689.2857142857,5367300.0,28.0,127.0
2025-03-24,e-영업1,신규,17.045454545454543,76550.30303030302,1148254.5454545454,15.0,88.0
2025-03-25,e-영업1,신규,8.695652173913043,196130.6818181818,1569045.4545454544,8.0,92.0
2025-03-26,e-영업1,신규,16.831683168316832,158536.36363636362,2695118.1818181816,17.0,101.0
2025-03-27,e-영업1,신규,19.767441860465116,123043.85026737966,2091745.4545454544,17.0,86.0
2025-03-28,e-영업1,신규,20.28985507246377,142551.29870129869,1995718.1818181816,14.0,69.0
2025-03-29,e-영업1,신규,18.055555555555554,191158.04195804195,2485054.5454545454,13.0,72.0
2025-03-30,e-영업1,신규,19.047619047619047,132664.7727272727,2122636.3636363633,16.0,84.0
2025-03-31,e-영업1,신규,31.0,136361.29032258064,4227200.0,31.0,100.0
2025-04-01,e-영업1,신규,20.408163265306122,154535.9090909091,3090718.1818181816,20.0,98.0
2025-04-02,e-영업1,신규,19.51219512195122,200590.34090909088,3209445.454545454,16.0,82.0
2025-04-03,e-영업1,신규,17.045454545454543,95418.18181818181,1431272.727272727,15.0,88.0
2025-04-04,e-영업1,신규,18.181818181818183,141577.92207792206,1982090.909090909,14.0,77.0
2025-04-05,e-영업1,신규,32.35294117647059,161865.84022038567,5341572.727272727,33.0,102.0
2025-04-06,e-영업1,신규,26.168224299065418,163675.97402597402,4582927.2727272725,28.0,107.0
2025-04-07,e-영업1,신규,21.782178217821784,112136.36363636363,2467000.0,22.0,101.0
2025-04-08,e-영업1,신규,21.62162162162162,141475.75757575757,3395418.1818181816,24.0,111.0
2025-04-09,e-영업1,신규,19.642857142857142,118200.0,2600400.0,22.0,112.0
2025-04-10,e-영업1,신규,26.31578947368421,156700.36363636365,3917509.090909091,25.0,95.0
2025-04-11,e-영업1,신규,25.742574257425744,214633.91608391606,5580481.818181817,26.0,101.0
2025-04-12,e-영업1,신규,9.30232558139535,118199.99999999999,945599.9999999999,8.0,86.0
2025-04-13,e-영업1,신규,19.379844961240313,186929.0909090909,4673227.2727272725,25.0,129.0
2025-04-14,e-영업1,신규,20.353982300884958,197418.9723320158,4540636.363636363,23.0,113.0
2025-04-15,e-영업1,신규,12.727272727272727,193761.6883116883,2712663.6363636362,14.0,110.0
2025-04-16,e-영업1,신규,21.782178217821784,154803.30578512396,3405672.727272727,22.0,101.0
2025-04-17,e-영업1,신규,25.0,132631.81818181818,3713690.9090909087,28.0,112.0
2025-04-18,e-영업1,신규,21.21212121212121,139260.17316017314,2924463.6363636362,21.0,99.0
2025-04-19,e-영업1,신규,20.0,160837.94466403162,3699272.727272727,23.0,115.0
2025-04-20,e-영업1,신규,16.0,159124.99999999997,3182499.9999999995,20.0,125.0
2025-04-21,e-영업1,신규,20.8,91395.80419580419,2376290.9090909087,26.0,125.0
2025-04-22,e-영업1,신규,26.76056338028169,257564.59330143538,9787454.545454545,38.0,142.0
2025-04-23,e-영업1,신규,29.03225806451613,158840.404040404,5718254.545454545,36.0,124.0
2025-04-24,e-영업1,신규,18.103448275862068,118412.987012987,2486672.727272727,21.0,116.0
2025-04-25,e-영업1,신규,13.333333333333334,110162.49999999999,1762599.9999999998,16.0,120.0
2025-04-26,e-영업1,신규,12.631578947368421,-2378.7878787878785,-28545.454545454544,12.0,95.0
2025-04-27,e-영업1,신규,19.863013698630137,195335.42319749214,5664727.2727272725,29.0,146.0
2025-04-28,e-영업1,신규,17.857142857142858,144998.1818181818,3624954.545454545,25.0,140.0
2025-04-29,e-영업1,신규,19.84732824427481,158840.20979020977,4129845.454545454,26.0,131.0
2025-04-30,e-영업1,신규,20.588235294117645,142094.15584415584,3978636.3636363633,28.0,136.0
2025-05-01,e-영업1,신규,19.863013698630137,137260.18808777427,3980545.454545454,29.0,146.0
2025-05-02,e-영업1,신규,17.796610169491526,163258.00865800865,3428418.1818181816,21.0,118.0
2025-05-03,e-영업1,신규,15.730337078651685,117022.72727272726,1638318.1818181816,14.0,89.0
2025-05-04,e-영업1,신규,22.608695652173914,160553.49650349648,4174390.9090909087,26.0,115.0
2025-05-05,e-영업1,신규,15.384615384615385,173635.45454545453,3472709.090909091,20.0,130.0
2025-05-06,e-영업1,신규,27.27272727272727,131944.58874458872,5541672.727272727,42.0,154.0
2025-05-07,e-영업1,신규,18.120805369127517,140960.60606060605,3805936.3636363633,27.0,149.0
2025-05-08,e-영업1,신규,19.00826446280992,110016.60079051382,2530381.818181818,23.0,121.0
2025-05-09,e-영업1,신규,17.857142857142858,180019.2727272727,4500481.818181817,25.0,140.0
2025-05-10,e-영업1,신규,20.27972027972028,135696.86520376173,3935209.0909090904,29.0,143.0
2025-05-11,e-영업1,신규,19.387755102040817,110285.8851674641,4190863.6363636362,38.0,196.0
2025-05-12,e-영업1,신규,19.63470319634703,140365.11627906974,6035699.999999999,43.0,219.0
2025-05-13,e-영업1,신규,14.215686274509803,163816.9278996865,4750690.909090908,29.0,204.0
2025-05-14,e-영업1,신규,18.579234972677597,122369.25133689838,4160554.545454545,34.0,183.0
2025-05-15,e-영업1,신규,22.14765100671141,156020.3856749311,5148672.727272727,33.0,149.0
2025-05-16,e-영업1,신규,17.543859649122805,106109.54545454544,2122190.9090909087,20.0,114.0
2025-05-17,e-영업1,신규,17.647058823529413,144313.4199134199,3030581.818181818,21.0,119.0
2025-05-18,e-영업1,신규,28.05755395683453,137738.46153846153,5371800.0,39.0,139.0
2025-05-19,e-영업1,신규,13.26530612244898,101719.58041958042,1322354.5454545454,13.0,98.0
2025-05-20,e-영업1,신규,9.00900900900901,90587.27272727272,905872.7272727272,10.0,111.0
2025-05-21,e-영업1,신규,29.914529914529915,210069.0909090909,7352418.181818182,35.0,117.0
2025-05-22,e-영업1,신규,21.804511278195488,140497.4921630094,4074427.2727272725,29.0,133.0
2025-05-23,e-영업1,신규,18.34862385321101,141994.09090909088,2839881.818181818,20.0,109.0
2025-05-24,e-영업1,신규,21.49532710280374,150677.8656126482,3465590.9090909087,23.0,107.0
2025-05-25,e-영업1,신규,21.296296296296298,130543.87351778656,3002509.090909091,23.0,108.0
2025-05-26,e-영업1,신규,,153748.6166007905,3536218.1818181816,23.0,0.0
2025-05-27,e-영업1,신규,22.58064516129032,125274.02597402596,3507672.727272727,28.0,124.0
2025-05-28,e-영업1,신규,13.392857142857142,146731.51515151514,2200972.727272727,15.0,112.0
2025-05-29,e-영업1,신규,22.900763358778626,158194.54545454544,4745836.363636363,30.0,131.0
2025-05-30,e-영업1,신규,16.216216216216218,163255.55555555553,2938599.9999999995,18.0,111.0
2025-05-31,e-영업1,신규,17.894736842105264,193423.52941176467,3288199.9999999995,17.0,95.0
2025-06-01,e-영업1,신규,22.142857142857142,140989.73607038122,4370681.818181817,31.0,140.0
2025-06-02,e-영업1,신규,17.543859649122805,137731.81818181818,2754636.3636363633,20.0,114.0
2025-06-03,e-영업1,신규,11.76470588235294,167541.91919191918,3015754.5454545454,18.0,153.0
2025-06-04,e-영업1,신규,17.81609195402299,110641.64222873899,3429890.9090909087,31.0,174.0
2025-06-05,e-영업1,신규,13.761467889908257,165721.81818181818,2485827.2727272725,15.0,109.0
2025-06-06,e-영업1,신규,14.516129032258066,143976.2626262626,2591572.727272727,18.0,124.0
2025-06-07,e-영업1,신규,12.5,115521.02272727272,1848336.3636363635,16.0,128.0
2025-06-08,e-영업1,신규,14.074074074074074,124190.43062200956,2359618.1818181816,19.0,135.0
2025-06-09,e-영업1,신규,16.363636363636363,130897.47474747474,2356154.5454545454,18.0,110.0
2025-06-10,e-영업1,신규,18.115942028985508,148921.81818181818,3723045.454545454,25.0,138.0
2025-06-11,e-영업1,신규,20.689655172413794,90864.01515151514,2180736.3636363633,24.0,116.0
2025-06-12,e-영업1,신규,15.789473684210526,89337.87878787878,1608081.8181818181,18.0,114.0
2025-06-13,e-영업1,신규,16.80672268907563,100482.27272727272,2009645.4545454544,20.0,119.0
2025-06-14,e-영업1,신규,18.253968253968253,159169.1699604743,3660890.9090909087,23.0,126.0
2025-06-15,e-영업1,신규,19.879518072289155,114686.50137741046,3784654.545454545,33.0,166.0
2025-06-16,e-영업1,신규,19.021739130434785,166258.1818181818,5819036.363636363,35.0,184.0
2025-06-17,e-영업1,신규,21.951219512195124,137459.39393939392,6185672.727272727,45.0,205.0
2025-06-18,e-영업1,신규,18.04123711340206,128977.92207792208,4514227.2727272725,35.0,194.0
2025-06-19,e-영업1,신규,23.03370786516854,112854.76718403546,4627045.454545454,41.0,178.0
2025-06-20,e-영업1,신규,19.393939393939394,129355.68181818181,4139381.818181818,32.0,165.0
2025-06-21,e-영업1,신규,24.277456647398843,139008.87445887443,5838372.727272727,42.0,173.0
2025-06-22,e-영업1,신규,23.50597609561753,121967.02619414483,7196054.545454545,59.0,251.0
2025-06-23,e-영업1,신규,20.809248554913296,190749.99999999997,6866999.999999999,36.0,173.0
2025-06-24,e-영업1,신규,12.578616352201259,129800.0,2596000.0,20.0,159.0
2025-06-25,e-영업1,신규,17.123287671232877,131676.36363636365,3291909.090909091,25.0,146.0
2025-06-26,e-영업1,신규,16.901408450704224,138131.81818181818,3315163.6363636362,24.0,142.0
2025-06-27,e-영업1,신규,23.134328358208954,127496.18768328444,3952381.818181818,31.0,134.0
2025-06-28,e-영업1,신규,14.743589743589745,140795.25691699603,3238290.9090909087,23.0,156.0
2025-06-29,e-영업1,신규,26.455026455026452,155330.54545454544,7766527.2727272725,50.0,189.0
2025-06-30,e-영업1,신규,12.258064516129032,135654.54545454544,2577436.3636363633,19.0,155.0
2025-07-01,e-영업1,신규,13.768115942028986,88248.32535885167,1676718.1818181816,19.0,138.0
2025-07-02,e-영업1,신규,17.682926829268293,106261.12852664576,3081572.727272727,29.0,164.0
2025-07-03,e-영업1,신규,22.131147540983605,112758.24915824915,3044472.727272727,27.0,122.0
2025-07-04,e-영업1,신규,19.672131147540984,195038.63636363635,4680927.2727272725,24.0,122.0
2025-07-05,e-영업1,신규,18.75,140870.37037037036,3803499.9999999995,27.0,144.0
2025-07-06,e-영업1,신규,21.73913043478261,134608.3116883117,4711290.909090909,35.0,161.0
2025-07-07,e-영업1,신규,20.945945945945947,137760.99706744868,4270590.909090909,31.0,148.0
2025-07-08,e-영업1,신규,15.730337078651685,114623.7012987013,3209463.6363636362,28.0,178.0
2025-07-09,e-영업1,신규,17.857142857142858,108419.22077922078,3794672.727272727,35.0,196.0
2025-07-10,e-영업1,신규,20.77922077922078,126668.74999999999,4053399.9999999995,32.0,154.0
2025-07-11,e-영업1,신규,12.030075187969924,128069.88636363635,2049118.1818181816,16.0,133.0
2025-07-12,e-영업1,신규,25.0,125579.0404040404,4520845.454545454,36.0,144.0
2025-07-13,e-영업1,신규,28.488372093023255,138001.11317254172,6762054.545454545,49.0,172.0
2025-07-14,e-영업1,신규,16.783216783216783,123774.99999999999,2970599.9999999995,24.0,143.0
2025-07-15,e-영업1,신규,15.625,155073.63636363635,3101472.727272727,20.0,128.0
2025-07-16,e-영업1,신규,21.518987341772153,91481.28342245989,3110363.6363636362,34.0,158.0
2025-07-17,e-영업1,신규,13.10344827586207,131915.7894736842,2506400.0,19.0,145.0
2025-07-18,e-영업1,신규,17.829457364341085,127108.69565217389,2923499.9999999995,23.0,129.0
2025-07-19,e-영업1,신규,19.327731092436977,140462.45059288535,3230636.3636363633,23.0,119.0
2025-07-20,e-영업1,신규,20.833333333333336,148499.4805194805,5197481.818181817,35.0,168.0
2025-07-21,e-영업1,신규,21.11801242236025,130110.42780748662,4423754.545454545,34.0,161.0
2025-07-22,e-영업1,신규,21.022727272727273,103329.48402948403,3823190.9090909087,37.0,176.0
2025-07-23,e-영업1,신규,15.286624203821656,124390.1515151515,2985363.6363636362,24.0,157.0
2025-07-24,e-영업1,신규,20.121951219512198,118814.32506887052,3920872.727272727,33.0,164.0
2025-07-25,e-영업1,신규,14.666666666666666,111150.4132231405,2445309.090909091,22.0,150.0
2025-07-26,e-영업1,신규,11.176470588235295,117558.37320574162,2233609.090909091,19.0,170.0
2025-07-27,e-영업1,신규,19.88950276243094,125278.0303030303,4510009.090909091,36.0,181.0
2025-07-28,e-영업1,신규,21.98581560283688,122133.43108504398,3786136.3636363633,31.0,141.0
2025-07-29,e-영업1,신규,12.5,103029.18660287082,1957554.5454545454,19.0,152.0
2025-07-30,e-영업1,신규,21.705426356589147,98080.51948051948,2746254.5454545454,28.0,129.0
2025-07-31,e-영업1,신규,13.178294573643413,155200.0,2638400.0,17.0,129.0
2025-08-01,e-영업1,신규,11.44578313253012,126108.13397129187,2396054.5454545454,19.0,166.0
2025-08-02,e-영업1,신규,18.30065359477124,118602.5974025974,3320872.727272727,28.0,153.0
2025-08-03,e-영업1,신규,17.258883248730964,117799.99999999999,4005199.9999999995,34.0,197.0
2025-08-04,e-영업1,신규,21.019108280254777,112906.33608815426,3725909.090909091,33.0,157.0
2025-08-05,e-영업1,신규,20.0,150427.0396270396,5866654.545454545,39.0,195.0
2025-08-06,e-영업1,신규,16.94915254237288,140771.2121212121,4223136.363636363,30.0,177.0
2025-08-07,e-영업1,신규,11.728395061728394,148261.72248803827,2816972.727272727,19.0,162.0
2025-08-08,e-영업1,신규,16.25,140502.09790209788,3653054.545454545,26.0,160.0
2025-08-09,e-영업1,신규,20.610687022900763,153581.14478114477,4146690.9090909087,27.0,131.0
2025-08-10,e-영업1,신규,22.55639097744361,158574.2424242424,4757227.2727272725,30.0,133.0
2025-08-11,e-영업1,신규,16.666666666666664,130443.06220095693,2478418.1818181816,19.0,114.0
2025-08-12,e-영업1,신규,18.103448275862068,93698.2683982684,1967663.6363636362,21.0,116.0
2025-08-13,e-영업1,신규,20.32520325203252,86940.36363636363,2173509.090909091,25.0,123.0
2025-08-14,e-영업1,신규,19.41747572815534,146389.99999999997,2927799.9999999995,20.0,103.0
2025-08-15,e-영업1,신규,18.4,123896.04743083003,2849609.090909091,23.0,125.0
2025-08-16,e-영업1,신규,13.286713286713287,93072.24880382774,1768372.727272727,19.0,143.0
2025-08-17,e-영업1,신규,21.21212121212121,139995.77922077922,3919881.818181818,28.0,132.0
2025-08-18,e-영업1,신규,17.5,148646.32034632034,3121572.727272727,21.0,120.0
2025-08-19,e-영업1,신규,10.909090909090908,92163.1313131313,1658936.3636363635,18.0,165.0
2025-08-20,e-영업1,신규,28.947368421052634,142025.06887052342,4686827.2727272725,33.0,114.0
2025-08-21,e-영업1,신규,16.101694915254235,99063.15789473683,1882199.9999999998,19.0,118.0
2025-08-22,e-영업1,신규,19.81981981981982,211209.9173553719,4646618.181818182,22.0,111.0
2025-08-23,e-영업1,신규,15.625,99262.72727272726,1985254.5454545452,20.0,128.0
2025-08-24,e-영업1,신규,16.19718309859155,153566.79841897232,3532036.3636363633,23.0,142.0
2025-08-25,e-영업1,신규,22.727272727272727,123735.45454545454,3712063.6363636362,30.0,132.0
2025-08-26,e-영업1,신규,18.045112781954884,113104.54545454546,2714509.090909091,24.0,133.0
2025-08-27,e-영업1,신규,10.526315789473683,99373.37662337662,1391227.2727272727,14.0,133.0
2025-08-28,e-영업1,신규,19.672131147540984,95813.63636363635,2299527.2727272725,24.0,122.0
2025-08-29,e-영업1,신규,13.934426229508196,138713.36898395722,2358127.2727272725,17.0,122.0
2025-08-30,e-영업1,신규,14.754098360655737,68542.92929292929,1233772.727272727,18.0,122.0
2025-08-31,e-영업1,신규,20.0,185406.0606060606,3893527.2727272725,21.0,105.0
2025-09-01,e-영업1,신규,14.960629921259844,181646.41148325359,3451281.818181818,19.0,127.0
2025-09-02,e-영업1,신규,25.0,144483.33333333334,5201400.0,36.0,144.0
2025-09-03,e-영업1,신규,22.48062015503876,129481.81818181818,3754972.727272727,29.0,129.0
2025-09-04,e-영업1,신규,18.65671641791045,131042.90909090909,3276072.727272727,25.0,134.0
2025-09-05,e-영업1,신규,16.296296296296298,91317.76859504131,2008990.909090909,22.0,135.0
2025-09-06,e-영업1,신규,18.367346938775512,151510.60606060605,2727190.9090909087,18.0,98.0
2025-09-07,e-영업1,신규,21.008403361344538,161222.1818181818,4030554.545454545,25.0,119.0
2025-09-08,e-영업1,신규,16.40625,131036.36363636363,2751763.6363636362,21.0,128.0
2025-09-09,e-영업1,신규,19.26605504587156,91838.52813852814,1928609.0909090908,21.0,109.0
2025-09-10,e-영업1,신규,18.96551724137931,138304.54545454544,3042699.9999999995,22.0,116.0
2025-09-11,e-영업1,신규,22.857142857142858,124145.07575757575,2979481.818181818,24.0,105.0
2025-09-12,e-영업1,신규,15.789473684210526,321302.2727272727,3855627.2727272725,12.0,76.0
2025-09-13,e-영업1,신규,11.926605504587156,210869.23076923078,2741300.0,13.0,109.0
2025-09-14,e-영업1,신규,31.63265306122449,196209.09090909088,6082481.818181817,31.0,98.0
2025-09-15,e-영업1,신규,17.582417582417584,189663.63636363635,3034618.1818181816,16.0,91.0
2025-09-16,e-영업1,신규,20.98765432098765,184452.40641711227,3135690.9090909087,17.0,81.0
2025-09-17,e-영업1,신규,13.541666666666666,233131.46853146853,3030709.090909091,13.0,96.0
2025-09-18,e-영업1,신규,29.11392405063291,153684.98023715412,3534754.545454545,23.0,79.0
2025-09-19,e-영업1,신규,12.195121951219512,134800.0,1348000.0,10.0,82.0
2025-09-20,e-영업1,신규,11.11111111111111,190605.78512396693,2096663.6363636362,11.0,99.0
2025-09-21,e-영업1,신규,14.018691588785046,169429.09090909088,2541436.3636363633,15.0,107.0
2025-09-22,e-영업1,신규,14.814814814814813,160959.09090909088,2575345.454545454,16.0,108.0
2025-09-23,e-영업1,신규,19.469026548672566,123251.65289256196,2711536.3636363633,22.0,113.0
2025-09-24,e-영업1,신규,18.487394957983195,142630.9917355372,3137881.818181818,22.0,119.0
2025-09-25,e-영업1,신규,14.0625,182357.0707070707,3282427.2727272725,18.0,128.0
2025-09-26,e-영업1,신규,14.285714285714285,185109.59595959596,3331972.727272727,18.0,126.0
2025-09-27,e-영업1,신규,20.388349514563107,215474.89177489173,4524972.727272727,21.0,103.0
2025-09-28,e-영업1,신규,16.0,134756.81818181818,2695136.3636363633,20.0,125.0
2025-09-29,e-영업1,신규,18.38235294117647,126797.81818181816,3169945.454545454,25.0,136.0
2025-09-30,e-영업1,신규,23.14814814814815,184882.54545454544,4622063.636363636,25.0,108.0
2025-10-01,e-영업1,신규,15.306122448979592,169263.03030303027,2538945.454545454,15.0,98.0
2025-10-02,e-영업1,신규,21.818181818181817,141703.78787878787,1700445.4545454544,12.0,55.0
2025-10-03,e-영업1,신규,14.457831325301203,156803.78787878787,1881645.4545454544,12.0,83.0
2025-10-04,e-영업1,신규,17.857142857142858,187797.57575757575,2816963.6363636362,15.0,84.0
2025-10-05,e-영업1,신규,12.162162162162163,259215.1515151515,2332936.3636363633,9.0,74.0
2025-10-06,e-영업1,신규,13.636363636363635,220388.88888888888,1983499.9999999998,9.0,66.0
2025-10-07,e-영업1,신규,15.74074074074074,287974.3315508021,4895563.636363636,17.0,108.0
2025-10-08,e-영업1,신규,15.53398058252427,229190.34090909088,3667045.454545454,16.0,103.0
2025-10-09,e-영업1,신규,19.230769230769234,188688.0,4717200.0,25.0,130.0
2025-10-10,e-영업1,신규,17.543859649122805,255960.9090909091,5119218.181818182,20.0,114.0
2025-10-11,e-영업1,신규,18.333333333333332,174768.1818181818,3844899.9999999995,22.0,120.0
2025-10-12,e-영업1,신규,21.374045801526716,200190.5844155844,5605336.363636363,28.0,131.0
2025-10-13,e-영업1,신규,20.0,288940.69264069264,6067754.545454545,21.0,105.0
2025-10-14,e-영업1,신규,9.782608695652174,65367.676767676756,588309.0909090908,9.0,92.0
2025-10-15,e-영업1,신규,17.72151898734177,140894.80519480517,1972527.2727272725,14.0,79.0
2025-10-16,e-영업1,신규,20.408163265306122,199389.54545454544,3987790.9090909087,20.0,98.0
2025-10-17,e-영업1,신규,14.285714285714285,170624.4755244755,2218118.1818181816,13.0,91.0
2025-10-18,e-영업1,신규,15.65217391304348,259477.27272727274,4670590.909090909,18.0,115.0
2025-10-19,e-영업1,신규,26.01626016260163,243786.9318181818,7801181.818181817,32.0,123.0
2025-10-20,e-영업1,신규,18.97810218978102,221039.86013986013,5747036.363636363,26.0,137.0
2025-10-21,e-영업1,신규,23.703703703703706,229318.1818181818,7338181.818181817,32.0,135.0
2025-10-22,e-영업1,신규,12.837837837837837,164229.18660287082,3120354.5454545454,19.0,148.0
2025-10-23,e-영업1,신규,13.821138211382115,182485.5614973262,3102254.5454545454,17.0,123.0
2025-10-24,e-영업1,신규,18.181818181818183,142446.28099173552,3133818.1818181816,22.0,121.0
2025-10-25,e-영업1,신규,7.258064516129033,53904.040404040396,485136.3636363636,9.0,124.0
2025-10-26,e-영업1,신규,11.258278145695364,212309.09090909088,3609254.545454545,17.0,151.0
2025-10-27,e-영업1,신규,14.925373134328357,281149.5454545454,5622990.909090908,20.0,134.0
2025-10-28,e-영업1,신규,14.64968152866242,93108.69565217392,2141500.0,23.0,157.0
2025-10-29,e-영업1,신규,14.545454545454545,246906.24999999997,3950499.9999999995,16.0,110.0
2025-10-30,e-영업1,신규,14.912280701754385,190806.41711229947,3243709.090909091,17.0,114.0
2025-10-31,e-영업1,신규,16.50485436893204,254233.15508021388,4321963.636363636,17.0,103.0
2025-11-01,e-영업1,신규,19.327731092436977,212818.9723320158,4894836.363636363,23.0,119.0
2025-11-02,e-영업1,신규,19.852941176470587,264194.61279461277,7133254.545454545,27.0,136.0
2025-11-03,e-영업1,신규,16.923076923076923,225053.71900826442,4951181.818181817,22.0,130.0
2025-11-04,e-영업1,신규,18.045112781954884,222168.56060606058,5332045.454545454,24.0,133.0
2025-11-05,e-영업1,신규,15.929203539823009,109861.61616161616,1977509.0909090908,18.0,113.0
2025-11-06,e-영업1,신규,14.678899082568808,113038.63636363635,1808618.1818181816,16.0,109.0
2025-11-07,e-영업1,신규,8.181818181818182,156222.22222222222,1406000.0,9.0,110.0
2025-11-08,e-영업1,신규,11.475409836065573,218305.1948051948,3056272.727272727,14.0,122.0
2025-11-09,e-영업1,신규,25.153374233128833,293644.1241685144,12039409.09090909,41.0,163.0
2025-11-10,e-영업1,신규,15.0,236389.7727272727,5673354.545454545,24.0,160.0
2025-11-11,e-영업1,신규,16.923076923076923,299227.8236914601,9874518.181818182,33.0,195.0
2025-11-12,e-영업1,신규,13.47517730496454,264753.11004784686,5030309.090909091,19.0,141.0
2025-11-13,e-영업1,신규,11.731843575418994,248452.81385281385,5217509.090909091,21.0,179.0
2025-11-14,e-영업1,신규,13.750000000000002,148097.1074380165,3258136.3636363633,22.0,160.0
2025-11-15,e-영업1,신규,17.322834645669293,217569.83471074377,4786536.363636363,22.0,127.0
2025-11-16,e-영업1,신규,16.541353383458645,282393.80165289255,6212663.636363636,22.0,133.0
2025-11-17,e-영업1,신규,14.117647058823529,132387.87878787878,3177309.090909091,24.0,170.0
2025-11-18,e-영업1,신규,16.89189189189189,259766.90909090906,6494172.727272727,25.0,148.0
2025-11-19,e-영업1,신규,12.857142857142856,257461.11111111112,4634300.0,18.0,140.0
2025-11-20,e-영업1,신규,14.925373134328357,223815.0,4476300.0,20.0,134.0
2025-11-21,e-영업1,신규,3.597122302158273,-176923.63636363635,-884618.1818181818,5.0,139.0
2025-11-22,e-영업1,신규,18.064516129032256,368587.33766233764,10320445.454545453,28.0,155.0
2025-11-23,e-영업1,신규,12.918660287081341,404859.25925925927,10931200.0,27.0,209.0
2025-11-24,e-영업1,신규,16.77018633540373,199145.79124579125,5376936.363636363,27.0,161.0
2025-11-25,e-영업1,신규,18.23204419889503,251237.1900826446,8290827.2727272725,33.0,181.0
2025-11-26,e-영업1,신규,14.285714285714285,141845.88744588743,2978763.6363636362,21.0,147.0
2025-11-27,e-영업1,신규,12.142857142857142,125198.9304812834,2128381.818181818,17.0,140.0
2025-11-28,e-영업1,신규,13.533834586466165,251169.69696969693,4521054.545454545,18.0,133.0
2025-11-29,e-영업1,신규,15.894039735099339,373859.0909090909,8972618.181818182,24.0,151.0
2025-11-30,e-영업1,신규,16.455696202531644,264502.7972027972,6877072.727272727,26.0,158.0
2025-12-01,e-영업1,신규,22.15568862275449,153272.23587223585,5671072.727272727,37.0,167.0
2025-12-02,e-영업1,신규,13.690476190476192,191980.23715415018,4415545.454545454,23.0,168.0
2025-12-03,e-영업1,신규,20.245398773006134,139650.9641873278,4608481.818181817,33.0,163.0
2025-12-04,e-영업1,신규,22.36842105263158,154237.4331550802,5244072.727272727,34.0,152.0
2025-12-05,e-영업1,신규,13.529411764705882,224927.2727272727,5173327.2727272725,23.0,170.0
2025-12-06,e-영업1,신규,12.5,155664.99999999997,3113299.9999999995,20.0,160.0
2025-12-07,e-영업1,신규,15.0,129688.78787878787,3890663.6363636362,30.0,200.0
2025-12-08,e-영업1,신규,17.142857142857142,171810.9090909091,5154327.2727272725,30.0,175.0
2025-12-09,e-영업1,신규,20.108695652173914,218104.66830466827,8069872.727272727,37.0,184.0
2025-12-10,e-영업1,신규,25.477707006369428,285298.63636363635,11411945.454545453,40.0,157.0
2025-12-11,e-영업1,신규,10.982658959537572,323243.0622009569,6141618.181818182,19.0,173.0
2025-12-12,e-영업1,신규,13.66906474820144,258790.43062200956,4917018.181818182,19.0,139.0
2025-12-13,e-영업1,신규,11.486486486486488,225447.5935828877,3832609.090909091,17.0,148.0
2025-12-14,e-영업1,신규,20.0,196617.9797979798,8847809.09090909,45.0,225.0
2025-12-15,e-영업1,신규,16.201117318435752,166636.36363636362,4832454.545454545,29.0,179.0
2025-12-16,e-영업1,신규,16.402116402116402,179520.23460410556,5565127.2727272725,31.0,189.0
2025-12-17,e-영업1,신규,11.949685534591195,202272.24880382774,3843172.727272727,19.0,159.0
2025-12-18,e-영업1,신규,13.586956521739129,186181.0909090909,4654527.2727272725,25.0,184.0
2025-12-19,e-영업1,신규,12.592592592592592,131430.48128342244,2234318.1818181816,17.0,135.0
2025-12-20,e-영업1,신규,13.66906474820144,292741.1483253588,5562081.818181817,19.0,139.0
2025-12-21,e-영업1,신규,19.696969696969695,203644.75524475524,7942145.454545454,39.0,198.0
2025-12-22,e-영업1,신규,20.089285714285715,179916.76767676766,8096254.545454545,45.0,224.0
2025-12-23,e-영업1,신규,15.69767441860465,245692.59259259255,6633699.999999999,27.0,172.0
2025-12-24,e-영업1,신규,15.625,253415.2727272727,6335381.818181817,25.0,160.0
2025-12-25,e-영업1,신규,14.634146341463413,192547.72727272726,4621145.454545454,24.0,164.0
2025-12-26,e-영업1,신규,13.245033112582782,394833.63636363635,7896672.727272727,20.0,151.0
2025-12-27,e-영업1,신규,14.50381679389313,312986.12440191384,5946736.363636363,19.0,131.0
2025-12-28,e-영업1,신규,17.46031746031746,226553.71900826445,7476272.727272727,33.0,189.0
2025-12-29,e-영업1,신규,19.021739130434785,208011.68831168828,7280409.09090909,35.0,184.0
2025-12-30,e-영업1,신규,18.012422360248447,241672.72727272724,7008509.09090909,29.0,161.0
2025-12-31,e-영업1,신규,13.709677419354838,204989.8395721925,3484827.2727272725,17.0,124.0
2025-01-01,e-영업1,전체,6.003683241252302,212854.99163413272,34695363.63636363,163.0,2715.0
2025-01-02,e-영업1,전체,3.457869634340222,110945.14106583071,9652227.272727272,87.0,2516.0
2025-01-03,e-영업1,전체,4.191147669408539,295751.4868309261,31645409.09090909,107.0,2553.0
2025-01-04,e-영업1,전체,4.2202439828552585,218760.01420454544,28001281.818181816,128.0,3033.0
2025-01-05,e-영업1,전체,4.958972529432751,248039.37213865272,34477472.72727273,139.0,2803.0
2025-01-06,e-영업1,전체,3.6754002911208152,212584.78847884786,21471063.636363633,101.0,2748.0
2025-01-07,e-영업1,전체,4.571226080793763,203463.9887244538,26246854.545454543,129.0,2822.0
2025-01-08,e-영업1,전체,5.220883534136546,234729.75206611567,33566354.54545454,143.0,2739.0
2025-01-09,e-영업1,전체,4.6887966804979255,239281.3354786806,27038790.909090906,113.0,2410.0
2025-01-10,e-영업1,전체,6.880941602535083,254432.41626794255,38673727.272727266,152.0,2209.0
2025-01-11,e-영업1,전체,5.0464271295922485,246424.94545454544,30803118.18181818,125.0,2477.0
2025-01-12,e-영업1,전체,5.525502318392581,232277.17736808644,33215636.36363636,143.0,2588.0
2025-01-13,e-영업1,전체,5.30938123752495,153711.8933697881,20443681.818181816,133.0,2505.0
2025-01-14,e-영업1,전체,6.449301325689717,174305.101010101,31374918.18181818,180.0,2791.0
2025-01-15,e-영업1,전체,5.758976182012087,173943.32210998877,28178818.18181818,162.0,2813.0
2025-01-16,e-영업1,전체,5.140371688414393,222621.3986013986,28940781.818181816,130.0,2529.0
2025-01-17,e-영업1,전체,6.154481619165634,200651.12873703477,29897018.18181818,149.0,2421.0
2025-01-18,e-영업1,전체,4.761904761904762,227661.23215627347,27547009.09090909,121.0,2541.0
2025-01-19,e-영업1,전체,6.958473625140292,238853.71456500486,44426790.90909091,186.0,2673.0
2025-01-20,e-영업1,전체,6.752411575562702,195994.0476190476,32926999.999999996,168.0,2488.0
2025-01-21,e-영업1,전체,5.68561872909699,194745.5882352941,26485399.999999996,136.0,2392.0
2025-01-22,e-영업1,전체,6.2129006727344676,185322.9299363057,29095699.999999996,157.0,2527.0
2025-01-23,e-영업1,전체,6.190061028770706,191302.1126760563,27164899.999999996,142.0,2294.0
2025-01-24,e-영업1,전체,5.667001003009027,211660.7401448109,23917663.636363633,113.0,1994.0
2025-01-25,e-영업1,전체,5.885311871227364,285241.80264180264,33373290.909090906,117.0,1988.0
2025-01-26,e-영업1,전체,4.208037825059101,182788.96833503572,16268218.18181818,89.0,2115.0
2025-01-27,e-영업1,전체,4.89311163895487,230737.59929390997,23765972.727272727,103.0,2105.0
2025-01-28,e-영업1,전체,3.950743971267317,195265.8795749705,15035472.727272727,77.0,1949.0
2025-01-29,e-영업1,전체,5.270655270655271,209698.8533988534,23276572.727272727,111.0,2106.0
2025-01-30,e-영업1,전체,7.161458333333333,201936.14325068868,33319463.636363633,165.0,2304.0
2025-01-31,e-영업1,전체,6.390181972069403,213255.5087296809,32201581.818181816,151.0,2363.0
2025-02-01,e-영업1,전체,5.427892234548335,252875.71333775713,34643972.72727273,137.0,2524.0
2025-02-02,e-영업1,전체,7.172054998141955,270959.6796985398,52295218.18181818,193.0,2691.0
2025-02-03,e-영업1,전체,3.5199321458863446,162012.37677984664,13447027.272727272,83.0,2358.0
2025-02-04,e-영업1,전체,4.8068669527897,268266.8831168831,30045890.909090906,112.0,2330.0
2025-02-05,e-영업1,전체,5.425742574257426,217215.72660915725,29758554.545454543,137.0,2525.0
2025-02-06,e-영업1,전체,3.84963768115942,126953.90374331549,10791081.818181816,85.0,2208.0
2025-02-07,e-영업1,전체,5.774518790100825,273144.0836940837,34416154.54545454,126.0,2182.0
2025-02-08,e-영업1,전체,5.062240663900415,182249.4038748137,22234427.27272727,122.0,2410.0
2025-02-09,e-영업1,전체,6.954612005856515,212221.14832535884,40322018.18181818,190.0,2732.0
2025-02-10,e-영업1,전체,5.170340681362726,113630.584918957,14658345.454545453,129.0,2495.0
2025-02-11,e-영업1,전체,5.948889819857562,174529.57746478872,24783199.999999996,142.0,2387.0
2025-02-12,e-영업1,전체,6.206293706293707,187056.33802816898,26561999.999999996,142.0,2288.0
2025-02-13,e-영업1,전체,3.0009233610341646,230340.13986013984,14972109.09090909,65.0,2166.0
2025-02-14,e-영업1,전체,4.746393671475105,210234.13547237075,21443881.818181816,102.0,2149.0
2025-02-15,e-영업1,전체,4.14727041895895,228988.77551020408,22440900.0,98.0,2363.0
2025-02-16,e-영업1,전체,6.790591805766312,244476.58710005076,43761309.090909086,179.0,2636.0
2025-02-17,e-영업1,전체,3.3712428919577575,109863.52683461117,9118672.727272727,83.0,2462.0
2025-02-18,e-영업1,전체,4.333868378812198,119246.71717171716,12878645.454545453,108.0,2492.0
2025-02-19,e-영업1,전체,4.99359795134443,214814.76301476298,25133327.27272727,117.0,2343.0
2025-02-20,e-영업1,전체,4.3076923076923075,191875.6029684601,18803809.09090909,98.0,2275.0
2025-02-21,e-영업1,전체,5.181576616474756,232866.27816627815,27245354.545454543,117.0,2258.0
2025-02-22,e-영업1,전체,4.5436741088915005,167553.3699059561,19436190.909090906,116.0,2553.0
2025-02-23,e-영업1,전체,6.664238892935178,218686.14008941877,40019563.63636363,183.0,2746.0
2025-02-24,e-영업1,전체,3.8128930817610063,202711.80880974693,19663045.454545453,97.0,2544.0
2025-02-25,e-영업1,전체,5.623901581722319,189311.78977272726,24231909.09090909,128.0,2276.0
2025-02-26,e-영업1,전체,6.0960839725474365,171862.79349789282,25951281.818181816,151.0,2477.0
2025-02-27,e-영업1,전체,6.063477025106585,212977.05965909088,27261063.636363633,128.0,2111.0
2025-02-28,e-영업1,전체,6.274007682458387,217832.34384662955,32021354.545454543,147.0,2343.0
2025-03-01,e-영업1,전체,6.658395368072788,225103.8961038961,36241727.27272727,161.0,2418.0
2025-03-02,e-영업1,전체,4.464638482813117,225437.48994368463,25474436.363636363,113.0,2531.0
2025-03-03,e-영업1,전체,6.024590163934426,173810.26592455164,25550109.09090909,147.0,2440.0
2025-03-04,e-영업1,전체,5.17946388005452,185173.92344497604,21109827.27272727,114.0,2201.0
2025-03-05,e-영업1,전체,6.0306030603060305,226448.37177747625,30344081.818181816,134.0,2222.0
2025-03-06,e-영업1,전체,5.691056910569105,210487.87878787878,26521472.727272727,126.0,2214.0
2025-03-07,e-영업1,전체,4.253308128544423,168502.82828282827,15165254.545454545,90.0,2116.0
2025-03-08,e-영업1,전체,6.868782567503552,237271.34796238242,34404345.45454545,145.0,2111.0
2025-03-09,e-영업1,전체,8.202653799758746,208189.21568627452,42470600.0,204.0,2487.0
2025-03-10,e-영업1,전체,4.742547425474255,134276.36363636362,14099018.18181818,105.0,2214.0
2025-03-11,e-영업1,전체,4.884922498825739,108243.09440559438,11257281.818181816,104.0,2129.0
2025-03-12,e-영업1,전체,6.281920326864148,122182.85291943827,15028490.909090908,123.0,1958.0
2025-03-13,e-영업1,전체,5.131964809384164,208480.2597402597,21890427.27272727,105.0,2046.0
2025-03-14,e-영업1,전체,6.008583690987124,183894.07467532466,20596136.363636363,112.0,1864.0
2025-03-15,e-영업1,전체,6.37767812655705,225438.77840909088,28856163.636363633,128.0,2007.0
2025-03-16,e-영업1,전체,8.60621326616289,210020.66518847004,43054236.36363636,205.0,2382.0
2025-03-17,e-영업1,전체,6.426735218508997,197104.94545454544,24638118.18181818,125.0,1945.0
2025-03-18,e-영업1,전체,4.831404126824358,102156.62878787878,9807036.363636363,96.0,1987.0
2025-03-19,e-영업1,전체,5.093555093555094,179326.15955473098,17573963.636363637,98.0,1924.0
2025-03-20,e-영업1,전체,3.9851222104144526,203824.9696969697,15286872.727272727,75.0,1882.0
2025-03-21,e-영업1,전체,5.251875669882101,167917.53246753244,16455918.18181818,98.0,1866.0
2025-03-22,e-영업1,전체,5.641025641025641,234275.61983471073,25770318.18181818,110.0,1950.0
2025-03-23,e-영업1,전체,6.990204808548531,220957.73016792123,34690363.63636363,157.0,2246.0
2025-03-24,e-영업1,전체,6.348400203148806,203297.01818181816,25412127.27272727,125.0,1969.0
2025-03-25,e-영업1,전체,4.836345872007816,170961.98347107437,16925236.363636363,99.0,2047.0
2025-03-26,e-영업1,전체,5.928646379853095,127706.75784392597,14430863.636363635,113.0,1906.0
2025-03-27,e-영업1,전체,5.78468130690948,111252.27272727272,12015245.454545453,108.0,1867.0
2025-03-28,e-영업1,전체,6.437768240343347,196452.04545454544,23574245.454545453,120.0,1864.0
2025-03-29,e-영업1,전체,7.369614512471655,193191.3986013986,25114881.818181816,130.0,1764.0
2025-03-30,e-영업1,전체,8.87780548628429,200323.13585291113,35657518.18181818,178.0,2005.0
2025-03-31,e-영업1,전체,9.105691056910569,177579.816017316,29833409.09090909,168.0,1845.0
2025-04-01,e-영업1,전체,4.661246612466124,112873.04439746299,9707081.818181816,86.0,1845.0
2025-04-02,e-영업1,전체,6.312292358803987,185410.52631578947,21136800.0,114.0,1806.0
2025-04-03,e-영업1,전체,6.340755082284607,178145.1769604441,23337018.18181818,131.0,2066.0
2025-04-04,e-영업1,전체,5.307409353652128,179836.8136813681,18163518.18181818,101.0,1903.0
2025-04-05,e-영업1,전체,7.387627948375612,177083.29682365825,29395827.27272727,166.0,2247.0
2025-04-06,e-영업1,전체,9.02542372881356,185639.22321809642,39541154.54545454,213.0,2360.0
2025-04-07,e-영업1,전체,6.089898501691639,177246.03174603175,22333000.0,126.0,2069.0
2025-04-08,e-영업1,전체,5.94665500655881,160017.37967914436,21762363.636363633,136.0,2287.0
2025-04-09,e-영업1,전체,7.856849033319621,168283.19847691574,32142090.909090906,191.0,2431.0
2025-04-10,e-영업1,전체,6.5085771947527755,173500.77519379844,22381600.0,129.0,1982.0
2025-04-11,e-영업1,전체,6.971904266389179,181506.24151967434,24321836.363636363,134.0,1922.0
2025-04-12,e-영업1,전체,5.526688710439301,182324.24242424243,21331936.363636363,117.0,2117.0
2025-04-13,e-영업1,전체,8.233841086867024,193120.7727272727,38624154.54545454,200.0,2429.0
2025-04-14,e-영업1,전체,4.8525214081826835,189216.8449197861,19300118.18181818,102.0,2102.0
2025-04-15,e-영업1,전체,5.669366364935684,160474.02597402598,19096409.09090909,119.0,2099.0
2025-04-16,e-영업1,전체,6.554216867469879,136490.97593582887,18562772.727272727,136.0,2075.0
2025-04-17,e-영업1,전체,6.407097092163627,149953.21678321678,19493918.18181818,130.0,2029.0
2025-04-18,e-영업1,전체,5.9159314997405295,181527.59170653907,20694145.454545453,114.0,1927.0
2025-04-19,e-영업1,전체,7.1065989847715745,153121.78276269184,23580754.545454543,154.0,2167.0
2025-04-20,e-영업1,전체,9.319587628865978,191962.1078037007,43383436.36363636,226.0,2425.0
2025-04-21,e-영업1,전체,8.15450643776824,158865.55023923444,30184454.545454543,190.0,2330.0
2025-04-22,e-영업1,전체,8.076422058184976,181366.7644183773,33734218.18181818,186.0,2303.0
2025-04-23,e-영업1,전체,7.210940737670948,136819.22675026124,23806545.454545453,174.0,2413.0
2025-04-24,e-영업1,전체,7.078118256365991,141289.46784922393,23171472.727272727,164.0,2317.0
2025-04-25,e-영업1,전체,5.217391304347826,138061.94295900175,14082318.18181818,102.0,1955.0
2025-04-26,e-영업1,전체,7.470376094796497,157199.6238244514,22793945.454545453,145.0,1941.0
2025-04-27,e-영업1,전체,10.454362685967029,187622.9020979021,48781954.54545454,260.0,2487.0
2025-04-28,e-영업1,전체,7.7772867874502865,145858.05785123966,25671018.18181818,176.0,2263.0
2025-04-29,e-영업1,전체,7.21326164874552,170477.13156408808,27446818.18181818,161.0,2232.0
2025-04-30,e-영업1,전체,9.133271202236719,171960.5287569573,33704263.63636363,196.0,2146.0
2025-05-01,e-영업1,전체,9.831932773109244,171831.3131313131,40208527.272727266,234.0,2380.0
2025-05-02,e-영업1,전체,7.374476987447699,149983.49451966473,21147672.727272727,141.0,1912.0
2025-05-03,e-영업1,전체,8.74604847207587,176863.0887185104,29359272.727272727,166.0,1898.0
2025-05-04,e-영업1,전체,9.62453728186145,162698.4015984016,29611109.09090909,182.0,1891.0
2025-05-05,e-영업1,전체,7.071665875652587,170533.00793166563,25409418.18181818,149.0,2107.0
2025-05-06,e-영업1,전체,9.724540901502504,176334.1396800624,41085854.54545454,233.0,2396.0
2025-05-07,e-영업1,전체,9.099264705882353,175705.50964187327,34789690.90909091,198.0,2176.0
2025-05-08,e-영업1,전체,5.555555555555555,143251.63081193616,18765963.636363637,131.0,2358.0
2025-05-09,e-영업1,전체,6.672597864768683,177035.39393939392,26555309.09090909,150.0,2248.0
2025-05-10,e-영업1,전체,6.17911615174032,128230.78250863058,20260463.636363633,158.0,2557.0
2025-05-11,e-영업1,전체,8.15811606391926,156507.09153389564,45543563.63636363,291.0,3567.0
2025-05-12,e-영업1,전체,7.287687334704672,154991.12903225806,38437800.0,248.0,3403.0
2025-05-13,e-영업1,전체,6.604402935290193,153437.32782369145,30380590.909090906,198.0,2998.0
2025-05-14,e-영업1,전체,8.082292432035269,150561.44628099172,33123518.18181818,220.0,2722.0
2025-05-15,e-영업1,전체,8.393083087304936,142631.38419369573,28383645.454545453,199.0,2371.0
2025-05-16,e-영업1,전체,6.891891891891892,173614.85442661913,26563072.727272727,153.0,2220.0
2025-05-17,e-영업1,전체,6.353722143195828,168345.72591587514,22558327.27272727,134.0,2109.0
2025-05-18,e-영업1,전체,9.942554131683606,161958.303030303,36440618.18181818,225.0,2263.0
2025-05-19,e-영업1,전체,5.405405405405405,152758.26446280992,16803409.09090909,110.0,2035.0
2025-05-20,e-영업1,전체,3.80859375,143919.34731934732,11225709.09090909,78.0,2048.0
2025-05-21,e-영업1,전체,6.797445255474452,171241.9158023185,25515045.454545453,149.0,2192.0
2025-05-22,e-영업1,전체,6.342913776015857,173681.60511363635,22231245.454545453,128.0,2018.0
2025-05-23,e-영업1,전체,7.055555555555555,167858.48246241946,21318027.27272727,127.0,1800.0
2025-05-24,e-영업1,전체,6.687730384412848,176565.13958482462,22423772.727272727,127.0,1899.0
2025-05-25,e-영업1,전체,8.76361913784936,181292.0393120393,33539027.27272727,185.0,2111.0
2025-05-26,e-영업1,전체,6.381957773512475,147970.81339712918,19680118.18181818,133.0,2084.0
2025-05-27,e-영업1,전체,7.135969141755062,118127.76412776412,17482909.09090909,148.0,2074.0
2025-05-28,e-영업1,전체,6.158357771260997,129554.7619047619,16323899.999999998,126.0,2046.0
2025-05-29,e-영업1,전체,6.821052631578947,134528.17059483725,21793563.636363633,162.0,2375.0
2025-05-30,e-영업1,전체,6.764574988874054,151790.0717703349,23072090.909090906,152.0,2247.0
2025-05-31,e-영업1,전체,7.255520504731862,167659.02503293808,23136945.454545453,138.0,1902.0
2025-06-01,e-영업1,전체,9.844559585492227,169396.41148325356,38622381.81818181,228.0,2316.0
2025-06-02,e-영업1,전체,6.612410986775178,140714.6853146853,18292909.09090909,130.0,1966.0
2025-06-03,e-영업1,전체,8.605341246290802,167175.1175548589,38784627.272727266,232.0,2696.0
2025-06-04,e-영업1,전체,6.648482782134334,126687.64568764568,24704090.909090906,195.0,2933.0
2025-06-05,e-영업1,전체,7.832422586520947,151814.37632135305,26112072.727272727,172.0,2196.0
2025-06-06,e-영업1,전체,10.360993905297702,157820.69107363225,34878372.72727273,221.0,2133.0
2025-06-07,e-영업1,전체,6.745362563237774,137326.98863636362,21972318.18181818,160.0,2372.0
2025-06-08,e-영업1,전체,10.423197492163009,158206.0833902939,42082818.18181818,266.0,2552.0
2025-06-09,e-영업1,전체,6.280193236714976,144314.9396058487,20637036.363636363,143.0,2277.0
2025-06-10,e-영업1,전체,7.367953839325344,144508.76232201533,23988454.545454543,166.0,2253.0
2025-06-11,e-영업1,전체,6.8824252355591975,111481.98051948051,18728972.727272727,168.0,2441.0
2025-06-12,e-영업1,전체,8.284556506078342,147044.86166007904,27056254.545454543,184.0,2221.0
2025-06-13,e-영업1,전체,7.886710239651416,137102.00904068304,24815463.636363633,181.0,2295.0
2025-06-14,e-영업1,전체,7.955036748811067,165987.99407114624,30541790.909090906,184.0,2313.0
2025-06-15,e-영업1,전체,10.704761904761904,161280.36234228403,45319781.81818181,281.0,2625.0
2025-06-16,e-영업1,전체,8.834310850439882,139586.23161071292,33640281.81818181,241.0,2728.0
2025-06-17,e-영업1,전체,7.373737373737374,127267.8704856787,27871663.636363633,219.0,2970.0
2025-06-18,e-영업1,전체,10.033898305084746,138102.11916461913,40878227.272727266,296.0,2950.0
2025-06-19,e-영업1,전체,10.05586592178771,139645.89225589225,37704390.90909091,270.0,2685.0
2025-06-20,e-영업1,전체,9.384858044164037,144190.794499618,34317409.090909086,238.0,2536.0
2025-06-21,e-영업1,전체,9.866573033707866,135994.2736978324,38214390.90909091,281.0,2848.0
2025-06-22,e-영업1,전체,11.970534069981584,144960.35964035965,65956963.63636363,455.0,3801.0
2025-06-23,e-영업1,전체,7.765619484645252,130172.02479338842,28637845.454545453,220.0,2833.0
2025-06-24,e-영업1,전체,7.229371688115065,148951.68967158496,28449772.727272727,191.0,2642.0
2025-06-25,e-영업1,전체,7.268993839835729,151684.28351309706,26848118.18181818,177.0,2435.0
2025-06-26,e-영업1,전체,7.312696276357111,102628.8343558282,16728499.999999998,163.0,2229.0
2025-06-27,e-영업1,전체,10.395584176632934,131565.64762670954,29733836.36363636,226.0,2174.0
2025-06-28,e-영업1,전체,9.158512720156557,138268.76456876457,32354890.909090906,234.0,2555.0
2025-06-29,e-영업1,전체,13.215700396110911,150746.24721327715,55323872.72727272,367.0,2777.0
2025-06-30,e-영업1,전체,9.194395796847637,138011.2554112554,28982363.636363633,210.0,2284.0
2025-07-01,e-영업1,전체,8.08383233532934,114790.81289081287,21695463.636363633,189.0,2338.0
2025-07-02,e-영업1,전체,8.52372583479789,106164.57357075912,20595927.27272727,194.0,2276.0
2025-07-03,e-영업1,전체,8.697632058287796,121124.17896239884,23134718.18181818,191.0,2196.0
2025-07-04,e-영업1,전체,10.119331742243437,149322.85591766724,31656445.454545453,212.0,2095.0
2025-07-05,e-영업1,전체,10.1220953131154,145530.81004598513,37401418.18181818,257.0,2539.0
2025-07-06,e-영업1,전체,12.827225130890053,139537.39729658095,47861327.272727266,343.0,2674.0
2025-07-07,e-영업1,전체,8.774767488879903,127908.63007959782,27756172.727272727,217.0,2473.0
2025-07-08,e-영업1,전체,9.544950055493896,144740.94432699084,37343163.63636363,258.0,2703.0
2025-07-09,e-영업1,전체,10.252654705236179,133309.6753246753,37326709.090909086,280.0,2731.0
2025-07-10,e-영업1,전체,9.578696343402225,145086.7974349302,34965918.18181818,241.0,2516.0
2025-07-11,e-영업1,전체,8.12735651445329,138539.5970009372,26876681.818181816,194.0,2387.0
2025-07-12,e-영업1,전체,9.541284403669724,122819.02097902098,31932945.454545453,260.0,2725.0
2025-07-13,e-영업1,전체,13.780068728522338,137895.14849240534,55295954.54545454,401.0,2910.0
2025-07-14,e-영업1,전체,7.130872483221476,122924.8663101604,20897227.27272727,170.0,2384.0
2025-07-15,e-영업1,전체,8.802060970373551,138212.32815964523,28333527.27272727,205.0,2329.0
2025-07-16,e-영업1,전체,10.660896931549962,112374.1026501174,30453381.818181816,271.0,2542.0
2025-07-17,e-영업1,전체,7.449978714346531,166146.0779220779,29075563.636363633,175.0,2349.0
2025-07-18,e-영업1,전체,9.14027149321267,133081.09810981096,26882381.818181816,202.0,2210.0
2025-07-19,e-영업1,전체,9.441052137153594,140555.67616463138,28251690.909090906,201.0,2129.0
2025-07-20,e-영업1,전체,12.796386902521641,131894.38502673796,44844090.90909091,340.0,2657.0
2025-07-21,e-영업1,전체,6.98058653448988,110760.3012372243,18718490.909090906,169.0,2421.0
2025-07-22,e-영업1,전체,9.316770186335404,132514.42424242423,29815745.454545453,225.0,2415.0
2025-07-23,e-영업1,전체,8.423913043478262,114103.56095517386,24760472.727272727,217.0,2576.0
2025-07-24,e-영업1,전체,7.8131820165866435,125098.8318943626,22392690.909090906,179.0,2291.0
2025-07-25,e-영업1,전체,9.192200557103064,115278.69605142332,22825181.818181816,198.0,2154.0
2025-07-26,e-영업1,전체,7.267053053945609,136255.8839933073,22209709.09090909,163.0,2243.0
2025-07-27,e-영업1,전체,13.664839467501958,147391.16957541025,51439518.18181818,349.0,2554.0
2025-07-28,e-영업1,전체,8.534095549203755,117910.04784688994,24643199.999999996,209.0,2449.0
2025-07-29,e-영업1,전체,6.708595387840671,118640.45454545454,18982472.727272727,160.0,2385.0
2025-07-30,e-영업1,전체,7.769097222222222,133365.61706449973,23872445.454545453,179.0,2304.0
2025-07-31,e-영업1,전체,7.110912343470482,125172.09834190964,19902363.636363633,159.0,2236.0
2025-08-01,e-영업1,전체,10.364025695931478,141430.80390683693,34226254.54545454,242.0,2335.0
2025-08-02,e-영업1,전체,10.639999999999999,135583.971291866,36065336.36363636,266.0,2500.0
2025-08-03,e-영업1,전체,9.762532981530343,144206.69533169531,42685181.81818181,296.0,3032.0
2025-08-04,e-영업1,전체,9.579341940857976,142193.79446640314,32704572.727272723,230.0,2401.0
2025-08-05,e-영업1,전체,10.25830258302583,137311.73969914977,38172663.63636363,278.0,2710.0
2025-08-06,e-영업1,전체,10.026090197540068,129454.10611693138,34823154.54545454,269.0,2683.0
2025-08-07,e-영업1,전체,7.276422764227643,147364.19502285423,26378190.909090906,179.0,2460.0
2025-08-08,e-영업1,전체,8.504007123775601,130469.25273679198,24919627.27272727,191.0,2246.0
2025-08-09,e-영업1,전체,7.889344262295082,153411.68831168828,23625399.999999996,154.0,1952.0
2025-08-10,e-영업1,전체,11.69671752196024,148406.07258354293,37546736.36363636,253.0,2163.0
2025-08-11,e-영업1,전체,6.425702811244979,143723.57954545453,18396618.18181818,128.0,1992.0
2025-08-12,e-영업1,전체,7.452782031648801,154561.3325031133,22565954.545454543,146.0,1959.0
2025-08-13,e-영업1,전체,9.407811843763126,97917.12662337662,21933436.363636363,224.0,2381.0
2025-08-14,e-영업1,전체,7.653826913456728,156981.28342245988,24018136.363636363,153.0,1999.0
2025-08-15,e-영업1,전체,11.738484398216938,151433.67855772917,35889781.81818181,237.0,2019.0
2025-08-16,e-영업1,전체,7.638888888888889,171943.7465564738,28370718.18181818,165.0,2160.0
2025-08-17,e-영업1,전체,12.020460358056265,154820.66408768535,43659427.272727266,282.0,2346.0
2025-08-18,e-영업1,전체,8.231569425599277,149074.97502497502,27131645.454545453,182.0,2211.0
2025-08-19,e-영업1,전체,7.145807517554729,116671.51865475565,20184172.727272727,173.0,2421.0
2025-08-20,e-영업1,전체,7.042253521126761,140866.0815047022,20425581.818181816,145.0,2059.0
2025-08-21,e-영업1,전체,6.7788686302010275,99279.49843260187,14395527.272727272,145.0,2139.0
2025-08-22,e-영업1,전체,7.243243243243243,146340.43419267298,19609618.18181818,134.0,1850.0
2025-08-23,e-영업1,전체,9.84811366976972,142447.89687924014,28632027.27272727,201.0,2041.0
2025-08-24,e-영업1,전체,10.52154195011338,144701.13636363635,33570663.63636363,232.0,2205.0
2025-08-25,e-영업1,전체,8.391284191006026,153687.34304369663,27817409.09090909,181.0,2157.0
2025-08-26,e-영업1,전체,7.314856883234894,140316.20553359683,22590909.09090909,161.0,2201.0
2025-08-27,e-영업1,전체,4.7767857142857135,112092.01359388274,11993845.454545453,107.0,2240.0
2025-08-28,e-영업1,전체,7.534573199809251,128369.10241657076,20282318.18181818,158.0,2097.0
2025-08-29,e-영업1,전체,7.033939990162322,167639.5422759059,23972454.545454543,143.0,2033.0
2025-08-30,e-영업1,전체,7.671480144404332,153555.1871657754,26104381.818181816,170.0,2216.0
2025-08-31,e-영업1,전체,9.526112185686655,185202.58421781263,36484909.090909086,197.0,2068.0
2025-09-01,e-영업1,전체,9.526089037817137,157690.31521242578,31380372.727272727,199.0,2089.0
2025-09-02,e-영업1,전체,9.222050489438434,125958.40528186895,22546554.545454543,179.0,1941.0
2025-09-03,e-영업1,전체,6.848582129481005,97252.8409090909,12448363.636363635,128.0,1869.0
2025-09-04,e-영업1,전체,7.915993537964459,111851.82436611007,16442218.18181818,147.0,1857.0
2025-09-05,e-영업1,전체,7.22254844392249,125648.1892091648,15454727.272727272,123.0,1703.0
2025-09-06,e-영업1,전체,7.741935483870968,172741.18457300274,22801836.363636363,132.0,1705.0
2025-09-07,e-영업1,전체,9.745533297238767,147894.0404040404,26620927.27272727,180.0,1847.0
2025-09-08,e-영업1,전체,6.191588785046729,120892.19554030875,12814572.727272727,106.0,1712.0
2025-09-09,e-영업1,전체,7.533482142857142,133540.4713804714,18027963.636363637,135.0,1792.0
2025-09-10,e-영업1,전체,10.459183673469388,117246.45232815963,19228418.18181818,164.0,1568.0
2025-09-11,e-영업1,전체,7.443365695792881,152367.35177865613,17522245.454545453,115.0,1545.0
2025-09-12,e-영업1,전체,6.914893617021277,213911.5884115884,19465954.545454543,91.0,1316.0
2025-09-13,e-영업1,전체,7.765151515151516,247822.0251293422,30482109.09090909,123.0,1584.0
2025-09-14,e-영업1,전체,11.732456140350877,230432.79524214103,49312618.18181818,214.0,1824.0
2025-09-15,e-영업1,전체,5.75139146567718,194218.08406647114,18062281.818181816,93.0,1617.0
2025-09-16,e-영업1,전체,6.03848706038487,146167.03296703295,13301199.999999998,91.0,1507.0
2025-09-17,e-영업1,전체,6.711864406779661,168916.62075298437,16722745.454545453,99.0,1475.0
2025-09-18,e-영업1,전체,8.143800440205428,194381.90008190006,21576390.909090906,111.0,1363.0
2025-09-19,e-영업1,전체,7.124681933842239,169290.25974025973,18960509.09090909,112.0,1572.0
2025-09-20,e-영업1,전체,7.318467695826186,237579.1193181818,30410127.27272727,128.0,1749.0
2025-09-21,e-영업1,전체,9.984152139461171,209288.64838864835,39555554.54545454,189.0,1893.0
2025-09-22,e-영업1,전체,9.071156979902227,180667.2291780076,30171427.27272727,167.0,1841.0
2025-09-23,e-영업1,전체,10.223144784639336,131529.07245039224,25911227.27272727,197.0,1927.0
2025-09-24,e-영업1,전체,8.856088560885608,164634.63203463203,27658618.18181818,168.0,1897.0
2025-09-25,e-영업1,전체,9.948453608247423,164285.633537447,31707127.27272727,193.0,1940.0
2025-09-26,e-영업1,전체,6.764705882352941,144683.63636363635,16638618.18181818,115.0,1700.0
2025-09-27,e-영업1,전체,9.253731343283581,190892.49266862168,29588336.36363636,155.0,1675.0
2025-09-28,e-영업1,전체,10.531448074110191,213386.82659932657,46091554.54545454,216.0,2051.0
2025-09-29,e-영업1,전체,6.71006509764647,146484.12483039347,19628872.727272727,134.0,1997.0
2025-09-30,e-영업1,전체,10.187110187110187,167239.70315398887,32778981.818181816,196.0,1924.0
2025-10-01,e-영업1,전체,7.057256990679095,125853.85934819897,13340509.09090909,106.0,1502.0
2025-10-02,e-영업1,전체,4.920514761544284,213314.54545454544,13865445.454545453,65.0,1321.0
2025-10-03,e-영업1,전체,4.477611940298507,217417.316017316,13697290.909090908,63.0,1407.0
2025-10-04,e-영업1,전체,6.782106782106783,264195.5512572534,24834381.818181816,94.0,1386.0
2025-10-05,e-영업1,전체,6.553398058252427,274423.4567901235,22228300.0,81.0,1236.0
2025-10-06,e-영업1,전체,6.378600823045268,250646.52981427172,23310127.27272727,93.0,1458.0
2025-10-07,e-영업1,전체,7.324455205811138,187220.81141998497,22653718.18181818,121.0,1652.0
2025-10-08,e-영업1,전체,7.637752318603383,207872.987012987,29102218.18181818,140.0,1833.0
2025-10-09,e-영업1,전체,6.905116741182315,178198.43034663177,24769581.818181816,139.0,2013.0
2025-10-10,e-영업1,전체,8.426073131955485,226399.48542024012,35997518.18181818,159.0,1887.0
2025-10-11,e-영업1,전체,6.372303060712493,216200.57265569075,27457472.727272727,127.0,1993.0
2025-10-12,e-영업1,전체,9.036697247706423,219986.52514997692,43337345.45454545,197.0,2180.0
2025-10-13,e-영업1,전체,6.226516371443908,239053.6833855799,27730227.27272727,116.0,1863.0
2025-10-14,e-영업1,전체,4.432301153612629,192335.7409713574,14040509.09090909,73.0,1647.0
2025-10-15,e-영업1,전체,5.690537084398977,156774.46373850867,13952927.272727272,89.0,1564.0
2025-10-16,e-영업1,전체,7.268322228952149,174113.1818181818,20893581.818181816,120.0,1651.0
2025-10-17,e-영업1,전체,5.481120584652863,212444.2424242424,19119981.818181816,90.0,1642.0
2025-10-18,e-영업1,전체,9.11259541984733,280953.78391242266,53662172.72727273,191.0,2096.0
2025-10-19,e-영업1,전체,10.689655172413794,246947.13028906574,53587527.272727266,217.0,2030.0
2025-10-20,e-영업1,전체,8.592722490135905,244968.6456400742,48013854.54545454,196.0,2281.0
2025-10-21,e-영업1,전체,8.542931483087598,223739.91693585602,44076763.63636363,197.0,2306.0
2025-10-22,e-영업1,전체,6.688417618270799,207045.8980044346,33955527.27272727,164.0,2452.0
2025-10-23,e-영업1,전체,8.200922603792925,217217.38636363632,34754781.81818181,160.0,1951.0
2025-10-24,e-영업1,전체,7.194244604316546,217910.48951048948,28328363.636363633,130.0,1807.0
2025-10-25,e-영업1,전체,4.579768495218923,271957.7422577422,24748154.545454543,91.0,1987.0
2025-10-26,e-영업1,전체,7.133969307341352,238145.29598308666,40960990.90909091,172.0,2411.0
2025-10-27,e-영업1,전체,4.735883424408015,179395.71678321675,18657154.545454543,104.0,2196.0
2025-10-28,e-영업1,전체,4.061976549413735,108872.25866916588,10560609.09090909,97.0,2388.0
2025-10-29,e-영업1,전체,5.594102341717259,160989.85200845663,20767690.909090906,129.0,2306.0
2025-10-30,e-영업1,전체,5.549738219895288,194993.5677530017,20669318.18181818,106.0,1910.0
2025-10-31,e-영업1,전체,6.534422403733956,242467.1266233766,27156318.18181818,112.0,1714.0
2025-11-01,e-영업1,전체,7.982151710461081,306822.0779220779,49398354.54545454,161.0,2017.0
2025-11-02,e-영업1,전체,8.803521408563425,253719.38016528924,55818263.63636363,220.0,2499.0
2025-11-03,e-영업1,전체,6.139575971731449,233942.24983649442,32517972.727272723,139.0,2264.0
2025-11-04,e-영업1,전체,6.4638783269961975,203991.04278074866,27742781.818181816,136.0,2104.0
2025-11-05,e-영업1,전체,6.267154620311071,228529.32979429327,31308518.18181818,137.0,2186.0
2025-11-06,e-영업1,전체,6.428226196230062,258168.42105263157,34336400.0,133.0,2069.0
2025-11-07,e-영업1,전체,5.176093916755603,262828.9597000937,25494409.09090909,97.0,1874.0
2025-11-08,e-영업1,전체,5.562913907284768,317881.24098124093,40053036.36363636,126.0,2265.0
2025-11-09,e-영업1,전체,9.261342332208473,283103.45969819656,69926554.54545455,247.0,2667.0
2025-11-10,e-영업1,전체,7.250341997264022,323227.9588336192,51393245.45454545,159.0,2193.0
2025-11-11,e-영업1,전체,6.996521066872825,259476.14264188847,46965181.81818181,181.0,2587.0
2025-11-12,e-영업1,전체,5.855290673358427,273514.5454545454,38292036.36363636,140.0,2391.0
2025-11-13,e-영업1,전체,8.053901598245064,256380.36788114606,65889754.54545454,257.0,3191.0
2025-11-14,e-영업1,전체,5.372445616348055,175621.91857222532,28626372.727272727,163.0,3034.0
2025-11-15,e-영업1,전체,6.157965194109773,234655.8629776021,32382509.09090909,138.0,2241.0
2025-11-16,e-영업1,전체,7.900852052672347,288025.311942959,58757163.63636363,204.0,2582.0
2025-11-17,e-영업1,전체,5.0740740740740735,158273.05905773057,21683409.09090909,137.0,2700.0
2025-11-18,e-영업1,전체,5.610673965104345,231390.46563192902,37948036.36363636,164.0,2923.0
2025-11-19,e-영업1,전체,5.504950495049505,219136.494440811,30459972.727272727,139.0,2525.0
2025-11-20,e-영업1,전체,5.711775043936731,241112.51748251746,31344627.27272727,130.0,2276.0
2025-11-21,e-영업1,전체,4.704301075268817,174236.8831168831,18294872.727272727,105.0,2232.0
2025-11-22,e-영업1,전체,5.404198302813756,428255.97295266716,51818972.72727273,121.0,2239.0
2025-11-23,e-영업1,전체,7.73598296664301,335114.011676397,73054854.54545455,218.0,2818.0
2025-11-24,e-영업1,전체,5.307599517490953,271227.13498622586,35801981.81818181,132.0,2487.0
2025-11-25,e-영업1,전체,8.02980132450331,253299.48453608243,49140099.99999999,194.0,2416.0
2025-11-26,e-영업1,전체,6.67470848411741,203104.60021905802,33715363.63636363,166.0,2487.0
2025-11-27,e-영업1,전체,8.212180746561886,258775.90256633318,54084163.63636363,209.0,2545.0
2025-11-28,e-영업1,전체,4.912122577737719,121022.60216847372,13191463.636363635,109.0,2219.0
2025-11-29,e-영업1,전체,5.894476504534213,284554.54545454547,40691300.0,143.0,2426.0
2025-11-30,e-영업1,전체,7.65643218033424,303873.8809413936,59863154.54545454,197.0,2573.0
2025-12-01,e-영업1,전체,6.2021439509954055,192932.15488215486,31255009.09090909,162.0,2612.0
2025-12-02,e-영업1,전체,6.520874751491054,128034.70066518846,20997690.909090906,164.0,2515.0
2025-12-03,e-영업1,전체,7.0837828119381525,213818.73557914165,42122290.90909091,197.0,2781.0
2025-12-04,e-영업1,전체,7.077534791252485,170769.4075587334,30396954.545454543,178.0,2515.0
2025-12-05,e-영업1,전체,5.641233766233766,210735.05559189012,29292172.727272727,139.0,2464.0
2025-12-06,e-영업1,전체,6.0236370568051845,287427.330264672,45413518.18181818,158.0,2623.0
2025-12-07,e-영업1,전체,8.507621410847218,282555.0,67813200.0,240.0,2821.0
2025-12-08,e-영업1,전체,6.808510638297872,210784.40082644625,37098054.54545454,176.0,2585.0
2025-12-09,e-영업1,전체,6.948076204706761,194050.8797653959,36093463.63636363,186.0,2677.0
2025-12-10,e-영업1,전체,8.155885897950984,311539.45364979847,63242509.090909086,203.0,2489.0
2025-12-11,e-영업1,전체,8.019578313253012,264459.7097737943,56329918.18181818,213.0,2656.0
2025-12-12,e-영업1,전체,6.053067993366501,221614.3835616438,32355699.999999996,146.0,2412.0
2025-12-13,e-영업1,전체,6.267029972752043,245401.80688876339,39509690.90909091,161.0,2569.0
2025-12-14,e-영업1,전체,9.845679012345679,275420.49016813905,87859136.36363636,319.0,3240.0
2025-12-15,e-영업1,전체,6.790339516975849,190794.84536082475,37014200.0,194.0,2857.0
2025-12-16,e-영업1,전체,6.846240179573512,160169.54793840038,29311027.27272727,183.0,2673.0
2025-12-17,e-영업1,전체,7.207920792079207,199067.58241758242,36230300.0,182.0,2525.0
2025-12-18,e-영업1,전체,7.195932733672272,317535.47430830036,58426527.272727266,184.0,2557.0
2025-12-19,e-영업1,전체,6.484641638225256,178955.32296650717,27201209.09090909,152.0,2344.0
2025-12-20,e-영업1,전체,6.88952303302079,279801.0758472297,47286381.81818181,169.0,2453.0
2025-12-21,e-영업1,전체,9.718498659517426,260121.50470219433,75435236.36363636,290.0,2984.0
2025-12-22,e-영업1,전체,9.59232613908873,235673.63636363635,65988618.18181818,280.0,2919.0
2025-12-23,e-영업1,전체,6.863527533918595,186254.1226215645,32035709.09090909,172.0,2506.0
2025-12-24,e-영업1,전체,5.9708295350957155,226643.78903539205,29690336.36363636,131.0,2194.0
2025-12-25,e-영업1,전체,7.511923688394277,290535.2092352092,54911154.54545454,189.0,2516.0
2025-12-26,e-영업1,전체,3.5387673956262424,125560.67415730337,11174900.0,89.0,2515.0
2025-12-27,e-영업1,전체,4.937791601866252,268092.9849677881,34047809.090909086,127.0,2572.0
2025-12-28,e-영업1,전체,8.883058470764619,304978.0974299961,72279809.09090908,237.0,2668.0
2025-12-29,e-영업1,전체,5.5533674675068925,203696.32495164408,28721181.818181816,141.0,2539.0
2025-12-30,e-영업1,전체,7.1581654522074585,263449.9183451279,43996136.36363636,167.0,2333.0
2025-12-31,e-영업1,전체,4.248210023866348,213882.5331971399,19035545.454545453,89.0,2095.0
2025-01-01,e-영업1,회원,12.509593246354566,212854.99163413272,34695363.63636363,163.0,1303.0
2025-01-02,e-영업1,회원,7.6923076923076925,110945.14106583071,9652227.272727272,87.0,1131.0
2025-01-03,e-영업1,회원,9.898242368177614,295751.4868309261,31645409.09090909,107.0,1081.0
2025-01-04,e-영업1,회원,10.126582278481013,218760.01420454544,28001281.818181816,128.0,1264.0
2025-01-05,e-영업1,회원,11.5736885928393,248039.37213865272,34477472.72727273,139.0,1201.0
2025-01-06,e-영업1,회원,9.283088235294118,212584.78847884786,21471063.636363633,101.0,1088.0
2025-01-07,e-영업1,회원,10.015527950310558,203463.9887244538,26246854.545454543,129.0,1288.0
2025-01-08,e-영업1,회원,11.085271317829458,234729.75206611567,33566354.54545454,143.0,1290.0
2025-01-09,e-영업1,회원,9.94718309859155,239281.3354786806,27038790.909090906,113.0,1136.0
2025-01-10,e-영업1,회원,14.258911819887429,254432.41626794255,38673727.272727266,152.0,1066.0
2025-01-11,e-영업1,회원,10.451505016722408,246424.94545454544,30803118.18181818,125.0,1196.0
2025-01-12,e-영업1,회원,11.476725521669342,232277.17736808644,33215636.36363636,143.0,1246.0
2025-01-13,e-영업1,회원,11.046511627906977,153711.8933697881,20443681.818181816,133.0,1204.0
2025-01-14,e-영업1,회원,12.829650748396293,174305.101010101,31374918.18181818,180.0,1403.0
2025-01-15,e-영업1,회원,11.842105263157894,173943.32210998877,28178818.18181818,162.0,1368.0
2025-01-16,e-영업1,회원,10.833333333333334,222621.3986013986,28940781.818181816,130.0,1200.0
2025-01-17,e-영업1,회원,12.724167378309136,200651.12873703477,29897018.18181818,149.0,1171.0
2025-01-18,e-영업1,회원,9.401709401709402,227661.23215627347,27547009.09090909,121.0,1287.0
2025-01-19,e-영업1,회원,14.080242240726722,238853.71456500486,44426790.90909091,186.0,1321.0
2025-01-20,e-영업1,회원,13.581244947453516,195994.0476190476,32926999.999999996,168.0,1237.0
2025-01-21,e-영업1,회원,11.05691056910569,194745.5882352941,26485399.999999996,136.0,1230.0
2025-01-22,e-영업1,회원,13.138075313807532,185322.9299363057,29095699.999999996,157.0,1195.0
2025-01-23,e-영업1,회원,12.315698178664354,191302.1126760563,27164899.999999996,142.0,1153.0
2025-01-24,e-영업1,회원,11.518858307849133,211660.7401448109,23917663.636363633,113.0,981.0
2025-01-25,e-영업1,회원,11.938775510204081,285241.80264180264,33373290.909090906,117.0,980.0
2025-01-26,e-영업1,회원,8.81188118811881,182788.96833503572,16268218.18181818,89.0,1010.0
2025-01-27,e-영업1,회원,10.147783251231528,230737.59929390997,23765972.727272727,103.0,1015.0
2025-01-28,e-영업1,회원,8.480176211453745,195265.8795749705,15035472.727272727,77.0,908.0
2025-01-29,e-영업1,회원,11.586638830897703,209698.8533988534,23276572.727272727,111.0,958.0
2025-01-30,e-영업1,회원,15.44943820224719,201936.14325068868,33319463.636363633,165.0,1068.0
2025-01-31,e-영업1,회원,14.098972922502334,213255.5087296809,32201581.818181816,151.0,1071.0
2025-02-01,e-영업1,회원,10.864393338620143,252875.71333775713,34643972.72727273,137.0,1261.0
2025-02-02,e-영업1,회원,15.220820189274448,270959.6796985398,52295218.18181818,193.0,1268.0
2025-02-03,e-영업1,회원,7.566089334548769,162012.37677984664,13447027.272727272,83.0,1097.0
2025-02-04,e-영업1,회원,9.58904109589041,268266.8831168831,30045890.909090906,112.0,1168.0
2025-02-05,e-영업1,회원,10.925039872408293,217215.72660915725,29758554.545454543,137.0,1254.0
2025-02-06,e-영업1,회원,8.079847908745247,126953.90374331549,10791081.818181816,85.0,1052.0
2025-02-07,e-영업1,회원,12.389380530973451,273144.0836940837,34416154.54545454,126.0,1017.0
2025-02-08,e-영업1,회원,11.101000909918108,182249.4038748137,22234427.27272727,122.0,1099.0
2025-02-09,e-영업1,회원,14.785992217898833,212221.14832535884,40322018.18181818,190.0,1285.0
2025-02-10,e-영업1,회원,11.600719424460431,113630.584918957,14658345.454545453,129.0,1112.0
2025-02-11,e-영업1,회원,13.746369796708615,174529.57746478872,24783199.999999996,142.0,1033.0
2025-02-12,e-영업1,회원,13.30834114339269,187056.33802816898,26561999.999999996,142.0,1067.0
2025-02-13,e-영업1,회원,6.813417190775681,230340.13986013984,14972109.09090909,65.0,954.0
2025-02-14,e-영업1,회원,10.991379310344827,210234.13547237075,21443881.818181816,102.0,928.0
2025-02-15,e-영업1,회원,8.949771689497716,228988.77551020408,22440900.0,98.0,1095.0
2025-02-16,e-영업1,회원,15.080033698399326,244476.58710005076,43761309.090909086,179.0,1187.0
2025-02-17,e-영업1,회원,7.464028776978417,109863.52683461117,9118672.727272727,83.0,1112.0
2025-02-18,e-영업1,회원,9.800362976406534,119246.71717171716,12878645.454545453,108.0,1102.0
2025-02-19,e-영업1,회원,11.239193083573488,214814.76301476298,25133327.27272727,117.0,1041.0
2025-02-20,e-영업1,회원,9.839357429718875,191875.6029684601,18803809.09090909,98.0,996.0
2025-02-21,e-영업1,회원,11.866125760649087,232866.27816627815,27245354.545454543,117.0,986.0
2025-02-22,e-영업1,회원,10.08695652173913,167553.3699059561,19436190.909090906,116.0,1150.0
2025-02-23,e-영업1,회원,14.523809523809526,218686.14008941877,40019563.63636363,183.0,1260.0
2025-02-24,e-영업1,회원,8.85036496350365,202711.80880974693,19663045.454545453,97.0,1096.0
2025-02-25,e-영업1,회원,12.903225806451612,189311.78977272726,24231909.09090909,128.0,992.0
2025-02-26,e-영업1,회원,13.71480472297911,171862.79349789282,25951281.818181816,151.0,1101.0
2025-02-27,e-영업1,회원,13.417190775681343,212977.05965909088,27261063.636363633,128.0,954.0
2025-02-28,e-영업1,회원,12.574850299401197,217832.34384662955,32021354.545454543,147.0,1169.0
2025-03-01,e-영업1,회원,13.121434392828036,225103.8961038961,36241727.27272727,161.0,1227.0
2025-03-02,e-영업1,회원,8.835027365129006,225437.48994368463,25474436.363636363,113.0,1279.0
2025-03-03,e-영업1,회원,12.804878048780488,173810.26592455164,25550109.09090909,147.0,1148.0
2025-03-04,e-영업1,회원,10.420475319926874,185173.92344497604,21109827.27272727,114.0,1094.0
2025-03-05,e-영업1,회원,11.879432624113475,226448.37177747625,30344081.818181816,134.0,1128.0
2025-03-06,e-영업1,회원,11.444141689373296,210487.87878787878,26521472.727272727,126.0,1101.0
2025-03-07,e-영업1,회원,8.604206500956023,168502.82828282827,15165254.545454545,90.0,1046.0
2025-03-08,e-영업1,회원,13.53874883286648,237271.34796238242,34404345.45454545,145.0,1071.0
2025-03-09,e-영업1,회원,16.411906677393404,208189.21568627452,42470600.0,204.0,1243.0
2025-03-10,e-영업1,회원,9.704251386321626,134276.36363636362,14099018.18181818,105.0,1082.0
2025-03-11,e-영업1,회원,10.633946830265849,108243.09440559438,11257281.818181816,104.0,978.0
2025-03-12,e-영업1,회원,13.225806451612904,122182.85291943827,15028490.909090908,123.0,930.0
2025-03-13,e-영업1,회원,10.99476439790576,208480.2597402597,21890427.27272727,105.0,955.0
2025-03-14,e-영업1,회원,11.902231668437832,183894.07467532466,20596136.363636363,112.0,941.0
2025-03-15,e-영업1,회원,12.83851554663992,225438.77840909088,28856163.636363633,128.0,997.0
2025-03-16,e-영업1,회원,17.284991568296796,210020.66518847004,43054236.36363636,205.0,1186.0
2025-03-17,e-영업1,회원,13.130252100840337,197104.94545454544,24638118.18181818,125.0,952.0
2025-03-18,e-영업1,회원,10.191082802547772,102156.62878787878,9807036.363636363,96.0,942.0
2025-03-19,e-영업1,회원,10.617551462621885,179326.15955473098,17573963.636363637,98.0,923.0
2025-03-20,e-영업1,회원,8.700696055684455,203824.9696969697,15286872.727272727,75.0,862.0
2025-03-21,e-영업1,회원,10.74561403508772,167917.53246753244,16455918.18181818,98.0,912.0
2025-03-22,e-영업1,회원,11.022044088176353,234275.61983471073,25770318.18181818,110.0,998.0
2025-03-23,e-영업1,회원,14.31175934366454,220957.73016792123,34690363.63636363,157.0,1097.0
2025-03-24,e-영업1,회원,13.020833333333334,203297.01818181816,25412127.27272727,125.0,960.0
2025-03-25,e-영업1,회원,10.248447204968944,170961.98347107437,16925236.363636363,99.0,966.0
2025-03-26,e-영업1,회원,12.639821029082773,127706.75784392597,14430863.636363635,113.0,894.0
2025-03-27,e-영업1,회원,12.616822429906541,111252.27272727272,12015245.454545453,108.0,856.0
2025-03-28,e-영업1,회원,13.528748590755354,196452.04545454544,23574245.454545453,120.0,887.0
2025-03-29,e-영업1,회원,14.3014301430143,193191.3986013986,25114881.818181816,130.0,909.0
2025-03-30,e-영업1,회원,17.033492822966505,200323.13585291113,35657518.18181818,178.0,1045.0
2025-03-31,e-영업1,회원,18.26086956521739,177579.816017316,29833409.09090909,168.0,920.0
2025-04-01,e-영업1,회원,9.492273730684326,112873.04439746299,9707081.818181816,86.0,906.0
2025-04-02,e-영업1,회원,12.624584717607974,185410.52631578947,21136800.0,114.0,903.0
2025-04-03,e-영업1,회원,12.868369351669942,178145.1769604441,23337018.18181818,131.0,1018.0
2025-04-04,e-영업1,회원,10.883620689655173,179836.8136813681,18163518.18181818,101.0,928.0
2025-04-05,e-영업1,회원,15.257352941176471,177083.29682365825,29395827.27272727,166.0,1088.0
2025-04-06,e-영업1,회원,18.409680207433016,185639.22321809642,39541154.54545454,213.0,1157.0
2025-04-07,e-영업1,회원,12.5,177246.03174603175,22333000.0,126.0,1008.0
2025-04-08,e-영업1,회원,12.615955473098332,160017.37967914436,21762363.636363633,136.0,1078.0
2025-04-09,e-영업1,회원,16.872791519434628,168283.19847691574,32142090.909090906,191.0,1132.0
2025-04-10,e-영업1,회원,13.244353182751539,173500.77519379844,22381600.0,129.0,974.0
2025-04-11,e-영업1,회원,14.596949891067537,181506.24151967434,24321836.363636363,134.0,918.0
2025-04-12,e-영업1,회원,11.549851924975322,182324.24242424243,21331936.363636363,117.0,1013.0
2025-04-13,e-영업1,회원,16.93480101608806,193120.7727272727,38624154.54545454,200.0,1181.0
2025-04-14,e-영업1,회원,10.636079249217936,189216.8449197861,19300118.18181818,102.0,959.0
2025-04-15,e-영업1,회원,12.09349593495935,160474.02597402598,19096409.09090909,119.0,984.0
2025-04-16,e-영업1,회원,14.19624217118998,136490.97593582887,18562772.727272727,136.0,958.0
2025-04-17,e-영업1,회원,14.130434782608695,149953.21678321678,19493918.18181818,130.0,920.0
2025-04-18,e-영업1,회원,12.582781456953644,181527.59170653907,20694145.454545453,114.0,906.0
2025-04-19,e-영업1,회원,14.232902033271719,153121.78276269184,23580754.545454543,154.0,1082.0
2025-04-20,e-영업1,회원,19.023569023569024,191962.1078037007,43383436.36363636,226.0,1188.0
2025-04-21,e-영업1,회원,17.00984780662489,158865.55023923444,30184454.545454543,190.0,1117.0
2025-04-22,e-영업1,회원,16.562778272484415,181366.7644183773,33734218.18181818,186.0,1123.0
2025-04-23,e-영업1,회원,14.415907207953605,136819.22675026124,23806545.454545453,174.0,1207.0
2025-04-24,e-영업1,회원,14.882032667876588,141289.46784922393,23171472.727272727,164.0,1102.0
2025-04-25,e-영업1,회원,10.220440881763528,138061.94295900175,14082318.18181818,102.0,998.0
2025-04-26,e-영업1,회원,14.384920634920634,157199.6238244514,22793945.454545453,145.0,1008.0
2025-04-27,e-영업1,회원,19.563581640331076,187622.9020979021,48781954.54545454,260.0,1329.0
2025-04-28,e-영업1,회원,15.37117903930131,145858.05785123966,25671018.18181818,176.0,1145.0
2025-04-29,e-영업1,회원,14.362176628010706,170477.13156408808,27446818.18181818,161.0,1121.0
2025-04-30,e-영업1,회원,17.65765765765766,171960.5287569573,33704263.63636363,196.0,1110.0
2025-05-01,e-영업1,회원,17.76765375854214,171831.3131313131,40208527.272727266,234.0,1317.0
2025-05-02,e-영업1,회원,13.44137273593899,149983.49451966473,21147672.727272727,141.0,1049.0
2025-05-03,e-영업1,회원,16.419386745796242,176863.0887185104,29359272.727272727,166.0,1011.0
2025-05-04,e-영업1,회원,18.328298086606242,162698.4015984016,29611109.09090909,182.0,993.0
2025-05-05,e-영업1,회원,13.387241689128482,170533.00793166563,25409418.18181818,149.0,1113.0
2025-05-06,e-영업1,회원,18.28885400313972,176334.1396800624,41085854.54545454,233.0,1274.0
2025-05-07,e-영업1,회원,17.741935483870968,175705.50964187327,34789690.90909091,198.0,1116.0
2025-05-08,e-영업1,회원,10.907577019150708,143251.63081193616,18765963.636363637,131.0,1201.0
2025-05-09,e-영업1,회원,12.755102040816327,177035.39393939392,26555309.09090909,150.0,1176.0
2025-05-10,e-영업1,회원,11.91553544494721,128230.78250863058,20260463.636363633,158.0,1326.0
2025-05-11,e-영업1,회원,17.519566526189042,156507.09153389564,45543563.63636363,291.0,1661.0
2025-05-12,e-영업1,회원,14.975845410628018,154991.12903225806,38437800.0,248.0,1656.0
2025-05-13,e-영업1,회원,13.164893617021276,153437.32782369145,30380590.909090906,198.0,1504.0
2025-05-14,e-영업1,회원,15.625,150561.44628099172,33123518.18181818,220.0,1408.0
2025-05-15,e-영업1,회원,15.632364493322859,142631.38419369573,28383645.454545453,199.0,1273.0
2025-05-16,e-영업1,회원,13.587921847246893,173614.85442661913,26563072.727272727,153.0,1126.0
2025-05-17,e-영업1,회원,12.104787714543813,168345.72591587514,22558327.27272727,134.0,1107.0
2025-05-18,e-영업1,회원,18.397383483237938,161958.303030303,36440618.18181818,225.0,1223.0
2025-05-19,e-영업1,회원,10.826771653543307,152758.26446280992,16803409.09090909,110.0,1016.0
2025-05-20,e-영업1,회원,7.823470411233702,143919.34731934732,11225709.09090909,78.0,997.0
2025-05-21,e-영업1,회원,14.5224171539961,171241.9158023185,25515045.454545453,149.0,1026.0
2025-05-22,e-영업1,회원,11.72161172161172,173681.60511363635,22231245.454545453,128.0,1092.0
2025-05-23,e-영업1,회원,14.06423034330011,167858.48246241946,21318027.27272727,127.0,903.0
2025-05-24,e-영업1,회원,12.599206349206348,176565.13958482462,22423772.727272727,127.0,1008.0
2025-05-25,e-영업1,회원,16.925892040256176,181292.0393120393,33539027.27272727,185.0,1093.0
2025-05-26,e-영업1,회원,,147970.81339712918,19680118.18181818,133.0,0.0
2025-05-27,e-영업1,회원,14.203454894433781,118127.76412776412,17482909.09090909,148.0,1042.0
2025-05-28,e-영업1,회원,12.562313060817548,129554.7619047619,16323899.999999998,126.0,1003.0
2025-05-29,e-영업1,회원,13.647851727042964,134528.17059483725,21793563.636363633,162.0,1187.0
2025-05-30,e-영업1,회원,13.13742437337943,151790.0717703349,23072090.909090906,152.0,1157.0
2025-05-31,e-영업1,회원,13.411078717201166,167659.02503293808,23136945.454545453,138.0,1029.0
2025-06-01,e-영업1,회원,18.181818181818183,169396.41148325356,38622381.81818181,228.0,1254.0
2025-06-02,e-영업1,회원,12.833168805528134,140714.6853146853,18292909.09090909,130.0,1013.0
2025-06-03,e-영업1,회원,16.31504922644163,167175.1175548589,38784627.272727266,232.0,1422.0
2025-06-04,e-영업1,회원,12.572533849129593,126687.64568764568,24704090.909090906,195.0,1551.0
2025-06-05,e-영업1,회원,14.250207125103561,151814.37632135305,26112072.727272727,172.0,1207.0
2025-06-06,e-영업1,회원,18.264462809917354,157820.69107363225,34878372.72727273,221.0,1210.0
2025-06-07,e-영업1,회원,12.279355333844972,137326.98863636362,21972318.18181818,160.0,1303.0
2025-06-08,e-영업1,회원,19.09547738693467,158206.0833902939,42082818.18181818,266.0,1393.0
2025-06-09,e-영업1,회원,11.6260162601626,144314.9396058487,20637036.363636363,143.0,1230.0
2025-06-10,e-영업1,회원,13.833333333333334,144508.76232201533,23988454.545454543,166.0,1200.0
2025-06-11,e-영업1,회원,13.418530351437699,111481.98051948051,18728972.727272727,168.0,1252.0
2025-06-12,e-영업1,회원,15.449202350965574,147044.86166007904,27056254.545454543,184.0,1191.0
2025-06-13,e-영업1,회원,14.229559748427672,137102.00904068304,24815463.636363633,181.0,1272.0
2025-06-14,e-영업1,회원,13.886792452830187,165987.99407114624,30541790.909090906,184.0,1325.0
2025-06-15,e-영업1,회원,18.535620052770447,161280.36234228403,45319781.81818181,281.0,1516.0
2025-06-16,e-영업1,회원,15.109717868338556,139586.23161071292,33640281.81818181,241.0,1595.0
2025-06-17,e-영업1,회원,12.874779541446207,127267.8704856787,27871663.636363633,219.0,1701.0
2025-06-18,e-영업1,회원,16.619876473891075,138102.11916461913,40878227.272727266,296.0,1781.0
2025-06-19,e-영업1,회원,16.33393829401089,139645.89225589225,37704390.90909091,270.0,1653.0
2025-06-20,e-영업1,회원,14.884302689180737,144190.794499618,34317409.090909086,238.0,1599.0
2025-06-21,e-영업1,회원,15.533443891652846,135994.2736978324,38214390.90909091,281.0,1809.0
2025-06-22,e-영업1,회원,19.101595298068847,144960.35964035965,65956963.63636363,455.0,2382.0
2025-06-23,e-영업1,회원,12.359550561797752,130172.02479338842,28637845.454545453,220.0,1780.0
2025-06-24,e-영업1,회원,11.959924859110833,148951.68967158496,28449772.727272727,191.0,1597.0
2025-06-25,e-영업1,회원,12.0,151684.28351309706,26848118.18181818,177.0,1475.0
2025-06-26,e-영업1,회원,12.011790714812086,102628.8343558282,16728499.999999998,163.0,1357.0
2025-06-27,e-영업1,회원,16.89088191330344,131565.64762670954,29733836.36363636,226.0,1338.0
2025-06-28,e-영업1,회원,15.11627906976744,138268.76456876457,32354890.909090906,234.0,1548.0
2025-06-29,e-영업1,회원,21.424401634559253,150746.24721327715,55323872.72727272,367.0,1713.0
2025-06-30,e-영업1,회원,15.418502202643172,138011.2554112554,28982363.636363633,210.0,1362.0
2025-07-01,e-영업1,회원,13.785557986870897,114790.81289081287,21695463.636363633,189.0,1371.0
2025-07-02,e-영업1,회원,14.37037037037037,106164.57357075912,20595927.27272727,194.0,1350.0
2025-07-03,e-영업1,회원,14.82919254658385,121124.17896239884,23134718.18181818,191.0,1288.0
2025-07-04,e-영업1,회원,17.235772357723576,149322.85591766724,31656445.454545453,212.0,1230.0
2025-07-05,e-영업1,회원,16.645077720207254,145530.81004598513,37401418.18181818,257.0,1544.0
2025-07-06,e-영업1,회원,20.813106796116504,139537.39729658095,47861327.272727266,343.0,1648.0
2025-07-07,e-영업1,회원,15.017301038062284,127908.63007959782,27756172.727272727,217.0,1445.0
2025-07-08,e-영업1,회원,15.876923076923077,144740.94432699084,37343163.63636363,258.0,1625.0
2025-07-09,e-영업1,회원,17.0316301703163,133309.6753246753,37326709.090909086,280.0,1644.0
2025-07-10,e-영업1,회원,15.834428383705651,145086.7974349302,34965918.18181818,241.0,1522.0
2025-07-11,e-영업1,회원,14.170927684441198,138539.5970009372,26876681.818181816,194.0,1369.0
2025-07-12,e-영업1,회원,15.757575757575756,122819.02097902098,31932945.454545453,260.0,1650.0
2025-07-13,e-영업1,회원,22.57882882882883,137895.14849240534,55295954.54545454,401.0,1776.0
2025-07-14,e-영업1,회원,12.039660056657224,122924.8663101604,20897227.27272727,170.0,1412.0
2025-07-15,e-영업1,회원,14.456981664315938,138212.32815964523,28333527.27272727,205.0,1418.0
2025-07-16,e-영업1,회원,17.43886743886744,112374.1026501174,30453381.818181816,271.0,1554.0
2025-07-17,e-영업1,회원,12.297962052002811,166146.0779220779,29075563.636363633,175.0,1423.0
2025-07-18,e-영업1,회원,15.153788447111777,133081.09810981096,26882381.818181816,202.0,1333.0
2025-07-19,e-영업1,회원,15.056179775280897,140555.67616463138,28251690.909090906,201.0,1335.0
2025-07-20,e-영업1,회원,20.643594414086216,131894.38502673796,44844090.90909091,340.0,1647.0
2025-07-21,e-영업1,회원,11.752433936022253,110760.3012372243,18718490.909090906,169.0,1438.0
2025-07-22,e-영업1,회원,15.668523676880222,132514.42424242423,29815745.454545453,225.0,1436.0
2025-07-23,e-영업1,회원,15.069444444444443,114103.56095517386,24760472.727272727,217.0,1440.0
2025-07-24,e-영업1,회원,13.25925925925926,125098.8318943626,22392690.909090906,179.0,1350.0
2025-07-25,e-영업1,회원,15.045592705167174,115278.69605142332,22825181.818181816,198.0,1316.0
2025-07-26,e-영업1,회원,11.659513590844064,136255.8839933073,22209709.09090909,163.0,1398.0
2025-07-27,e-영업1,회원,21.88087774294671,147391.16957541025,51439518.18181818,349.0,1595.0
2025-07-28,e-영업1,회원,14.71830985915493,117910.04784688994,24643199.999999996,209.0,1420.0
2025-07-29,e-영업1,회원,11.469534050179211,118640.45454545454,18982472.727272727,160.0,1395.0
2025-07-30,e-영업1,회원,13.132795304475422,133365.61706449973,23872445.454545453,179.0,1363.0
2025-07-31,e-영업1,회원,11.751662971175167,125172.09834190964,19902363.636363633,159.0,1353.0
2025-08-01,e-영업1,회원,16.934919524142757,141430.80390683693,34226254.54545454,242.0,1429.0
2025-08-02,e-영업1,회원,17.6979374584165,135583.971291866,36065336.36363636,266.0,1503.0
2025-08-03,e-영업1,회원,16.943331425300514,144206.69533169531,42685181.81818181,296.0,1747.0
2025-08-04,e-영업1,회원,16.41684511063526,142193.79446640314,32704572.727272723,230.0,1401.0
2025-08-05,e-영업1,회원,16.726835138387486,137311.73969914977,38172663.63636363,278.0,1662.0
2025-08-06,e-영업1,회원,16.666666666666664,129454.10611693138,34823154.54545454,269.0,1614.0
2025-08-07,e-영업1,회원,11.989283322170127,147364.19502285423,26378190.909090906,179.0,1493.0
2025-08-08,e-영업1,회원,13.681948424068768,130469.25273679198,24919627.27272727,191.0,1396.0
2025-08-09,e-영업1,회원,13.184931506849315,153411.68831168828,23625399.999999996,154.0,1168.0
2025-08-10,e-영업1,회원,18.894697535474233,148406.07258354293,37546736.36363636,253.0,1339.0
2025-08-11,e-영업1,회원,11.327433628318584,143723.57954545453,18396618.18181818,128.0,1130.0
2025-08-12,e-영업1,회원,12.784588441331,154561.3325031133,22565954.545454543,146.0,1142.0
2025-08-13,e-영업1,회원,16.398243045387993,97917.12662337662,21933436.363636363,224.0,1366.0
2025-08-14,e-영업1,회원,13.043478260869565,156981.28342245988,24018136.363636363,153.0,1173.0
2025-08-15,e-영업1,회원,18.929712460063897,151433.67855772917,35889781.81818181,237.0,1252.0
2025-08-16,e-영업1,회원,12.82051282051282,171943.7465564738,28370718.18181818,165.0,1287.0
2025-08-17,e-영업1,회원,19.915254237288135,154820.66408768535,43659427.272727266,282.0,1416.0
2025-08-18,e-영업1,회원,14.285714285714285,149074.97502497502,27131645.454545453,182.0,1274.0
2025-08-19,e-영업1,회원,12.5,116671.51865475565,20184172.727272727,173.0,1384.0
2025-08-20,e-영업1,회원,12.288135593220339,140866.0815047022,20425581.818181816,145.0,1180.0
2025-08-21,e-영업1,회원,11.731391585760518,99279.49843260187,14395527.272727272,145.0,1236.0
2025-08-22,e-영업1,회원,12.407407407407407,146340.43419267298,19609618.18181818,134.0,1080.0
2025-08-23,e-영업1,회원,16.34146341463415,142447.89687924014,28632027.27272727,201.0,1230.0
2025-08-24,e-영업1,회원,17.915057915057915,144701.13636363635,33570663.63636363,232.0,1295.0
2025-08-25,e-영업1,회원,14.860426929392448,153687.34304369663,27817409.09090909,181.0,1218.0
2025-08-26,e-영업1,회원,13.450292397660817,140316.20553359683,22590909.09090909,161.0,1197.0
2025-08-27,e-영업1,회원,8.60128617363344,112092.01359388274,11993845.454545453,107.0,1244.0
2025-08-28,e-영업1,회원,13.48122866894198,128369.10241657076,20282318.18181818,158.0,1172.0
2025-08-29,e-영업1,회원,11.886949293433084,167639.5422759059,23972454.545454543,143.0,1203.0
2025-08-30,e-영업1,회원,13.21928460342146,153555.1871657754,26104381.818181816,170.0,1286.0
2025-08-31,e-영업1,회원,17.130434782608695,185202.58421781263,36484909.090909086,197.0,1150.0
2025-09-01,e-영업1,회원,16.432700247729148,157690.31521242578,31380372.727272727,199.0,1211.0
2025-09-02,e-영업1,회원,16.467341306347745,125958.40528186895,22546554.545454543,179.0,1087.0
2025-09-03,e-영업1,회원,12.178877259752618,97252.8409090909,12448363.636363635,128.0,1051.0
2025-09-04,e-영업1,회원,13.894139886578449,111851.82436611007,16442218.18181818,147.0,1058.0
2025-09-05,e-영업1,회원,12.576687116564417,125648.1892091648,15454727.272727272,123.0,978.0
2025-09-06,e-영업1,회원,13.082259663032705,172741.18457300274,22801836.363636363,132.0,1009.0
2025-09-07,e-영업1,회원,17.077798861480076,147894.0404040404,26620927.27272727,180.0,1054.0
2025-09-08,e-영업1,회원,11.546840958605664,120892.19554030875,12814572.727272727,106.0,918.0
2025-09-09,e-영업1,회원,13.44621513944223,133540.4713804714,18027963.636363637,135.0,1004.0
2025-09-10,e-영업1,회원,17.884405670665213,117246.45232815963,19228418.18181818,164.0,917.0
2025-09-11,e-영업1,회원,12.834821428571427,152367.35177865613,17522245.454545453,115.0,896.0
2025-09-12,e-영업1,회원,12.005277044854882,213911.5884115884,19465954.545454543,91.0,758.0
2025-09-13,e-영업1,회원,13.561190738699008,247822.0251293422,30482109.09090909,123.0,907.0
2025-09-14,e-영업1,회원,21.1253701875617,230432.79524214103,49312618.18181818,214.0,1013.0
2025-09-15,e-영업1,회원,10.426008968609866,194218.08406647114,18062281.818181816,93.0,892.0
2025-09-16,e-영업1,회원,10.606060606060606,146167.03296703295,13301199.999999998,91.0,858.0
2025-09-17,e-영업1,회원,11.913357400722022,168916.62075298437,16722745.454545453,99.0,831.0
2025-09-18,e-영업1,회원,14.068441064638785,194381.90008190006,21576390.909090906,111.0,789.0
2025-09-19,e-영업1,회원,12.25382932166302,169290.25974025973,18960509.09090909,112.0,914.0
2025-09-20,e-영업1,회원,12.213740458015266,237579.1193181818,30410127.27272727,128.0,1048.0
2025-09-21,e-영업1,회원,16.18150684931507,209288.64838864835,39555554.54545454,189.0,1168.0
2025-09-22,e-영업1,회원,15.754716981132075,180667.2291780076,30171427.27272727,167.0,1060.0
2025-09-23,e-영업1,회원,17.941712204007285,131529.07245039224,25911227.27272727,197.0,1098.0
2025-09-24,e-영업1,회원,15.026833631484795,164634.63203463203,27658618.18181818,168.0,1118.0
2025-09-25,e-영업1,회원,16.177703269069575,164285.633537447,31707127.27272727,193.0,1193.0
2025-09-26,e-영업1,회원,10.77788191190253,144683.63636363635,16638618.18181818,115.0,1067.0
2025-09-27,e-영업1,회원,14.747859181731684,190892.49266862168,29588336.36363636,155.0,1051.0
2025-09-28,e-영업1,회원,17.475728155339805,213386.82659932657,46091554.54545454,216.0,1236.0
2025-09-29,e-영업1,회원,11.703056768558952,146484.12483039347,19628872.727272727,134.0,1145.0
2025-09-30,e-영업1,회원,17.57847533632287,167239.70315398887,32778981.818181816,196.0,1115.0
2025-10-01,e-영업1,회원,11.699779249448124,125853.85934819897,13340509.09090909,106.0,906.0
2025-10-02,e-영업1,회원,8.51900393184797,213314.54545454544,13865445.454545453,65.0,763.0
2025-10-03,e-영업1,회원,7.673568818514006,217417.316017316,13697290.909090908,63.0,821.0
2025-10-04,e-영업1,회원,11.662531017369728,264195.5512572534,24834381.818181816,94.0,806.0
2025-10-05,e-영업1,회원,11.929307805596466,274423.4567901235,22228300.0,81.0,679.0
2025-10-06,e-영업1,회원,11.610486891385769,250646.52981427172,23310127.27272727,93.0,801.0
2025-10-07,e-영업1,회원,13.2821075740944,187220.81141998497,22653718.18181818,121.0,911.0
2025-10-08,e-영업1,회원,14.112903225806454,207872.987012987,29102218.18181818,140.0,992.0
2025-10-09,e-영업1,회원,12.567811934900542,178198.43034663177,24769581.818181816,139.0,1106.0
2025-10-10,e-영업1,회원,15.727002967359049,226399.48542024012,35997518.18181818,159.0,1011.0
2025-10-11,e-영업1,회원,11.20917917034422,216200.57265569075,27457472.727272727,127.0,1133.0
2025-10-12,e-영업1,회원,16.375727348295925,219986.52514997692,43337345.45454545,197.0,1203.0
2025-10-13,e-영업1,회원,11.143131604226705,239053.6833855799,27730227.27272727,116.0,1041.0
2025-10-14,e-영업1,회원,7.90899241603467,192335.7409713574,14040509.09090909,73.0,923.0
2025-10-15,e-영업1,회원,10.50767414403778,156774.46373850867,13952927.272727272,89.0,847.0
2025-10-16,e-영업1,회원,13.422818791946309,174113.1818181818,20893581.818181816,120.0,894.0
2025-10-17,e-영업1,회원,9.155645981688707,212444.2424242424,19119981.818181816,90.0,983.0
2025-10-18,e-영업1,회원,14.158636026686434,280953.78391242266,53662172.72727273,191.0,1349.0
2025-10-19,e-영업1,회원,18.235294117647058,246947.13028906574,53587527.272727266,217.0,1190.0
2025-10-20,e-영업1,회원,15.543219666931007,244968.6456400742,48013854.54545454,196.0,1261.0
2025-10-21,e-영업1,회원,14.778694673668417,223739.91693585602,44076763.63636363,197.0,1333.0
2025-10-22,e-영업1,회원,11.935953420669577,207045.8980044346,33955527.27272727,164.0,1374.0
2025-10-23,e-영업1,회원,13.92515230635335,217217.38636363632,34754781.81818181,160.0,1149.0
2025-10-24,e-영업1,회원,12.404580152671755,217910.48951048948,28328363.636363633,130.0,1048.0
2025-10-25,e-영업1,회원,8.03886925795053,271957.7422577422,24748154.545454543,91.0,1132.0
2025-10-26,e-영업1,회원,12.656364974245768,238145.29598308666,40960990.90909091,172.0,1359.0
2025-10-27,e-영업1,회원,8.531583264971287,179395.71678321675,18657154.545454543,104.0,1219.0
2025-10-28,e-영업1,회원,7.450076804915515,108872.25866916588,10560609.09090909,97.0,1302.0
2025-10-29,e-영업1,회원,10.54783319705642,160989.85200845663,20767690.909090906,129.0,1223.0
2025-10-30,e-영업1,회원,9.69807868252516,194993.5677530017,20669318.18181818,106.0,1093.0
2025-10-31,e-영업1,회원,10.62618595825427,242467.1266233766,27156318.18181818,112.0,1054.0
2025-11-01,e-영업1,회원,13.349917081260365,306822.0779220779,49398354.54545454,161.0,1206.0
2025-11-02,e-영업1,회원,15.503875968992247,253719.38016528924,55818263.63636363,220.0,1419.0
2025-11-03,e-영업1,회원,11.128903122497999,233942.24983649442,32517972.727272723,139.0,1249.0
2025-11-04,e-영업1,회원,11.36173767752715,203991.04278074866,27742781.818181816,136.0,1197.0
2025-11-05,e-영업1,회원,11.359867330016584,228529.32979429327,31308518.18181818,137.0,1206.0
2025-11-06,e-영업1,회원,11.000827129859388,258168.42105263157,34336400.0,133.0,1209.0
2025-11-07,e-영업1,회원,8.818181818181818,262828.9597000937,25494409.09090909,97.0,1100.0
2025-11-08,e-영업1,회원,9.640397857689365,317881.24098124093,40053036.36363636,126.0,1307.0
2025-11-09,e-영업1,회원,16.27140974967062,283103.45969819656,69926554.54545455,247.0,1518.0
2025-11-10,e-영업1,회원,12.750601443464316,323227.9588336192,51393245.45454545,159.0,1247.0
2025-11-11,e-영업1,회원,12.346521145975444,259476.14264188847,46965181.81818181,181.0,1466.0
2025-11-12,e-영업1,회원,9.992862241256246,273514.5454545454,38292036.36363636,140.0,1401.0
2025-11-13,e-영업1,회원,13.929539295392953,256380.36788114606,65889754.54545454,257.0,1845.0
2025-11-14,e-영업1,회원,9.813365442504516,175621.91857222532,28626372.727272727,163.0,1661.0
2025-11-15,e-영업1,회원,10.454545454545453,234655.8629776021,32382509.09090909,138.0,1320.0
2025-11-16,e-영업1,회원,13.438735177865613,288025.311942959,58757163.63636363,204.0,1518.0
2025-11-17,e-영업1,회원,9.474412171507607,158273.05905773057,21683409.09090909,137.0,1446.0
2025-11-18,e-영업1,회원,11.256005490734386,231390.46563192902,37948036.36363636,164.0,1457.0
2025-11-19,e-영업1,회원,10.101744186046512,219136.494440811,30459972.727272727,139.0,1376.0
2025-11-20,e-영업1,회원,10.196078431372548,241112.51748251746,31344627.27272727,130.0,1275.0
2025-11-21,e-영업1,회원,8.126934984520123,174236.8831168831,18294872.727272727,105.0,1292.0
2025-11-22,e-영업1,회원,9.159727479182438,428255.97295266716,51818972.72727273,121.0,1321.0
2025-11-23,e-영업1,회원,13.599500935745477,335114.011676397,73054854.54545455,218.0,1603.0
2025-11-24,e-영업1,회원,9.16030534351145,271227.13498622586,35801981.81818181,132.0,1441.0
2025-11-25,e-영업1,회원,13.936781609195403,253299.48453608243,49140099.99999999,194.0,1392.0
2025-11-26,e-영업1,회원,12.12563915266618,203104.60021905802,33715363.63636363,166.0,1369.0
2025-11-27,e-영업1,회원,14.687280393534785,258775.90256633318,54084163.63636363,209.0,1423.0
2025-11-28,e-영업1,회원,8.58944050433412,121022.60216847372,13191463.636363635,109.0,1269.0
2025-11-29,e-영업1,회원,10.437956204379562,284554.54545454547,40691300.0,143.0,1370.0
2025-11-30,e-영업1,회원,13.346883468834688,303873.8809413936,59863154.54545454,197.0,1476.0
2025-12-01,e-영업1,회원,10.983050847457628,192932.15488215486,31255009.09090909,162.0,1475.0
2025-12-02,e-영업1,회원,11.156462585034014,128034.70066518846,20997690.909090906,164.0,1470.0
2025-12-03,e-영업1,회원,13.072329130723293,213818.73557914165,42122290.90909091,197.0,1507.0
2025-12-04,e-영업1,회원,13.204747774480714,170769.4075587334,30396954.545454543,178.0,1348.0
2025-12-05,e-영업1,회원,10.443275732531932,210735.05559189012,29292172.727272727,139.0,1331.0
2025-12-06,e-영업1,회원,10.896551724137932,287427.330264672,45413518.18181818,158.0,1450.0
2025-12-07,e-영업1,회원,15.218769816106532,282555.0,67813200.0,240.0,1577.0
2025-12-08,e-영업1,회원,12.290502793296088,210784.40082644625,37098054.54545454,176.0,1432.0
2025-12-09,e-영업1,회원,12.23684210526316,194050.8797653959,36093463.63636363,186.0,1520.0
2025-12-10,e-영업1,회원,14.107018763029883,311539.45364979847,63242509.090909086,203.0,1439.0
2025-12-11,e-영업1,회원,13.01955990220049,264459.7097737943,56329918.18181818,213.0,1636.0
2025-12-12,e-영업1,회원,10.846953937592868,221614.3835616438,32355699.999999996,146.0,1346.0
2025-12-13,e-영업1,회원,11.057692307692307,245401.80688876339,39509690.90909091,161.0,1456.0
2025-12-14,e-영업1,회원,17.346383904295813,275420.49016813905,87859136.36363636,319.0,1839.0
2025-12-15,e-영업1,회원,12.239747634069401,190794.84536082475,37014200.0,194.0,1585.0
2025-12-16,e-영업1,회원,11.776061776061777,160169.54793840038,29311027.27272727,183.0,1554.0
2025-12-17,e-영업1,회원,12.543073742246728,199067.58241758242,36230300.0,182.0,1451.0
2025-12-18,e-영업1,회원,12.357286769644055,317535.47430830036,58426527.272727266,184.0,1489.0
2025-12-19,e-영업1,회원,10.818505338078293,178955.32296650717,27201209.09090909,152.0,1405.0
2025-12-20,e-영업1,회원,11.671270718232044,279801.0758472297,47286381.81818181,169.0,1448.0
2025-12-21,e-영업1,회원,16.273849607182942,260121.50470219433,75435236.36363636,290.0,1782.0
2025-12-22,e-영업1,회원,16.877637130801688,235673.63636363635,65988618.18181818,280.0,1659.0
2025-12-23,e-영업1,회원,12.011173184357542,186254.1226215645,32035709.09090909,172.0,1432.0
2025-12-24,e-영업1,회원,10.615883306320907,226643.78903539205,29690336.36363636,131.0,1234.0
2025-12-25,e-영업1,회원,13.052486187845306,290535.2092352092,54911154.54545454,189.0,1448.0
2025-12-26,e-영업1,회원,6.267605633802817,125560.67415730337,11174900.0,89.0,1420.0
2025-12-27,e-영업1,회원,8.710562414266118,268092.9849677881,34047809.090909086,127.0,1458.0
2025-12-28,e-영업1,회원,15.095541401273884,304978.0974299961,72279809.09090908,237.0,1570.0
2025-12-29,e-영업1,회원,9.431438127090301,203696.32495164408,28721181.818181816,141.0,1495.0
2025-12-30,e-영업1,회원,13.53322528363047,263449.9183451279,43996136.36363636,167.0,1234.0
2025-12-31,e-영업1,회원,8.325537885874649,213882.5331971399,19035545.454545453,89.0,1069.0
2025-01-01,e-영업2,기존,8.875379939209726,258100.87173100872,37682727.27272727,146.0,1645.0
2025-01-02,e-영업2,기존,8.530805687203792,309764.8629148629,39030372.72727273,126.0,1477.0
2025-01-03,e-영업2,기존,11.817636472705459,221219.05860636823,43580154.54545454,197.0,1667.0
2025-01-04,e-영업2,기존,11.341853035143771,227765.9837814767,48514154.54545454,213.0,1878.0
2025-01-05,e-영업2,기존,11.909871244635193,298029.0745290745,66162454.54545454,222.0,1864.0
2025-01-06,e-영업2,기존,10.058479532163743,173335.8350951374,29813763.636363633,172.0,1710.0
2025-01-07,e-영업2,기존,9.418282548476455,328024.8663101604,55764227.272727266,170.0,1805.0
2025-01-08,e-영업2,기존,10.483870967741936,270198.2017982018,49176072.72727273,182.0,1736.0
2025-01-09,e-영업2,기존,6.508875739644971,282179.33884297515,31039727.27272727,110.0,1690.0
2025-01-10,e-영업2,기존,8.959899749373433,277100.826446281,39625418.18181818,143.0,1596.0
2025-01-11,e-영업2,기존,9.930220075147611,254887.46928746926,47154181.81818181,185.0,1863.0
2025-01-12,e-영업2,기존,12.756756756756756,276864.40677966096,65339999.99999999,236.0,1850.0
2025-01-13,e-영업2,기존,8.9586969168121,276491.55844155845,42579700.0,154.0,1719.0
2025-01-14,e-영업2,기존,9.16310323762981,212825.75757575754,31923863.636363633,150.0,1637.0
2025-01-15,e-영업2,기존,10.833806012478728,223528.51023322227,42693945.45454545,191.0,1763.0
2025-01-16,e-영업2,기존,9.982068141063957,214223.02667392488,35775245.45454545,167.0,1673.0
2025-01-17,e-영업2,기존,10.369068541300527,281900.05136106827,49896309.090909086,177.0,1707.0
2025-01-18,e-영업2,기존,9.747504403992954,258638.33515881706,42933963.63636363,166.0,1703.0
2025-01-19,e-영업2,기존,12.399786210582576,287746.9043887147,66757281.81818181,232.0,1871.0
2025-01-20,e-영업2,기존,9.66565349544073,187118.5820468839,29751854.545454543,159.0,1645.0
2025-01-21,e-영업2,기존,8.803039898670043,238310.9221713538,33125218.18181818,139.0,1579.0
2025-01-22,e-영업2,기존,10.997442455242968,224312.3678646934,38581727.272727266,172.0,1564.0
2025-01-23,e-영업2,기존,9.924550203134068,223763.5832004253,38263572.72727273,171.0,1723.0
2025-01-24,e-영업2,기존,9.973579920739763,226921.25225767607,34265109.090909086,151.0,1514.0
2025-01-25,e-영업2,기존,14.203233256351039,207758.42572062084,51108572.72727273,246.0,1732.0
2025-01-26,e-영업2,기존,11.245674740484429,235919.90675990673,46004381.81818181,195.0,1734.0
2025-01-27,e-영업2,기존,13.71757925072046,252682.20015278837,60138363.63636363,238.0,1735.0
2025-01-28,e-영업2,기존,12.163009404388715,267112.9803186504,51819918.18181818,194.0,1595.0
2025-01-29,e-영업2,기존,15.0,233352.91666666663,56004699.99999999,240.0,1600.0
2025-01-30,e-영업2,기존,15.274218349564325,230231.23856009758,68608909.09090908,298.0,1951.0
2025-01-31,e-영업2,기존,11.72673480365788,225335.19599666388,49123072.72727273,218.0,1859.0
2025-02-01,e-영업2,기존,12.898406374501992,238280.48438048438,61714645.45454545,259.0,2008.0
2025-02-02,e-영업2,기존,14.646946564885496,269094.7290494522,82612081.81818181,307.0,2096.0
2025-02-03,e-영업2,기존,6.7621776504298,153601.69491525425,18125000.0,118.0,1745.0
2025-02-04,e-영업2,기존,6.273258904837853,149174.8844375963,17602636.363636363,118.0,1881.0
2025-02-05,e-영업2,기존,9.77121067683508,261037.29490022172,53512645.45454545,205.0,2098.0
2025-02-06,e-영업2,기존,9.881422924901186,213790.96103896102,37413418.18181818,175.0,1771.0
2025-02-07,e-영업2,기존,10.826888756692444,221718.4815184815,40352763.63636363,182.0,1681.0
2025-02-08,e-영업2,기존,10.2489866821077,242300.667693888,42887218.18181818,177.0,1727.0
2025-02-09,e-영업2,기존,14.898065865133297,248810.23923444972,70910918.18181817,285.0,1913.0
2025-02-10,e-영업2,기존,8.894090111176126,218074.76076555022,33147363.636363633,152.0,1709.0
2025-02-11,e-영업2,기존,13.449275362318842,210852.54702194355,48917790.90909091,232.0,1725.0
2025-02-12,e-영업2,기존,12.221618685497013,171105.41414141413,38498718.18181818,225.0,1841.0
2025-02-13,e-영업2,기존,10.657596371882086,167672.05029013538,31522345.454545453,188.0,1764.0
2025-02-14,e-영업2,기존,12.012195121951219,181344.90078449468,35724945.45454545,197.0,1640.0
2025-02-15,e-영업2,기존,12.546320804658551,219141.31185270424,51936490.90909091,237.0,1889.0
2025-02-16,e-영업2,기존,16.730038022813687,221643.569214876,78018536.36363636,352.0,2104.0
2025-02-17,e-영업2,기존,9.166206515737162,199529.29901423876,33121863.636363633,166.0,1811.0
2025-02-18,e-영업2,기존,9.878787878787879,152742.1639709983,24896972.727272727,163.0,1650.0
2025-02-19,e-영업2,기존,9.546827794561933,198192.92289988493,31314481.818181816,158.0,1655.0
2025-02-20,e-영업2,기존,10.552147239263803,221088.10782241012,38027154.54545454,172.0,1630.0
2025-02-21,e-영업2,기존,11.79429849077697,211094.26971133132,44540890.90909091,211.0,1789.0
2025-02-22,e-영업2,기존,10.328879753340185,194103.07553143374,39014718.18181818,201.0,1946.0
2025-02-23,e-영업2,기존,14.35826408125577,220902.68927214263,68700736.36363636,311.0,2166.0
2025-02-24,e-영업2,기존,11.590145576707727,173084.9363197189,35828581.81818181,207.0,1786.0
2025-02-25,e-영업2,기존,11.909448818897637,192494.13974455296,46583581.81818181,242.0,2032.0
2025-02-26,e-영업2,기존,10.435497124075596,175494.59556191837,44575627.272727266,254.0,2434.0
2025-02-27,e-영업2,기존,10.469314079422382,197406.07366771158,45798209.090909086,232.0,2216.0
2025-02-28,e-영업2,기존,14.347616754935002,226063.27028676023,67366854.54545455,298.0,2077.0
2025-03-01,e-영업2,기존,16.62071681764474,216873.11503662213,91520454.54545453,422.0,2539.0
2025-03-02,e-영업2,기존,13.059548254620124,184855.17438536306,58783945.45454545,318.0,2435.0
2025-03-03,e-영업2,기존,16.874443455031166,200957.27992324295,76162809.09090908,379.0,2246.0
2025-03-04,e-영업2,기존,12.699135184342285,230610.9807754969,64340463.63636363,279.0,2197.0
2025-03-05,e-영업2,기존,9.82686008423023,222146.66666666663,46650799.99999999,210.0,2137.0
2025-03-06,e-영업2,기존,6.650485436893204,119296.41672196415,16343609.09090909,137.0,2060.0
2025-03-07,e-영업2,기존,9.742554265522463,186563.87187941594,36006827.27272727,193.0,1981.0
2025-03-08,e-영업2,기존,12.166809974204643,208386.82942499194,58973472.72727272,283.0,2326.0
2025-03-09,e-영업2,기존,17.581227436823106,201631.75284674254,98194663.63636363,487.0,2770.0
2025-03-10,e-영업2,기존,9.38909389093891,124893.8467645891,28600690.909090906,229.0,2439.0
2025-03-11,e-영업2,기존,9.97830802603037,145542.17391304346,33474699.999999996,230.0,2305.0
2025-03-12,e-영업2,기존,13.936535162950255,187078.6013986014,60800545.45454545,325.0,2332.0
2025-03-13,e-영업2,기존,11.619225384974335,164237.75100401606,40895200.0,249.0,2143.0
2025-03-14,e-영업2,기존,11.433926897844424,220842.6602086438,53885609.090909086,244.0,2134.0
2025-03-15,e-영업2,기존,15.744012563800549,192327.18204488777,77123200.0,401.0,2547.0
2025-03-16,e-영업2,기존,16.7270094134685,227554.70287288466,105130272.72727272,462.0,2762.0
2025-03-17,e-영업2,기존,9.517365809652684,161619.64670400688,34101745.45454545,211.0,2217.0
2025-03-18,e-영업2,기존,6.817067189798921,143450.09810333548,19939563.636363633,139.0,2039.0
2025-03-19,e-영업2,기존,9.94180407371484,127090.90909090909,26053636.363636363,205.0,2062.0
2025-03-20,e-영업2,기존,8.345534407027818,193294.3115364168,33053327.27272727,171.0,2049.0
2025-03-21,e-영업2,기존,10.04056795131846,130127.1349862259,25765172.727272727,198.0,1972.0
2025-03-22,e-영업2,기존,12.846118928733546,189057.17956954704,53503181.81818181,283.0,2203.0
2025-03-23,e-영업2,기존,16.841186736474693,194548.79886952424,75095836.36363636,386.0,2292.0
2025-03-24,e-영업2,기존,15.831578947368422,154924.8065764023,58251727.272727266,376.0,2375.0
2025-03-25,e-영업2,기존,13.365259033521983,159935.97867930116,49100345.45454545,307.0,2297.0
2025-03-26,e-영업2,기존,15.037929495760821,134392.33881845156,45290218.18181818,337.0,2241.0
2025-03-27,e-영업2,기존,12.23091976516634,149572.5090909091,37393127.27272727,250.0,2044.0
2025-03-28,e-영업2,기존,12.050739957716702,184079.66507177032,41970163.63636363,228.0,1892.0
2025-03-29,e-영업2,기존,12.269066792989104,181330.46683046682,46964590.90909091,259.0,2111.0
2025-03-30,e-영업2,기존,16.73324456280515,203606.775982638,76759754.54545453,377.0,2253.0
2025-03-31,e-영업2,기존,14.870588235294118,200136.6225546605,63243172.72727272,316.0,2125.0
2025-04-01,e-영업2,기존,10.78519855595668,135979.802206162,32499172.727272723,239.0,2216.0
2025-04-02,e-영업2,기존,16.141396933560475,164965.48332933558,62521918.18181818,379.0,2348.0
2025-04-03,e-영업2,기존,14.348785871964681,194604.4755244755,63246454.54545454,325.0,2265.0
2025-04-04,e-영업2,기존,12.635549269212634,159175.67842605154,42659081.81818181,268.0,2121.0
2025-04-05,e-영업2,기존,13.471074380165291,174872.78304517566,57008527.272727266,326.0,2420.0
2025-04-06,e-영업2,기존,17.647058823529413,203359.00788709006,89071245.45454545,438.0,2482.0
2025-04-07,e-영업2,기존,12.894248608534323,198530.44473512098,55191463.63636363,278.0,2156.0
2025-04-08,e-영업2,기존,11.373390557939913,187003.70497427098,49555981.81818181,265.0,2330.0
2025-04-09,e-영업2,기존,12.013256006628003,165978.49529780564,48133763.63636363,290.0,2414.0
2025-04-10,e-영업2,기존,14.809656453110492,163867.62610430323,52273772.72727273,319.0,2154.0
2025-04-11,e-영업2,기존,13.79472693032015,182600.24821594788,53501872.72727273,293.0,2124.0
2025-04-12,e-영업2,기존,13.718263718263717,183400.89552238805,61439299.99999999,335.0,2442.0
2025-04-13,e-영업2,기존,17.969044922612305,182971.1420932009,87094263.63636363,476.0,2649.0
2025-04-14,e-영업2,기존,12.463281577843055,142926.7217630854,42449236.36363636,297.0,2383.0
2025-04-15,e-영업2,기존,13.803956834532375,137296.32810186557,42149972.72727273,307.0,2224.0
2025-04-16,e-영업2,기존,13.836206896551726,156376.40894930612,50196827.272727266,321.0,2320.0
2025-04-17,e-영업2,기존,12.709181365897784,134479.94176641863,37788863.63636363,281.0,2211.0
2025-04-18,e-영업2,기존,12.46063877642825,159020.41352149652,44048654.54545454,277.0,2223.0
2025-04-19,e-영업2,기존,12.333333333333334,189187.8378378378,55999599.99999999,296.0,2400.0
2025-04-20,e-영업2,기존,18.337218337218335,175783.6286594761,82969872.72727272,472.0,2574.0
2025-04-21,e-영업2,기존,13.558631921824105,161399.04449904448,53745881.81818181,333.0,2456.0
2025-04-22,e-영업2,기존,10.619852622453402,126445.38033395175,30979118.18181818,245.0,2307.0
2025-04-23,e-영업2,기존,14.045416316232128,135497.1420794774,45256045.45454545,334.0,2378.0
2025-04-24,e-영업2,기존,12.083333333333334,157138.38383838383,41013118.18181818,261.0,2160.0
2025-04-25,e-영업2,기존,11.255411255411255,145808.04195804193,34119081.81818181,234.0,2079.0
2025-04-26,e-영업2,기존,13.049388309922971,148524.1477272727,42774954.54545454,288.0,2207.0
2025-04-27,e-영업2,기존,18.630573248407643,176932.03185703186,82804190.9090909,468.0,2512.0
2025-04-28,e-영업2,기존,13.363228699551568,148567.17510677243,44273018.18181818,298.0,2230.0
2025-04-29,e-영업2,기존,12.380952380952381,143122.311022311,39072390.90909091,273.0,2205.0
2025-04-30,e-영업2,기존,15.081799591002046,146642.68104776577,43259590.90909091,295.0,1956.0
2025-05-01,e-영업2,기존,16.583371194911404,163871.75591531754,59813190.90909091,365.0,2201.0
2025-05-02,e-영업2,기존,12.846068660022148,153056.15203761755,35509027.27272727,232.0,1806.0
2025-05-03,e-영업2,기존,15.462814339218834,193133.06071091536,55815454.54545454,289.0,1869.0
2025-05-04,e-영업2,기존,16.121883656509695,161289.81568259918,46935336.36363636,291.0,1805.0
2025-05-05,e-영업2,기존,13.521545319465082,181527.8388278388,49557099.99999999,273.0,2019.0
2025-05-06,e-영업2,기존,13.817330210772832,188252.75808936826,55534563.63636363,295.0,2135.0
2025-05-07,e-영업2,기존,14.010989010989011,196981.88948306593,50230381.81818181,255.0,1820.0
2025-05-08,e-영업2,기존,11.787709497206704,186355.70874623006,39321054.54545454,211.0,1790.0
2025-05-09,e-영업2,기존,9.04109589041096,160970.52341597795,26560136.363636363,165.0,1825.0
2025-05-10,e-영업2,기존,11.85226019845645,141423.59408033825,30406072.727272727,215.0,1814.0
2025-05-11,e-영업2,기존,16.432865731462925,195369.45676274944,64081181.81818181,328.0,1996.0
2025-05-12,e-영업2,기존,11.452910553715096,161984.59804658152,39200272.72727273,242.0,2113.0
2025-05-13,e-영업2,기존,9.408476944573824,117101.08010801079,23654418.18181818,202.0,2147.0
2025-05-14,e-영업2,기존,12.042440318302388,170591.54985983178,38724281.81818181,227.0,1885.0
2025-05-15,e-영업2,기존,11.650485436893204,131980.8377896613,26924090.909090906,204.0,1751.0
2025-05-16,e-영업2,기존,12.335808109651628,158327.73569023568,34198790.90909091,216.0,1751.0
2025-05-17,e-영업2,기존,12.513842746400886,152841.6733708769,34542218.18181818,226.0,1806.0
2025-05-18,e-영업2,기존,17.065556711758585,191918.07095343678,62949127.272727266,328.0,1922.0
2025-05-19,e-영업2,기존,11.27508854781582,131308.04378867205,25079836.363636363,191.0,1694.0
2025-05-20,e-영업2,기존,10.895170789163721,119338.57493857494,22077636.363636363,185.0,1698.0
2025-05-21,e-영업2,기존,16.08315098468271,141192.2387136673,41510518.18181818,294.0,1828.0
2025-05-22,e-영업2,기존,14.17824074074074,134178.10760667903,32873636.36363636,245.0,1728.0
2025-05-23,e-영업2,기존,13.706207744314689,127809.17244190787,28501445.454545453,223.0,1627.0
2025-05-24,e-영업2,기존,14.776632302405499,162346.44115574347,41885381.81818181,258.0,1746.0
2025-05-25,e-영업2,기존,19.937040923399792,170848.7081339713,64922509.090909086,380.0,1906.0
2025-05-26,e-영업2,기존,,142127.83621337338,34394936.36363636,242.0,0.0
2025-05-27,e-영업2,기존,12.050359712230216,144043.6001809136,28952763.636363633,201.0,1668.0
2025-05-28,e-영업2,기존,11.091340450771057,134610.35488575595,25172136.363636363,187.0,1686.0
2025-05-29,e-영업2,기존,10.18867924528302,116877.15247715247,22089781.818181816,189.0,1855.0
2025-05-30,e-영업2,기존,10.471881060116354,101474.46689113355,16438863.636363635,162.0,1547.0
2025-05-31,e-영업2,기존,10.620525059665871,169240.3472931563,30124781.818181816,178.0,1676.0
2025-06-01,e-영업2,기존,17.76489193463363,157177.09738332883,52968681.81818181,337.0,1897.0
2025-06-02,e-영업2,기존,13.422818791946309,142992.56198347107,31458363.636363633,220.0,1639.0
2025-06-03,e-영업2,기존,17.8343949044586,153033.8661338661,55704327.272727266,364.0,2041.0
2025-06-04,e-영업2,기존,10.229885057471265,159165.67926455566,28331490.909090906,178.0,1740.0
2025-06-05,e-영업2,기존,11.298377028714107,142933.75188347563,25871009.09090909,181.0,1602.0
2025-06-06,e-영업2,기존,17.693612210288297,161633.05257043274,50591145.45454545,313.0,1769.0
2025-06-07,e-영업2,기존,11.945031712473574,132334.75462590507,29907654.545454543,226.0,1892.0
2025-06-08,e-영업2,기존,16.550241805480926,155883.73671782762,48012190.90909091,308.0,1861.0
2025-06-09,e-영업2,기존,12.218844984802432,140553.052917232,28251163.636363633,201.0,1645.0
2025-06-10,e-영업2,기존,10.53921568627451,143099.20718816065,24613063.636363633,172.0,1632.0
2025-06-11,e-영업2,기존,12.174940898345152,140567.56398940863,28956918.18181818,206.0,1692.0
2025-06-12,e-영업2,기존,14.827995255041518,148194.03636363635,37048509.090909086,250.0,1686.0
2025-06-13,e-영업2,기존,13.587301587301587,116971.92013593881,25031990.909090906,214.0,1575.0
2025-06-14,e-영업2,기존,13.698630136986301,144780.23715415018,33299454.545454543,230.0,1679.0
2025-06-15,e-영업2,기존,18.416801292407108,164912.7857522594,56400172.72727272,342.0,1857.0
2025-06-16,e-영업2,기존,12.521539345203905,151515.8465387823,33030454.545454543,218.0,1741.0
2025-06-17,e-영업2,기존,7.211538461538461,98715.45454545454,11845854.545454545,120.0,1664.0
2025-06-18,e-영업2,기존,11.544628540887226,129586.36363636363,27990654.545454543,216.0,1871.0
2025-06-19,e-영업2,기존,12.419070041200706,149805.9457130547,31609054.545454543,211.0,1699.0
2025-06-20,e-영업2,기존,11.246376811594203,153171.97750702905,29715363.636363633,194.0,1725.0
2025-06-21,e-영업2,기존,14.04775124930594,163785.73481854112,41437790.90909091,253.0,1801.0
2025-06-22,e-영업2,기존,17.431617987946222,157215.30464216633,59112954.54545454,376.0,2157.0
2025-06-23,e-영업2,기존,11.871893981225842,134985.15856236787,29021809.09090909,215.0,1811.0
2025-06-24,e-영업2,기존,9.809932556713672,141975.85227272726,22716136.363636363,160.0,1631.0
2025-06-25,e-영업2,기존,10.93093093093093,116866.03396603395,21269618.18181818,182.0,1665.0
2025-06-26,e-영업2,기존,13.989637305699482,146200.3367003367,35526681.81818181,243.0,1737.0
2025-06-27,e-영업2,기존,17.921348314606742,132587.26132801367,42295336.36363636,319.0,1780.0
2025-06-28,e-영업2,기존,16.473684210526315,137212.57624164972,42947536.36363636,313.0,1900.0
2025-06-29,e-영업2,기존,20.12072434607646,153674.45454545453,61469781.81818181,400.0,1988.0
2025-06-30,e-영업2,기존,14.277489925158319,117596.29765395894,29163881.818181816,248.0,1737.0
2025-07-01,e-영업2,기존,11.081654294803817,153171.29186602868,32012799.999999996,209.0,1886.0
2025-07-02,e-영업2,기존,14.71251409244645,148924.93904562868,38869409.090909086,261.0,1774.0
2025-07-03,e-영업2,기존,12.78592375366569,128178.56547122601,27942927.27272727,218.0,1705.0
2025-07-04,e-영업2,기존,15.158924205378973,125074.23020527858,31018409.09090909,248.0,1636.0
2025-07-05,e-영업2,기존,15.659340659340659,164218.85167464113,46802372.72727273,285.0,1820.0
2025-07-06,e-영업2,기존,21.41082960755092,161709.55494621384,69696818.18181817,431.0,2013.0
2025-07-07,e-영업2,기존,13.413932066781808,131090.4018728053,30544063.636363633,233.0,1737.0
2025-07-08,e-영업2,기존,13.03873431533006,152418.25789273487,36427963.63636363,239.0,1833.0
2025-07-09,e-영업2,기존,12.815013404825738,144197.10916698363,34463109.090909086,239.0,1865.0
2025-07-10,e-영업2,기존,12.186588921282798,147793.51892127012,30888845.454545453,209.0,1715.0
2025-07-11,e-영업2,기존,11.726384364820847,138373.98989898988,24907318.18181818,180.0,1535.0
2025-07-12,e-영업2,기존,13.583138173302109,137217.20219435735,31834390.909090906,232.0,1708.0
2025-07-13,e-영업2,기존,20.22408963585434,163361.9491312012,58973663.63636363,361.0,1785.0
2025-07-14,e-영업2,기존,12.60923845193508,145768.9918991899,29445336.36363636,202.0,1602.0
2025-07-15,e-영업2,기존,11.617458279845955,140724.96233048718,25471218.18181818,181.0,1558.0
2025-07-16,e-영업2,기존,12.732919254658384,134213.52549889134,27513772.727272727,205.0,1610.0
2025-07-17,e-영업2,기존,13.574351978171897,120858.42850616718,24050827.27272727,199.0,1466.0
2025-07-18,e-영업2,기존,12.413793103448276,166998.48484848483,30059727.27272727,180.0,1450.0
2025-07-19,e-영업2,기존,14.983498349834983,215951.4617541049,49020981.81818181,227.0,1515.0
2025-07-20,e-영업2,기존,20.456960680127523,165990.64935064933,63906399.99999999,385.0,1882.0
2025-07-21,e-영업2,기존,12.681388012618298,151529.66983265488,30457463.636363633,201.0,1585.0
2025-07-22,e-영업2,기존,12.68608414239482,161221.2430426716,31599363.636363633,196.0,1545.0
2025-07-23,e-영업2,기존,15.540983606557376,134755.38933640198,31937027.27272727,237.0,1525.0
2025-07-24,e-영업2,기존,9.701492537313433,102700.82644628097,14686218.18181818,143.0,1474.0
2025-07-25,e-영업2,기존,11.663066954643629,96823.51290684624,15685409.09090909,162.0,1389.0
2025-07-26,e-영업2,기존,13.910034602076124,120228.04161013116,24165836.363636363,201.0,1445.0
2025-07-27,e-영업2,기존,21.217600964436407,152951.42045454544,53838899.99999999,352.0,1659.0
2025-07-28,e-영업2,기존,14.314789687924016,141640.84446359327,29886218.18181818,211.0,1474.0
2025-07-29,e-영업2,기존,14.07702523240372,152259.1766723842,32278945.454545453,212.0,1506.0
2025-07-30,e-영업2,기존,14.95664739884393,139487.26394378566,28873863.636363633,207.0,1384.0
2025-07-31,e-영업2,기존,14.413741598207618,128027.74375883183,24709354.545454543,193.0,1339.0
2025-08-01,e-영업2,기존,15.194564546016059,149130.48780487804,36686100.0,246.0,1619.0
2025-08-02,e-영업2,기존,16.29139072847682,170531.3377679231,41950709.090909086,246.0,1510.0
2025-08-03,e-영업2,기존,20.26143790849673,170475.79312183417,58132245.45454545,341.0,1683.0
2025-08-04,e-영업2,기존,14.443721535458687,179631.44963144962,39878181.81818181,222.0,1537.0
2025-08-05,e-영업2,기존,14.929056138186306,168532.56949661905,40784881.81818181,242.0,1621.0
2025-08-06,e-영업2,기존,15.63404748118124,164410.63973063973,44390872.72727273,270.0,1727.0
2025-08-07,e-영업2,기존,14.77124183006536,172673.6926790024,39024254.54545454,226.0,1530.0
2025-08-08,e-영업2,기존,12.089447938504543,150405.7803468208,26020199.999999996,173.0,1431.0
2025-08-09,e-영업2,기존,13.197360527894423,186039.0909090909,40928600.0,220.0,1667.0
2025-08-10,e-영업2,기존,19.394618834080717,163889.5691014188,56705790.90909091,346.0,1784.0
2025-08-11,e-영업2,기존,10.184595798854232,126719.0909090909,20275054.545454543,160.0,1571.0
2025-08-12,e-영업2,기존,12.524719841793013,141620.43062200956,26907881.818181816,190.0,1517.0
2025-08-13,e-영업2,기존,15.808383233532936,137040.46143250685,36178681.81818181,264.0,1670.0
2025-08-14,e-영업2,기존,17.219477769936486,157352.23546944858,38393945.45454545,244.0,1417.0
2025-08-15,e-영업2,기존,22.262996941896024,176207.91708291706,64139681.81818181,364.0,1635.0
2025-08-16,e-영업2,기존,15.587529976019185,153704.33566433564,39963127.272727266,260.0,1668.0
2025-08-17,e-영업2,기존,20.404721753794266,190156.77435512142,69026909.09090908,363.0,1779.0
2025-08-18,e-영업2,기존,10.358056265984656,166837.99102132433,27027754.545454543,162.0,1564.0
2025-08-19,e-영업2,기존,9.725016767270288,146139.56112852664,21190236.363636363,145.0,1491.0
2025-08-20,e-영업2,기존,9.047619047619047,108958.03144224195,14491418.18181818,133.0,1470.0
2025-08-21,e-영업2,기존,8.67383512544803,91282.64462809918,11045200.0,121.0,1395.0
2025-08-22,e-영업2,기존,9.429824561403509,208229.45736434107,26861599.999999996,129.0,1368.0
2025-08-23,e-영업2,기존,13.592852584556478,182554.7588561673,38884163.63636363,213.0,1567.0
2025-08-24,e-영업2,기존,18.050541516245488,186868.3333333333,56060499.99999999,300.0,1662.0
2025-08-25,e-영업2,기존,10.530035335689046,188794.38682123245,28130363.636363633,149.0,1415.0
2025-08-26,e-영업2,기존,12.624113475177303,113981.05209397343,20288627.27272727,178.0,1410.0
2025-08-27,e-영업2,기존,12.802547770700636,179754.3645409317,36130627.27272727,201.0,1570.0
2025-08-28,e-영업2,기존,13.364674278038951,127495.79716765645,25371663.636363633,199.0,1489.0
2025-08-29,e-영업2,기존,12.939001848428836,161227.01298701297,33857672.72727273,210.0,1623.0
2025-08-30,e-영업2,기존,14.072748956469885,209696.87981510014,49488463.63636363,236.0,1677.0
2025-08-31,e-영업2,기존,16.373559733171618,199920.303030303,53978481.81818181,270.0,1649.0
2025-09-01,e-영업2,기존,16.188769414575866,207168.1314994968,56142563.63636363,271.0,1674.0
2025-09-02,e-영업2,기존,13.70636550308008,169455.29451821584,45244563.63636363,267.0,1948.0
2025-09-03,e-영업2,기존,12.725286728563626,148619.11822083493,34628254.54545454,233.0,1831.0
2025-09-04,e-영업2,기존,16.15598885793872,174206.86520376176,50519990.90909091,290.0,1795.0
2025-09-05,e-영업2,기존,15.380150899593731,190577.01543739278,50502909.090909086,265.0,1723.0
2025-09-06,e-영업2,기존,16.489091831557584,177524.44755244756,57695445.45454545,325.0,1971.0
2025-09-07,e-영업2,기존,22.29387379087978,209959.2411720511,101620272.72727272,484.0,2171.0
2025-09-08,e-영업2,기존,13.880126182965299,147636.50137741046,38976036.36363636,264.0,1902.0
2025-09-09,e-영업2,기존,14.416243654822336,167263.09218950063,47502718.18181818,284.0,1970.0
2025-09-10,e-영업2,기존,16.415584415584416,152637.83084004602,48233554.54545454,316.0,1925.0
2025-09-11,e-영업2,기존,16.767788196359625,151672.1889952153,46108345.45454545,304.0,1813.0
2025-09-12,e-영업2,기존,15.1269584008644,186594.02597402595,52246327.272727266,280.0,1851.0
2025-09-13,e-영업2,기존,17.16203259827421,202020.21330624682,72323236.36363636,358.0,2086.0
2025-09-14,e-영업2,기존,21.58590308370044,211475.5287569573,103623009.09090908,490.0,2270.0
2025-09-15,e-영업2,기존,11.364764267990074,168309.84517665737,38542954.54545454,229.0,2015.0
2025-09-16,e-영업2,기존,12.556278139069535,180174.3933357479,45223772.72727273,251.0,1999.0
2025-09-17,e-영업2,기존,12.439678284182305,179349.68652037616,41609127.272727266,232.0,1865.0
2025-09-18,e-영업2,기존,12.263099219620958,132815.78512396693,29219472.727272727,220.0,1794.0
2025-09-19,e-영업2,기존,13.619886069394097,201219.77186311784,52920799.99999999,263.0,1931.0
2025-09-20,e-영업2,기존,14.596670934699105,206124.21584263688,70494481.81818181,342.0,2343.0
2025-09-21,e-영업2,기존,21.12954186413902,226109.95751911637,120968827.27272727,535.0,2532.0
2025-09-22,e-영업2,기존,12.843182875756165,181922.5955204216,50210636.36363636,276.0,2149.0
2025-09-23,e-영업2,기존,13.677236157122575,150275.14941805598,43429518.18181818,289.0,2113.0
2025-09-24,e-영업2,기존,12.493827160493828,180017.03197987782,45544309.090909086,253.0,2025.0
2025-09-25,e-영업2,기존,14.407582938388625,159660.19736842104,48536699.99999999,304.0,2110.0
2025-09-26,e-영업2,기존,11.741093828399398,166258.7024087024,38904536.36363636,234.0,1993.0
2025-09-27,e-영업2,기존,12.688821752265861,207786.9769119769,52362318.18181818,252.0,1986.0
2025-09-28,e-영업2,기존,17.482517482517483,218432.04278074863,92833618.18181817,425.0,2431.0
2025-09-29,e-영업2,기존,13.869299482839681,169947.98151001538,50134654.54545454,295.0,2127.0
2025-09-30,e-영업2,기존,13.702171664943123,175277.1526586621,46448445.45454545,265.0,1934.0
2025-10-01,e-영업2,기존,14.865525672371637,196543.36124401912,59749181.81818181,304.0,2045.0
2025-10-02,e-영업2,기존,10.98062243100411,221089.98541565382,41343827.272727266,187.0,1703.0
2025-10-03,e-영업2,기존,16.364527192552668,232741.29014697878,77735590.9090909,334.0,2041.0
2025-10-04,e-영업2,기존,18.220115850447606,226628.19232790326,78413354.54545453,346.0,1899.0
2025-10-05,e-영업2,기존,15.271493212669684,233695.65656565654,63097827.272727266,270.0,1768.0
2025-10-06,e-영업2,기존,13.92336751214247,235284.28470754053,60703345.45454545,258.0,1853.0
2025-10-07,e-영업2,기존,14.716636197440586,235102.20214568038,75702909.09090908,322.0,2188.0
2025-10-08,e-영업2,기존,15.015723270440251,217162.16087577344,82955945.45454545,382.0,2544.0
2025-10-09,e-영업2,기존,11.735282801077338,288774.60506706405,88076254.54545453,305.0,2599.0
2025-10-10,e-영업2,기존,15.416323165704865,233699.6353913466,87403663.63636363,374.0,2426.0
2025-10-11,e-영업2,기존,13.665594855305466,222183.79679144383,75542490.9090909,340.0,2488.0
2025-10-12,e-영업2,기존,18.257575757575758,253690.92795171632,122279027.27272727,482.0,2640.0
2025-10-13,e-영업2,기존,7.765386204047914,188662.52417794967,35468554.54545454,188.0,2421.0
2025-10-14,e-영업2,기존,11.715828832571667,183316.05415860732,51695127.272727266,282.0,2407.0
2025-10-15,e-영업2,기존,15.864811133200796,191010.8452950558,76213327.27272727,399.0,2515.0
2025-10-16,e-영업2,기존,13.529184383455739,210594.0,73707900.0,350.0,2587.0
2025-10-17,e-영업2,기존,14.612244897959185,238423.76841036056,85355709.09090908,358.0,2450.0
2025-10-18,e-영업2,기존,15.066964285714285,230125.14029180695,93200681.81818181,405.0,2688.0
2025-10-19,e-영업2,기존,19.924683327627523,249799.6875976257,145383418.18181816,582.0,2921.0
2025-10-20,e-영업2,기존,12.592319054652881,212101.57291388963,72326636.36363636,341.0,2708.0
2025-10-21,e-영업2,기존,12.790255043776169,262954.5183982684,88352718.18181817,336.0,2627.0
2025-10-22,e-영업2,기존,10.766847405112316,277701.8639633747,77201118.18181817,278.0,2582.0
2025-10-23,e-영업2,기존,11.362683438155136,228930.42603153305,62040145.45454545,271.0,2385.0
2025-10-24,e-영업2,기존,9.862892525431226,240166.69384427232,53557172.72727273,223.0,2261.0
2025-10-25,e-영업2,기존,12.244027303754267,258028.1596452328,74054081.81818181,287.0,2344.0
2025-10-26,e-영업2,기존,16.738660907127432,263560.3714565005,122555572.72727272,465.0,2778.0
2025-10-27,e-영업2,기존,11.700891127469973,216484.34677904873,65378272.72727272,302.0,2581.0
2025-10-28,e-영업2,기존,9.70688998858013,194903.70766488413,49700445.45454545,255.0,2627.0
2025-10-29,e-영업2,기존,12.55247691015953,219803.5269078747,65721254.54545454,299.0,2382.0
2025-10-30,e-영업2,기존,8.51063829787234,196137.9292929293,35304827.27272727,180.0,2115.0
2025-10-31,e-영업2,기존,11.80246913580247,246783.453784709,58981245.45454545,239.0,2025.0
2025-11-01,e-영업2,기존,14.279818406933554,255383.23699421965,88362600.0,346.0,2423.0
2025-11-02,e-영업2,기존,17.85457163426926,322426.7595307918,159923672.72727272,496.0,2778.0
2025-11-03,e-영업2,기존,10.087336244541484,236150.4525777253,54550754.54545454,231.0,2290.0
2025-11-04,e-영업2,기존,10.0,235622.59358288767,48067009.090909086,204.0,2040.0
2025-11-05,e-영업2,기존,7.5882068632189466,312525.130283729,49066445.45454545,157.0,2069.0
2025-11-06,e-영업2,기존,8.117706747843734,265106.25,42417000.0,160.0,1971.0
2025-11-07,e-영업2,기존,7.643312101910828,268749.24242424243,38699890.90909091,144.0,1884.0
2025-11-08,e-영업2,기존,10.388970950270803,367117.190866006,77461727.27272727,211.0,2031.0
2025-11-09,e-영업2,기존,16.793248945147678,317766.971219735,126471254.54545453,398.0,2370.0
2025-11-10,e-영업2,기존,10.9642682329907,309643.262987013,69360090.9090909,224.0,2043.0
2025-11-11,e-영업2,기존,9.794871794871794,275068.6815801999,52538118.18181818,191.0,1950.0
2025-11-12,e-영업2,기존,10.558375634517766,265561.7132867133,55236836.36363636,208.0,1970.0
2025-11-13,e-영업2,기존,10.581140350877192,222602.63777673102,42962309.090909086,193.0,1824.0
2025-11-14,e-영업2,기존,10.175240248728095,266141.96969696967,47905554.54545454,180.0,1769.0
2025-11-15,e-영업2,기존,14.77441745166088,291411.43990237947,86840609.09090908,298.0,2017.0
2025-11-16,e-영업2,기존,15.131578947368421,319307.5098814229,117505163.63636363,368.0,2432.0
2025-11-17,e-영업2,기존,13.465346534653467,242415.2740641711,65936954.54545454,272.0,2020.0
2025-11-18,e-영업2,기존,13.186274509803923,235841.8722541399,63441463.63636363,269.0,2040.0
2025-11-19,e-영업2,기존,9.565217391304348,257230.47520661156,45272563.63636363,176.0,1840.0
2025-11-20,e-영업2,기존,9.970326409495549,238787.5,40116300.0,168.0,1685.0
2025-11-21,e-영업2,기존,8.216094541361846,238746.63760896635,34857009.090909086,146.0,1777.0
2025-11-22,e-영업2,기존,10.885045778229909,283089.88954970264,60581236.36363636,214.0,1966.0
2025-11-23,e-영업2,기존,16.794582392776526,338098.26490713586,125772554.54545453,372.0,2215.0
2025-11-24,e-영업2,기존,11.428571428571429,258798.8421955403,54865354.54545454,212.0,1855.0
2025-11-25,e-영업2,기존,11.976369495166487,227151.93640440275,50654881.81818181,223.0,1862.0
2025-11-26,e-영업2,기존,8.943965517241379,272195.72836801753,45184490.90909091,166.0,1856.0
2025-11-27,e-영업2,기존,11.419249592169658,263516.4502164502,55338454.54545454,210.0,1839.0
2025-11-28,e-영업2,기존,9.007981755986318,391472.89988492517,61852718.18181818,158.0,1754.0
2025-11-29,e-영업2,기존,12.968299711815561,322614.0067340067,87105781.81818181,270.0,2082.0
2025-11-30,e-영업2,기존,15.286080273270708,341160.4875571356,122135454.54545453,358.0,2342.0
2025-12-01,e-영업2,기존,9.345794392523365,238119.13875598085,45242636.36363636,190.0,2033.0
2025-12-02,e-영업2,기존,9.562982005141388,212233.43108504397,39475418.18181818,186.0,1945.0
2025-12-03,e-영업2,기존,10.10813352139163,249219.36575052852,53582163.63636363,215.0,2127.0
2025-12-04,e-영업2,기존,11.780243000528262,236538.60578882997,52748109.090909086,223.0,1893.0
2025-12-05,e-영업2,기존,12.439678284182305,298017.75078369904,69140118.18181817,232.0,1865.0
2025-12-06,e-영업2,기존,13.552566018933732,364736.229946524,99208254.54545453,272.0,2007.0
2025-12-07,e-영업2,기존,18.680338831921535,359130.1149924061,150475518.18181816,419.0,2243.0
2025-12-08,e-영업2,기존,11.192468619246862,323155.3950722175,69155254.54545455,214.0,1912.0
2025-12-09,e-영업2,기존,9.373408048904738,263837.49999999994,48546099.99999999,184.0,1963.0
2025-12-10,e-영업2,기존,9.830159547092125,234449.97620180866,44779945.45454545,191.0,1943.0
2025-12-11,e-영업2,기존,9.501312335958005,238163.13410346556,43107527.272727266,181.0,1905.0
2025-12-12,e-영업2,기존,10.353081986834232,180064.63478717813,31151181.818181816,173.0,1671.0
2025-12-13,e-영업2,기존,11.814982403217696,303611.5667311412,71348718.18181817,235.0,1989.0
2025-12-14,e-영업2,기존,16.930116472545755,332872.4592360956,135479090.9090909,407.0,2404.0
2025-12-15,e-영업2,기존,12.454966546577458,257435.1239669421,62299299.99999999,242.0,1943.0
2025-12-16,e-영업2,기존,9.04550499445061,246225.543781372,40134763.63636363,163.0,1802.0
2025-12-17,e-영업2,기존,8.112874779541446,203404.4795783926,28069818.18181818,138.0,1701.0
2025-12-18,e-영업2,기존,11.65680473372781,223363.3594831564,44002581.81818181,197.0,1690.0
2025-12-19,e-영업2,기존,12.438423645320198,264355.35553555354,53399781.81818181,202.0,1624.0
2025-12-20,e-영업2,기존,11.873508353221956,263896.29968021926,52515363.63636363,199.0,1676.0
2025-12-21,e-영업2,기존,18.56856856856857,296260.37735849054,109912599.99999999,371.0,1998.0
2025-12-22,e-영업2,기존,11.494252873563218,255777.53246753244,53713281.81818181,210.0,1827.0
2025-12-23,e-영업2,기존,7.551020408163265,85833.00573300572,9527463.636363635,111.0,1470.0
2025-12-24,e-영업2,기존,8.228317272053372,194964.45536445535,21641054.545454543,111.0,1349.0
2025-12-25,e-영업2,기존,16.859852476290833,320536.7329545454,102571754.54545453,320.0,1898.0
2025-12-26,e-영업2,기존,9.61768219832736,243288.2552230378,39169409.090909086,161.0,1674.0
2025-12-27,e-영업2,기존,10.94196003805899,261053.99209486166,60042418.18181818,230.0,2102.0
2025-12-28,e-영업2,기존,17.295443410093092,326150.3734226114,115131081.81818181,353.0,2041.0
2025-12-29,e-영업2,기존,10.066305003013863,268117.2019597169,44775572.72727273,167.0,1659.0
2025-12-30,e-영업2,기존,10.74489123269611,275645.78918014496,44930263.63636363,163.0,1517.0
2025-12-31,e-영업2,기존,11.694677871148459,248264.45291235708,41460163.63636363,167.0,1428.0
2025-01-01,e-영업2,비회원,0.0,,0.0,0.0,1918.0
2025-01-02,e-영업2,비회원,0.0,,0.0,0.0,1782.0
2025-01-03,e-영업2,비회원,0.0,,0.0,0.0,1857.0
2025-01-04,e-영업2,비회원,0.0,,0.0,0.0,2040.0
2025-01-05,e-영업2,비회원,0.0,,0.0,0.0,2100.0
2025-01-06,e-영업2,비회원,0.0,,0.0,0.0,2083.0
2025-01-07,e-영업2,비회원,0.0,,0.0,0.0,2059.0
2025-01-08,e-영업2,비회원,0.0,,0.0,0.0,1973.0
2025-01-09,e-영업2,비회원,0.0,,0.0,0.0,2010.0
2025-01-10,e-영업2,비회원,0.0,,0.0,0.0,1858.0
2025-01-11,e-영업2,비회원,0.0,,0.0,0.0,2166.0
2025-01-12,e-영업2,비회원,0.0,,0.0,0.0,2293.0
2025-01-13,e-영업2,비회원,0.0,,0.0,0.0,2079.0
2025-01-14,e-영업2,비회원,0.0,,0.0,0.0,2059.0
2025-01-15,e-영업2,비회원,0.0,,0.0,0.0,2061.0
2025-01-16,e-영업2,비회원,0.0,,0.0,0.0,1964.0
2025-01-17,e-영업2,비회원,0.0,,0.0,0.0,1856.0
2025-01-18,e-영업2,비회원,0.0,,0.0,0.0,2033.0
2025-01-19,e-영업2,비회원,0.0,,0.0,0.0,2098.0
2025-01-20,e-영업2,비회원,0.0,,0.0,0.0,1949.0
2025-01-21,e-영업2,비회원,0.0,,0.0,0.0,1874.0
2025-01-22,e-영업2,비회원,0.0,,0.0,0.0,1809.0
2025-01-23,e-영업2,비회원,0.0,,0.0,0.0,1812.0
2025-01-24,e-영업2,비회원,0.0,,0.0,0.0,1554.0
2025-01-25,e-영업2,비회원,0.0,,0.0,0.0,1739.0
2025-01-26,e-영업2,비회원,0.0,,0.0,0.0,1998.0
2025-01-27,e-영업2,비회원,0.0,,0.0,0.0,1843.0
2025-01-28,e-영업2,비회원,0.0,,0.0,0.0,1753.0
2025-01-29,e-영업2,비회원,0.0,,0.0,0.0,1822.0
2025-01-30,e-영업2,비회원,0.0,,0.0,0.0,2210.0
2025-01-31,e-영업2,비회원,0.0,,0.0,0.0,2064.0
2025-02-01,e-영업2,비회원,0.0,,0.0,0.0,2202.0
2025-02-02,e-영업2,비회원,0.0,,0.0,0.0,2522.0
2025-02-03,e-영업2,비회원,0.0,,0.0,0.0,2450.0
2025-02-04,e-영업2,비회원,0.0,,0.0,0.0,2111.0
2025-02-05,e-영업2,비회원,0.0,,0.0,0.0,2282.0
2025-02-06,e-영업2,비회원,0.0,,0.0,0.0,2083.0
2025-02-07,e-영업2,비회원,0.0,,0.0,0.0,1863.0
2025-02-08,e-영업2,비회원,0.0,,0.0,0.0,1969.0
2025-02-09,e-영업2,비회원,0.0,,0.0,0.0,2191.0
2025-02-10,e-영업2,비회원,0.0,,0.0,0.0,2085.0
2025-02-11,e-영업2,비회원,0.0,,0.0,0.0,2036.0
2025-02-12,e-영업2,비회원,0.0,,0.0,0.0,2136.0
2025-02-13,e-영업2,비회원,0.0,,0.0,0.0,1988.0
2025-02-14,e-영업2,비회원,0.0,,0.0,0.0,2010.0
2025-02-15,e-영업2,비회원,0.0,,0.0,0.0,2070.0
2025-02-16,e-영업2,비회원,0.0,,0.0,0.0,2401.0
2025-02-17,e-영업2,비회원,0.0,,0.0,0.0,2289.0
2025-02-18,e-영업2,비회원,0.0,,0.0,0.0,2098.0
2025-02-19,e-영업2,비회원,0.0,,0.0,0.0,2096.0
2025-02-20,e-영업2,비회원,0.0,,0.0,0.0,1936.0
2025-02-21,e-영업2,비회원,0.0,,0.0,0.0,2075.0
2025-02-22,e-영업2,비회원,0.0,,0.0,0.0,2152.0
2025-02-23,e-영업2,비회원,0.0,,0.0,0.0,2540.0
2025-02-24,e-영업2,비회원,0.0,,0.0,0.0,2222.0
2025-02-25,e-영업2,비회원,0.0,,0.0,0.0,2327.0
2025-02-26,e-영업2,비회원,0.0,,0.0,0.0,2574.0
2025-02-27,e-영업2,비회원,0.0,,0.0,0.0,2459.0
2025-02-28,e-영업2,비회원,0.0,,0.0,0.0,2175.0
2025-03-01,e-영업2,비회원,0.0,,0.0,0.0,2757.0
2025-03-02,e-영업2,비회원,0.0,,0.0,0.0,2806.0
2025-03-03,e-영업2,비회원,0.0,,0.0,0.0,2977.0
2025-03-04,e-영업2,비회원,0.0,,0.0,0.0,2473.0
2025-03-05,e-영업2,비회원,0.0,,0.0,0.0,2514.0
2025-03-06,e-영업2,비회원,0.0,,0.0,0.0,2438.0
2025-03-07,e-영업2,비회원,0.0,,0.0,0.0,2151.0
2025-03-08,e-영업2,비회원,0.0,,0.0,0.0,2615.0
2025-03-09,e-영업2,비회원,0.0,,0.0,0.0,3776.0
2025-03-10,e-영업2,비회원,0.0,,0.0,0.0,3295.0
2025-03-11,e-영업2,비회원,0.0,,0.0,0.0,2950.0
2025-03-12,e-영업2,비회원,0.0,,0.0,0.0,2773.0
2025-03-13,e-영업2,비회원,0.0,,0.0,0.0,2367.0
2025-03-14,e-영업2,비회원,0.0,,0.0,0.0,2183.0
2025-03-15,e-영업2,비회원,0.0,,0.0,0.0,2637.0
2025-03-16,e-영업2,비회원,0.0,,0.0,0.0,3076.0
2025-03-17,e-영업2,비회원,0.0,,0.0,0.0,2710.0
2025-03-18,e-영업2,비회원,0.0,,0.0,0.0,2367.0
2025-03-19,e-영업2,비회원,0.0,,0.0,0.0,2523.0
2025-03-20,e-영업2,비회원,0.0,,0.0,0.0,2383.0
2025-03-21,e-영업2,비회원,0.0,,0.0,0.0,2403.0
2025-03-22,e-영업2,비회원,0.0,,0.0,0.0,2289.0
2025-03-23,e-영업2,비회원,0.0,,0.0,0.0,2686.0
2025-03-24,e-영업2,비회원,0.0,,0.0,0.0,2895.0
2025-03-25,e-영업2,비회원,0.0,,0.0,0.0,2777.0
2025-03-26,e-영업2,비회원,0.0,,0.0,0.0,2546.0
2025-03-27,e-영업2,비회원,0.0,,0.0,0.0,2428.0
2025-03-28,e-영업2,비회원,0.0,,0.0,0.0,2001.0
2025-03-29,e-영업2,비회원,0.0,,0.0,0.0,2121.0
2025-03-30,e-영업2,비회원,0.0,,0.0,0.0,2562.0
2025-03-31,e-영업2,비회원,0.0,,0.0,0.0,2561.0
2025-04-01,e-영업2,비회원,0.0,,0.0,0.0,2679.0
2025-04-02,e-영업2,비회원,0.0,,0.0,0.0,2857.0
2025-04-03,e-영업2,비회원,0.0,,0.0,0.0,2678.0
2025-04-04,e-영업2,비회원,0.0,,0.0,0.0,2289.0
2025-04-05,e-영업2,비회원,0.0,,0.0,0.0,2865.0
2025-04-06,e-영업2,비회원,0.0,,0.0,0.0,2956.0
2025-04-07,e-영업2,비회원,0.0,,0.0,0.0,2861.0
2025-04-08,e-영업2,비회원,0.0,,0.0,0.0,2810.0
2025-04-09,e-영업2,비회원,0.0,,0.0,0.0,2992.0
2025-04-10,e-영업2,비회원,0.0,,0.0,0.0,2624.0
2025-04-11,e-영업2,비회원,0.0,,0.0,0.0,2562.0
2025-04-12,e-영업2,비회원,0.0,,0.0,0.0,2747.0
2025-04-13,e-영업2,비회원,0.0,,0.0,0.0,3148.0
2025-04-14,e-영업2,비회원,0.0,,0.0,0.0,3012.0
2025-04-15,e-영업2,비회원,0.0,,0.0,0.0,2729.0
2025-04-16,e-영업2,비회원,0.0,,0.0,0.0,2941.0
2025-04-17,e-영업2,비회원,0.0,,0.0,0.0,2761.0
2025-04-18,e-영업2,비회원,0.0,,0.0,0.0,2545.0
2025-04-19,e-영업2,비회원,0.0,,0.0,0.0,2694.0
2025-04-20,e-영업2,비회원,0.0,,0.0,0.0,3134.0
2025-04-21,e-영업2,비회원,0.0,,0.0,0.0,3028.0
2025-04-22,e-영업2,비회원,0.0,,0.0,0.0,2875.0
2025-04-23,e-영업2,비회원,0.0,,0.0,0.0,2860.0
2025-04-24,e-영업2,비회원,0.0,,0.0,0.0,2467.0
2025-04-25,e-영업2,비회원,0.0,,0.0,0.0,2257.0
2025-04-26,e-영업2,비회원,0.0,,0.0,0.0,2243.0
2025-04-27,e-영업2,비회원,0.0,,0.0,0.0,2655.0
2025-04-28,e-영업2,비회원,0.0,,0.0,0.0,2516.0
2025-04-29,e-영업2,비회원,0.0,,0.0,0.0,2270.0
2025-04-30,e-영업2,비회원,0.0,,0.0,0.0,2142.0
2025-05-01,e-영업2,비회원,0.0,,0.0,0.0,2313.0
2025-05-02,e-영업2,비회원,0.0,,0.0,0.0,1880.0
2025-05-03,e-영업2,비회원,0.0,,0.0,0.0,2004.0
2025-05-04,e-영업2,비회원,0.0,,0.0,0.0,2018.0
2025-05-05,e-영업2,비회원,0.0,,0.0,0.0,2284.0
2025-05-06,e-영업2,비회원,0.0,,0.0,0.0,2364.0
2025-05-07,e-영업2,비회원,0.0,,0.0,0.0,2135.0
2025-05-08,e-영업2,비회원,0.0,,0.0,0.0,2071.0
2025-05-09,e-영업2,비회원,0.0,,0.0,0.0,2071.0
2025-05-10,e-영업2,비회원,0.0,,0.0,0.0,2004.0
2025-05-11,e-영업2,비회원,0.0,,0.0,0.0,2189.0
2025-05-12,e-영업2,비회원,0.0,,0.0,0.0,4067.0
2025-05-13,e-영업2,비회원,0.0,,0.0,0.0,4837.0
2025-05-14,e-영업2,비회원,0.0,,0.0,0.0,2606.0
2025-05-15,e-영업2,비회원,0.0,,0.0,0.0,2113.0
2025-05-16,e-영업2,비회원,0.0,,0.0,0.0,2085.0
2025-05-17,e-영업2,비회원,0.0,,0.0,0.0,2002.0
2025-05-18,e-영업2,비회원,0.0,,0.0,0.0,2172.0
2025-05-19,e-영업2,비회원,0.0,,0.0,0.0,2285.0
2025-05-20,e-영업2,비회원,0.0,,0.0,0.0,2198.0
2025-05-21,e-영업2,비회원,0.0,,0.0,0.0,2305.0
2025-05-22,e-영업2,비회원,0.0,,0.0,0.0,2121.0
2025-05-23,e-영업2,비회원,0.0,,0.0,0.0,1936.0
2025-05-24,e-영업2,비회원,0.0,,0.0,0.0,1882.0
2025-05-25,e-영업2,비회원,0.0,,0.0,0.0,2132.0
2025-05-26,e-영업2,비회원,0.0,,0.0,0.0,4091.0
2025-05-27,e-영업2,비회원,0.0,,0.0,0.0,2070.0
2025-05-28,e-영업2,비회원,0.0,,0.0,0.0,1939.0
2025-05-29,e-영업2,비회원,0.0,,0.0,0.0,2182.0
2025-05-30,e-영업2,비회원,0.0,,0.0,0.0,1849.0
2025-05-31,e-영업2,비회원,0.0,,0.0,0.0,1866.0
2025-06-01,e-영업2,비회원,0.0,,0.0,0.0,2170.0
2025-06-02,e-영업2,비회원,0.0,,0.0,0.0,2078.0
2025-06-03,e-영업2,비회원,0.0,,0.0,0.0,2354.0
2025-06-04,e-영업2,비회원,0.0,,0.0,0.0,2062.0
2025-06-05,e-영업2,비회원,0.0,,0.0,0.0,2105.0
2025-06-06,e-영업2,비회원,0.0,,0.0,0.0,2031.0
2025-06-07,e-영업2,비회원,0.0,,0.0,0.0,2303.0
2025-06-08,e-영업2,비회원,0.0,,0.0,0.0,2318.0
2025-06-09,e-영업2,비회원,0.0,,0.0,0.0,2229.0
2025-06-10,e-영업2,비회원,0.0,,0.0,0.0,2354.0
2025-06-11,e-영업2,비회원,0.0,,0.0,0.0,2189.0
2025-06-12,e-영업2,비회원,0.0,,0.0,0.0,2096.0
2025-06-13,e-영업2,비회원,0.0,,0.0,0.0,1874.0
2025-06-14,e-영업2,비회원,0.0,,0.0,0.0,1862.0
2025-06-15,e-영업2,비회원,0.0,,0.0,0.0,2151.0
2025-06-16,e-영업2,비회원,0.0,,0.0,0.0,2152.0
2025-06-17,e-영업2,비회원,0.0,,0.0,0.0,1923.0
2025-06-18,e-영업2,비회원,0.0,,0.0,0.0,1911.0
2025-06-19,e-영업2,비회원,0.0,,0.0,0.0,1803.0
2025-06-20,e-영업2,비회원,0.0,,0.0,0.0,1726.0
2025-06-21,e-영업2,비회원,0.0,,0.0,0.0,1661.0
2025-06-22,e-영업2,비회원,0.0,,0.0,0.0,2011.0
2025-06-23,e-영업2,비회원,0.0,,0.0,0.0,1872.0
2025-06-24,e-영업2,비회원,0.0,,0.0,0.0,1776.0
2025-06-25,e-영업2,비회원,0.0,,0.0,0.0,1627.0
2025-06-26,e-영업2,비회원,0.0,,0.0,0.0,1569.0
2025-06-27,e-영업2,비회원,0.0,,0.0,0.0,1635.0
2025-06-28,e-영업2,비회원,0.0,,0.0,0.0,1619.0
2025-06-29,e-영업2,비회원,0.0,,0.0,0.0,1776.0
2025-06-30,e-영업2,비회원,0.0,,0.0,0.0,1641.0
2025-07-01,e-영업2,비회원,0.0,,0.0,0.0,1754.0
2025-07-02,e-영업2,비회원,0.0,,0.0,0.0,1751.0
2025-07-03,e-영업2,비회원,0.0,,0.0,0.0,1712.0
2025-07-04,e-영업2,비회원,0.0,,0.0,0.0,1623.0
2025-07-05,e-영업2,비회원,0.0,,0.0,0.0,1647.0
2025-07-06,e-영업2,비회원,0.0,,0.0,0.0,1954.0
2025-07-07,e-영업2,비회원,0.0,,0.0,0.0,1935.0
2025-07-08,e-영업2,비회원,0.0,,0.0,0.0,1790.0
2025-07-09,e-영업2,비회원,0.0,,0.0,0.0,1833.0
2025-07-10,e-영업2,비회원,0.0,,0.0,0.0,1640.0
2025-07-11,e-영업2,비회원,0.0,,0.0,0.0,1487.0
2025-07-12,e-영업2,비회원,0.0,,0.0,0.0,1530.0
2025-07-13,e-영업2,비회원,0.0,,0.0,0.0,1721.0
2025-07-14,e-영업2,비회원,0.0,,0.0,0.0,1649.0
2025-07-15,e-영업2,비회원,0.0,,0.0,0.0,1499.0
2025-07-16,e-영업2,비회원,0.0,,0.0,0.0,1402.0
2025-07-17,e-영업2,비회원,0.0,,0.0,0.0,1358.0
2025-07-18,e-영업2,비회원,0.0,,0.0,0.0,1315.0
2025-07-19,e-영업2,비회원,0.0,,0.0,0.0,1198.0
2025-07-20,e-영업2,비회원,0.0,,0.0,0.0,1557.0
2025-07-21,e-영업2,비회원,0.0,,0.0,0.0,1327.0
2025-07-22,e-영업2,비회원,0.0,,0.0,0.0,1409.0
2025-07-23,e-영업2,비회원,0.0,,0.0,0.0,1452.0
2025-07-24,e-영업2,비회원,0.0,,0.0,0.0,1374.0
2025-07-25,e-영업2,비회원,0.0,,0.0,0.0,1204.0
2025-07-26,e-영업2,비회원,0.0,,0.0,0.0,1286.0
2025-07-27,e-영업2,비회원,0.0,,0.0,0.0,1343.0
2025-07-28,e-영업2,비회원,0.0,,0.0,0.0,1457.0
2025-07-29,e-영업2,비회원,0.0,,0.0,0.0,1424.0
2025-07-30,e-영업2,비회원,0.0,,0.0,0.0,1363.0
2025-07-31,e-영업2,비회원,0.0,,0.0,0.0,1280.0
2025-08-01,e-영업2,비회원,0.0,,0.0,0.0,1374.0
2025-08-02,e-영업2,비회원,0.0,,0.0,0.0,1192.0
2025-08-03,e-영업2,비회원,0.0,,0.0,0.0,1488.0
2025-08-04,e-영업2,비회원,0.0,,0.0,0.0,1379.0
2025-08-05,e-영업2,비회원,0.0,,0.0,0.0,1376.0
2025-08-06,e-영업2,비회원,0.0,,0.0,0.0,1372.0
2025-08-07,e-영업2,비회원,0.0,,0.0,0.0,1210.0
2025-08-08,e-영업2,비회원,0.0,,0.0,0.0,1192.0
2025-08-09,e-영업2,비회원,0.0,,0.0,0.0,1295.0
2025-08-10,e-영업2,비회원,0.0,,0.0,0.0,1342.0
2025-08-11,e-영업2,비회원,0.0,,0.0,0.0,1413.0
2025-08-12,e-영업2,비회원,0.0,,0.0,0.0,1373.0
2025-08-13,e-영업2,비회원,0.0,,0.0,0.0,1337.0
2025-08-14,e-영업2,비회원,0.0,,0.0,0.0,1179.0
2025-08-15,e-영업2,비회원,0.0,,0.0,0.0,1206.0
2025-08-16,e-영업2,비회원,0.0,,0.0,0.0,1361.0
2025-08-17,e-영업2,비회원,0.0,,0.0,0.0,1432.0
2025-08-18,e-영업2,비회원,0.0,,0.0,0.0,1341.0
2025-08-19,e-영업2,비회원,0.0,,0.0,0.0,1281.0
2025-08-20,e-영업2,비회원,0.0,,0.0,0.0,1262.0
2025-08-21,e-영업2,비회원,0.0,,0.0,0.0,1225.0
2025-08-22,e-영업2,비회원,0.0,,0.0,0.0,1220.0
2025-08-23,e-영업2,비회원,0.0,,0.0,0.0,1365.0
2025-08-24,e-영업2,비회원,0.0,,0.0,0.0,1406.0
2025-08-25,e-영업2,비회원,0.0,,0.0,0.0,1361.0
2025-08-26,e-영업2,비회원,0.0,,0.0,0.0,1416.0
2025-08-27,e-영업2,비회원,0.0,,0.0,0.0,1487.0
2025-08-28,e-영업2,비회원,0.0,,0.0,0.0,1448.0
2025-08-29,e-영업2,비회원,0.0,,0.0,0.0,1378.0
2025-08-30,e-영업2,비회원,0.0,,0.0,0.0,1362.0
2025-08-31,e-영업2,비회원,0.0,,0.0,0.0,1605.0
2025-09-01,e-영업2,비회원,0.0,,0.0,0.0,1445.0
2025-09-02,e-영업2,비회원,0.0,,0.0,0.0,1674.0
2025-09-03,e-영업2,비회원,0.0,,0.0,0.0,1497.0
2025-09-04,e-영업2,비회원,0.0,,0.0,0.0,1453.0
2025-09-05,e-영업2,비회원,0.0,,0.0,0.0,1486.0
2025-09-06,e-영업2,비회원,0.0,,0.0,0.0,1479.0
2025-09-07,e-영업2,비회원,0.0,,0.0,0.0,1736.0
2025-09-08,e-영업2,비회원,0.0,,0.0,0.0,1741.0
2025-09-09,e-영업2,비회원,0.0,,0.0,0.0,1613.0
2025-09-10,e-영업2,비회원,0.0,,0.0,0.0,1493.0
2025-09-11,e-영업2,비회원,0.0,,0.0,0.0,1557.0
2025-09-12,e-영업2,비회원,0.0,,0.0,0.0,1400.0
2025-09-13,e-영업2,비회원,0.0,,0.0,0.0,1436.0
2025-09-14,e-영업2,비회원,0.0,,0.0,0.0,1694.0
2025-09-15,e-영업2,비회원,0.0,,0.0,0.0,1619.0
2025-09-16,e-영업2,비회원,0.0,,0.0,0.0,1551.0
2025-09-17,e-영업2,비회원,0.0,,0.0,0.0,1557.0
2025-09-18,e-영업2,비회원,0.0,,0.0,0.0,1480.0
2025-09-19,e-영업2,비회원,0.0,,0.0,0.0,1500.0
2025-09-20,e-영업2,비회원,0.0,,0.0,0.0,1722.0
2025-09-21,e-영업2,비회원,0.0,,0.0,0.0,1833.0
2025-09-22,e-영업2,비회원,0.0,,0.0,0.0,1716.0
2025-09-23,e-영업2,비회원,0.0,,0.0,0.0,1732.0
2025-09-24,e-영업2,비회원,0.0,,0.0,0.0,1604.0
2025-09-25,e-영업2,비회원,0.0,,0.0,0.0,1697.0
2025-09-26,e-영업2,비회원,0.0,,0.0,0.0,1539.0
2025-09-27,e-영업2,비회원,0.0,,0.0,0.0,1426.0
2025-09-28,e-영업2,비회원,0.0,,0.0,0.0,1836.0
2025-09-29,e-영업2,비회원,0.0,,0.0,0.0,1663.0
2025-09-30,e-영업2,비회원,0.0,,0.0,0.0,1595.0
2025-10-01,e-영업2,비회원,0.0,,0.0,0.0,1558.0
2025-10-02,e-영업2,비회원,0.0,,0.0,0.0,1298.0
2025-10-03,e-영업2,비회원,0.0,,0.0,0.0,1506.0
2025-10-04,e-영업2,비회원,0.0,,0.0,0.0,1611.0
2025-10-05,e-영업2,비회원,0.0,,0.0,0.0,1579.0
2025-10-06,e-영업2,비회원,0.0,,0.0,0.0,1755.0
2025-10-07,e-영업2,비회원,0.0,,0.0,0.0,2049.0
2025-10-08,e-영업2,비회원,0.0,,0.0,0.0,2418.0
2025-10-09,e-영업2,비회원,0.0,,0.0,0.0,2251.0
2025-10-10,e-영업2,비회원,0.0,,0.0,0.0,2086.0
2025-10-11,e-영업2,비회원,0.0,,0.0,0.0,2029.0
2025-10-12,e-영업2,비회원,0.0,,0.0,0.0,2177.0
2025-10-13,e-영업2,비회원,0.0,,0.0,0.0,2511.0
2025-10-14,e-영업2,비회원,0.0,,0.0,0.0,2352.0
2025-10-15,e-영업2,비회원,0.0,,0.0,0.0,2250.0
2025-10-16,e-영업2,비회원,0.0,,0.0,0.0,2402.0
2025-10-17,e-영업2,비회원,0.0,,0.0,0.0,2018.0
2025-10-18,e-영업2,비회원,0.0,,0.0,0.0,2030.0
2025-10-19,e-영업2,비회원,0.0,,0.0,0.0,2589.0
2025-10-20,e-영업2,비회원,0.0,,0.0,0.0,2534.0
2025-10-21,e-영업2,비회원,0.0,,0.0,0.0,2249.0
2025-10-22,e-영업2,비회원,0.0,,0.0,0.0,2276.0
2025-10-23,e-영업2,비회원,0.0,,0.0,0.0,1894.0
2025-10-24,e-영업2,비회원,0.0,,0.0,0.0,1858.0
2025-10-25,e-영업2,비회원,0.0,,0.0,0.0,1788.0
2025-10-26,e-영업2,비회원,0.0,,0.0,0.0,2246.0
2025-10-27,e-영업2,비회원,0.0,,0.0,0.0,2340.0
2025-10-28,e-영업2,비회원,0.0,,0.0,0.0,2966.0
2025-10-29,e-영업2,비회원,0.0,,0.0,0.0,2036.0
2025-10-30,e-영업2,비회원,0.0,,0.0,0.0,1779.0
2025-10-31,e-영업2,비회원,0.0,,0.0,0.0,1524.0
2025-11-01,e-영업2,비회원,0.0,,0.0,0.0,1844.0
2025-11-02,e-영업2,비회원,0.0,,0.0,0.0,2289.0
2025-11-03,e-영업2,비회원,0.0,,0.0,0.0,2083.0
2025-11-04,e-영업2,비회원,0.0,,0.0,0.0,1789.0
2025-11-05,e-영업2,비회원,0.0,,0.0,0.0,1810.0
2025-11-06,e-영업2,비회원,0.0,,0.0,0.0,1674.0
2025-11-07,e-영업2,비회원,0.0,,0.0,0.0,1630.0
2025-11-08,e-영업2,비회원,0.0,,0.0,0.0,1699.0
2025-11-09,e-영업2,비회원,0.0,,0.0,0.0,2045.0
2025-11-10,e-영업2,비회원,0.0,,0.0,0.0,1771.0
2025-11-11,e-영업2,비회원,0.0,,0.0,0.0,1751.0
2025-11-12,e-영업2,비회원,0.0,,0.0,0.0,1681.0
2025-11-13,e-영업2,비회원,0.0,,0.0,0.0,1571.0
2025-11-14,e-영업2,비회원,0.0,,0.0,0.0,1431.0
2025-11-15,e-영업2,비회원,0.0,,0.0,0.0,1664.0
2025-11-16,e-영업2,비회원,0.0,,0.0,0.0,1823.0
2025-11-17,e-영업2,비회원,0.0,,0.0,0.0,1748.0
2025-11-18,e-영업2,비회원,0.0,,0.0,0.0,1908.0
2025-11-19,e-영업2,비회원,0.0,,0.0,0.0,1587.0
2025-11-20,e-영업2,비회원,0.0,,0.0,0.0,1438.0
2025-11-21,e-영업2,비회원,0.0,,0.0,0.0,1414.0
2025-11-22,e-영업2,비회원,0.0,,0.0,0.0,1580.0
2025-11-23,e-영업2,비회원,0.0,,0.0,0.0,1825.0
2025-11-24,e-영업2,비회원,0.0,,0.0,0.0,1635.0
2025-11-25,e-영업2,비회원,0.0,,0.0,0.0,1542.0
2025-11-26,e-영업2,비회원,0.0,,0.0,0.0,1419.0
2025-11-27,e-영업2,비회원,0.0,,0.0,0.0,1392.0
2025-11-28,e-영업2,비회원,0.0,,0.0,0.0,1386.0
2025-11-29,e-영업2,비회원,0.0,,0.0,0.0,1673.0
2025-11-30,e-영업2,비회원,0.0,,0.0,0.0,1871.0
2025-12-01,e-영업2,비회원,0.0,,0.0,0.0,1800.0
2025-12-02,e-영업2,비회원,0.0,,0.0,0.0,1734.0
2025-12-03,e-영업2,비회원,0.0,,0.0,0.0,1942.0
2025-12-04,e-영업2,비회원,0.0,,0.0,0.0,1793.0
2025-12-05,e-영업2,비회원,0.0,,0.0,0.0,1679.0
2025-12-06,e-영업2,비회원,0.0,,0.0,0.0,1786.0
2025-12-07,e-영업2,비회원,0.0,,0.0,0.0,2076.0
2025-12-08,e-영업2,비회원,0.0,,0.0,0.0,1946.0
2025-12-09,e-영업2,비회원,0.0,,0.0,0.0,1751.0
2025-12-10,e-영업2,비회원,0.0,,0.0,0.0,1559.0
2025-12-11,e-영업2,비회원,0.0,,0.0,0.0,1727.0
2025-12-12,e-영업2,비회원,0.0,,0.0,0.0,1654.0
2025-12-13,e-영업2,비회원,0.0,,0.0,0.0,1864.0
2025-12-14,e-영업2,비회원,0.0,,0.0,0.0,2131.0
2025-12-15,e-영업2,비회원,0.0,,0.0,0.0,1883.0
2025-12-16,e-영업2,비회원,0.0,,0.0,0.0,1642.0
2025-12-17,e-영업2,비회원,0.0,,0.0,0.0,1513.0
2025-12-18,e-영업2,비회원,0.0,,0.0,0.0,1530.0
2025-12-19,e-영업2,비회원,0.0,,0.0,0.0,1323.0
2025-12-20,e-영업2,비회원,0.0,,0.0,0.0,1457.0
2025-12-21,e-영업2,비회원,0.0,,0.0,0.0,1674.0
2025-12-22,e-영업2,비회원,0.0,,0.0,0.0,1544.0
2025-12-23,e-영업2,비회원,0.0,,0.0,0.0,1321.0
2025-12-24,e-영업2,비회원,0.0,,0.0,0.0,1245.0
2025-12-25,e-영업2,비회원,0.0,,0.0,0.0,1703.0
2025-12-26,e-영업2,비회원,0.0,,0.0,0.0,1552.0
2025-12-27,e-영업2,비회원,0.0,,0.0,0.0,1708.0
2025-12-28,e-영업2,비회원,0.0,,0.0,0.0,1684.0
2025-12-29,e-영업2,비회원,0.0,,0.0,0.0,1516.0
2025-12-30,e-영업2,비회원,0.0,,0.0,0.0,1614.0
2025-12-31,e-영업2,비회원,0.0,,0.0,0.0,1594.0
2025-01-01,e-영업2,신규,35.78947368421053,170963.36898395722,5812754.545454545,34.0,95.0
2025-01-02,e-영업2,신규,33.62068965517241,120776.68997668997,4710290.909090909,39.0,116.0
2025-01-03,e-영업2,신규,26.5625,184289.03743315508,6265827.2727272725,34.0,128.0
2025-01-04,e-영업2,신규,22.099447513812155,207377.2727272727,8295090.909090908,40.0,181.0
2025-01-05,e-영업2,신규,23.56687898089172,237191.64619164617,8776090.909090908,37.0,157.0
2025-01-06,e-영업2,신규,26.95035460992908,130813.87559808612,4970927.2727272725,38.0,141.0
2025-01-07,e-영업2,신규,26.31578947368421,124966.26262626261,5623481.818181817,45.0,171.0
2025-01-08,e-영업2,신규,21.25,208653.47593582887,7094218.181818182,34.0,160.0
2025-01-09,e-영업2,신규,15.294117647058824,191635.66433566433,4982527.2727272725,26.0,170.0
2025-01-10,e-영업2,신규,14.000000000000002,272877.0562770563,5730418.181818182,21.0,150.0
2025-01-11,e-영업2,신규,23.48993288590604,206572.46753246753,7230036.363636363,35.0,149.0
2025-01-12,e-영업2,신규,27.472527472527474,190991.2727272727,9549563.636363635,50.0,182.0
2025-01-13,e-영업2,신규,22.875816993464053,129144.15584415583,4520045.454545454,35.0,153.0
2025-01-14,e-영업2,신규,21.341463414634145,151409.8701298701,5299345.454545454,35.0,164.0
2025-01-15,e-영업2,신규,14.594594594594595,165088.21548821547,4457381.818181817,27.0,185.0
2025-01-16,e-영업2,신규,24.550898203592812,175439.91130820397,7193036.363636363,41.0,167.0
2025-01-17,e-영업2,신규,21.301775147928996,240398.4848484848,8654345.454545453,36.0,169.0
2025-01-18,e-영업2,신규,19.45945945945946,176808.0808080808,6365090.909090908,36.0,185.0
2025-01-19,e-영업2,신규,21.02803738317757,191110.50505050505,8599972.727272727,45.0,214.0
2025-01-20,e-영업2,신규,24.431818181818183,167110.99365750526,7185772.727272727,43.0,176.0
2025-01-21,e-영업2,신규,19.526627218934912,130949.86225895316,4321345.454545454,33.0,169.0
2025-01-22,e-영업2,신규,20.52980132450331,158487.09677419355,4913100.0,31.0,151.0
2025-01-23,e-영업2,신규,21.935483870967744,156468.44919786096,5319927.2727272725,34.0,155.0
2025-01-24,e-영업2,신규,15.254237288135593,125033.33333333333,2250600.0,18.0,118.0
2025-01-25,e-영업2,신규,20.496894409937887,260890.9090909091,8609400.0,33.0,161.0
2025-01-26,e-영업2,신규,18.0327868852459,193390.35812672175,6381881.818181817,33.0,183.0
2025-01-27,e-영업2,신규,23.49397590361446,229493.47319347315,8950245.454545453,39.0,166.0
2025-01-28,e-영업2,신규,20.56737588652482,155451.09717868335,4508081.818181817,29.0,141.0
2025-01-29,e-영업2,신규,26.063829787234045,247185.1576994434,12112072.727272727,49.0,188.0
2025-01-30,e-영업2,신규,21.962616822429908,170737.71760154737,8024672.727272727,47.0,214.0
2025-01-31,e-영업2,신규,24.519230769230766,163992.6916221034,8363627.2727272725,51.0,208.0
2025-02-01,e-영업2,신규,21.100917431192663,160542.29249011856,7384945.454545454,46.0,218.0
2025-02-02,e-영업2,신규,20.408163265306122,184903.0909090909,9245154.545454545,50.0,245.0
2025-02-03,e-영업2,신규,12.735849056603774,127455.21885521885,3441290.9090909087,27.0,212.0
2025-02-04,e-영업2,신규,12.70718232044199,179718.57707509882,4133527.2727272725,23.0,181.0
2025-02-05,e-영업2,신규,18.859649122807017,286014.3763213531,12298618.181818182,43.0,228.0
2025-02-06,e-영업2,신규,17.142857142857142,112353.03030303029,3370590.9090909087,30.0,175.0
2025-02-07,e-영업2,신규,16.666666666666664,205384.41558441558,5750763.636363636,28.0,168.0
2025-02-08,e-영업2,신규,19.19191919191919,144375.35885167462,5486263.636363636,38.0,198.0
2025-02-09,e-영업2,신규,21.17117117117117,150629.59381044484,7079590.909090908,47.0,222.0
2025-02-10,e-영업2,신규,23.74429223744292,141625.52447552446,7364527.2727272725,52.0,219.0
2025-02-11,e-영업2,신규,20.187793427230048,173637.63213530654,7466418.181818182,43.0,213.0
2025-02-12,e-영업2,신규,20.408163265306122,150954.31818181818,6038172.727272727,40.0,196.0
2025-02-13,e-영업2,신규,19.565217391304348,178631.81818181818,6430745.454545454,36.0,184.0
2025-02-14,e-영업2,신규,18.07909604519774,114580.39772727272,3666572.727272727,32.0,177.0
2025-02-15,e-영업2,신규,18.46846846846847,200004.87804878046,8200199.999999999,41.0,222.0
2025-02-16,e-영업2,신규,25.311203319502074,200209.23994038746,12212763.636363635,61.0,241.0
2025-02-17,e-영업2,신규,17.12707182320442,129386.51026392961,4010981.818181818,31.0,181.0
2025-02-18,e-영업2,신규,22.84263959390863,62448.88888888889,2810200.0,45.0,197.0
2025-02-19,e-영업2,신규,16.95906432748538,113138.5579937304,3281018.1818181816,29.0,171.0
2025-02-20,e-영업2,신규,15.789473684210526,136153.87205387204,3676154.545454545,27.0,171.0
2025-02-21,e-영업2,신규,25.568181818181817,168121.61616161614,7565472.727272727,45.0,176.0
2025-02-22,e-영업2,신규,27.692307692307693,210410.94276094274,11362190.909090908,54.0,195.0
2025-02-23,e-영업2,신규,19.196428571428573,156529.38689217757,6730763.636363636,43.0,224.0
2025-02-24,e-영업2,신규,22.388059701492537,126952.72727272726,5712872.727272727,45.0,201.0
2025-02-25,e-영업2,신규,13.875598086124402,210647.6489028213,6108781.818181817,29.0,209.0
2025-02-26,e-영업2,신규,17.375886524822697,151298.88682745825,7413645.454545454,49.0,282.0
2025-02-27,e-영업2,신규,17.903930131004365,152747.45011086474,6262645.454545454,41.0,229.0
2025-02-28,e-영업2,신규,16.228070175438596,152549.14004914006,5644318.181818182,37.0,228.0
2025-03-01,e-영업2,신규,20.24793388429752,172997.03153988867,8476854.545454545,49.0,242.0
2025-03-02,e-영업2,신규,16.87116564417178,155556.8595041322,8555627.272727272,55.0,326.0
2025-03-03,e-영업2,신규,22.55892255892256,151596.33649932157,10156954.545454545,67.0,297.0
2025-03-04,e-영업2,신규,20.37735849056604,126963.63636363635,6856036.363636363,54.0,265.0
2025-03-05,e-영업2,신규,19.557195571955717,153093.82504288162,8113972.727272727,53.0,271.0
2025-03-06,e-영업2,신규,15.708812260536398,134412.63858093126,5510918.181818182,41.0,261.0
2025-03-07,e-영업2,신규,17.29957805907173,116847.45011086474,4790745.454545454,41.0,237.0
2025-03-08,e-영업2,신규,11.702127659574469,157847.65840220384,5208972.727272727,33.0,282.0
2025-03-09,e-영업2,신규,26.1455525606469,140917.52577319587,13668999.999999998,97.0,371.0
2025-03-10,e-영업2,신규,14.336917562724013,141316.81818181818,5652672.727272727,40.0,279.0
2025-03-11,e-영업2,신규,15.492957746478872,142039.46280991734,6249736.363636363,44.0,284.0
2025-03-12,e-영업2,신규,17.338709677419356,167032.55813953487,7182399.999999999,43.0,248.0
2025-03-13,e-영업2,신규,14.09090909090909,118905.27859237537,3686063.6363636362,31.0,220.0
2025-03-14,e-영업2,신규,24.017467248908297,157552.56198347107,8665390.909090908,55.0,229.0
2025-03-15,e-영업2,신규,17.05426356589147,164525.826446281,7239136.363636363,44.0,258.0
2025-03-16,e-영업2,신규,21.0,163225.54112554112,10283209.09090909,63.0,300.0
2025-03-17,e-영업2,신규,15.770609318996415,126792.7685950413,5578881.818181817,44.0,279.0
2025-03-18,e-영업2,신규,15.53784860557769,148039.62703962703,5773545.454545454,39.0,251.0
2025-03-19,e-영업2,신규,17.209302325581397,137688.69778869775,5094481.818181817,37.0,215.0
2025-03-20,e-영업2,신규,20.491803278688526,129942.36363636363,6497118.181818182,50.0,244.0
2025-03-21,e-영업2,신규,23.958333333333336,154764.03162055335,7119145.454545454,46.0,192.0
2025-03-22,e-영업2,신규,21.296296296296298,172110.67193675888,7917090.909090908,46.0,216.0
2025-03-23,e-영업2,신규,19.366197183098592,125441.65289256196,6899290.909090908,55.0,284.0
2025-03-24,e-영업2,신규,21.722846441947567,136972.2570532915,7944390.909090908,58.0,267.0
2025-03-25,e-영업2,신규,22.509225092250922,128742.02682563338,7853263.636363636,61.0,271.0
2025-03-26,e-영업2,신규,15.22633744855967,159636.11793611792,5906536.363636363,37.0,243.0
2025-03-27,e-영업2,신규,24.680851063829788,121403.44827586206,7041399.999999999,58.0,235.0
2025-03-28,e-영업2,신규,17.12962962962963,156886.24078624076,5804790.909090908,37.0,216.0
2025-03-29,e-영업2,신규,18.972332015810274,198668.75,9536100.0,48.0,253.0
2025-03-30,e-영업2,신규,20.07168458781362,83268.34415584416,4663027.2727272725,56.0,279.0
2025-03-31,e-영업2,신규,20.0,175574.7855917667,9305463.636363635,53.0,265.0
2025-04-01,e-영업2,신규,20.0,152636.52037617555,8852918.181818182,58.0,290.0
2025-04-02,e-영업2,신규,16.216216216216218,131036.36363636363,5503527.2727272725,42.0,259.0
2025-04-03,e-영업2,신규,16.18705035971223,163940.40404040404,7377318.181818182,45.0,278.0
2025-04-04,e-영업2,신규,22.17898832684825,155573.36523125996,8867681.818181818,57.0,257.0
2025-04-05,e-영업2,신규,14.977973568281937,118708.02139037433,4036072.727272727,34.0,227.0
2025-04-06,e-영업2,신규,18.045112781954884,151371.40151515152,7265827.2727272725,48.0,266.0
2025-04-07,e-영업2,신규,18.951612903225808,128208.1237911025,6025781.818181817,47.0,248.0
2025-04-08,e-영업2,신규,22.40663900414938,144464.98316498313,7801109.09090909,54.0,241.0
2025-04-09,e-영업2,신규,25.793650793650798,104680.6993006993,6804245.454545454,65.0,252.0
2025-04-10,e-영업2,신규,18.8,161445.45454545453,7587936.363636363,47.0,250.0
2025-04-11,e-영업2,신규,12.380952380952381,119897.20279720279,3117327.2727272725,26.0,210.0
2025-04-12,e-영업2,신규,17.154811715481173,201352.32815964523,8255445.454545454,41.0,239.0
2025-04-13,e-영업2,신규,20.89041095890411,144346.6467958271,8805145.454545453,61.0,292.0
2025-04-14,e-영업2,신규,25.0,103359.43012211668,6925081.818181817,67.0,268.0
2025-04-15,e-영업2,신규,23.021582733812952,153633.23863636362,9832527.272727272,64.0,278.0
2025-04-16,e-영업2,신규,15.151515151515152,154125.22727272726,6165009.090909091,40.0,264.0
2025-04-17,e-영업2,신규,16.605166051660518,141825.25252525252,6382136.363636363,45.0,271.0
2025-04-18,e-영업2,신규,18.218623481781375,197049.29292929292,8867218.181818182,45.0,247.0
2025-04-19,e-영업2,신규,18.726591760299627,142703.45454545453,7135172.727272727,50.0,267.0
2025-04-20,e-영업2,신규,21.070234113712374,145572.15007215005,9171045.454545453,63.0,299.0
2025-04-21,e-영업2,신규,14.052287581699346,94723.89006342494,4073127.2727272725,43.0,306.0
2025-04-22,e-영업2,신규,18.211920529801322,94972.39669421487,5223481.818181817,55.0,302.0
2025-04-23,e-영업2,신규,18.88111888111888,124152.52525252524,6704236.363636363,54.0,286.0
2025-04-24,e-영업2,신규,24.663677130044842,157526.28099173552,8663945.454545453,55.0,223.0
2025-04-25,e-영업2,신규,18.59504132231405,116621.81818181816,5247981.818181817,45.0,242.0
2025-04-26,e-영업2,신규,25.89641434262948,134143.9160839161,8719354.545454545,65.0,251.0
2025-04-27,e-영업2,신규,21.474358974358974,214008.54816824966,14338572.727272727,67.0,312.0
2025-04-28,e-영업2,신규,18.014705882352942,123055.28756957328,6029709.090909091,49.0,272.0
2025-04-29,e-영업2,신규,16.731517509727624,133292.60042283297,5731581.818181817,43.0,257.0
2025-04-30,e-영업2,신규,17.94871794871795,88208.71985157699,4322227.2727272725,49.0,273.0
2025-05-01,e-영업2,신규,24.74916387959866,152567.4447174447,11289990.909090908,74.0,299.0
2025-05-02,e-영업2,신규,17.578125,135708.0808080808,6106863.636363636,45.0,256.0
2025-05-03,e-영업2,신규,18.672199170124482,161809.09090909088,7281409.09090909,45.0,241.0
2025-05-04,e-영업2,신규,15.810276679841898,146509.99999999997,5860399.999999999,40.0,253.0
2025-05-05,e-영업2,신규,22.382671480144403,167235.48387096773,10368600.0,62.0,277.0
2025-05-06,e-영업2,신규,20.141342756183743,148098.0861244019,8441590.909090908,57.0,283.0
2025-05-07,e-영업2,신규,16.356877323420075,116742.35537190082,5136663.636363636,44.0,269.0
2025-05-08,e-영업2,신규,21.115537848605577,226078.38765008576,11982154.545454545,53.0,251.0
2025-05-09,e-영업2,신규,14.83050847457627,135170.12987012987,4730954.545454545,35.0,236.0
2025-05-10,e-영업2,신규,17.21311475409836,141965.36796536794,5962545.454545454,42.0,244.0
2025-05-11,e-영업2,신규,19.34306569343066,151769.8113207547,8043799.999999999,53.0,274.0
2025-05-12,e-영업2,신규,15.36231884057971,76455.57461406518,4052145.454545454,53.0,345.0
2025-05-13,e-영업2,신규,14.814814814814813,142614.6853146853,7415963.636363636,52.0,351.0
2025-05-14,e-영업2,신규,19.318181818181817,115279.50089126559,5879254.545454545,51.0,264.0
2025-05-15,e-영업2,신규,13.924050632911392,119655.37190082645,3948627.2727272725,33.0,237.0
2025-05-16,e-영업2,신규,14.545454545454545,113497.04545454544,4539881.818181817,40.0,275.0
2025-05-17,e-영업2,신규,12.76595744680851,141331.81818181818,4239954.545454545,30.0,235.0
2025-05-18,e-영업2,신규,18.181818181818183,147040.5138339921,6763863.636363636,46.0,253.0
2025-05-19,e-영업2,신규,16.46090534979424,137965.0,5518600.0,40.0,243.0
2025-05-20,e-영업2,신규,16.203703703703702,105659.74025974025,3698090.9090909087,35.0,216.0
2025-05-21,e-영업2,신규,15.261044176706829,141742.1052631579,5386200.0,38.0,249.0
2025-05-22,e-영업2,신규,22.07207207207207,110848.05194805194,5431554.545454545,49.0,222.0
2025-05-23,e-영업2,신규,19.617224880382775,127760.53215077604,5238181.818181817,41.0,209.0
2025-05-24,e-영업2,신규,16.055045871559635,114444.41558441558,4005554.545454545,35.0,218.0
2025-05-25,e-영업2,신규,21.50943396226415,147524.08293460924,8408872.727272727,57.0,265.0
2025-05-26,e-영업2,신규,,106558.71833084947,6500081.818181817,61.0,0.0
2025-05-27,e-영업2,신규,17.716535433070867,92280.60606060605,4152627.2727272725,45.0,254.0
2025-05-28,e-영업2,신규,20.51282051282051,121278.21969696968,5821354.545454545,48.0,234.0
2025-05-29,e-영업2,신규,19.40928270042194,97467.58893280632,4483509.090909091,46.0,237.0
2025-05-30,e-영업2,신규,12.903225806451612,63559.41558441558,1779663.6363636362,28.0,217.0
2025-05-31,e-영업2,신규,16.129032258064516,119737.40259740259,4190809.0909090904,35.0,217.0
2025-06-01,e-영업2,신규,24.731182795698924,155981.15942028986,10762700.0,69.0,279.0
2025-06-02,e-영업2,신규,19.0,120721.05263157895,4587400.0,38.0,200.0
2025-06-03,e-영업2,신규,20.905923344947734,125506.36363636362,7530381.818181817,60.0,287.0
2025-06-04,e-영업2,신규,16.602316602316602,111011.41649048624,4773490.909090908,43.0,259.0
2025-06-05,e-영업2,신규,16.176470588235293,118999.38016528924,5235972.727272727,44.0,272.0
2025-06-06,e-영업2,신규,18.25726141078838,101812.60330578512,4479754.545454545,44.0,241.0
2025-06-07,e-영업2,신규,18.014705882352942,112982.37476808905,5536136.363636363,49.0,272.0
2025-06-08,e-영업2,신규,20.677966101694913,128012.8166915052,7808781.818181817,61.0,295.0
2025-06-09,e-영업2,신규,13.147410358565736,100222.58953168042,3307345.454545454,33.0,251.0
2025-06-10,e-영업2,신규,17.599999999999998,120576.44628099172,5305363.636363636,44.0,250.0
2025-06-11,e-영업2,신규,19.834710743801654,83269.31818181818,3996927.2727272725,48.0,242.0
2025-06-12,e-영업2,신규,16.39344262295082,124501.13636363635,4980045.454545454,40.0,244.0
2025-06-13,e-영업2,신규,19.736842105263158,94853.93939393939,4268427.2727272725,45.0,228.0
2025-06-14,e-영업2,신규,15.22633744855967,91454.05405405404,3383799.9999999995,37.0,243.0
2025-06-15,e-영업2,신규,18.06020066889632,129953.7037037037,7017499.999999999,54.0,299.0
2025-06-16,e-영업2,신규,20.161290322580644,120791.63636363635,6039581.818181817,50.0,248.0
2025-06-17,e-영업2,신규,11.25,107462.28956228954,2901481.818181818,27.0,240.0
2025-06-18,e-영업2,신규,21.79930795847751,114186.14718614718,7193727.2727272725,63.0,289.0
2025-06-19,e-영업2,신규,18.45018450184502,106913.27272727272,5345663.636363636,50.0,271.0
2025-06-20,e-영업2,신규,19.51219512195122,112815.53030303029,5415145.454545454,48.0,246.0
2025-06-21,e-영업2,신규,9.876543209876543,98550.75757575757,2365218.1818181816,24.0,243.0
2025-06-22,e-영업2,신규,19.35483870967742,130154.24242424242,7809254.545454545,60.0,310.0
2025-06-23,e-영업2,신규,10.320284697508896,79379.62382445141,2302009.090909091,29.0,281.0
2025-06-24,e-영업2,신규,10.894941634241246,151310.0649350649,4236681.818181817,28.0,257.0
2025-06-25,e-영업2,신규,13.983050847457626,102310.19283746555,3376236.3636363633,33.0,236.0
2025-06-26,e-영업2,신규,17.916666666666668,107417.97040169132,4618972.727272727,43.0,240.0
2025-06-27,e-영업2,신규,17.408906882591094,112817.33615221987,4851145.454545454,43.0,247.0
2025-06-28,e-영업2,신규,16.535433070866144,105093.72294372294,4413936.363636363,42.0,254.0
2025-06-29,e-영업2,신규,15.488215488215488,104257.31225296442,4795836.363636363,46.0,297.0
2025-06-30,e-영업2,신규,18.340611353711793,132829.00432900432,5578818.181818182,42.0,229.0
2025-07-01,e-영업2,신규,19.215686274509807,99733.0241187384,4886918.181818182,49.0,255.0
2025-07-02,e-영업2,신규,17.77777777777778,110822.95454545454,4432918.181818182,40.0,225.0
2025-07-03,e-영업2,신규,15.019762845849801,105167.7033492823,3996372.727272727,38.0,253.0
2025-07-04,e-영업2,신규,19.626168224299064,124982.46753246752,5249263.636363636,42.0,214.0
2025-07-05,e-영업2,신규,16.470588235294116,116334.41558441558,4886045.454545454,42.0,255.0
2025-07-06,e-영업2,신규,17.586206896551722,124173.97504456327,6332872.727272727,51.0,290.0
2025-07-07,e-영업2,신규,18.705035971223023,122198.25174825174,6354309.090909091,52.0,278.0
2025-07-08,e-영업2,신규,14.13427561837456,111030.22727272726,4441209.090909091,40.0,283.0
2025-07-09,e-영업2,신규,20.647773279352226,122831.19429590016,6264390.909090908,51.0,247.0
2025-07-10,e-영업2,신규,18.571428571428573,101384.38228438227,3953990.9090909087,39.0,210.0
2025-07-11,e-영업2,신규,17.535545023696685,110683.04668304668,4095272.727272727,37.0,211.0
2025-07-12,e-영업2,신규,13.438735177865613,122836.89839572192,4176454.545454545,34.0,253.0
2025-07-13,e-영업2,신규,21.367521367521366,125560.90909090909,6278045.454545454,50.0,234.0
2025-07-14,e-영업2,신규,15.238095238095239,114390.05681818181,3660481.818181818,32.0,210.0
2025-07-15,e-영업2,신규,16.425120772946862,100773.5294117647,3426299.9999999995,34.0,207.0
2025-07-16,e-영업2,신규,16.129032258064516,111032.987012987,3886154.545454545,35.0,217.0
2025-07-17,e-영업2,신규,16.587677725118482,116500.25974025973,4077509.0909090904,35.0,211.0
2025-07-18,e-영업2,신규,15.789473684210526,109091.46005509641,3600018.1818181816,33.0,209.0
2025-07-19,e-영업2,신규,13.142857142857142,113141.10671936757,2602245.454545454,23.0,175.0
2025-07-20,e-영업2,신규,20.869565217391305,113925.94696969696,5468445.454545454,48.0,230.0
2025-07-21,e-영업2,신규,17.78846153846154,128755.52825552825,4763954.545454545,37.0,208.0
2025-07-22,e-영업2,신규,16.444444444444446,118330.46683046683,4378227.2727272725,37.0,225.0
2025-07-23,e-영업2,신규,15.048543689320388,128357.4780058651,3979081.818181818,31.0,206.0
2025-07-24,e-영업2,신규,18.75,83122.84382284382,3241790.9090909087,39.0,208.0
2025-07-25,e-영업2,신규,17.48633879781421,137541.47727272726,4401327.2727272725,32.0,183.0
2025-07-26,e-영업2,신규,17.535545023696685,97270.51597051597,3599009.090909091,37.0,211.0
2025-07-27,e-영업2,신규,22.633744855967077,130680.4958677686,7187427.2727272725,55.0,243.0
2025-07-28,e-영업2,신규,16.27906976744186,96431.60173160172,4050127.2727272725,42.0,258.0
2025-07-29,e-영업2,신규,21.524663677130047,104664.77272727272,5023909.090909091,48.0,223.0
2025-07-30,e-영업2,신규,18.385650224215247,163686.0310421286,6711127.2727272725,41.0,223.0
2025-07-31,e-영업2,신규,12.972972972972974,64858.71212121212,1556609.0909090908,24.0,185.0
2025-08-01,e-영업2,신규,15.07537688442211,180095.75757575754,5402872.727272727,30.0,199.0
2025-08-02,e-영업2,신규,17.857142857142858,164745.97402597402,5766109.090909091,35.0,196.0
2025-08-03,e-영업2,신규,23.660714285714285,146714.40823327616,7775863.636363636,53.0,224.0
2025-08-04,e-영업2,신규,23.423423423423422,114601.5734265734,5959281.818181817,52.0,222.0
2025-08-05,e-영업2,신규,14.893617021276595,140251.6883116883,4908809.090909091,35.0,235.0
2025-08-06,e-영업2,신규,16.0,127508.23863636363,4080263.6363636362,32.0,200.0
2025-08-07,e-영업2,신규,18.090452261306535,122451.51515151514,4408254.545454545,36.0,199.0
2025-08-08,e-영업2,신규,18.497109826589593,131925.56818181818,4221618.181818182,32.0,173.0
2025-08-09,e-영업2,신규,26.108374384236456,163111.66380789023,8644918.181818182,53.0,203.0
2025-08-10,e-영업2,신규,22.641509433962266,201294.69696969693,9662145.454545453,48.0,212.0
2025-08-11,e-영업2,신규,22.162162162162165,119088.69179600886,4882636.363636363,41.0,185.0
2025-08-12,e-영업2,신규,14.0625,81679.79797979798,2205354.5454545454,27.0,192.0
2025-08-13,e-영업2,신규,14.594594594594595,118480.80808080807,3198981.818181818,27.0,185.0
2025-08-14,e-영업2,신규,17.5,165854.22077922078,4643918.181818182,28.0,160.0
2025-08-15,e-영업2,신규,23.118279569892472,156768.28752642704,6741036.363636363,43.0,186.0
2025-08-16,e-영업2,신규,15.023474178403756,110217.61363636363,3526963.6363636362,32.0,213.0
2025-08-17,e-영업2,신규,21.658986175115206,119758.02707930368,5628627.2727272725,47.0,217.0
2025-08-18,e-영업2,신규,18.556701030927837,118054.29292929292,4249954.545454545,36.0,194.0
2025-08-19,e-영업2,신규,10.285714285714285,122262.1212121212,2200718.1818181816,18.0,175.0
2025-08-20,e-영업2,신규,17.874396135265698,36113.759213759215,1336209.0909090908,37.0,207.0
2025-08-21,e-영업2,신규,14.814814814814813,145323.3766233766,4069054.545454545,28.0,189.0
2025-08-22,e-영업2,신규,10.179640718562874,4326.20320855615,73545.45454545454,17.0,167.0
2025-08-23,e-영업2,신규,14.15525114155251,165358.65102639297,5126118.181818182,31.0,219.0
2025-08-24,e-영업2,신규,17.727272727272727,149357.10955710956,5824927.2727272725,39.0,220.0
2025-08-25,e-영업2,신규,12.23404255319149,188142.68774703555,4327281.818181817,23.0,188.0
2025-08-26,e-영업2,신규,14.606741573033707,185404.1958041958,4820509.090909091,26.0,178.0
2025-08-27,e-영업2,신규,19.48717948717949,160729.66507177032,6107727.2727272725,38.0,195.0
2025-08-28,e-영업2,신규,22.75132275132275,124952.43128964058,5372954.545454545,43.0,189.0
2025-08-29,e-영업2,신규,21.287128712871286,131372.09302325582,5649000.0,43.0,202.0
2025-08-30,e-영업2,신규,18.497109826589593,189990.9090909091,6079709.090909091,32.0,173.0
2025-08-31,e-영업2,신규,18.421052631578945,143724.6753246753,5030363.636363636,35.0,190.0
2025-09-01,e-영업2,신규,20.095693779904305,166684.41558441558,7000745.454545454,42.0,209.0
2025-09-02,e-영업2,신규,18.26086956521739,145538.0952380952,6112599.999999999,42.0,230.0
2025-09-03,e-영업2,신규,21.524663677130047,162507.38636363635,7800354.545454545,48.0,223.0
2025-09-04,e-영업2,신규,22.93577981651376,152627.45454545453,7631372.727272727,50.0,218.0
2025-09-05,e-영업2,신규,18.90547263681592,136261.72248803827,5177945.454545454,38.0,201.0
2025-09-06,e-영업2,신규,20.0,159451.44628099172,7015863.636363636,44.0,220.0
2025-09-07,e-영업2,신규,22.727272727272727,156404.2424242424,9384254.545454545,60.0,264.0
2025-09-08,e-영업2,신규,14.049586776859504,155126.4705882353,5274300.0,34.0,242.0
2025-09-09,e-영업2,신규,16.528925619834713,125360.45454545454,5014418.181818182,40.0,242.0
2025-09-10,e-영업2,신규,15.384615384615385,169038.75598086123,6423472.727272727,38.0,247.0
2025-09-11,e-영업2,신규,14.563106796116504,164935.75757575754,4948072.727272727,30.0,206.0
2025-09-12,e-영업2,신규,11.057692307692307,158747.03557312253,3651181.818181818,23.0,208.0
2025-09-13,e-영업2,신규,18.326693227091635,191908.69565217392,8827800.0,46.0,251.0
2025-09-14,e-영업2,신규,20.155038759689923,151007.34265734264,7852381.818181817,52.0,258.0
2025-09-15,e-영업2,신규,19.431279620853083,180919.955654102,7417718.181818182,41.0,211.0
2025-09-16,e-영업2,신규,21.304347826086957,129030.24118738403,6322481.818181817,49.0,230.0
2025-09-17,e-영업2,신규,15.948275862068966,133623.3415233415,4944063.636363636,37.0,232.0
2025-09-18,e-영업2,신규,16.748768472906402,116380.74866310159,3956945.454545454,34.0,203.0
2025-09-19,e-영업2,신규,19.170984455958546,124916.21621621621,4621900.0,37.0,193.0
2025-09-20,e-영업2,신규,16.205533596837945,168847.89356984477,6922763.636363636,41.0,253.0
2025-09-21,e-영업2,신규,20.59800664451827,177793.25513196478,11023181.818181816,62.0,301.0
2025-09-22,e-영업2,신규,15.471698113207546,204786.69623059867,8396254.545454545,41.0,265.0
2025-09-23,e-영업2,신규,20.0,179485.3146853147,9333236.363636363,52.0,260.0
2025-09-24,e-영업2,신규,16.901408450704224,130091.1616161616,4683281.818181817,36.0,213.0
2025-09-25,e-영업2,신규,14.772727272727273,149464.80186480185,5829127.2727272725,39.0,264.0
2025-09-26,e-영업2,신규,12.82051282051282,145347.57575757575,4360427.2727272725,30.0,234.0
2025-09-27,e-영업2,신규,12.288135593220339,176266.14420062696,5111718.181818182,29.0,236.0
2025-09-28,e-영업2,신규,19.230769230769234,173575.81818181818,8678790.909090908,50.0,260.0
2025-09-29,e-영업2,신규,20.161290322580644,151013.99999999997,7550699.999999999,50.0,248.0
2025-09-30,e-영업2,신규,12.162162162162163,223498.65319865316,6034463.636363636,27.0,222.0
2025-10-01,e-영업2,신규,15.254237288135593,179908.3333333333,6476699.999999999,36.0,236.0
2025-10-02,e-영업2,신규,12.56544502617801,241401.89393939392,5793645.454545454,24.0,191.0
2025-10-03,e-영업2,신규,11.607142857142858,124032.16783216782,3224836.3636363633,26.0,224.0
2025-10-04,e-영업2,신규,19.753086419753085,204637.5,9822600.0,48.0,243.0
2025-10-05,e-영업2,신규,16.153846153846153,220389.61038961035,9256363.636363635,42.0,260.0
2025-10-06,e-영업2,신규,16.194331983805668,167872.72727272726,6714909.090909091,40.0,247.0
2025-10-07,e-영업2,신규,17.51824817518248,185403.78787878787,8899381.818181818,48.0,274.0
2025-10-08,e-영업2,신규,17.86833855799373,199801.59489633172,11388690.909090908,57.0,319.0
2025-10-09,e-영업2,신규,16.615384615384617,216477.9461279461,11689809.09090909,54.0,325.0
2025-10-10,e-영업2,신규,19.58041958041958,260140.09740259737,14567845.454545453,56.0,286.0
2025-10-11,e-영업2,신규,16.611295681063122,185654.90909090906,9282745.454545453,50.0,301.0
2025-10-12,e-영업2,신규,20.5607476635514,208967.217630854,13791836.363636363,66.0,321.0
2025-10-13,e-영업2,신규,12.420382165605096,198271.56177156174,7732590.909090908,39.0,314.0
2025-10-14,e-영업2,신규,19.732441471571907,194923.26656394452,11500472.727272727,59.0,299.0
2025-10-15,e-영업2,신규,21.806853582554517,191816.1038961039,13427127.272727272,70.0,321.0
2025-10-16,e-영업2,신규,19.934640522875817,170551.26676602085,10403627.272727272,61.0,306.0
2025-10-17,e-영업2,신규,11.583011583011583,295933.0303030303,8877990.909090908,30.0,259.0
2025-10-18,e-영업2,신규,14.634146341463413,143693.5064935065,6035127.2727272725,42.0,287.0
2025-10-19,e-영업2,신규,23.013698630136986,217270.56277056274,18250727.27272727,84.0,365.0
2025-10-20,e-영업2,신규,21.19402985074627,204654.28937259922,14530454.545454545,71.0,335.0
2025-10-21,e-영업2,신규,16.516516516516518,178035.37190082643,9791945.454545453,55.0,333.0
2025-10-22,e-영업2,신규,20.569620253164558,145136.5034965035,9433872.727272727,65.0,316.0
2025-10-23,e-영업2,신규,10.70110701107011,207157.9937304075,6007581.818181817,29.0,271.0
2025-10-24,e-영업2,신규,10.820895522388058,208865.51724137928,6057099.999999999,29.0,268.0
2025-10-25,e-영업2,신규,9.961685823754788,283032.51748251746,7358845.454545454,26.0,261.0
2025-10-26,e-영업2,신규,22.36024844720497,238730.55555555556,17188600.0,72.0,322.0
2025-10-27,e-영업2,신규,16.8141592920354,204218.50079744816,11640454.545454545,57.0,339.0
2025-10-28,e-영업2,신규,17.01388888888889,219469.57328385898,10754009.09090909,49.0,288.0
2025-10-29,e-영업2,신규,12.413793103448276,183213.63636363635,6595690.909090908,36.0,290.0
2025-10-30,e-영업2,신규,5.982905982905983,114533.11688311688,1603463.6363636362,14.0,234.0
2025-10-31,e-영업2,신규,12.857142857142856,247841.41414141413,6691718.181818182,27.0,210.0
2025-11-01,e-영업2,신규,15.087719298245613,246699.7885835095,10608090.909090908,43.0,285.0
2025-11-02,e-영업2,신규,17.43869209809264,299667.32954545453,19178709.09090909,64.0,367.0
2025-11-03,e-영업2,신규,15.18987341772152,164192.61363636362,7881245.454545454,48.0,316.0
2025-11-04,e-영업2,신규,14.50980392156863,310050.3685503685,11471863.636363635,37.0,255.0
2025-11-05,e-영업2,신규,11.952191235059761,196547.27272727274,5896418.181818182,30.0,251.0
2025-11-06,e-영업2,신규,14.15525114155251,177599.70674486802,5505590.909090908,31.0,219.0
2025-11-07,e-영업2,신규,11.304347826086957,296592.65734265733,7711409.09090909,26.0,230.0
2025-11-08,e-영업2,신규,11.372549019607844,212566.14420062696,6164418.181818182,29.0,255.0
2025-11-09,e-영업2,신규,19.45525291828794,271563.8181818182,13578190.909090908,50.0,257.0
2025-11-10,e-영업2,신규,16.51376146788991,241911.86868686866,8708827.272727272,36.0,218.0
2025-11-11,e-영업2,신규,12.727272727272727,248432.1428571428,6956099.999999999,28.0,220.0
2025-11-12,e-영업2,신규,17.727272727272727,243645.45454545453,9502172.727272727,39.0,220.0
2025-11-13,e-영업2,신규,11.650485436893204,97174.24242424242,2332181.818181818,24.0,206.0
2025-11-14,e-영업2,신규,14.973262032085561,166505.1948051948,4662145.454545454,28.0,187.0
2025-11-15,e-영업2,신규,14.418604651162791,319363.63636363635,9900272.727272727,31.0,215.0
2025-11-16,e-영업2,신규,18.181818181818183,363669.56521739124,16728799.999999998,46.0,253.0
2025-11-17,e-영업2,신규,15.498154981549817,193567.316017316,8129827.2727272725,42.0,271.0
2025-11-18,e-영업2,신규,12.156862745098039,209286.51026392958,6487881.818181817,31.0,255.0
2025-11-19,e-영업2,신규,5.9071729957805905,158342.85714285713,2216800.0,14.0,237.0
2025-11-20,e-영업2,신규,14.3646408839779,194263.63636363635,5050854.545454545,26.0,181.0
2025-11-21,e-영업2,신규,9.195402298850574,94798.86363636363,1516781.8181818181,16.0,174.0
2025-11-22,e-영업2,신규,11.214953271028037,429342.0454545454,10304209.09090909,24.0,214.0
2025-11-23,e-영업2,신규,18.352059925093634,347582.37476808904,17031536.363636363,49.0,267.0
2025-11-24,e-영업2,신규,16.400000000000002,279673.61419068737,11466618.181818182,41.0,250.0
2025-11-25,e-영업2,신규,12.605042016806722,246486.06060606058,7394581.818181817,30.0,238.0
2025-11-26,e-영업2,신규,15.384615384615385,216201.871657754,7350863.636363636,34.0,221.0
2025-11-27,e-영업2,신규,17.62114537444934,175536.59090909088,7021463.636363636,40.0,227.0
2025-11-28,e-영업2,신규,11.76470588235294,142486.7424242424,3419681.818181818,24.0,204.0
2025-11-29,e-영업2,신규,14.634146341463413,275934.41558441555,11589245.454545453,42.0,287.0
2025-11-30,e-영업2,신규,18.49056603773585,206827.45825602967,10134545.454545453,49.0,265.0
2025-12-01,e-영업2,신규,14.285714285714285,232983.73205741626,8853381.818181818,38.0,266.0
2025-12-02,e-영업2,신규,14.40329218106996,252064.93506493504,8822272.727272727,35.0,243.0
2025-12-03,e-영업2,신규,9.876543209876543,343043.1818181818,8233036.363636363,24.0,243.0
2025-12-04,e-영업2,신규,22.083333333333332,292255.06003430526,15489518.18181818,53.0,240.0
2025-12-05,e-영업2,신규,18.951612903225808,211054.7388781431,9919572.727272727,47.0,248.0
2025-12-06,e-영업2,신규,18.14814814814815,293449.5361781076,14379027.272727272,49.0,270.0
2025-12-07,e-영업2,신규,16.257668711656443,369858.66209262435,19602509.09090909,53.0,326.0
2025-12-08,e-영업2,신규,9.057971014492754,40687.63636363636,1017190.9090909091,25.0,276.0
2025-12-09,e-영업2,신규,12.589928057553957,272201.29870129866,9527045.454545453,35.0,278.0
2025-12-10,e-영업2,신규,14.666666666666666,179414.04958677685,5920663.636363636,33.0,225.0
2025-12-11,e-영업2,신규,12.987012987012985,170209.39393939392,5106281.818181817,30.0,231.0
2025-12-12,e-영업2,신규,15.207373271889402,121294.49035812671,4002718.1818181816,33.0,217.0
2025-12-13,e-영업2,신규,15.547703180212014,264137.19008264464,11622036.363636363,44.0,283.0
2025-12-14,e-영업2,신규,18.037974683544302,351814.83253588516,20053445.454545453,57.0,316.0
2025-12-15,e-영업2,신규,16.727272727272727,237186.56126482208,10910581.818181816,46.0,275.0
2025-12-16,e-영업2,신규,12.875536480686694,207459.69696969693,6223790.909090908,30.0,233.0
2025-12-17,e-영업2,신규,15.625,213916.88311688308,7487090.909090908,35.0,224.0
2025-12-18,e-영업2,신규,15.72052401746725,45672.47474747474,1644209.0909090908,36.0,229.0
2025-12-19,e-영업2,신규,20.434782608695652,217242.16634429398,10210381.818181816,47.0,230.0
2025-12-20,e-영업2,신규,11.574074074074074,170275.63636363635,4256890.909090909,25.0,216.0
2025-12-21,e-영업2,신규,19.112627986348123,301748.21428571426,16897900.0,56.0,293.0
2025-12-22,e-영업2,신규,20.54794520547945,198161.9696969697,11889718.181818182,60.0,292.0
2025-12-23,e-영업2,신규,10.952380952380953,144356.91699604742,3320209.090909091,23.0,210.0
2025-12-24,e-영업2,신규,10.891089108910892,82262.39669421487,1809772.727272727,22.0,202.0
2025-12-25,e-영업2,신규,20.761245674740483,248067.72727272724,14884063.636363635,60.0,289.0
2025-12-26,e-영업2,신규,14.049586776859504,284941.44385026733,9688009.09090909,34.0,242.0
2025-12-27,e-영업2,신규,19.702602230483272,284657.461406518,15086845.454545453,53.0,269.0
2025-12-28,e-영업2,신규,19.93243243243243,237863.0200308166,14033918.18181818,59.0,296.0
2025-12-29,e-영업2,신규,14.23076923076923,216028.2555282555,7993045.454545454,37.0,260.0
2025-12-30,e-영업2,신규,15.350877192982457,160167.2727272727,5605854.545454545,35.0,228.0
2025-12-31,e-영업2,신규,13.725490196078432,243959.41558441558,6830863.636363636,28.0,204.0
2025-01-01,e-영업2,전체,4.920721705850192,241641.56565656562,43495481.81818181,180.0,3658.0
2025-01-02,e-영업2,전체,4.888888888888889,265094.9311294766,43740663.63636363,165.0,3375.0
2025-01-03,e-영업2,전체,6.325301204819277,215783.47107438016,49845981.81818181,231.0,3652.0
2025-01-04,e-영업2,전체,6.172237131007563,224542.47215235356,56809245.45454545,253.0,4099.0
2025-01-05,e-영업2,전체,6.284882310118903,289338.0133380133,74938545.45454545,259.0,4121.0
2025-01-06,e-영업2,전체,5.338078291814947,165641.38528138527,34784690.90909091,210.0,3934.0
2025-01-07,e-영업2,전체,5.328376703841388,285524.22832980973,61387709.090909086,215.0,4035.0
2025-01-08,e-영업2,전체,5.5828379426208325,260510.60606060605,56270290.90909091,216.0,3869.0
2025-01-09,e-영업2,전체,3.51421188630491,264869.5187165775,36022254.54545454,136.0,3870.0
2025-01-10,e-영업2,전체,4.550499445061043,276559.97782705096,45355836.36363636,164.0,3604.0
2025-01-11,e-영업2,전체,5.2656773575873626,247200.9917355372,54384218.18181818,220.0,4178.0
2025-01-12,e-영업2,전체,6.61271676300578,261851.6211061665,74889563.63636363,286.0,4325.0
2025-01-13,e-영업2,전체,4.783599088838269,249205.0024050024,47099745.45454545,189.0,3951.0
2025-01-14,e-영업2,전체,4.792746113989637,201206.5356265356,37223209.090909086,185.0,3860.0
2025-01-15,e-영업2,전체,5.437765028685457,216290.4920767306,47151327.272727266,218.0,4009.0
2025-01-16,e-영업2,전체,5.467928496319663,206578.27797202795,42968281.81818181,208.0,3804.0
2025-01-17,e-영업2,전체,5.707395498392283,274885.70209133584,58550654.54545454,213.0,3732.0
2025-01-18,e-영업2,전체,5.151747003315481,244054.72547254723,49299054.54545454,202.0,3921.0
2025-01-19,e-영업2,전체,6.6220415969399955,272047.85034460126,75357254.54545455,277.0,4183.0
2025-01-20,e-영업2,전체,5.358090185676392,182859.5409540954,36937627.27272727,202.0,3770.0
2025-01-21,e-영업2,전체,4.748757592490336,217712.57928118392,37446563.63636363,172.0,3622.0
2025-01-22,e-영업2,전체,5.76049943246311,214260.23287057766,43494827.272727266,203.0,3524.0
2025-01-23,e-영업2,전체,5.555555555555555,212602.43902439025,43583500.0,205.0,3690.0
2025-01-24,e-영업2,전체,5.3044569993722535,216069.2845615922,36515709.090909086,169.0,3186.0
2025-01-25,e-영업2,전체,7.681718061674009,214042.91300097748,59717972.72727272,279.0,3632.0
2025-01-26,e-영업2,전체,5.823754789272031,229764.31419457734,52386263.63636363,228.0,3915.0
2025-01-27,e-영업2,전체,7.398504273504273,249417.36133902194,69088609.09090908,277.0,3744.0
2025-01-28,e-영업2,전체,6.391516193751791,252591.92825112105,56327999.99999999,223.0,3489.0
2025-01-29,e-영업2,전체,8.005540166204986,235698.1755268952,68116772.72727272,289.0,3610.0
2025-01-30,e-영업2,전체,7.885714285714286,222126.3241106719,76633581.81818181,345.0,4375.0
2025-01-31,e-영업2,전체,6.511740498668603,213705.20446096652,57486699.99999999,269.0,4131.0
2025-02-01,e-영업2,전체,6.887985546522132,226556.03576751117,69099590.9090909,305.0,4428.0
2025-02-02,e-영업2,전체,7.341147439851943,257303.18309141838,91857236.36363636,357.0,4863.0
2025-02-03,e-영업2,전체,3.290220104379397,148733.04075235108,21566290.909090906,145.0,4407.0
2025-02-04,e-영업2,전체,3.378864126527678,154157.18891038038,21736163.636363633,141.0,4173.0
2025-02-05,e-영업2,전체,5.381944444444445,265367.99853372434,65811263.63636363,248.0,4608.0
2025-02-06,e-영업2,전체,5.088111193844626,198946.3858093126,40784009.090909086,205.0,4029.0
2025-02-07,e-영업2,전체,5.657327586206897,219540.60606060602,46103527.272727266,210.0,3712.0
2025-02-08,e-영업2,전체,5.521314843348741,224992.93868921773,48373481.81818181,215.0,3894.0
2025-02-09,e-영업2,전체,7.674526121128062,234911.1719605695,77990509.09090908,332.0,4326.0
2025-02-10,e-영업2,전체,5.083478694243708,198587.70053475935,40511890.90909091,204.0,4013.0
2025-02-11,e-영업2,전체,6.919979869149471,205033.48760330578,56384209.090909086,275.0,3974.0
2025-02-12,e-영업2,전체,6.350347471842799,168063.73927958834,44536890.90909091,265.0,4173.0
2025-02-13,e-영업2,전체,5.691056910569105,169433.44155844155,37953090.90909091,224.0,3936.0
2025-02-14,e-영업2,전체,5.98379932061667,172015.3632393807,39391518.18181818,229.0,3827.0
2025-02-15,e-영업2,전체,6.649127003109304,216319.0320470896,60136690.90909091,278.0,4181.0
2025-02-16,e-영업2,전체,8.702064896755163,218477.72397094432,90231300.0,413.0,4746.0
2025-02-17,e-영업2,전체,4.601728568091568,188491.6012921089,37132845.45454545,197.0,4281.0
2025-02-18,e-영업2,전체,5.272496831432193,133207.56118881117,27707172.727272727,208.0,3945.0
2025-02-19,e-영업2,전체,4.767975522692504,185002.67379679144,34595500.0,187.0,3922.0
2025-02-20,e-영업2,전체,5.325127107305326,209564.36729100044,41703309.090909086,199.0,3737.0
2025-02-21,e-영업2,전체,6.336633663366337,203540.48295454544,52106363.63636363,256.0,4040.0
2025-02-22,e-영업2,전체,5.93990216631726,197556.50623885918,50376909.090909086,255.0,4293.0
2025-02-23,e-영업2,전체,7.1805273833671395,213083.33333333334,75431500.0,354.0,4930.0
2025-02-24,e-영업2,전체,5.987170349251604,164847.04184704184,41541454.54545454,252.0,4209.0
2025-02-25,e-영업2,전체,5.932574430823117,194436.76618584368,52692363.63636363,271.0,4568.0
2025-02-26,e-영업2,전체,5.727788279773157,171581.75817581758,51989272.72727273,303.0,5290.0
2025-02-27,e-영업2,전체,5.5668841761827075,190699.1008991009,52060854.54545454,273.0,4904.0
2025-02-28,e-영업2,전체,7.477678571428571,217943.79918588873,73011172.72727272,335.0,4480.0
2025-03-01,e-영업2,전체,8.504875406283857,212308.51187029528,99997309.09090908,471.0,5538.0
2025-03-02,e-영업2,전체,6.700197592958506,180535.04752620033,67339572.72727272,373.0,5567.0
2025-03-03,e-영업2,전체,8.079710144927537,193542.07093355074,86319763.63636363,446.0,5520.0
2025-03-04,e-영업2,전체,6.7477203647416415,213803.3033033033,71196500.0,333.0,4935.0
2025-03-05,e-영업2,전체,5.343356359203575,208231.07500864152,54764772.72727272,263.0,4922.0
2025-03-06,e-영업2,전체,3.740281571758773,122778.24310520937,21854527.27272727,178.0,4759.0
2025-03-07,e-영업2,전체,5.355916685740444,174348.6013986014,40797572.72727273,234.0,4369.0
2025-03-08,e-영업2,전체,6.050162741719318,203109.00460299192,64182445.454545446,316.0,5223.0
2025-03-09,e-영업2,전체,8.442966604019084,191547.36924034866,111863663.63636363,584.0,6917.0
2025-03-10,e-영업2,전체,4.4736404457009815,127335.92429874957,34253363.63636363,269.0,6013.0
2025-03-11,e-영업2,전체,4.946741289041343,144979.69475779694,39724436.36363636,274.0,5539.0
2025-03-12,e-영업2,전체,6.874649729123856,184736.26482213437,67982945.45454545,368.0,5353.0
2025-03-13,e-영업2,전체,5.9196617336152215,159218.79870129869,44581263.63636363,280.0,4730.0
2025-03-14,e-영업2,전체,6.5772107347118345,209200.66889632103,62550999.99999999,299.0,4546.0
2025-03-15,e-영업2,전체,8.177140757074605,189578.28396322776,84362336.36363636,445.0,5442.0
2025-03-16,e-영업2,전체,8.55327468230694,219835.20346320345,115413481.81818181,525.0,6138.0
2025-03-17,e-영업2,전체,4.898194391087207,155610.303030303,39680627.272727266,255.0,5206.0
2025-03-18,e-영업2,전체,3.8222031350654926,144455.66905005107,25713109.09090909,178.0,4657.0
2025-03-19,e-영업2,전체,5.041666666666666,128711.23215627347,31148118.18181818,242.0,4800.0
2025-03-20,e-영업2,전체,4.726261762189906,178961.29164952695,39550445.45454545,221.0,4676.0
2025-03-21,e-영업2,전체,5.342675717100941,134771.7958271237,32884318.18181818,244.0,4567.0
2025-03-22,e-영업2,전체,6.988105352591334,186687.75904946116,61420272.72727272,329.0,4708.0
2025-03-23,e-영업2,전체,8.38084378563284,185929.9938157081,81995127.27272727,441.0,5262.0
2025-03-24,e-영업2,전체,7.83817951959545,152525.61793045665,66196118.18181818,434.0,5537.0
2025-03-25,e-영업2,전체,6.884939195509822,154765.24209486163,56953609.090909086,368.0,5345.0
2025-03-26,e-영업2,전체,7.435387673956262,136889.7180359747,51196754.54545454,374.0,5030.0
2025-03-27,e-영업2,전체,6.543445931591248,144267.94569067293,44434527.272727266,308.0,4707.0
2025-03-28,e-영업2,전체,6.4492577269408615,180282.84734133788,47774954.54545454,265.0,4109.0
2025-03-29,e-영업2,전체,6.845039018952062,184041.33846609417,56500690.90909091,307.0,4485.0
2025-03-30,e-영업2,전체,8.500196309383588,188043.37602351457,81422781.81818181,433.0,5094.0
2025-03-31,e-영업2,전체,7.4530397899414265,196608.77063316086,72548636.36363636,369.0,4951.0
2025-04-01,e-영업2,전체,5.728061716489875,139232.6293235384,41352090.90909091,297.0,5185.0
2025-04-02,e-영업2,전체,7.704978038067351,161580.63053336213,68025445.45454545,421.0,5464.0
2025-04-03,e-영업2,전체,7.086764987550278,190875.0614250614,70623772.72727272,370.0,5221.0
2025-04-04,e-영업2,전체,6.963788300835655,158543.8881118881,51526763.63636363,325.0,4667.0
2025-04-05,e-영업2,전체,6.531204644412192,169568.3333333333,61044599.99999999,360.0,5512.0
2025-04-06,e-영업2,전체,8.520336605890604,198224.42947998503,96337072.72727272,486.0,5704.0
2025-04-07,e-영업2,전체,6.172839506172839,188360.75524475524,61217245.45454545,325.0,5265.0
2025-04-08,e-영업2,전체,5.928266121538747,179802.79281846678,57357090.90909091,319.0,5381.0
2025-04-09,e-영업2,전체,6.274301873453517,154754.9551856594,54938009.090909086,355.0,5658.0
2025-04-10,e-영업2,전체,7.279236276849642,163556.5822155986,59861709.090909086,366.0,5028.0
2025-04-11,e-영업2,전체,6.515522875816994,177489.65517241377,56619199.99999999,319.0,4896.0
2025-04-12,e-영업2,전체,6.927044952100221,185358.36557059962,69694745.45454545,376.0,5428.0
2025-04-13,e-영업2,전체,8.819182131712925,178583.62959200947,95899409.09090908,537.0,6089.0
2025-04-14,e-영업2,전체,6.427688504326329,135643.73126873127,49374318.18181818,364.0,5663.0
2025-04-15,e-영업2,전체,7.092334161728159,140114.55525606466,51982499.99999999,371.0,5231.0
2025-04-16,e-영업2,전체,6.53393665158371,156126.9705363888,56361836.36363636,361.0,5525.0
2025-04-17,e-영업2,전체,6.217814228495136,135493.86503067485,44171000.0,326.0,5243.0
2025-04-18,e-영업2,전체,6.420737786640079,164335.00846979106,52915872.72727273,322.0,5015.0
2025-04-19,e-영업2,전체,6.454019772430517,182470.44140830266,63134772.72727272,346.0,5361.0
2025-04-20,e-영업2,전체,8.906276011320125,172226.01529311808,92140918.18181817,535.0,6007.0
2025-04-21,e-영업2,전체,6.493955094991365,153773.96034816245,57819009.090909086,376.0,5790.0
2025-04-22,e-영업2,전체,5.470459518599562,120675.33333333333,36202600.0,300.0,5484.0
2025-04-23,e-영업2,전체,7.023895727733527,133918.252108716,51960281.81818181,388.0,5524.0
2025-04-24,e-영업2,전체,6.515463917525772,157205.8975834292,49677063.63636363,316.0,4850.0
2025-04-25,e-영업2,전체,6.094364351245085,141100.5865102639,39367063.63636363,279.0,4578.0
2025-04-26,e-영업2,전체,7.509040629653266,145876.2297192892,51494309.090909086,353.0,4701.0
2025-04-27,e-영업2,전체,9.764555575835006,181575.25913338995,97142763.63636363,535.0,5479.0
2025-04-28,e-영업2,전체,6.915105619768832,144964.63190987686,50302727.272727266,347.0,5018.0
2025-04-29,e-영업2,전체,6.677937447168217,141784.7238204833,44803972.72727273,316.0,4732.0
2025-04-30,e-영업2,전체,7.870052619537864,138319.23890063426,47581818.18181818,344.0,4371.0
2025-05-01,e-영업2,전체,9.121130272179514,161966.245599503,71103181.81818181,439.0,4813.0
2025-05-02,e-영업2,전체,7.026889903602232,150237.87331801772,41615890.90909091,277.0,3942.0
2025-05-03,e-영업2,전체,8.118619348565872,188912.76537833424,63096863.63636363,334.0,4114.0
2025-05-04,e-영업2,전체,8.120706575073601,159503.73523757208,52795736.36363636,331.0,4076.0
2025-05-05,e-영업2,전체,7.314410480349346,178882.68656716414,59925699.99999999,335.0,4580.0
2025-05-06,e-영업2,전체,7.360936846507737,181750.43904958677,63976154.54545454,352.0,4782.0
2025-05-07,e-영업2,전체,7.078598484848484,185174.06506536942,55367045.45454545,299.0,4224.0
2025-05-08,e-영업2,전체,6.420233463035019,194330.33746556472,51303209.090909086,264.0,4112.0
2025-05-09,e-영업2,전체,4.84027105517909,156455.45454545453,31291090.909090906,200.0,4132.0
2025-05-10,e-영업2,전체,6.326932545544067,141512.13300318358,36368618.18181818,257.0,4062.0
2025-05-11,e-영업2,전체,8.544516707782014,189304.41422094963,72124981.81818181,381.0,4459.0
2025-05-12,e-영업2,전체,4.521072796934866,146618.36671802774,43252418.18181818,295.0,6525.0
2025-05-13,e-영업2,전체,3.4628493524199047,122324.33786685755,31070381.818181816,254.0,7335.0
2025-05-14,e-영업2,전체,5.846477392218717,160444.37540876388,44603536.36363636,278.0,4755.0
2025-05-15,e-영업2,전체,5.779078273591807,130264.63367855772,30872718.18181818,237.0,4101.0
2025-05-16,e-영업2,전체,6.227195329603503,151322.9403409091,38738672.72727273,256.0,4111.0
2025-05-17,e-영업2,전체,6.331931733860994,151492.8622159091,38782172.72727273,256.0,4043.0
2025-05-18,e-영업2,전체,8.603634690591212,186398.37141468158,69712990.9090909,374.0,4347.0
2025-05-19,e-영업2,전체,5.471340596873519,132460.76347894527,30598436.36363636,231.0,4222.0
2025-05-20,e-영업2,전체,5.3501945525291825,117162.39669421487,25775727.27272727,220.0,4112.0
2025-05-21,e-영업2,전체,7.576449109995435,141255.1752464403,46896718.18181818,332.0,4382.0
2025-05-22,e-영업2,전체,7.221812822402359,130289.76499690785,38305190.90909091,294.0,4071.0
2025-05-23,e-영업2,전체,6.998939554612937,127801.61845730028,33739627.27272727,264.0,3772.0
2025-05-24,e-영업2,전체,7.618304732189288,156624.35618988518,45890936.36363636,293.0,3846.0
2025-05-25,e-영업2,전체,10.155705321868464,167806.3657166632,73331381.81818181,437.0,4303.0
2025-05-26,e-영업2,전체,7.406502077731606,134967.05670567055,40895018.18181818,303.0,4091.0
2025-05-27,e-영업2,전체,6.162324649298597,134574.75979305248,33105390.909090906,246.0,3992.0
2025-05-28,e-영업2,전체,6.089660533817051,131887.19535783364,30993490.909090906,235.0,3859.0
2025-05-29,e-영업2,전체,5.498362189985961,113077.83365570598,26573290.909090906,235.0,4274.0
2025-05-30,e-영업2,전체,5.258787711043454,95886.985645933,18218527.27272727,190.0,3613.0
2025-05-31,e-영업2,전체,5.666400638467677,161106.0606060606,34315590.90909091,213.0,3759.0
2025-06-01,e-영업2,전체,9.341923607915325,156973.84684281235,63731381.81818181,406.0,4346.0
2025-06-02,e-영업2,전체,6.586673474597907,139712.26215644818,36045763.63636363,258.0,3917.0
2025-06-03,e-영업2,전체,9.05595899188381,149138.46483704975,63234709.090909086,424.0,4682.0
2025-06-04,e-영업2,전체,5.442009357301157,149796.29781982722,33104981.818181816,221.0,4061.0
2025-06-05,e-영업2,전체,5.6546871073133955,138253.25252525252,31106981.818181816,225.0,3979.0
2025-06-06,e-영업2,전체,8.834446919079436,154260.22408963583,55070899.99999999,357.0,4041.0
2025-06-07,e-영업2,전체,6.1562569957465865,128886.5123966942,35443790.90909091,275.0,4467.0
2025-06-08,e-영업2,전체,8.247653106839516,151276.34885439763,55820972.72727272,369.0,4474.0
2025-06-09,e-영업2,전체,5.672727272727273,134865.42346542346,31558509.09090909,234.0,4125.0
2025-06-10,e-영업2,전체,5.099150141643059,138511.23737373736,29918427.27272727,216.0,4236.0
2025-06-11,e-영업2,전체,6.160562697065243,129739.54903364352,32953845.454545453,254.0,4123.0
2025-06-12,e-영업2,전체,7.203179334326876,144926.0501567398,42028554.54545454,290.0,4026.0
2025-06-13,e-영업2,전체,7.04378569485994,113129.02772902772,29300418.18181818,259.0,3677.0
2025-06-14,e-영업2,전체,7.056025369978858,137390.46646237656,36683254.54545454,267.0,3784.0
2025-06-15,e-영업2,전체,9.194334803807754,160145.63820018363,63417672.72727272,396.0,4307.0
2025-06-16,e-영업2,전체,6.471866698865009,145783.71777476254,39070036.36363636,268.0,4141.0
2025-06-17,e-영업2,전체,3.8411288215312256,100322.01607915893,14747336.363636363,147.0,3827.0
2025-06-18,e-영업2,전체,6.853352984524687,126108.89540566958,35184381.81818181,279.0,4071.0
2025-06-19,e-영업2,전체,6.917572223694672,141588.95855102752,36954718.18181818,261.0,3773.0
2025-06-20,e-영업2,전체,6.545847984852584,145167.39293764086,35130509.090909086,242.0,3697.0
2025-06-21,e-영업2,전체,7.476383265856951,158133.6068263866,43803009.090909086,277.0,3705.0
2025-06-22,e-영업2,전체,9.736489504242964,153491.30525437865,66922209.090909086,436.0,4478.0
2025-06-23,e-영업2,전체,6.15539858728557,128376.304023845,31323818.18181818,244.0,3964.0
2025-06-24,e-영업2,전체,5.131004366812228,143366.05415860735,26952818.18181818,188.0,3664.0
2025-06-25,e-영업2,전체,6.094104308390023,114631.88160676531,24645854.545454543,215.0,3528.0
2025-06-26,e-영업2,전체,8.065425831923294,140369.42148760328,40145654.54545454,286.0,3546.0
2025-06-27,e-영업2,전체,9.885308574549427,130238.900050226,47146481.81818181,362.0,3662.0
2025-06-28,e-영업2,전체,9.408958388550225,133412.59923175417,47361472.72727273,355.0,3773.0
2025-06-29,e-영업2,전체,10.982516621521793,148577.6192417448,66265618.18181818,446.0,4061.0
2025-06-30,e-영업2,전체,8.039922373163295,119802.41379310345,34742700.0,290.0,3607.0
2025-07-01,e-영업2,전체,6.62387676508344,143022.1634954193,36899718.18181818,258.0,3895.0
2025-07-02,e-영업2,전체,8.026666666666667,143861.55240108728,43302327.272727266,301.0,3750.0
2025-07-03,e-영업2,전체,6.975476839237057,124762.89062499999,31939299.999999996,256.0,3670.0
2025-07-04,e-영업2,전체,8.350129570976101,125060.94043887148,36267672.72727273,290.0,3473.0
2025-07-05,e-영업2,전체,8.785599140247179,158068.55713094244,51688418.18181818,327.0,3722.0
2025-07-06,e-영업2,전체,11.32252760159737,157737.94794417202,76029690.9090909,482.0,4257.0
2025-07-07,e-영업2,전체,7.215189873417721,129467.97448165869,36898372.72727273,285.0,3950.0
2025-07-08,e-영업2,전체,7.142857142857142,146484.49006190943,40869172.72727273,279.0,3906.0
2025-07-09,e-영업2,전체,7.3510773130545,140439.6551724138,40727500.0,290.0,3945.0
2025-07-10,e-영업2,전체,6.956521739130435,140495.30791788854,34842836.36363636,248.0,3565.0
2025-07-11,e-영업2,전체,6.71203216826477,133652.49266862168,29002590.909090906,217.0,3233.0
2025-07-12,e-영업2,전체,7.619593239759381,135379.11825017087,36010845.45454545,266.0,3491.0
2025-07-13,e-영업2,전체,10.989304812834225,158763.2824596328,65251709.090909086,411.0,3740.0
2025-07-14,e-영업2,전체,6.761051719156313,141477.85547785548,33105818.18181818,234.0,3461.0
2025-07-15,e-영업2,전체,6.5870098039215685,134407.06131078224,28897518.18181818,215.0,3264.0
2025-07-16,e-영업2,전체,7.432641684732115,130833.03030303029,31399927.27272727,240.0,3229.0
2025-07-17,e-영업2,전체,7.71004942339374,120206.56565656564,28128336.36363636,234.0,3035.0
2025-07-18,e-영업2,전체,7.162071284465367,158026.97396500214,33659745.45454545,213.0,2974.0
2025-07-19,e-영업2,전체,8.65650969529086,206492.90909090906,51623227.272727266,250.0,2888.0
2025-07-20,e-영업2,전체,11.801580812210412,160219.04262019735,69374845.45454545,433.0,3669.0
2025-07-21,e-영업2,전체,7.628205128205129,147989.15202444614,35221418.18181818,238.0,3120.0
2025-07-22,e-영업2,전체,7.329348851840202,154410.26141240733,35977590.90909091,233.0,3179.0
2025-07-23,e-영업2,전체,8.419729814640277,134015.33242876525,35916109.090909086,268.0,3183.0
2025-07-24,e-영업2,전체,5.955497382198953,98505.54445554446,17928009.09090909,182.0,3056.0
2025-07-25,e-영업2,전체,6.988472622478387,103539.87816307404,20086736.363636363,194.0,2776.0
2025-07-26,e-영업2,전체,8.089734874235214,116659.01451489686,27764845.454545453,238.0,2942.0
2025-07-27,e-영업2,전체,12.54237288135593,149941.83605092694,61026327.272727266,407.0,3245.0
2025-07-28,e-영업2,전체,7.933521480087801,134135.75278476463,33936345.45454545,253.0,3189.0
2025-07-29,e-영업2,전체,8.246114811290834,143472.51748251746,37302854.54545454,260.0,3153.0
2025-07-30,e-영업2,전체,8.350168350168351,143487.86656891493,35584990.90909091,248.0,2970.0
2025-07-31,e-영업2,전체,7.738944365192582,121041.30708001675,26265963.636363633,217.0,2804.0
2025-08-01,e-영업2,전체,8.646616541353383,152496.27799736496,42088972.72727273,276.0,3192.0
2025-08-02,e-영업2,전체,9.696342305037957,169810.74086056292,47716818.18181818,281.0,2898.0
2025-08-03,e-영업2,전체,11.605301914580265,167279.4646977388,65908109.090909086,394.0,3395.0
2025-08-04,e-영업2,전체,8.731676226896113,167290.01327140012,45837463.63636363,274.0,3138.0
2025-08-05,e-영업2,전체,8.570544554455447,164959.17295700687,45693690.90909091,277.0,3232.0
2025-08-06,e-영업2,전체,9.154289178538951,160500.45153521973,48471136.36363636,302.0,3299.0
2025-08-07,e-영업2,전체,8.914596801633207,165772.93546148506,43432509.090909086,262.0,2939.0
2025-08-08,e-영업2,전체,7.331902718168813,147521.0643015521,30241818.18181818,205.0,2796.0
2025-08-09,e-영업2,전체,8.625592417061611,181587.97868797867,49573518.18181818,273.0,3165.0
2025-08-10,e-영업2,전체,11.803475134811265,168446.5389940009,66367936.36363636,394.0,3338.0
2025-08-11,e-영업2,전체,6.342694856421584,125162.64133876073,25157690.909090906,201.0,3169.0
2025-08-12,e-영업2,전체,7.040882543802726,134162.37955592794,29113236.36363636,217.0,3082.0
2025-08-13,e-영업2,전체,9.11654135338346,135318.4317400812,39377663.63636363,291.0,3192.0
2025-08-14,e-영업2,전체,9.869375907111756,158227.43983957218,43037863.63636363,272.0,2756.0
2025-08-15,e-영업2,전체,13.445655764783615,174154.09872682596,70880718.18181817,407.0,3027.0
2025-08-16,e-영업2,전체,9.006785934608267,148938.66749688666,43490090.90909091,292.0,3242.0
2025-08-17,e-영업2,전체,11.960326721120186,182086.67405764965,74655536.36363636,410.0,3428.0
2025-08-18,e-영업2,전체,6.389157792836399,157968.22773186408,31277709.09090909,198.0,3099.0
2025-08-19,e-영업2,전체,5.5310485239226335,143502.7886224205,23390954.545454543,163.0,2947.0
2025-08-20,e-영업2,전체,5.784280367471929,93103.68983957218,15827627.272727272,170.0,2939.0
2025-08-21,e-영업2,전체,5.30437878248487,101437.9499694936,15114254.545454545,149.0,2809.0
2025-08-22,e-영업2,전체,5.2994555353902,184487.29763387298,26935145.454545453,146.0,2755.0
2025-08-23,e-영업2,전체,7.743573468740082,180370.0074515648,44010281.81818181,244.0,3151.0
2025-08-24,e-영업2,전체,10.31021897810219,182552.8828104049,61885427.272727266,339.0,3288.0
2025-08-25,e-영업2,전체,5.802968960863698,188707.24101479913,32457645.454545453,172.0,2964.0
2025-08-26,e-영업2,전체,6.790945406125166,123084.0017825312,25109136.363636363,204.0,3004.0
2025-08-27,e-영업2,전체,7.349323493234933,176729.51692658802,42238354.54545454,239.0,3252.0
2025-08-28,e-영업2,전체,7.741522712731926,127043.87678437264,30744618.18181818,242.0,3126.0
2025-08-29,e-영업2,전체,7.8988448329690915,156152.85662953646,39506672.72727273,253.0,3203.0
2025-08-30,e-영업2,전체,8.34371108343711,207343.9280868385,55568172.72727272,268.0,3212.0
2025-08-31,e-영업2,전체,8.855981416957025,193471.62444113265,59008845.45454545,305.0,3444.0
2025-09-01,e-영업2,전체,9.405048076923077,201735.81179204182,63143309.090909086,313.0,3328.0
2025-09-02,e-영업2,전체,8.021806853582554,166204.41306266547,51357163.63636363,309.0,3852.0
2025-09-03,e-영업2,전체,7.913263869332582,150991.49142672273,42428609.090909086,281.0,3551.0
2025-09-04,e-영업2,전체,9.809578765147144,171033.42245989305,58151363.63636363,340.0,3466.0
2025-09-05,e-영업2,전체,8.885630498533724,183765.19651965194,55680854.54545454,303.0,3410.0
2025-09-06,e-영업2,전체,10.054495912806539,175369.40133037692,64711309.090909086,369.0,3670.0
2025-09-07,e-영업2,전체,13.042435866698634,204052.43983957218,111004527.27272727,544.0,4171.0
2025-09-08,e-영업2,전체,7.67052767052767,148491.0616229408,44250336.36363636,298.0,3885.0
2025-09-09,e-영업2,전체,8.470588235294118,162089.92704826038,52517136.36363636,324.0,3825.0
2025-09-10,e-영업2,전체,9.65893587994543,154398.3821263482,54657027.272727266,354.0,3665.0
2025-09-11,e-영업2,전체,9.340044742729306,152863.52749047359,51056418.18181818,334.0,3576.0
2025-09-12,e-영업2,전체,8.759757155247181,184480.22802280227,55897509.090909086,303.0,3459.0
2025-09-13,e-영업2,전체,10.707659687251523,200868.901890189,81151036.36363636,404.0,3773.0
2025-09-14,e-영업2,전체,12.837517764092846,205674.1529688024,111475390.9090909,542.0,4222.0
2025-09-15,e-영업2,전체,7.022106631989597,170224.7138047138,45960672.72727273,270.0,3845.0
2025-09-16,e-영업2,전체,7.936507936507936,171820.84848484845,51546254.54545454,300.0,3780.0
2025-09-17,e-영업2,전체,7.361795292829775,173060.18925312604,46553190.90909091,269.0,3654.0
2025-09-18,e-영업2,전체,7.30514811619212,130615.8196134574,33176418.18181818,254.0,3477.0
2025-09-19,e-영업2,전체,8.27814569536424,191808.99999999997,57542699.99999999,300.0,3624.0
2025-09-20,e-영업2,전체,8.869847151459009,202133.80014241632,77417245.45454545,383.0,4318.0
2025-09-21,e-영업2,전체,12.79468495499357,221092.142530836,131992009.09090908,597.0,4666.0
2025-09-22,e-영업2,전체,7.675544794188862,184879.78204760537,58606890.90909091,317.0,4130.0
2025-09-23,e-영업2,전체,8.30694275274056,154729.48547054117,52762754.54545454,341.0,4105.0
2025-09-24,e-영업2,전체,7.52212389380531,173797.8924189997,50227590.90909091,289.0,3842.0
2025-09-25,e-영업2,전체,8.42544829280275,158500.95414789292,54365827.272727266,343.0,4071.0
2025-09-26,e-영업2,전체,7.010090281465746,163882.4380165289,43264963.63636363,264.0,3766.0
2025-09-27,e-영업2,전체,7.702850877192982,204533.93723714008,57474036.36363636,281.0,3648.0
2025-09-28,e-영업2,전체,10.492599955820632,213710.33492822963,101512409.09090908,475.0,4527.0
2025-09-29,e-영업2,전체,8.543833580980683,167203.9262187088,57685354.54545454,345.0,4038.0
2025-09-30,e-영업2,전체,7.784590775793123,179735.99003735988,52482909.090909086,292.0,3751.0
2025-10-01,e-영업2,전체,8.85647303985413,194782.00534759357,66225881.81818181,340.0,3839.0
2025-10-02,e-영업2,전체,6.610275689223058,223400.34467901767,47137472.72727273,211.0,3192.0
2025-10-03,e-영업2,전체,9.54653937947494,224890.07575757575,80960427.27272727,360.0,3771.0
2025-10-04,e-영업2,전체,10.498268052224887,223949.12321181354,88235954.54545453,394.0,3753.0
2025-10-05,e-영업2,전체,8.649847518713612,231904.45804195805,72354190.9090909,312.0,3607.0
2025-10-06,e-영업2,전체,7.730220492866407,226235.75350823672,67418254.54545455,298.0,3855.0
2025-10-07,e-영업2,전체,8.20217246730215,228654.84029484028,84602290.9090909,370.0,4511.0
2025-10-08,e-영업2,전체,8.312819541753456,214908.0554980327,94344636.36363636,439.0,5281.0
2025-10-09,e-영업2,전체,6.937198067632851,277899.8987085338,99766063.63636363,359.0,5175.0
2025-10-10,e-영업2,전체,8.962067528136723,237143.04439746297,101971509.09090908,430.0,4798.0
2025-10-11,e-영업2,전체,8.094645080946451,217500.60606060605,84825236.36363636,390.0,4818.0
2025-10-12,e-영업2,전체,10.665628649279874,248304.49568679495,136070863.63636363,548.0,5138.0
2025-10-13,e-영업2,전체,4.327106366755623,190313.41609931918,43201145.45454545,227.0,5246.0
2025-10-14,e-영업2,전체,6.7417951759588775,185324.34017595305,63195599.99999999,341.0,5058.0
2025-10-15,e-영업2,전체,9.221392056626032,191131.0331459585,89640454.54545453,469.0,5086.0
2025-10-16,e-영업2,전체,7.762039660056658,204650.91793850917,84111527.27272727,411.0,5295.0
2025-10-17,e-영업2,전체,8.208165855722445,242870.36082474224,94233699.99999999,388.0,4727.0
2025-10-18,e-영업2,전체,8.93106893106893,222004.04718324178,99235809.09090908,447.0,5005.0
2025-10-19,e-영업2,전체,11.336170212765957,245696.91509691507,163634145.45454544,666.0,5875.0
2025-10-20,e-영업2,전체,7.387484310561233,210818.18181818182,86857090.9090909,412.0,5577.0
2025-10-21,e-영업2,전체,7.506239201382223,251009.36991397347,98144663.63636363,391.0,5209.0
2025-10-22,e-영업2,전체,6.629300347893313,252580.14842300556,86634990.9090909,343.0,5174.0
2025-10-23,e-영업2,전체,6.593406593406594,226825.75757575754,68047727.27272727,300.0,4550.0
2025-10-24,e-영업2,전체,5.744244358331434,236564.57431457427,59614272.72727272,252.0,4387.0
2025-10-25,e-영업2,전체,7.124971545640792,260105.1989544002,81412927.27272727,313.0,4393.0
2025-10-26,e-영업2,전체,10.044893378226712,260231.23412899947,139744172.72727272,537.0,5346.0
2025-10-27,e-영업2,전체,6.825095057034221,214536.84477082803,77018727.27272727,359.0,5260.0
2025-10-28,e-영업2,전체,5.1691889134500935,198863.33732057415,60454454.54545454,304.0,5881.0
2025-10-29,e-영업2,전체,7.115548003398471,215871.4789687924,72316945.45454545,335.0,4708.0
2025-10-30,e-영업2,전체,4.699612403100775,190248.9222118088,36908290.90909091,194.0,4128.0
2025-10-31,e-영업2,전체,7.076350093109869,246890.84073820914,65672963.63636363,266.0,3759.0
2025-11-01,e-영업2,전체,8.545694200351493,254423.36994624912,98970690.9090909,389.0,4552.0
2025-11-02,e-영업2,전체,10.305483989694517,319825.6818181818,179102381.8181818,560.0,5434.0
2025-11-03,e-영업2,전체,5.950095969289827,223770.6093189964,62431999.99999999,279.0,4689.0
2025-11-04,e-영업2,전체,5.901077375122429,247049.26442851752,59538872.72727272,241.0,4084.0
2025-11-05,e-영업2,전체,4.527845036319612,293919.0568789499,54962863.63636363,187.0,4130.0
2025-11-06,e-영업2,전체,4.943064182194616,250903.61732508327,47922590.90909091,191.0,3864.0
2025-11-07,e-영업2,전체,4.5405982905982905,273007.6470588235,46411299.99999999,170.0,3744.0
2025-11-08,e-영업2,전체,6.022584692597239,348442.2727272727,83626145.45454545,240.0,3985.0
2025-11-09,e-영업2,전체,9.58904109589041,312610.36931818177,140049445.45454544,448.0,4672.0
2025-11-10,e-영업2,전체,6.4484126984126995,300265.0699300699,78068918.18181817,260.0,4032.0
2025-11-11,e-영업2,전체,5.58530986993114,271663.09672063094,59494218.18181818,219.0,3921.0
2025-11-12,e-영업2,전체,6.380780160165332,262101.25138019872,64739009.090909086,247.0,3871.0
2025-11-13,e-영업2,전체,6.026103860038878,208730.3728529535,45294490.90909091,217.0,3601.0
2025-11-14,e-영업2,전체,6.141127841747859,252729.32692307688,52567699.99999999,208.0,3387.0
2025-11-15,e-영업2,전체,8.444558521560575,294045.23348991433,96740881.81818181,329.0,3896.0
2025-11-16,e-영업2,전체,9.183673469387756,324236.6271409749,134233963.63636363,414.0,4508.0
2025-11-17,e-영업2,전체,7.774201535033424,235881.47075854082,74066781.81818181,314.0,4039.0
2025-11-18,e-영업2,전체,7.137758743754461,233097.81818181818,69929345.45454545,300.0,4203.0
2025-11-19,e-영업2,전체,5.185589519650655,249944.01913875598,47489363.63636363,190.0,3664.0
2025-11-20,e-영업2,전체,5.871670702179177,232820.3842549203,45167154.54545454,194.0,3304.0
2025-11-21,e-영업2,전체,4.814264487369986,224529.57351290682,36373790.90909091,162.0,3365.0
2025-11-22,e-영업2,전체,6.329787234042553,297838.00611153553,70885445.45454545,238.0,3760.0
2025-11-23,e-영업2,전체,9.774785233341072,339202.1161736126,142804090.9090909,421.0,4307.0
2025-11-24,e-영업2,전체,6.764705882352941,262181.71038447716,66331972.72727272,253.0,3740.0
2025-11-25,e-영업2,전체,6.946732564524987,229444.52030183256,58049463.63636363,253.0,3642.0
2025-11-26,e-영업2,전체,5.720823798627003,262676.7727272727,52535354.54545454,200.0,3496.0
2025-11-27,e-영업2,전체,7.2296124927703875,249439.67272727273,62359918.18181818,250.0,3458.0
2025-11-28,e-영업2,전체,5.442583732057416,358639.5604395604,65272399.99999999,182.0,3344.0
2025-11-29,e-영업2,전체,7.718951014349332,316330.2156177156,98695027.27272727,312.0,4042.0
2025-11-30,e-영업2,전체,9.088878963823136,324987.71498771495,132269999.99999999,407.0,4478.0
2025-12-01,e-영업2,전체,5.562332276164918,237263.2376395534,54096018.18181818,228.0,4099.0
2025-12-02,e-영업2,전체,5.63488016318205,218541.58782394076,48297690.90909091,221.0,3922.0
2025-12-03,e-영업2,전체,5.542671614100185,258641.0041841004,61815199.99999999,239.0,4312.0
2025-12-04,e-영업2,전체,7.030056036678553,247237.7799736495,68237627.27272727,276.0,3926.0
2025-12-05,e-영업2,전체,7.357594936708861,283368.0677745194,79059690.9090909,279.0,3792.0
2025-12-06,e-영업2,전체,7.9005660841742555,353854.4604927782,113587281.81818181,321.0,4063.0
2025-12-07,e-영업2,전체,10.161463939720129,360334.80354391364,170078027.27272725,472.0,4645.0
2025-12-08,e-영업2,전체,5.781325592646348,293608.5583872195,70172445.45454545,239.0,4134.0
2025-12-09,e-영업2,전체,5.485971943887775,265174.1801577418,58073145.45454545,219.0,3992.0
2025-12-10,e-영업2,전체,6.0101958679903404,226342.00487012984,50700609.090909086,224.0,3727.0
2025-12-11,e-영업2,전체,5.4620761066528605,228501.46488582506,48213809.090909086,211.0,3863.0
2025-12-12,e-영업2,전체,5.815923207227555,170650.0,35153900.0,206.0,3542.0
2025-12-13,e-영업2,전체,6.745647969052225,297386.2170087976,82970754.54545453,279.0,4136.0
2025-12-14,e-영업2,전체,9.565038136466708,335199.43181818177,155532536.36363634,464.0,4851.0
2025-12-15,e-영업2,전체,7.022677395757132,254200.97853535353,73209881.81818181,288.0,4101.0
2025-12-16,e-영업2,전체,5.2488441664400325,240199.76448422042,46358554.54545454,193.0,3677.0
2025-12-17,e-영업2,전체,5.031995346131471,205531.2664214398,35556909.090909086,173.0,3438.0
2025-12-18,e-영업2,전체,6.755581327921137,195908.97385875924,45646790.90909091,233.0,3449.0
2025-12-19,e-영업2,전체,7.837582625118037,255462.50456370937,63610163.63636363,249.0,3177.0
2025-12-20,e-영업2,전체,6.688563750373246,253447.5649350649,56772254.54545454,224.0,3349.0
2025-12-21,e-영업2,전체,10.76923076923077,296980.0936768149,126810499.99999999,427.0,3965.0
2025-12-22,e-영업2,전체,7.371007371007371,242974.07407407404,65602999.99999999,270.0,3663.0
2025-12-23,e-영업2,전체,4.465178273908697,95878.15468113976,12847672.727272727,134.0,3001.0
2025-12-24,e-영업2,전체,4.756795422031473,176322.00956937796,23450827.27272727,133.0,2796.0
2025-12-25,e-영업2,전체,9.768637532133676,309094.2583732057,117455818.18181817,380.0,3890.0
2025-12-26,e-영업2,전체,5.622837370242214,250550.86247086246,48857418.18181818,195.0,3468.0
2025-12-27,e-영업2,전체,6.937974993871047,265474.4298104722,75129263.63636363,283.0,4079.0
2025-12-28,e-영업2,전체,10.246207411091767,313507.281553398,129164999.99999999,412.0,4021.0
2025-12-29,e-영업2,전체,5.93886462882096,258669.69696969696,52768618.18181818,204.0,3435.0
2025-12-30,e-영업2,전체,5.894611491515332,255232.92011019282,50536118.18181818,198.0,3359.0
2025-12-31,e-영업2,전체,6.044637321760694,247646.29370629368,48291027.272727266,195.0,3226.0
2025-01-01,e-영업2,회원,10.344827586206897,241641.56565656562,43495481.81818181,180.0,1740.0
2025-01-02,e-영업2,회원,10.357815442561206,265094.9311294766,43740663.63636363,165.0,1593.0
2025-01-03,e-영업2,회원,12.869080779944289,215783.47107438016,49845981.81818181,231.0,1795.0
2025-01-04,e-영업2,회원,12.287518212724624,224542.47215235356,56809245.45454545,253.0,2059.0
2025-01-05,e-영업2,회원,12.815437902028698,289338.0133380133,74938545.45454545,259.0,2021.0
2025-01-06,e-영업2,회원,11.345218800648297,165641.38528138527,34784690.90909091,210.0,1851.0
2025-01-07,e-영업2,회원,10.880566801619434,285524.22832980973,61387709.090909086,215.0,1976.0
2025-01-08,e-영업2,회원,11.39240506329114,260510.60606060605,56270290.90909091,216.0,1896.0
2025-01-09,e-영업2,회원,7.311827956989248,264869.5187165775,36022254.54545454,136.0,1860.0
2025-01-10,e-영업2,회원,9.392898052691868,276559.97782705096,45355836.36363636,164.0,1746.0
2025-01-11,e-영업2,회원,10.934393638170974,247200.9917355372,54384218.18181818,220.0,2012.0
2025-01-12,e-영업2,회원,14.0748031496063,261851.6211061665,74889563.63636363,286.0,2032.0
2025-01-13,e-영업2,회원,10.096153846153847,249205.0024050024,47099745.45454545,189.0,1872.0
2025-01-14,e-영업2,회원,10.272071071626874,201206.5356265356,37223209.090909086,185.0,1801.0
2025-01-15,e-영업2,회원,11.190965092402463,216290.4920767306,47151327.272727266,218.0,1948.0
2025-01-16,e-영업2,회원,11.304347826086957,206578.27797202795,42968281.81818181,208.0,1840.0
2025-01-17,e-영업2,회원,11.353944562899787,274885.70209133584,58550654.54545454,213.0,1876.0
2025-01-18,e-영업2,회원,10.699152542372882,244054.72547254723,49299054.54545454,202.0,1888.0
2025-01-19,e-영업2,회원,13.28537170263789,272047.85034460126,75357254.54545455,277.0,2085.0
2025-01-20,e-영업2,회원,11.092806150466776,182859.5409540954,36937627.27272727,202.0,1821.0
2025-01-21,e-영업2,회원,9.839816933638444,217712.57928118392,37446563.63636363,172.0,1748.0
2025-01-22,e-영업2,회원,11.83673469387755,214260.23287057766,43494827.272727266,203.0,1715.0
2025-01-23,e-영업2,회원,10.915867944621937,212602.43902439025,43583500.0,205.0,1878.0
2025-01-24,e-영업2,회원,10.355392156862745,216069.2845615922,36515709.090909086,169.0,1632.0
2025-01-25,e-영업2,회원,14.73851030110935,214042.91300097748,59717972.72727272,279.0,1893.0
2025-01-26,e-영업2,회원,11.89358372456964,229764.31419457734,52386263.63636363,228.0,1917.0
2025-01-27,e-영업2,회원,14.57127827459232,249417.36133902194,69088609.09090908,277.0,1901.0
2025-01-28,e-영업2,회원,12.845622119815669,252591.92825112105,56327999.99999999,223.0,1736.0
2025-01-29,e-영업2,회원,16.16331096196868,235698.1755268952,68116772.72727272,289.0,1788.0
2025-01-30,e-영업2,회원,15.935334872979215,222126.3241106719,76633581.81818181,345.0,2165.0
2025-01-31,e-영업2,회원,13.01402999516207,213705.20446096652,57486699.99999999,269.0,2067.0
2025-02-01,e-영업2,회원,13.701707097933513,226556.03576751117,69099590.9090909,305.0,2226.0
2025-02-02,e-영업2,회원,15.249893208030757,257303.18309141838,91857236.36363636,357.0,2341.0
2025-02-03,e-영업2,회원,7.4092999489013796,148733.04075235108,21566290.909090906,145.0,1957.0
2025-02-04,e-영업2,회원,6.838021338506304,154157.18891038038,21736163.636363633,141.0,2062.0
2025-02-05,e-영업2,회원,10.662080825451419,265367.99853372434,65811263.63636363,248.0,2326.0
2025-02-06,e-영업2,회원,10.534429599177802,198946.3858093126,40784009.090909086,205.0,1946.0
2025-02-07,e-영업2,회원,11.357490535424555,219540.60606060602,46103527.272727266,210.0,1849.0
2025-02-08,e-영업2,회원,11.168831168831169,224992.93868921773,48373481.81818181,215.0,1925.0
2025-02-09,e-영업2,회원,15.550351288056206,234911.1719605695,77990509.09090908,332.0,2135.0
2025-02-10,e-영업2,회원,10.58091286307054,198587.70053475935,40511890.90909091,204.0,1928.0
2025-02-11,e-영업2,회원,14.189886480908154,205033.48760330578,56384209.090909086,275.0,1938.0
2025-02-12,e-영업2,회원,13.009327442317135,168063.73927958834,44536890.90909091,265.0,2037.0
2025-02-13,e-영업2,회원,11.498973305954825,169433.44155844155,37953090.90909091,224.0,1948.0
2025-02-14,e-영업2,회원,12.603192074848652,172015.3632393807,39391518.18181818,229.0,1817.0
2025-02-15,e-영업2,회원,13.169114163903364,216319.0320470896,60136690.90909091,278.0,2111.0
2025-02-16,e-영업2,회원,17.611940298507463,218477.72397094432,90231300.0,413.0,2345.0
2025-02-17,e-영업2,회원,9.889558232931726,188491.6012921089,37132845.45454545,197.0,1992.0
2025-02-18,e-영업2,회원,11.261505143475906,133207.56118881117,27707172.727272727,208.0,1847.0
2025-02-19,e-영업2,회원,10.240963855421686,185002.67379679144,34595500.0,187.0,1826.0
2025-02-20,e-영업2,회원,11.049416990560799,209564.36729100044,41703309.090909086,199.0,1801.0
2025-02-21,e-영업2,회원,13.02798982188295,203540.48295454544,52106363.63636363,256.0,1965.0
2025-02-22,e-영업2,회원,11.910322279308733,197556.50623885918,50376909.090909086,255.0,2141.0
2025-02-23,e-영업2,회원,14.811715481171547,213083.33333333334,75431500.0,354.0,2390.0
2025-02-24,e-영업2,회원,12.68243583291394,164847.04184704184,41541454.54545454,252.0,1987.0
2025-02-25,e-영업2,회원,12.092815707273537,194436.76618584368,52692363.63636363,271.0,2241.0
2025-02-26,e-영업2,회원,11.156111929307807,171581.75817581758,51989272.72727273,303.0,2716.0
2025-02-27,e-영업2,회원,11.16564417177914,190699.1008991009,52060854.54545454,273.0,2445.0
2025-02-28,e-영업2,회원,14.533622559652928,217943.79918588873,73011172.72727272,335.0,2305.0
2025-03-01,e-영업2,회원,16.936353829557714,212308.51187029528,99997309.09090908,471.0,2781.0
2025-03-02,e-영업2,회원,13.509597971749365,180535.04752620033,67339572.72727272,373.0,2761.0
2025-03-03,e-영업2,회원,17.53834054266614,193542.07093355074,86319763.63636363,446.0,2543.0
2025-03-04,e-영업2,회원,13.525588952071487,213803.3033033033,71196500.0,333.0,2462.0
2025-03-05,e-영업2,회원,10.921926910299003,208231.07500864152,54764772.72727272,263.0,2408.0
2025-03-06,e-영업2,회원,7.669108143041791,122778.24310520937,21854527.27272727,178.0,2321.0
2025-03-07,e-영업2,회원,10.55004508566276,174348.6013986014,40797572.72727273,234.0,2218.0
2025-03-08,e-영업2,회원,12.116564417177914,203109.00460299192,64182445.454545446,316.0,2608.0
2025-03-09,e-영업2,회원,18.592804839223177,191547.36924034866,111863663.63636363,584.0,3141.0
2025-03-10,e-영업2,회원,9.896983075791024,127335.92429874957,34253363.63636363,269.0,2718.0
2025-03-11,e-영업2,회원,10.583236770954036,144979.69475779694,39724436.36363636,274.0,2589.0
2025-03-12,e-영업2,회원,14.263565891472869,184736.26482213437,67982945.45454545,368.0,2580.0
2025-03-13,e-영업2,회원,11.84934405416843,159218.79870129869,44581263.63636363,280.0,2363.0
2025-03-14,e-영업2,회원,12.653406686415575,209200.66889632103,62550999.99999999,299.0,2363.0
2025-03-15,e-영업2,회원,15.86452762923351,189578.28396322776,84362336.36363636,445.0,2805.0
2025-03-16,e-영업2,회원,17.14565643370346,219835.20346320345,115413481.81818181,525.0,3062.0
2025-03-17,e-영업2,회원,10.216346153846153,155610.303030303,39680627.272727266,255.0,2496.0
2025-03-18,e-영업2,회원,7.77292576419214,144455.66905005107,25713109.09090909,178.0,2290.0
2025-03-19,e-영업2,회원,10.628019323671497,128711.23215627347,31148118.18181818,242.0,2277.0
2025-03-20,e-영업2,회원,9.63802878325338,178961.29164952695,39550445.45454545,221.0,2293.0
2025-03-21,e-영업2,회원,11.275415896487985,134771.7958271237,32884318.18181818,244.0,2164.0
2025-03-22,e-영업2,회원,13.600661430343116,186687.75904946116,61420272.72727272,329.0,2419.0
2025-03-23,e-영업2,회원,17.119565217391305,185929.9938157081,81995127.27272727,441.0,2576.0
2025-03-24,e-영업2,회원,16.42694928084784,152525.61793045665,66196118.18181818,434.0,2642.0
2025-03-25,e-영업2,회원,14.330218068535824,154765.24209486163,56953609.090909086,368.0,2568.0
2025-03-26,e-영업2,회원,15.056360708534623,136889.7180359747,51196754.54545454,374.0,2484.0
2025-03-27,e-영업2,회원,13.514699429574376,144267.94569067293,44434527.272727266,308.0,2279.0
2025-03-28,e-영업2,회원,12.571157495256166,180282.84734133788,47774954.54545454,265.0,2108.0
2025-03-29,e-영업2,회원,12.986463620981386,184041.33846609417,56500690.90909091,307.0,2364.0
2025-03-30,e-영업2,회원,17.101105845181674,188043.37602351457,81422781.81818181,433.0,2532.0
2025-03-31,e-영업2,회원,15.439330543933055,196608.77063316086,72548636.36363636,369.0,2390.0
2025-04-01,e-영업2,회원,11.851556264964087,139232.6293235384,41352090.90909091,297.0,2506.0
2025-04-02,e-영업2,회원,16.148830072880706,161580.63053336213,68025445.45454545,421.0,2607.0
2025-04-03,e-영업2,회원,14.549744396382225,190875.0614250614,70623772.72727272,370.0,2543.0
2025-04-04,e-영업2,회원,13.666947014297728,158543.8881118881,51526763.63636363,325.0,2378.0
2025-04-05,e-영업2,회원,13.600302228938421,169568.3333333333,61044599.99999999,360.0,2647.0
2025-04-06,e-영업2,회원,17.685589519650655,198224.42947998503,96337072.72727272,486.0,2748.0
2025-04-07,e-영업2,회원,13.519134775374376,188360.75524475524,61217245.45454545,325.0,2404.0
2025-04-08,e-영업2,회원,12.407623492804357,179802.79281846678,57357090.90909091,319.0,2571.0
2025-04-09,e-영업2,회원,13.31582895723931,154754.9551856594,54938009.090909086,355.0,2666.0
2025-04-10,e-영업2,회원,15.224625623960067,163556.5822155986,59861709.090909086,366.0,2404.0
2025-04-11,e-영업2,회원,13.667523564695802,177489.65517241377,56619199.99999999,319.0,2334.0
2025-04-12,e-영업2,회원,14.024617679970161,185358.36557059962,69694745.45454545,376.0,2681.0
2025-04-13,e-영업2,회원,18.259095545732745,178583.62959200947,95899409.09090908,537.0,2941.0
2025-04-14,e-영업2,회원,13.730667672576386,135643.73126873127,49374318.18181818,364.0,2651.0
2025-04-15,e-영업2,회원,14.828137490007995,140114.55525606466,51982499.99999999,371.0,2502.0
2025-04-16,e-영업2,회원,13.970588235294118,156126.9705363888,56361836.36363636,361.0,2584.0
2025-04-17,e-영업2,회원,13.13456889605157,135493.86503067485,44171000.0,326.0,2482.0
2025-04-18,e-영업2,회원,13.036437246963562,164335.00846979106,52915872.72727273,322.0,2470.0
2025-04-19,e-영업2,회원,12.973378327709037,182470.44140830266,63134772.72727272,346.0,2667.0
2025-04-20,e-영업2,회원,18.6216498433693,172226.01529311808,92140918.18181817,535.0,2873.0
2025-04-21,e-영업2,회원,13.613323678493844,153773.96034816245,57819009.090909086,376.0,2762.0
2025-04-22,e-영업2,회원,11.498658489842851,120675.33333333333,36202600.0,300.0,2609.0
2025-04-23,e-영업2,회원,14.564564564564563,133918.252108716,51960281.81818181,388.0,2664.0
2025-04-24,e-영업2,회원,13.26059588753672,157205.8975834292,49677063.63636363,316.0,2383.0
2025-04-25,e-영업2,회원,12.020680741059888,141100.5865102639,39367063.63636363,279.0,2321.0
2025-04-26,e-영업2,회원,14.361269324654192,145876.2297192892,51494309.090909086,353.0,2458.0
2025-04-27,e-영업2,회원,18.944759206798867,181575.25913338995,97142763.63636363,535.0,2824.0
2025-04-28,e-영업2,회원,13.86890487609912,144964.63190987686,50302727.272727266,347.0,2502.0
2025-04-29,e-영업2,회원,12.835093419983753,141784.7238204833,44803972.72727273,316.0,2462.0
2025-04-30,e-영업2,회원,15.432929564827278,138319.23890063426,47581818.18181818,344.0,2229.0
2025-05-01,e-영업2,회원,17.560000000000002,161966.245599503,71103181.81818181,439.0,2500.0
2025-05-02,e-영업2,회원,13.433559650824442,150237.87331801772,41615890.90909091,277.0,2062.0
2025-05-03,e-영업2,회원,15.829383886255924,188912.76537833424,63096863.63636363,334.0,2110.0
2025-05-04,e-영업2,회원,16.08357628765792,159503.73523757208,52795736.36363636,331.0,2058.0
2025-05-05,e-영업2,회원,14.590592334494772,178882.68656716414,59925699.99999999,335.0,2296.0
2025-05-06,e-영업2,회원,14.557485525227461,181750.43904958677,63976154.54545454,352.0,2418.0
2025-05-07,e-영업2,회원,14.31306845380565,185174.06506536942,55367045.45454545,299.0,2089.0
2025-05-08,e-영업2,회원,12.93483586477217,194330.33746556472,51303209.090909086,264.0,2041.0
2025-05-09,e-영업2,회원,9.70402717127608,156455.45454545453,31291090.909090906,200.0,2061.0
2025-05-10,e-영업2,회원,12.48785228377065,141512.13300318358,36368618.18181818,257.0,2058.0
2025-05-11,e-영업2,회원,16.784140969162994,189304.41422094963,72124981.81818181,381.0,2270.0
2025-05-12,e-영업2,회원,12.001627339300244,146618.36671802774,43252418.18181818,295.0,2458.0
2025-05-13,e-영업2,회원,10.168134507606084,122324.33786685755,31070381.818181816,254.0,2498.0
2025-05-14,e-영업2,회원,12.936249418334109,160444.37540876388,44603536.36363636,278.0,2149.0
2025-05-15,e-영업2,회원,11.921529175050303,130264.63367855772,30872718.18181818,237.0,1988.0
2025-05-16,e-영업2,회원,12.635735439289238,151322.9403409091,38738672.72727273,256.0,2026.0
2025-05-17,e-영업2,회원,12.542871141597256,151492.8622159091,38782172.72727273,256.0,2041.0
2025-05-18,e-영업2,회원,17.195402298850574,186398.37141468158,69712990.9090909,374.0,2175.0
2025-05-19,e-영업2,회원,11.925658234383068,132460.76347894527,30598436.36363636,231.0,1937.0
2025-05-20,e-영업2,회원,11.494252873563218,117162.39669421487,25775727.27272727,220.0,1914.0
2025-05-21,e-영업2,회원,15.984593163216177,141255.1752464403,46896718.18181818,332.0,2077.0
2025-05-22,e-영업2,회원,15.076923076923077,130289.76499690785,38305190.90909091,294.0,1950.0
2025-05-23,e-영업2,회원,14.37908496732026,127801.61845730028,33739627.27272727,264.0,1836.0
2025-05-24,e-영업2,회원,14.918533604887985,156624.35618988518,45890936.36363636,293.0,1964.0
2025-05-25,e-영업2,회원,20.128972823583602,167806.3657166632,73331381.81818181,437.0,2171.0
2025-05-26,e-영업2,회원,,134967.05670567055,40895018.18181818,303.0,0.0
2025-05-27,e-영업2,회원,12.79916753381894,134574.75979305248,33105390.909090906,246.0,1922.0
2025-05-28,e-영업2,회원,12.239583333333332,131887.19535783364,30993490.909090906,235.0,1920.0
2025-05-29,e-영업2,회원,11.233269598470363,113077.83365570598,26573290.909090906,235.0,2092.0
2025-05-30,e-영업2,회원,10.770975056689343,95886.985645933,18218527.27272727,190.0,1764.0
2025-05-31,e-영업2,회원,11.251980982567353,161106.0606060606,34315590.90909091,213.0,1893.0
2025-06-01,e-영업2,회원,18.65808823529412,156973.84684281235,63731381.81818181,406.0,2176.0
2025-06-02,e-영업2,회원,14.02936378466558,139712.26215644818,36045763.63636363,258.0,1839.0
2025-06-03,e-영업2,회원,18.213058419243985,149138.46483704975,63234709.090909086,424.0,2328.0
2025-06-04,e-영업2,회원,11.05552776388194,149796.29781982722,33104981.818181816,221.0,1999.0
2025-06-05,e-영업2,회원,12.00640341515475,138253.25252525252,31106981.818181816,225.0,1874.0
2025-06-06,e-영업2,회원,17.761194029850746,154260.22408963583,55070899.99999999,357.0,2010.0
2025-06-07,e-영업2,회원,12.707948243992606,128886.5123966942,35443790.90909091,275.0,2164.0
2025-06-08,e-영업2,회원,17.115027829313544,151276.34885439763,55820972.72727272,369.0,2156.0
2025-06-09,e-영업2,회원,12.341772151898734,134865.42346542346,31558509.09090909,234.0,1896.0
2025-06-10,e-영업2,회원,11.477151965993624,138511.23737373736,29918427.27272727,216.0,1882.0
2025-06-11,e-영업2,회원,13.133402275077561,129739.54903364352,32953845.454545453,254.0,1934.0
2025-06-12,e-영업2,회원,15.025906735751295,144926.0501567398,42028554.54545454,290.0,1930.0
2025-06-13,e-영업2,회원,14.364947310038826,113129.02772902772,29300418.18181818,259.0,1803.0
2025-06-14,e-영업2,회원,13.89177939646202,137390.46646237656,36683254.54545454,267.0,1922.0
2025-06-15,e-영업2,회원,18.367346938775512,160145.63820018363,63417672.72727272,396.0,2156.0
2025-06-16,e-영업2,회원,13.47410759175465,145783.71777476254,39070036.36363636,268.0,1989.0
2025-06-17,e-영업2,회원,7.720588235294118,100322.01607915893,14747336.363636363,147.0,1904.0
2025-06-18,e-영업2,회원,12.916666666666668,126108.89540566958,35184381.81818181,279.0,2160.0
2025-06-19,e-영업2,회원,13.248730964467004,141588.95855102752,36954718.18181818,261.0,1970.0
2025-06-20,e-영업2,회원,12.278031456113647,145167.39293764086,35130509.090909086,242.0,1971.0
2025-06-21,e-영업2,회원,13.551859099804306,158133.6068263866,43803009.090909086,277.0,2044.0
2025-06-22,e-영업2,회원,17.67328739359546,153491.30525437865,66922209.090909086,436.0,2467.0
2025-06-23,e-영업2,회원,11.663479923518166,128376.304023845,31323818.18181818,244.0,2092.0
2025-06-24,e-영업2,회원,9.957627118644067,143366.05415860735,26952818.18181818,188.0,1888.0
2025-06-25,e-영업2,회원,11.309836927932668,114631.88160676531,24645854.545454543,215.0,1901.0
2025-06-26,e-영업2,회원,14.466363176530095,140369.42148760328,40145654.54545454,286.0,1977.0
2025-06-27,e-영업2,회원,17.85890478539714,130238.900050226,47146481.81818181,362.0,2027.0
2025-06-28,e-영업2,회원,16.48096564531105,133412.59923175417,47361472.72727273,355.0,2154.0
2025-06-29,e-영업2,회원,19.51859956236324,148577.6192417448,66265618.18181818,446.0,2285.0
2025-06-30,e-영업2,회원,14.750762970498474,119802.41379310345,34742700.0,290.0,1966.0
2025-07-01,e-영업2,회원,12.050443717888836,143022.1634954193,36899718.18181818,258.0,2141.0
2025-07-02,e-영업2,회원,15.057528764382191,143861.55240108728,43302327.272727266,301.0,1999.0
2025-07-03,e-영업2,회원,13.074565883554648,124762.89062499999,31939299.999999996,256.0,1958.0
2025-07-04,e-영업2,회원,15.675675675675677,125060.94043887148,36267672.72727273,290.0,1850.0
2025-07-05,e-영업2,회원,15.759036144578314,158068.55713094244,51688418.18181818,327.0,2075.0
2025-07-06,e-영업2,회원,20.929222752930958,157737.94794417202,76029690.9090909,482.0,2303.0
2025-07-07,e-영업2,회원,14.1439205955335,129467.97448165869,36898372.72727273,285.0,2015.0
2025-07-08,e-영업2,회원,13.185255198487713,146484.49006190943,40869172.72727273,279.0,2116.0
2025-07-09,e-영업2,회원,13.731060606060606,140439.6551724138,40727500.0,290.0,2112.0
2025-07-10,e-영업2,회원,12.883116883116882,140495.30791788854,34842836.36363636,248.0,1925.0
2025-07-11,e-영업2,회원,12.428407789232532,133652.49266862168,29002590.909090906,217.0,1746.0
2025-07-12,e-영업2,회원,13.564507904130545,135379.11825017087,36010845.45454545,266.0,1961.0
2025-07-13,e-영업2,회원,20.356612184249627,158763.2824596328,65251709.090909086,411.0,2019.0
2025-07-14,e-영업2,회원,12.91390728476821,141477.85547785548,33105818.18181818,234.0,1812.0
2025-07-15,e-영업2,회원,12.181303116147308,134407.06131078224,28897518.18181818,215.0,1765.0
2025-07-16,e-영업2,회원,13.136288998357964,130833.03030303029,31399927.27272727,240.0,1827.0
2025-07-17,e-영업2,회원,13.953488372093023,120206.56565656564,28128336.36363636,234.0,1677.0
2025-07-18,e-영업2,회원,12.839059674502712,158026.97396500214,33659745.45454545,213.0,1659.0
2025-07-19,e-영업2,회원,14.792899408284024,206492.90909090906,51623227.272727266,250.0,1690.0
2025-07-20,e-영업2,회원,20.501893939393938,160219.04262019735,69374845.45454545,433.0,2112.0
2025-07-21,e-영업2,회원,13.273842721695484,147989.15202444614,35221418.18181818,238.0,1793.0
2025-07-22,e-영업2,회원,13.163841807909604,154410.26141240733,35977590.90909091,233.0,1770.0
2025-07-23,e-영업2,회원,15.482380127094164,134015.33242876525,35916109.090909086,268.0,1731.0
2025-07-24,e-영업2,회원,10.820451843043994,98505.54445554446,17928009.09090909,182.0,1682.0
2025-07-25,e-영업2,회원,12.340966921119593,103539.87816307404,20086736.363636363,194.0,1572.0
2025-07-26,e-영업2,회원,14.371980676328503,116659.01451489686,27764845.454545453,238.0,1656.0
2025-07-27,e-영업2,회원,21.398527865404837,149941.83605092694,61026327.272727266,407.0,1902.0
2025-07-28,e-영업2,회원,14.607390300230946,134135.75278476463,33936345.45454545,253.0,1732.0
2025-07-29,e-영업2,회원,15.037593984962406,143472.51748251746,37302854.54545454,260.0,1729.0
2025-07-30,e-영업2,회원,15.432482887367765,143487.86656891493,35584990.90909091,248.0,1607.0
2025-07-31,e-영업2,회원,14.238845144356954,121041.30708001675,26265963.636363633,217.0,1524.0
2025-08-01,e-영업2,회원,15.181518151815181,152496.27799736496,42088972.72727273,276.0,1818.0
2025-08-02,e-영업2,회원,16.471277842907387,169810.74086056292,47716818.18181818,281.0,1706.0
2025-08-03,e-영업2,회원,20.66072364971159,167279.4646977388,65908109.090909086,394.0,1907.0
2025-08-04,e-영업2,회원,15.57703240477544,167290.01327140012,45837463.63636363,274.0,1759.0
2025-08-05,e-영업2,회원,14.92456896551724,164959.17295700687,45693690.90909091,277.0,1856.0
2025-08-06,e-영업2,회원,15.672029060716138,160500.45153521973,48471136.36363636,302.0,1927.0
2025-08-07,e-영업2,회원,15.153267784846733,165772.93546148506,43432509.090909086,262.0,1729.0
2025-08-08,e-영업2,회원,12.780548628428928,147521.0643015521,30241818.18181818,205.0,1604.0
2025-08-09,e-영업2,회원,14.598930481283423,181587.97868797867,49573518.18181818,273.0,1870.0
2025-08-10,e-영업2,회원,19.739478957915832,168446.5389940009,66367936.36363636,394.0,1996.0
2025-08-11,e-영업2,회원,11.44646924829157,125162.64133876073,25157690.909090906,201.0,1756.0
2025-08-12,e-영업2,회원,12.69748390871855,134162.37955592794,29113236.36363636,217.0,1709.0
2025-08-13,e-영업2,회원,15.687331536388141,135318.4317400812,39377663.63636363,291.0,1855.0
2025-08-14,e-영업2,회원,17.247939124920737,158227.43983957218,43037863.63636363,272.0,1577.0
2025-08-15,e-영업2,회원,22.350356946732564,174154.09872682596,70880718.18181817,407.0,1821.0
2025-08-16,e-영업2,회원,15.523657628920787,148938.66749688666,43490090.90909091,292.0,1881.0
2025-08-17,e-영업2,회원,20.541082164328657,182086.67405764965,74655536.36363636,410.0,1996.0
2025-08-18,e-영업2,회원,11.262798634812286,157968.22773186408,31277709.09090909,198.0,1758.0
2025-08-19,e-영업2,회원,9.78391356542617,143502.7886224205,23390954.545454543,163.0,1666.0
2025-08-20,e-영업2,회원,10.137149672033392,93103.68983957218,15827627.272727272,170.0,1677.0
2025-08-21,e-영업2,회원,9.406565656565656,101437.9499694936,15114254.545454545,149.0,1584.0
2025-08-22,e-영업2,회원,9.511400651465799,184487.29763387298,26935145.454545453,146.0,1535.0
2025-08-23,e-영업2,회원,13.66181410974244,180370.0074515648,44010281.81818181,244.0,1786.0
2025-08-24,e-영업2,회원,18.012752391073324,182552.8828104049,61885427.272727266,339.0,1882.0
2025-08-25,e-영업2,회원,10.729881472239551,188707.24101479913,32457645.454545453,172.0,1603.0
2025-08-26,e-영업2,회원,12.846347607052897,123084.0017825312,25109136.363636363,204.0,1588.0
2025-08-27,e-영업2,회원,13.541076487252123,176729.51692658802,42238354.54545454,239.0,1765.0
2025-08-28,e-영업2,회원,14.421930870083433,127043.87678437264,30744618.18181818,242.0,1678.0
2025-08-29,e-영업2,회원,13.863013698630136,156152.85662953646,39506672.72727273,253.0,1825.0
2025-08-30,e-영업2,회원,14.486486486486486,207343.9280868385,55568172.72727272,268.0,1850.0
2025-08-31,e-영업2,회원,16.585100598151172,193471.62444113265,59008845.45454545,305.0,1839.0
2025-09-01,e-영업2,회원,16.622411046202867,201735.81179204182,63143309.090909086,313.0,1883.0
2025-09-02,e-영업2,회원,14.18732782369146,166204.41306266547,51357163.63636363,309.0,2178.0
2025-09-03,e-영업2,회원,13.680623174294059,150991.49142672273,42428609.090909086,281.0,2054.0
2025-09-04,e-영업2,회원,16.890213611525088,171033.42245989305,58151363.63636363,340.0,2013.0
2025-09-05,e-영업2,회원,15.748440748440748,183765.19651965194,55680854.54545454,303.0,1924.0
2025-09-06,e-영업2,회원,16.841624828845276,175369.40133037692,64711309.090909086,369.0,2191.0
2025-09-07,e-영업2,회원,22.340862422997944,204052.43983957218,111004527.27272727,544.0,2435.0
2025-09-08,e-영업2,회원,13.899253731343283,148491.0616229408,44250336.36363636,298.0,2144.0
2025-09-09,e-영업2,회원,14.647377938517177,162089.92704826038,52517136.36363636,324.0,2212.0
2025-09-10,e-영업2,회원,16.298342541436465,154398.3821263482,54657027.272727266,354.0,2172.0
2025-09-11,e-영업2,회원,16.542842991579988,152863.52749047359,51056418.18181818,334.0,2019.0
2025-09-12,e-영업2,회원,14.715881495871782,184480.22802280227,55897509.090909086,303.0,2059.0
2025-09-13,e-영업2,회원,17.287120239623448,200868.901890189,81151036.36363636,404.0,2337.0
2025-09-14,e-영업2,회원,21.439873417721518,205674.1529688024,111475390.9090909,542.0,2528.0
2025-09-15,e-영업2,회원,12.129380053908356,170224.7138047138,45960672.72727273,270.0,2226.0
2025-09-16,e-영업2,회원,13.458950201884253,171820.84848484845,51546254.54545454,300.0,2229.0
2025-09-17,e-영업2,회원,12.827849308536004,173060.18925312604,46553190.90909091,269.0,2097.0
2025-09-18,e-영업2,회원,12.71907861792689,130615.8196134574,33176418.18181818,254.0,1997.0
2025-09-19,e-영업2,회원,14.124293785310735,191808.99999999997,57542699.99999999,300.0,2124.0
2025-09-20,e-영업2,회원,14.75346687211094,202133.80014241632,77417245.45454545,383.0,2596.0
2025-09-21,e-영업2,회원,21.073067419696436,221092.142530836,131992009.09090908,597.0,2833.0
2025-09-22,e-영업2,회원,13.131731565865785,184879.78204760537,58606890.90909091,317.0,2414.0
2025-09-23,e-영업2,회원,14.369995785924988,154729.48547054117,52762754.54545454,341.0,2373.0
2025-09-24,e-영업2,회원,12.913315460232349,173797.8924189997,50227590.90909091,289.0,2238.0
2025-09-25,e-영업2,회원,14.448188711036225,158500.95414789292,54365827.272727266,343.0,2374.0
2025-09-26,e-영업2,회원,11.854512797485405,163882.4380165289,43264963.63636363,264.0,2227.0
2025-09-27,e-영업2,회원,12.646264626462647,204533.93723714008,57474036.36363636,281.0,2222.0
2025-09-28,e-영업2,회원,17.651430694908957,213710.33492822963,101512409.09090908,475.0,2691.0
2025-09-29,e-영업2,회원,14.526315789473685,167203.9262187088,57685354.54545454,345.0,2375.0
2025-09-30,e-영업2,회원,13.543599257884972,179735.99003735988,52482909.090909086,292.0,2156.0
2025-10-01,e-영업2,회원,14.905743095133714,194782.00534759357,66225881.81818181,340.0,2281.0
2025-10-02,e-영업2,회원,11.140443505807813,223400.34467901767,47137472.72727273,211.0,1894.0
2025-10-03,e-영업2,회원,15.894039735099339,224890.07575757575,80960427.27272727,360.0,2265.0
2025-10-04,e-영업2,회원,18.39402427637722,223949.12321181354,88235954.54545453,394.0,2142.0
2025-10-05,e-영업2,회원,15.384615384615385,231904.45804195805,72354190.9090909,312.0,2028.0
2025-10-06,e-영업2,회원,14.19047619047619,226235.75350823672,67418254.54545455,298.0,2100.0
2025-10-07,e-영업2,회원,15.028432168968319,228654.84029484028,84602290.9090909,370.0,2462.0
2025-10-08,e-영업2,회원,15.333566189311911,214908.0554980327,94344636.36363636,439.0,2863.0
2025-10-09,e-영업2,회원,12.277701778385772,277899.8987085338,99766063.63636363,359.0,2924.0
2025-10-10,e-영업2,회원,15.855457227138642,237143.04439746297,101971509.09090908,430.0,2712.0
2025-10-11,e-영업2,회원,13.983506633201864,217500.60606060605,84825236.36363636,390.0,2789.0
2025-10-12,e-영업2,회원,18.50726106045255,248304.49568679495,136070863.63636363,548.0,2961.0
2025-10-13,e-영업2,회원,8.29981718464351,190313.41609931918,43201145.45454545,227.0,2735.0
2025-10-14,e-영업2,회원,12.601626016260163,185324.34017595305,63195599.99999999,341.0,2706.0
2025-10-15,e-영업2,회원,16.53737658674189,191131.0331459585,89640454.54545453,469.0,2836.0
2025-10-16,e-영업2,회원,14.206705841686832,204650.91793850917,84111527.27272727,411.0,2893.0
2025-10-17,e-영업2,회원,14.322628276116648,242870.36082474224,94233699.99999999,388.0,2709.0
2025-10-18,e-영업2,회원,15.025210084033613,222004.04718324178,99235809.09090908,447.0,2975.0
2025-10-19,e-영업2,회원,20.26780279975654,245696.91509691507,163634145.45454544,666.0,3286.0
2025-10-20,e-영업2,회원,13.539270456786065,210818.18181818182,86857090.9090909,412.0,3043.0
2025-10-21,e-영업2,회원,13.20945945945946,251009.36991397347,98144663.63636363,391.0,2960.0
2025-10-22,e-영업2,회원,11.83574879227053,252580.14842300556,86634990.9090909,343.0,2898.0
2025-10-23,e-영업2,회원,11.295180722891567,226825.75757575754,68047727.27272727,300.0,2656.0
2025-10-24,e-영업2,회원,9.9644128113879,236564.57431457427,59614272.72727272,252.0,2529.0
2025-10-25,e-영업2,회원,12.015355086372361,260105.1989544002,81412927.27272727,313.0,2605.0
2025-10-26,e-영업2,회원,17.32258064516129,260231.23412899947,139744172.72727272,537.0,3100.0
2025-10-27,e-영업2,회원,12.294520547945204,214536.84477082803,77018727.27272727,359.0,2920.0
2025-10-28,e-영업2,회원,10.428816466552316,198863.33732057415,60454454.54545454,304.0,2915.0
2025-10-29,e-영업2,회원,12.5374251497006,215871.4789687924,72316945.45454545,335.0,2672.0
2025-10-30,e-영업2,회원,8.258833546189868,190248.9222118088,36908290.90909091,194.0,2349.0
2025-10-31,e-영업2,회원,11.901565995525727,246890.84073820914,65672963.63636363,266.0,2235.0
2025-11-01,e-영업2,회원,14.364844903988184,254423.36994624912,98970690.9090909,389.0,2708.0
2025-11-02,e-영업2,회원,17.8060413354531,319825.6818181818,179102381.8181818,560.0,3145.0
2025-11-03,e-영업2,회원,10.706062931696087,223770.6093189964,62431999.99999999,279.0,2606.0
2025-11-04,e-영업2,회원,10.501089324618738,247049.26442851752,59538872.72727272,241.0,2295.0
2025-11-05,e-영업2,회원,8.060344827586206,293919.0568789499,54962863.63636363,187.0,2320.0
2025-11-06,e-영업2,회원,8.721461187214611,250903.61732508327,47922590.90909091,191.0,2190.0
2025-11-07,e-영업2,회원,8.04162724692526,273007.6470588235,46411299.99999999,170.0,2114.0
2025-11-08,e-영업2,회원,10.498687664041995,348442.2727272727,83626145.45454545,240.0,2286.0
2025-11-09,e-영업2,회원,17.053673391701558,312610.36931818177,140049445.45454544,448.0,2627.0
2025-11-10,e-영업2,회원,11.499336576735958,300265.0699300699,78068918.18181817,260.0,2261.0
2025-11-11,e-영업2,회원,10.09216589861751,271663.09672063094,59494218.18181818,219.0,2170.0
2025-11-12,e-영업2,회원,11.278538812785389,262101.25138019872,64739009.090909086,247.0,2190.0
2025-11-13,e-영업2,회원,10.689655172413794,208730.3728529535,45294490.90909091,217.0,2030.0
2025-11-14,e-영업2,회원,10.633946830265849,252729.32692307688,52567699.99999999,208.0,1956.0
2025-11-15,e-영업2,회원,14.740143369175627,294045.23348991433,96740881.81818181,329.0,2232.0
2025-11-16,e-영업2,회원,15.418994413407821,324236.6271409749,134233963.63636363,414.0,2685.0
2025-11-17,e-영업2,회원,13.705805325185509,235881.47075854082,74066781.81818181,314.0,2291.0
2025-11-18,e-영업2,회원,13.071895424836603,233097.81818181818,69929345.45454545,300.0,2295.0
2025-11-19,e-영업2,회원,9.147809340394799,249944.01913875598,47489363.63636363,190.0,2077.0
2025-11-20,e-영업2,회원,10.39657020364416,232820.3842549203,45167154.54545454,194.0,1866.0
2025-11-21,e-영업2,회원,8.30343413634034,224529.57351290682,36373790.90909091,162.0,1951.0
2025-11-22,e-영업2,회원,10.917431192660551,297838.00611153553,70885445.45454545,238.0,2180.0
2025-11-23,e-영업2,회원,16.962127316680096,339202.1161736126,142804090.9090909,421.0,2482.0
2025-11-24,e-영업2,회원,12.019002375296912,262181.71038447716,66331972.72727272,253.0,2105.0
2025-11-25,e-영업2,회원,12.047619047619047,229444.52030183256,58049463.63636363,253.0,2100.0
2025-11-26,e-영업2,회원,9.629272989889264,262676.7727272727,52535354.54545454,200.0,2077.0
2025-11-27,e-영업2,회원,12.100677637947726,249439.67272727273,62359918.18181818,250.0,2066.0
2025-11-28,e-영업2,회원,9.295199182839632,358639.5604395604,65272399.99999999,182.0,1958.0
2025-11-29,e-영업2,회원,13.170113972140143,316330.2156177156,98695027.27272727,312.0,2369.0
2025-11-30,e-영업2,회원,15.611814345991561,324987.71498771495,132269999.99999999,407.0,2607.0
2025-12-01,e-영업2,회원,9.917355371900827,237263.2376395534,54096018.18181818,228.0,2299.0
2025-12-02,e-영업2,회원,10.10054844606947,218541.58782394076,48297690.90909091,221.0,2188.0
2025-12-03,e-영업2,회원,10.084388185654008,258641.0041841004,61815199.99999999,239.0,2370.0
2025-12-04,e-영업2,회원,12.939521800281295,247237.7799736495,68237627.27272727,276.0,2133.0
2025-12-05,e-영업2,회원,13.203975390440132,283368.0677745194,79059690.9090909,279.0,2113.0
2025-12-06,e-영업2,회원,14.09749670619236,353854.4604927782,113587281.81818181,321.0,2277.0
2025-12-07,e-영업2,회원,18.37290774620475,360334.80354391364,170078027.27272725,472.0,2569.0
2025-12-08,e-영업2,회원,10.923217550274222,293608.5583872195,70172445.45454545,239.0,2188.0
2025-12-09,e-영업2,회원,9.772423025435073,265174.1801577418,58073145.45454545,219.0,2241.0
2025-12-10,e-영업2,회원,10.33210332103321,226342.00487012984,50700609.090909086,224.0,2168.0
2025-12-11,e-영업2,회원,9.878277153558052,228501.46488582506,48213809.090909086,211.0,2136.0
2025-12-12,e-영업2,회원,10.911016949152543,170650.0,35153900.0,206.0,1888.0
2025-12-13,e-영업2,회원,12.27992957746479,297386.2170087976,82970754.54545453,279.0,2272.0
2025-12-14,e-영업2,회원,17.058823529411764,335199.43181818177,155532536.36363634,464.0,2720.0
2025-12-15,e-영업2,회원,12.984670874661857,254200.97853535353,73209881.81818181,288.0,2218.0
2025-12-16,e-영업2,회원,9.484029484029485,240199.76448422042,46358554.54545454,193.0,2035.0
2025-12-17,e-영업2,회원,8.987012987012987,205531.2664214398,35556909.090909086,173.0,1925.0
2025-12-18,e-영업2,회원,12.141740489838458,195908.97385875924,45646790.90909091,233.0,1919.0
2025-12-19,e-영업2,회원,13.430420711974108,255462.50456370937,63610163.63636363,249.0,1854.0
2025-12-20,e-영업2,회원,11.839323467230443,253447.5649350649,56772254.54545454,224.0,1892.0
2025-12-21,e-영업2,회원,18.638149279790483,296980.0936768149,126810499.99999999,427.0,2291.0
2025-12-22,e-영업2,회원,12.741859367626237,242974.07407407404,65602999.99999999,270.0,2119.0
2025-12-23,e-영업2,회원,7.976190476190475,95878.15468113976,12847672.727272727,134.0,1680.0
2025-12-24,e-영업2,회원,8.575112830431978,176322.00956937796,23450827.27272727,133.0,1551.0
2025-12-25,e-영업2,회원,17.375400091449475,309094.2583732057,117455818.18181817,380.0,2187.0
2025-12-26,e-영업2,회원,10.177453027139876,250550.86247086246,48857418.18181818,195.0,1916.0
2025-12-27,e-영업2,회원,11.93589202867988,265474.4298104722,75129263.63636363,283.0,2371.0
2025-12-28,e-영업2,회원,17.629439452289258,313507.281553398,129164999.99999999,412.0,2337.0
2025-12-29,e-영업2,회원,10.630536737884315,258669.69696969696,52768618.18181818,204.0,1919.0
2025-12-30,e-영업2,회원,11.346704871060172,255232.92011019282,50536118.18181818,198.0,1745.0
2025-12-31,e-영업2,회원,11.948529411764707,247646.29370629368,48291027.272727266,195.0,1632.0
2025-01-01,e-영업3,기존,5.732828555976203,165439.96569468267,17536636.363636363,106.0,1849.0
2025-01-02,e-영업3,기존,1.7640573318632855,31060.22727272727,993927.2727272726,32.0,1814.0
2025-01-03,e-영업3,기존,3.6505086774386597,111432.63785394932,6797390.909090908,61.0,1671.0
2025-01-04,e-영업3,기존,5.738636363636364,208539.87398739872,21062527.27272727,101.0,1760.0
2025-01-05,e-영업3,기존,5.582655826558266,139749.24977934686,14394172.727272727,103.0,1845.0
2025-01-06,e-영업3,기존,3.5653650254668934,152583.1168831169,9612736.363636363,63.0,1767.0
2025-01-07,e-영업3,기존,4.014598540145985,215341.79456906728,16581318.18181818,77.0,1918.0
2025-01-08,e-영업3,기존,5.492813141683778,191076.04078164825,20445136.363636363,107.0,1948.0
2025-01-09,e-영업3,기존,3.90625,290767.53246753244,20353727.27272727,70.0,1792.0
2025-01-10,e-영업3,기존,3.727810650887574,198414.1414141414,12500090.909090908,63.0,1690.0
2025-01-11,e-영업3,기존,5.64516129032258,134730.12987012987,14146663.636363635,105.0,1860.0
2025-01-12,e-영업3,기존,6.218905472636816,176429.0909090909,22053636.363636363,125.0,2010.0
2025-01-13,e-영업3,기존,3.3950617283950617,123103.16804407712,8124809.09090909,66.0,1944.0
2025-01-14,e-영업3,기존,3.8089823763501993,183000.67842605154,12261045.454545453,67.0,1759.0
2025-01-15,e-영업3,기존,3.801006148686417,162684.75935828875,11062563.636363635,68.0,1789.0
2025-01-16,e-영업3,기존,4.900744416873449,161793.67088607594,12781699.999999998,79.0,1612.0
2025-01-17,e-영업3,기존,3.129346314325452,-30963.63636363636,-1393363.6363636362,45.0,1438.0
2025-01-18,e-영업3,기존,5.845511482254697,180425.86580086578,15155772.727272727,84.0,1437.0
2025-01-19,e-영업3,기존,5.74345883854499,149551.81818181818,13459663.636363635,90.0,1567.0
2025-01-20,e-영업3,기존,4.363859864781807,107969.39820742638,7665827.2727272725,71.0,1627.0
2025-01-21,e-영업3,기존,3.5131744040150563,216706.33116883115,12135554.545454545,56.0,1594.0
2025-01-22,e-영업3,기존,3.155818540433925,91736.93181818181,4403372.727272727,48.0,1521.0
2025-01-23,e-영업3,기존,3.79746835443038,186911.553030303,8971754.545454545,48.0,1264.0
2025-01-24,e-영업3,기존,2.096069868995633,164941.28787878787,3958590.9090909087,24.0,1145.0
2025-01-25,e-영업3,기존,6.585919757759273,162392.4764890282,14128145.454545453,87.0,1321.0
2025-01-26,e-영업3,기존,7.575757575757576,79002.81818181818,7900281.818181817,100.0,1320.0
2025-01-27,e-영업3,기존,5.200594353640416,239216.62337662335,16745163.636363635,70.0,1346.0
2025-01-28,e-영업3,기존,6.167763157894736,151303.2727272727,11347745.454545453,75.0,1216.0
2025-01-29,e-영업3,기존,4.2461005199306765,245097.7736549165,12009790.909090908,49.0,1154.0
2025-01-30,e-영업3,기존,4.890945142101785,54497.17444717444,4032790.9090909087,74.0,1513.0
2025-01-31,e-영업3,기존,4.304635761589404,47947.832167832166,3116609.090909091,65.0,1510.0
2025-02-01,e-영업3,기존,6.666666666666667,210826.559714795,21504309.09090909,102.0,1530.0
2025-02-02,e-영업3,기존,4.53257790368272,144384.54545454544,11550763.636363635,80.0,1765.0
2025-02-03,e-영업3,기존,1.4150943396226416,81927.70562770563,1720481.8181818181,21.0,1484.0
2025-02-04,e-영업3,기존,5.082669932639314,165991.67579408543,13777309.09090909,83.0,1633.0
2025-02-05,e-영업3,기존,5.305867665418227,154301.92513368983,13115663.636363635,85.0,1602.0
2025-02-06,e-영업3,기존,4.435994930291509,141974.2857142857,9938200.0,70.0,1578.0
2025-02-07,e-영업3,기존,6.175298804780876,239765.00488758553,22298145.454545453,93.0,1506.0
2025-02-08,e-영업3,기존,6.080283353010626,184881.11209179167,19042754.545454543,103.0,1694.0
2025-02-09,e-영업3,기존,6.508875739644971,266664.95867768594,29333145.454545453,110.0,1690.0
2025-02-10,e-영업3,기존,4.1015625,65626.40692640693,4134463.6363636362,63.0,1536.0
2025-02-11,e-영업3,기존,4.876543209876543,126217.0310701956,9971145.454545453,79.0,1620.0
2025-02-12,e-영업3,기존,5.436774587660354,155152.80898876404,13808599.999999998,89.0,1637.0
2025-02-13,e-영업3,기존,3.3311561071195297,211130.1247771836,10767636.363636363,51.0,1531.0
2025-02-14,e-영업3,기존,6.066291432145091,196580.412371134,19068300.0,97.0,1599.0
2025-02-15,e-영업3,기존,6.283662477558348,168815.1515151515,17725590.909090906,105.0,1671.0
2025-02-16,e-영업3,기존,7.835051546391752,195890.49043062198,29775354.545454543,152.0,1940.0
2025-02-17,e-영업3,기존,4.693140794223827,64080.65268065267,4998290.909090908,78.0,1662.0
2025-02-18,e-영업3,기존,3.622327790973872,149309.23994038746,9107863.636363635,61.0,1684.0
2025-02-19,e-영업3,기존,5.012376237623763,139441.8630751964,11294790.909090908,81.0,1616.0
2025-02-20,e-영업3,기존,4.820936639118457,131361.94805194804,9195336.363636363,70.0,1452.0
2025-02-21,e-영업3,기존,6.1197041022192336,170870.12987012987,15549181.818181816,91.0,1487.0
2025-02-22,e-영업3,기존,7.221542227662178,144714.1756548536,17076272.727272727,118.0,1634.0
2025-02-23,e-영업3,기존,8.771008403361344,131963.4730538922,22037900.0,167.0,1904.0
2025-02-24,e-영업3,기존,5.323411562678878,353677.90811339195,32892045.454545453,93.0,1747.0
2025-02-25,e-영업3,기존,3.784119106699752,282571.83308494784,17236881.818181816,61.0,1612.0
2025-02-26,e-영업3,기존,4.536082474226804,97448.20936639118,6431581.818181817,66.0,1455.0
2025-02-27,e-영업3,기존,4.956268221574344,151681.01604278074,10314309.09090909,68.0,1372.0
2025-02-28,e-영업3,기존,4.9337260677466865,101188.8738127544,6779654.545454545,67.0,1358.0
2025-03-01,e-영업3,기존,6.71217292377702,145558.6286594761,17175918.18181818,118.0,1758.0
2025-03-02,e-영업3,기존,7.401129943502825,159564.74670367799,20902981.818181816,131.0,1770.0
2025-03-03,e-영업3,기존,7.4751698902247785,156636.30006357277,22398990.909090906,143.0,1913.0
2025-03-04,e-영업3,기존,4.363001745200698,108174.90909090907,8113118.181818181,75.0,1719.0
2025-03-05,e-영업3,기존,9.813542688910697,108171.70454545453,21634340.909090906,200.0,2038.0
2025-03-06,e-영업3,기존,8.073041806823642,127495.7251082251,21419281.818181816,168.0,2081.0
2025-03-07,e-영업3,기존,4.676674364896074,88320.20202020202,7153936.363636363,81.0,1732.0
2025-03-08,e-영업3,기존,7.363542739443872,124537.63509218053,17808881.818181816,143.0,1942.0
2025-03-09,e-영업3,기존,7.9326923076923075,114638.89807162533,18915418.18181818,165.0,2080.0
2025-03-10,e-영업3,기존,4.776119402985075,105137.97348484847,10093245.454545453,96.0,2010.0
2025-03-11,e-영업3,기존,5.858380030565461,126685.92885375493,14568881.818181816,115.0,1963.0
2025-03-12,e-영업3,기존,7.172557172557173,96039.45981554677,13253445.454545453,138.0,1924.0
2025-03-13,e-영업3,기존,6.917914300464637,85046.47218453187,11396227.272727272,134.0,1937.0
2025-03-14,e-영업3,기존,8.016877637130802,118148.26555023923,17958536.363636363,152.0,1896.0
2025-03-15,e-영업3,기존,8.11965811965812,103610.89845826688,17717463.636363637,171.0,2106.0
2025-03-16,e-영업3,기존,8.910433979686056,106417.3339613754,20538545.454545453,193.0,2166.0
2025-03-17,e-영업3,기존,7.264529058116233,110230.09404388713,15983363.636363635,145.0,1996.0
2025-03-18,e-영업3,기존,6.20245757753072,100613.55060034305,10665036.363636363,106.0,1709.0
2025-03-19,e-영업3,기존,7.2431218416619885,80828.75264270612,10426909.09090909,129.0,1781.0
2025-03-20,e-영업3,기존,7.8431372549019605,122373.48484848483,17621781.818181816,144.0,1836.0
2025-03-21,e-영업3,기존,6.067961165048544,91832.47272727272,9183247.272727272,100.0,1648.0
2025-03-22,e-영업3,기존,11.708355508249069,114926.44628099173,25283818.18181818,220.0,1879.0
2025-03-23,e-영업3,기존,10.781932977173385,104838.53398853398,23274154.545454543,222.0,2059.0
2025-03-24,e-영업3,기존,7.753584705257567,104930.44831880447,15319845.454545453,146.0,1883.0
2025-03-25,e-영업3,기존,7.239141288067898,78992.10031347962,11453854.545454545,145.0,2003.0
2025-03-26,e-영업3,기존,7.493670886075949,59236.91646191645,8767063.636363635,148.0,1975.0
2025-03-27,e-영업3,기존,5.759457933370977,137020.5882352941,13976099.999999998,102.0,1771.0
2025-03-28,e-영업3,기존,5.669083717864205,135713.01268498943,11671319.09090909,86.0,1517.0
2025-03-29,e-영업3,기존,11.460055096418733,122532.15034965033,25486687.27272727,208.0,1815.0
2025-03-30,e-영업3,기존,9.167991520932697,134270.27850761954,23228758.18181818,173.0,1887.0
2025-03-31,e-영업3,기존,5.460750853242321,57023.48484848484,5474254.545454545,96.0,1758.0
2025-04-01,e-영업3,기존,6.513614522156967,173536.0655737705,21171400.0,122.0,1873.0
2025-04-02,e-영업3,기존,8.04289544235925,162334.49696969695,24350174.545454543,150.0,1865.0
2025-04-03,e-영업3,기존,5.531914893617021,168702.69730269728,15351945.454545453,91.0,1645.0
2025-04-04,e-영업3,기존,5.692729766803841,191747.41511500545,15915035.454545453,83.0,1458.0
2025-04-05,e-영업3,기존,9.853372434017595,123347.78138528137,20722427.27272727,168.0,1705.0
2025-04-06,e-영업3,기존,8.333333333333332,124433.90293916609,16549709.09090909,133.0,1596.0
2025-04-07,e-영업3,기존,4.963235294117647,81040.40404040403,6564272.727272727,81.0,1632.0
2025-04-08,e-영업3,기존,6.690140845070422,124867.20893141945,14234861.818181816,114.0,1704.0
2025-04-09,e-영업3,기존,7.533482142857142,108350.90909090909,14627372.727272727,135.0,1792.0
2025-04-10,e-영업3,기존,5.193992490613267,104452.02628696605,8669518.181818182,83.0,1598.0
2025-04-11,e-영업3,기존,6.5297138664710195,109557.3544433095,9750604.545454545,89.0,1363.0
2025-04-12,e-영업3,기존,7.742782152230972,134900.30816640984,15918236.363636361,118.0,1524.0
2025-04-13,e-영업3,기존,8.461066830165542,121378.19499341238,16750190.909090908,138.0,1631.0
2025-04-14,e-영업3,기존,6.2745098039215685,139859.66856060605,13426528.181818182,96.0,1530.0
2025-04-15,e-영업3,기존,5.366492146596859,119401.49667405763,9790922.727272727,82.0,1528.0
2025-04-16,e-영업3,기존,8.454258675078865,109709.15875169606,14701027.272727272,134.0,1585.0
2025-04-17,e-영업3,기존,6.693440428380187,344584.0,34458400.0,100.0,1494.0
2025-04-18,e-영업3,기존,7.654013690105788,133459.71914264595,16415545.454545453,123.0,1607.0
2025-04-19,e-영업3,기존,7.97903319743739,107225.74651625745,14689927.272727272,137.0,1717.0
2025-04-20,e-영업3,기존,9.49074074074074,102092.73835920177,16743209.09090909,164.0,1728.0
2025-04-21,e-영업3,기존,6.560088202866593,140996.82964094728,16778622.727272727,119.0,1814.0
2025-04-22,e-영업3,기존,6.1284619917501475,123870.93531468531,12882577.272727272,104.0,1697.0
2025-04-23,e-영업3,기존,6.7669172932330826,98715.36796536796,12438136.363636363,126.0,1862.0
2025-04-24,e-영업3,기존,6.147772137619854,122802.66889074228,13385490.909090908,109.0,1773.0
2025-04-25,e-영업3,기존,6.832694763729247,84980.72217502123,9092937.272727272,107.0,1566.0
2025-04-26,e-영업3,기존,8.640552995391705,117430.0606060606,17614509.09090909,150.0,1736.0
2025-04-27,e-영업3,기존,9.284116331096197,83078.53231106243,13791036.363636363,166.0,1788.0
2025-04-28,e-영업3,기존,6.517803258901629,183988.88888888888,19870800.0,108.0,1657.0
2025-04-29,e-영업3,기존,9.176618478944059,69064.13449564134,10083363.636363635,146.0,1591.0
2025-04-30,e-영업3,기존,4.511278195488721,141362.87878787878,9329950.0,66.0,1463.0
2025-05-01,e-영업3,기존,7.439024390243902,178114.53055141578,21729972.727272727,122.0,1640.0
2025-05-02,e-영업3,기존,3.642121931908155,-49312.84584980236,-2268390.9090909087,46.0,1263.0
2025-05-03,e-영업3,기존,7.50394944707741,102635.98086124401,9750418.181818182,95.0,1266.0
2025-05-04,e-영업3,기존,6.651376146788992,186842.3197492163,16255281.818181816,87.0,1308.0
2025-05-05,e-영업3,기존,8.158682634730539,101679.0658882402,11083018.181818182,109.0,1336.0
2025-05-06,e-영업3,기존,6.963249516441006,178763.6195286195,19306470.909090906,108.0,1551.0
2025-05-07,e-영업3,기존,2.4150943396226414,127773.29545454544,4088745.454545454,32.0,1325.0
2025-05-08,e-영업3,기존,1.9952114924181963,177679.63636363635,4441990.909090909,25.0,1253.0
2025-05-09,e-영업3,기존,2.878787878787879,70138.27751196171,2665254.5454545454,38.0,1320.0
2025-05-10,e-영업3,기존,6.235565819861432,95318.96745230079,7720836.363636363,81.0,1299.0
2025-05-11,e-영업3,기존,7.193732193732194,78102.2502250225,7888327.2727272725,101.0,1404.0
2025-05-12,e-영업3,기존,4.063205417607223,107867.67676767676,5824854.545454545,54.0,1329.0
2025-05-13,e-영업3,기존,4.468085106382979,206048.48484848483,12981054.545454545,63.0,1410.0
2025-05-14,e-영업3,기존,6.803685329553508,115468.11553030302,11084939.09090909,96.0,1411.0
2025-05-15,e-영업3,기존,4.2657916324856435,-128367.13286713285,-6675090.909090908,52.0,1219.0
2025-05-16,e-영업3,기존,5.416329830234439,145913.56852103118,9776209.09090909,67.0,1237.0
2025-05-17,e-영업3,기존,6.296851574212893,138708.658008658,11651527.272727272,84.0,1334.0
2025-05-18,e-영업3,기존,8.583391486392184,112775.90539541759,13871436.363636363,123.0,1433.0
2025-05-19,e-영업3,기존,5.477424130273871,167950.8108108108,12428359.999999998,74.0,1351.0
2025-05-20,e-영업3,기존,5.2592592592592595,190951.34443021766,13557545.454545453,71.0,1350.0
2025-05-21,e-영업3,기존,5.842847548690396,88122.20480668756,7666631.818181817,87.0,1489.0
2025-05-22,e-영업3,기존,7.564191533657183,108354.55379482901,11810646.363636363,109.0,1441.0
2025-05-23,e-영업3,기존,6.622023809523809,102842.28804902961,9152963.636363635,89.0,1344.0
2025-05-24,e-영업3,기존,8.16326530612245,130295.90909090909,15635509.09090909,120.0,1470.0
2025-05-25,e-영업3,기존,9.114085404716379,121529.56134774315,17378727.27272727,143.0,1569.0
2025-05-26,e-영업3,기존,,45957.09728867623,5239109.090909091,114.0,0.0
2025-05-27,e-영업3,기존,4.863424383744171,196457.28518057283,14341381.818181816,73.0,1501.0
2025-05-28,e-영업3,기존,7.2005383580080755,115901.86915887849,12401499.999999998,107.0,1486.0
2025-05-29,e-영업3,기존,6.460875807609476,100103.43434343433,9009309.09090909,90.0,1393.0
2025-05-30,e-영업3,기존,4.328018223234624,46175.43859649123,2632000.0,57.0,1317.0
2025-05-31,e-영업3,기존,7.552650689905592,159540.2972027972,16592190.909090908,104.0,1377.0
2025-06-01,e-영업3,기존,8.087774294670847,104656.6596194503,13500709.09090909,129.0,1595.0
2025-06-02,e-영업3,기존,5.425219941348973,87980.83538083537,6510581.818181817,74.0,1364.0
2025-06-03,e-영업3,기존,10.181136789506558,271924.87451199105,44323754.54545454,163.0,1601.0
2025-06-04,e-영업3,기존,8.03921568627451,144686.10495195858,17796390.909090906,123.0,1530.0
2025-06-05,e-영업3,기존,5.710102489019034,106628.78787878787,8317045.454545454,78.0,1366.0
2025-06-06,e-영업3,기존,8.25242718446602,108343.23911382734,12892845.454545453,119.0,1442.0
2025-06-07,e-영업3,기존,7.08092485549133,118285.52875695731,11591981.818181816,98.0,1384.0
2025-06-08,e-영업3,기존,8.622908622908623,146043.21573948438,19569790.909090906,134.0,1554.0
2025-06-09,e-영업3,기존,7.008086253369273,107433.47902097901,11173081.818181816,104.0,1484.0
2025-06-10,e-영업3,기존,5.468164794007491,70821.44458281444,5169965.454545454,73.0,1335.0
2025-06-11,e-영업3,기존,5.1985559566787005,68283.20707070705,4916390.909090908,72.0,1385.0
2025-06-12,e-영업3,기존,5.88235294117647,131322.55017709563,10111836.363636363,77.0,1309.0
2025-06-13,e-영업3,기존,3.6269430051813467,131344.15584415584,5516454.545454545,42.0,1158.0
2025-06-14,e-영업3,기존,6.527196652719665,145900.11655011654,11380209.09090909,78.0,1195.0
2025-06-15,e-영업3,기존,8.664772727272728,135460.35767511177,16526163.636363635,122.0,1408.0
2025-06-16,e-영업3,기존,6.561514195583597,84894.36188811187,8829013.636363635,104.0,1585.0
2025-06-17,e-영업3,기존,8.648302370275465,76805.92592592593,10368800.0,135.0,1561.0
2025-06-18,e-영업3,기존,11.70172084130019,100319.95840760546,30697907.27272727,306.0,2615.0
2025-06-19,e-영업3,기존,6.621831350232799,148810.72443181818,19047772.727272727,128.0,1933.0
2025-06-20,e-영업3,기존,7.4602303894679105,111626.00267379679,15181136.363636363,136.0,1823.0
2025-06-21,e-영업3,기존,7.947740881872618,131727.08592777085,19232154.545454543,146.0,1837.0
2025-06-22,e-영업3,기존,9.63855421686747,105190.625,21879650.0,208.0,2158.0
2025-06-23,e-영업3,기존,4.367301231802911,49585.431235431235,3867663.6363636362,78.0,1786.0
2025-06-24,e-영업3,기존,5.7562767911818735,107319.14893617021,10088000.0,94.0,1633.0
2025-06-25,e-영업3,기존,5.842137973896831,132352.61121856867,12441145.454545453,94.0,1609.0
2025-06-26,e-영업3,기존,4.330175913396482,123502.8409090909,7904181.818181817,64.0,1478.0
2025-06-27,e-영업3,기존,7.2766570605187315,87523.55535553554,8839879.09090909,101.0,1388.0
2025-06-28,e-영업3,기존,8.580441640378549,113129.81283422459,15385654.545454545,136.0,1585.0
2025-06-29,e-영업3,기존,8.622685185185185,103601.58633312995,15436636.363636363,149.0,1728.0
2025-06-30,e-영업3,기존,5.794504181600956,107611.62136832239,10438327.272727272,97.0,1674.0
2025-07-01,e-영업3,기존,4.770872567482737,70726.19617224879,5375190.909090908,76.0,1593.0
2025-07-02,e-영업3,기존,6.370272063702721,71260.22727272726,6840981.818181817,96.0,1507.0
2025-07-03,e-영업3,기존,5.18018018018018,86733.55731225296,5984615.454545454,69.0,1332.0
2025-07-04,e-영업3,기존,4.926866820631255,134367.32954545453,8599509.09090909,64.0,1299.0
2025-07-05,e-영업3,기존,7.980900409276943,107812.6651126651,12614081.818181816,117.0,1466.0
2025-07-06,e-영업3,기존,9.464082098061574,121474.20591456734,20164718.18181818,166.0,1754.0
2025-07-07,e-영업3,기존,7.520198881292728,130555.82268970698,15797254.545454545,121.0,1609.0
2025-07-08,e-영업3,기존,5.6329849012775846,117720.45923149015,11418884.545454545,97.0,1722.0
2025-07-09,e-영업3,기존,8.174097664543524,160171.44628099172,24666402.727272727,154.0,1884.0
2025-07-10,e-영업3,기존,6.726190476190476,148928.55993563955,16828927.27272727,113.0,1680.0
2025-07-11,e-영업3,기존,6.5174456879526,142119.13682277317,14069794.545454545,99.0,1519.0
2025-07-12,e-영업3,기존,8.007566204287516,187579.31281317107,23822572.727272727,127.0,1586.0
2025-07-13,e-영업3,기존,9.18013856812933,170846.65523156087,27164618.18181818,159.0,1732.0
2025-07-14,e-영업3,기존,3.7712130735386546,-27891.666666666664,-1673499.9999999998,60.0,1591.0
2025-07-15,e-영업3,기존,4.322949777495232,128489.8395721925,8737309.09090909,68.0,1573.0
2025-07-16,e-영업3,기존,5.947955390334572,121869.44128787878,11699466.363636363,96.0,1614.0
2025-07-17,e-영업3,기존,5.617977528089887,167296.68449197858,14220218.18181818,85.0,1513.0
2025-07-18,e-영업3,기존,4.89853044086774,260574.7142857143,18240230.0,70.0,1429.0
2025-07-19,e-영업3,기존,7.8478002378121285,218800.36501377408,28881648.18181818,132.0,1682.0
2025-07-20,e-영업3,기존,8.164383561643836,125108.15741305673,18641115.454545453,149.0,1825.0
2025-07-21,e-영업3,기존,5.383663366336633,74714.00208986415,6500118.181818182,87.0,1616.0
2025-07-22,e-영업3,기존,3.805970149253731,126056.6844919786,6428890.909090908,51.0,1340.0
2025-07-23,e-영업3,기존,4.721030042918455,130355.99173553717,8603495.454545453,66.0,1398.0
2025-07-24,e-영업3,기존,6.724511930585683,175836.8523949169,16352827.272727272,93.0,1383.0
2025-07-25,e-영업3,기존,4.915390813859791,109721.01341281668,6692981.818181817,61.0,1241.0
2025-07-26,e-영업3,기존,6.547208821502412,138679.9043062201,13174590.909090908,95.0,1451.0
2025-07-27,e-영업3,기존,8.52478839177751,138507.28562217922,19529527.27272727,141.0,1654.0
2025-07-28,e-영업3,기존,4.86284289276808,103679.37062937062,8086990.909090908,78.0,1604.0
2025-07-29,e-영업3,기존,4.256854256854257,109034.6687211094,6433045.454545454,59.0,1386.0
2025-07-30,e-영업3,기존,5.97716588314305,105631.25638406537,9401181.818181818,89.0,1489.0
2025-07-31,e-영업3,기존,4.975124378109453,176503.72727272726,12355260.909090908,70.0,1407.0
2025-08-01,e-영업3,기존,6.6473988439306355,109956.68972332015,10116015.454545453,92.0,1384.0
2025-08-02,e-영업3,기존,8.506224066390041,129718.55136733183,15955381.818181816,123.0,1446.0
2025-08-03,e-영업3,기존,8.348909657320872,196817.91044776115,26373599.999999996,134.0,1605.0
2025-08-04,e-영업3,기존,5.9973924380704045,130078.33003952568,11967206.363636363,92.0,1534.0
2025-08-05,e-영업3,기존,5.665181413112667,144637.9570990807,12872778.181818182,89.0,1571.0
2025-08-06,e-영업3,기존,6.207289293849659,261497.24770642197,28503199.999999996,109.0,1756.0
2025-08-07,e-영업3,기존,6.436512580456408,138302.11570247932,15213232.727272727,110.0,1709.0
2025-08-08,e-영업3,기존,5.47422024188415,162900.10570824522,14009409.09090909,86.0,1571.0
2025-08-09,e-영업3,기존,6.279069767441861,138138.468013468,14918954.545454545,108.0,1720.0
2025-08-10,e-영업3,기존,7.630306286942504,155846.35083226633,22130181.818181816,142.0,1861.0
2025-08-11,e-영업3,기존,4.810126582278481,100534.80861244019,7640645.454545454,76.0,1580.0
2025-08-12,e-영업3,기존,3.4051424600416955,187212.4304267161,9173409.09090909,49.0,1439.0
2025-08-13,e-영업3,기존,4.398625429553265,268249.7159090909,17167981.818181816,64.0,1455.0
2025-08-14,e-영업3,기존,5.18754988028731,139875.80419580417,9091927.272727272,65.0,1253.0
2025-08-15,e-영업3,기존,5.539971949509116,102612.6582278481,8106399.999999999,79.0,1426.0
2025-08-16,e-영업3,기존,5.386565272496831,174665.45454545453,14846563.636363635,85.0,1578.0
2025-08-17,e-영업3,기존,6.151035322777101,171403.51035103507,17311754.545454543,101.0,1642.0
2025-08-18,e-영업3,기존,3.878474466709761,110740.90909090909,6644454.545454545,60.0,1547.0
2025-08-19,e-영업3,기존,3.204272363150868,188585.60606060605,9052109.09090909,48.0,1498.0
2025-08-20,e-영업3,기존,4.350692155570204,169179.61432506886,11165854.545454545,66.0,1517.0
2025-08-21,e-영업3,기존,4.368600682593857,156117.1875,9991500.0,64.0,1465.0
2025-08-22,e-영업3,기존,3.2846715328467155,87514.54545454544,3938154.545454545,45.0,1370.0
2025-08-23,e-영업3,기존,6.232686980609419,123999.29292929292,11159936.363636363,90.0,1444.0
2025-08-24,e-영업3,기존,5.841708542713568,205622.38514173997,19122881.818181816,93.0,1592.0
2025-08-25,e-영업3,기존,4.668989547038327,179526.59430122114,12028281.818181816,67.0,1435.0
2025-08-26,e-영업3,기존,3.250345781466114,295457.25338491297,13886490.909090908,47.0,1446.0
2025-08-27,e-영업3,기존,3.865073787772312,173047.60330578513,9517618.181818182,55.0,1423.0
2025-08-28,e-영업3,기존,4.626060138781804,260445.3333333333,15626719.999999998,60.0,1297.0
2025-08-29,e-영업3,기존,5.003573981415296,172439.22077922075,12070745.454545453,70.0,1399.0
2025-08-30,e-영업3,기존,5.794270833333334,207871.29724208373,18500545.454545453,89.0,1536.0
2025-08-31,e-영업3,기존,6.7098293113596235,166476.87400318976,18978363.636363633,114.0,1699.0
2025-09-01,e-영업3,기존,5.946291560102302,163999.02248289343,15251909.09090909,93.0,1564.0
2025-09-02,e-영업3,기존,4.744744744744745,117376.29459148445,9272727.272727272,79.0,1665.0
2025-09-03,e-영업3,기존,4.672330097087379,74142.03069657614,5708936.363636363,77.0,1648.0
2025-09-04,e-영업3,기존,4.905913978494623,111153.0510585305,8114172.727272727,73.0,1488.0
2025-09-05,e-영업3,기존,5.4886211512717535,302696.3414634146,24821099.999999996,82.0,1494.0
2025-09-06,e-영업3,기존,5.665181413112667,164914.91317671092,14677427.272727272,89.0,1571.0
2025-09-07,e-영업3,기존,7.4566473988439315,141313.3897110641,18229427.27272727,129.0,1730.0
2025-09-08,e-영업3,기존,3.960999390615479,103377.90209790209,6719563.636363636,65.0,1641.0
2025-09-09,e-영업3,기존,5.303933253873659,153339.01940755872,13647172.727272727,89.0,1678.0
2025-09-10,e-영업3,기존,4.909090909090909,186689.89898989897,15121881.818181816,81.0,1650.0
2025-09-11,e-영업3,기존,4.678362573099415,310275.5454545454,24822043.636363633,80.0,1710.0
2025-09-12,e-영업3,기존,4.939024390243903,51148.70931537598,4143045.454545454,81.0,1640.0
2025-09-13,e-영업3,기존,7.5098814229249005,157249.8803827751,23901981.818181816,152.0,2024.0
2025-09-14,e-영업3,기존,7.343518974864466,155446.85784014643,23161581.818181816,149.0,2029.0
2025-09-15,e-영업3,기존,5.704099821746881,145452.7462121212,13963463.636363635,96.0,1683.0
2025-09-16,e-영업3,기존,4.0121580547112465,163914.21487603305,10818338.181818182,66.0,1645.0
2025-09-17,e-영업3,기존,5.942275042444821,405558.61471861467,42583654.54545454,105.0,1767.0
2025-09-18,e-영업3,기존,2.9120198265179678,-21680.464216634427,-1018981.8181818181,47.0,1614.0
2025-09-19,e-영업3,기존,4.495677233429395,267736.82983682986,20883472.727272727,78.0,1735.0
2025-09-20,e-영업3,기존,6.628392484342379,167831.20973514672,21314563.636363633,127.0,1916.0
2025-09-21,e-영업3,기존,7.837445573294629,150017.78900112232,24302881.818181816,162.0,2067.0
2025-09-22,e-영업3,기존,4.952947003467063,165474.81818181818,16547481.818181816,100.0,2019.0
2025-09-23,e-영업3,기존,4.778496764559483,317360.32196969696,30466590.909090906,96.0,2009.0
2025-09-24,e-영업3,기존,7.205882352941176,149031.47804576374,21907627.27272727,147.0,2040.0
2025-09-25,e-영업3,기존,5.643919958953309,554468.5950413223,60991545.45454545,110.0,1949.0
2025-09-26,e-영업3,기존,5.32809871003926,235146.12440191387,22338881.818181816,95.0,1783.0
2025-09-27,e-영업3,기존,7.742639040348964,250920.29449423813,35630681.81818181,142.0,1834.0
2025-09-28,e-영업3,기존,7.371794871794872,171857.701863354,27669089.999999996,161.0,2184.0
2025-09-29,e-영업3,기존,2.527075812274368,101984.60111317254,4997245.454545454,49.0,1939.0
2025-09-30,e-영업3,기존,3.5287081339712913,133138.2126348228,7855154.545454545,59.0,1672.0
2025-10-01,e-영업3,기존,3.6434612882238127,345113.7987012987,19326372.727272727,56.0,1537.0
2025-10-02,e-영업3,기존,3.8314176245210727,119148.36363636363,5957418.181818182,50.0,1305.0
2025-10-03,e-영업3,기존,5.032258064516129,162193.24009324008,12651072.727272727,78.0,1550.0
2025-10-04,e-영업3,기존,5.506458191706322,174960.26936026933,14171781.818181816,81.0,1471.0
2025-10-05,e-영업3,기존,5.463695183321351,174436.24401913874,13257154.545454545,76.0,1391.0
2025-10-06,e-영업3,기존,4.6395431834403995,189050.20979020977,12288263.636363635,65.0,1401.0
2025-10-07,e-영업3,기존,5.25990099009901,277745.9893048128,23608409.09090909,85.0,1616.0
2025-10-08,e-영업3,기존,5.561797752808989,149028.46648301193,14753818.18181818,99.0,1780.0
2025-10-09,e-영업3,기존,5.726660250240616,435352.4064171123,51806936.36363636,119.0,2078.0
2025-10-10,e-영업3,기존,3.0454318522216672,31370.342771982112,1913590.909090909,61.0,2003.0
2025-10-11,e-영업3,기존,5.689900426742532,183732.34848484848,22047881.818181816,120.0,2109.0
2025-10-12,e-영업3,기존,6.146469049694856,167103.03030303027,23561527.27272727,141.0,2294.0
2025-10-13,e-영업3,기존,3.4032634032634035,135495.9526774595,9891204.545454545,73.0,2145.0
2025-10-14,e-영업3,기존,4.603100046970408,642454.6382189238,62960554.54545454,98.0,2129.0
2025-10-15,e-영업3,기존,3.904665314401623,212353.5655253837,16351224.545454545,77.0,1972.0
2025-10-16,e-영업3,기존,3.7096774193548385,311036.1923583662,21461497.27272727,69.0,1860.0
2025-10-17,e-영업3,기존,5.359957961114031,259760.33868092688,26495554.545454543,102.0,1903.0
2025-10-18,e-영업3,기존,6.594885598923284,250086.765615337,36762754.54545454,147.0,2229.0
2025-10-19,e-영업3,기존,9.338677354709418,159387.04642996486,37137181.81818181,233.0,2495.0
2025-10-20,e-영업3,기존,7.060690202300675,129856.74157303368,23114499.999999996,178.0,2521.0
2025-10-21,e-영업3,기존,5.493630573248407,255408.69565217392,35246400.0,138.0,2512.0
2025-10-22,e-영업3,기존,5.433006535947713,157936.9104579631,21005609.09090909,133.0,2448.0
2025-10-23,e-영업3,기존,5.598621877691645,187340.37762237762,24354249.09090909,130.0,2322.0
2025-10-24,e-영업3,기존,3.6458333333333335,157892.08972845334,12157690.909090908,77.0,2112.0
2025-10-25,e-영업3,기존,5.625,263367.46697746695,30813993.636363633,117.0,2080.0
2025-10-26,e-영업3,기존,6.926229508196721,264354.81979558896,44675964.54545454,169.0,2440.0
2025-10-27,e-영업3,기존,4.079159935379645,187463.00630063002,18933763.636363633,101.0,2476.0
2025-10-28,e-영업3,기존,3.689064558629776,189954.22077922078,15956154.545454545,84.0,2277.0
2025-10-29,e-영업3,기존,3.866100895803866,165066.40798226162,13535445.454545453,82.0,2121.0
2025-10-30,e-영업3,기존,3.6450079239302693,313308.9591567852,21618318.18181818,69.0,1893.0
2025-10-31,e-영업3,기존,2.784222737819025,283725.94696969696,13618845.454545453,48.0,1724.0
2025-11-01,e-영업3,기존,5.579171094580234,183806.14718614717,19299645.454545453,105.0,1882.0
2025-11-02,e-영업3,기존,6.426966292134831,169089.19262555626,24179754.545454543,143.0,2225.0
2025-11-03,e-영업3,기존,4.210992907801418,63425.454545454544,6025418.181818182,95.0,2256.0
2025-11-04,e-영업3,기존,3.967102080309628,141369.955654102,11592336.363636363,82.0,2067.0
2025-11-05,e-영업3,기존,2.9189733266230498,120914.42006269592,7013036.363636363,58.0,1987.0
2025-11-06,e-영업3,기존,5.660377358490567,213877.52525252526,23098772.727272727,108.0,1908.0
2025-11-07,e-영업3,기존,3.4700315457413247,131463.08539944902,8676563.636363635,66.0,1902.0
2025-11-08,e-영업3,기존,6.619718309859154,201965.89297227593,28477190.909090906,141.0,2130.0
2025-11-09,e-영업3,기존,7.139649753030983,192887.8216123499,30669163.636363633,159.0,2227.0
2025-11-10,e-영업3,기존,4.235399019170753,60320.57416267942,5730454.545454545,95.0,2243.0
2025-11-11,e-영업3,기존,5.856832971800434,237038.38383838383,32000181.818181816,135.0,2305.0
2025-11-12,e-영업3,기존,6.828851899274435,180978.69318181818,28956590.909090906,160.0,2343.0
2025-11-13,e-영업3,기존,5.118110236220472,263642.65734265733,27418836.36363636,104.0,2032.0
2025-11-14,e-영업3,기존,4.335260115606936,223164.1414141414,20084772.727272727,90.0,2076.0
2025-11-15,e-영업3,기존,7.555555555555555,195727.486631016,33273672.727272723,170.0,2250.0
2025-11-16,e-영업3,기존,7.683529859262077,208202.700270027,42056945.45454545,202.0,2629.0
2025-11-17,e-영업3,기존,3.724556084885232,21751.79704016913,1870654.5454545454,86.0,2309.0
2025-11-18,e-영업3,기존,5.715532286212914,114835.57945870922,15043460.909090908,131.0,2292.0
2025-11-19,e-영업3,기존,4.057591623036649,134593.6461388074,12517209.09090909,93.0,2292.0
2025-11-20,e-영업3,기존,4.166666666666666,260019.679144385,22101672.727272727,85.0,2040.0
2025-11-21,e-영업3,기존,4.4989775051124745,287968.80165289255,25341254.545454543,88.0,1956.0
2025-11-22,e-영업3,기존,7.93859649122807,193385.28377699645,35002736.36363636,181.0,2280.0
2025-11-23,e-영업3,기존,8.076190476190476,181245.9691252144,38424145.45454545,212.0,2625.0
2025-11-24,e-영업3,기존,4.914618908788005,178669.64560862863,21083018.18181818,118.0,2401.0
2025-11-25,e-영업3,기존,5.956375838926174,206001.08834827144,29252154.545454543,142.0,2384.0
2025-11-26,e-영업3,기존,4.873646209386282,185491.75084175082,20033109.09090909,108.0,2216.0
2025-11-27,e-영업3,기존,6.323777403035413,297453.4909090909,44618023.63636363,150.0,2372.0
2025-11-28,e-영업3,기존,2.6455026455026456,293569.7520661157,16146336.363636361,55.0,2079.0
2025-11-29,e-영업3,기존,5.215004574565416,145292.18500797448,16563309.09090909,114.0,2186.0
2025-11-30,e-영업3,기존,5.901486988847584,160715.24695776665,20410836.363636363,127.0,2152.0
2025-12-01,e-영업3,기존,4.645593869731801,109615.27647610121,10632681.818181816,97.0,2088.0
2025-12-02,e-영업3,기존,4.5923149015932525,335415.30612244894,32870699.999999996,98.0,2134.0
2025-12-03,e-영업3,기존,4.625056129321957,192527.71403353926,19830354.545454543,103.0,2227.0
2025-12-04,e-영업3,기존,5.658536585365854,113232.05329153605,13134918.181818182,116.0,2050.0
2025-12-05,e-영업3,기존,5.167173252279635,143131.37254901958,14599399.999999998,102.0,1974.0
2025-12-06,e-영업3,기존,6.836397925506836,203615.23510971785,29524209.09090909,145.0,2121.0
2025-12-07,e-영업3,기존,7.014106583072101,151753.90553580498,27163949.09090909,179.0,2552.0
2025-12-08,e-영업3,기존,4.833836858006042,91872.76785714286,10289750.0,112.0,2317.0
2025-12-09,e-영업3,기존,4.640272456364411,398671.32610508753,43455174.54545454,109.0,2349.0
2025-12-10,e-영업3,기존,5.83639705882353,200000.14316392268,25400018.18181818,127.0,2176.0
2025-12-11,e-영업3,기존,4.953560371517028,261028.49025974024,29235190.909090906,112.0,2261.0
2025-12-12,e-영업3,기존,3.623898139079334,208061.91646191644,15396581.818181816,74.0,2042.0
2025-12-13,e-영업3,기존,6.577293674067867,224366.88477127967,35225600.90909091,157.0,2387.0
2025-12-14,e-영업3,기존,6.843679880329096,297757.3770491803,54489599.99999999,183.0,2674.0
2025-12-15,e-영업3,기존,3.956521739130435,54645.354645354644,4972727.2727272725,91.0,2300.0
2025-12-16,e-영업3,기존,3.574788334901223,93952.27272727272,7140372.727272727,76.0,2126.0
2025-12-17,e-영업3,기존,4.674220963172805,296023.87511478417,29306363.636363633,99.0,2118.0
2025-12-18,e-영업3,기존,4.246284501061571,210275.9090909091,16822072.727272727,80.0,1884.0
2025-12-19,e-영업3,기존,4.141656662665065,239356.91699604742,16515627.272727272,69.0,1666.0
2025-12-20,e-영업3,기존,4.900816802800467,172884.74025974024,14522318.18181818,84.0,1714.0
2025-12-21,e-영업3,기존,6.154628687690742,181587.37791134484,21972072.727272727,121.0,1966.0
2025-12-22,e-영업3,기존,4.354669464847849,430431.43483022996,35725809.090909086,83.0,1906.0
2025-12-23,e-영업3,기존,3.425357873210634,244850.7462686567,16404999.999999998,67.0,1956.0
2025-12-24,e-영업3,기존,3.245560318432333,111466.3807890223,5907718.181818182,53.0,1633.0
2025-12-25,e-영업3,기존,6.407942238267148,191758.83482714466,27229754.545454543,142.0,2216.0
2025-12-26,e-영업3,기존,5.187319884726225,187467.59259259258,20246500.0,108.0,2082.0
2025-12-27,e-영업3,기존,5.8771148708815675,230644.83471074377,30445118.18181818,132.0,2246.0
2025-12-28,e-영업3,기존,6.653465346534654,148762.44588744588,24992090.909090906,168.0,2525.0
2025-12-29,e-영업3,기존,4.078826764436297,194200.2042900919,17283818.18181818,89.0,2182.0
2025-12-30,e-영업3,기존,2.377003869541183,112460.46511627907,4835800.0,43.0,1809.0
2025-12-31,e-영업3,기존,3.435114503816794,142222.5589225589,7680018.181818182,54.0,1572.0
2025-01-01,e-영업3,비회원,0.0,,0.0,0.0,5663.0
2025-01-02,e-영업3,비회원,0.0,,0.0,0.0,5794.0
2025-01-03,e-영업3,비회원,0.0,,0.0,0.0,5246.0
2025-01-04,e-영업3,비회원,0.0,,0.0,0.0,5556.0
2025-01-05,e-영업3,비회원,0.0,,0.0,0.0,5837.0
2025-01-06,e-영업3,비회원,0.0,,0.0,0.0,5633.0
2025-01-07,e-영업3,비회원,0.0,,0.0,0.0,5667.0
2025-01-08,e-영업3,비회원,0.0,,0.0,0.0,5897.0
2025-01-09,e-영업3,비회원,0.0,,0.0,0.0,5484.0
2025-01-10,e-영업3,비회원,0.0,,0.0,0.0,4989.0
2025-01-11,e-영업3,비회원,0.0,,0.0,0.0,5394.0
2025-01-12,e-영업3,비회원,0.0,,0.0,0.0,5935.0
2025-01-13,e-영업3,비회원,0.0,,0.0,0.0,5840.0
2025-01-14,e-영업3,비회원,0.0,,0.0,0.0,5591.0
2025-01-15,e-영업3,비회원,0.0,,0.0,0.0,5569.0
2025-01-16,e-영업3,비회원,0.0,,0.0,0.0,4915.0
2025-01-17,e-영업3,비회원,0.0,,0.0,0.0,4459.0
2025-01-18,e-영업3,비회원,0.0,,0.0,0.0,4614.0
2025-01-19,e-영업3,비회원,0.0,,0.0,0.0,5147.0
2025-01-20,e-영업3,비회원,0.0,,0.0,0.0,5047.0
2025-01-21,e-영업3,비회원,0.0,,0.0,0.0,5004.0
2025-01-22,e-영업3,비회원,0.0,,0.0,0.0,4617.0
2025-01-23,e-영업3,비회원,0.0,,0.0,0.0,4224.0
2025-01-24,e-영업3,비회원,0.0,,0.0,0.0,3703.0
2025-01-25,e-영업3,비회원,0.0,,0.0,0.0,3903.0
2025-01-26,e-영업3,비회원,0.0,,0.0,0.0,4268.0
2025-01-27,e-영업3,비회원,0.0,,0.0,0.0,4245.0
2025-01-28,e-영업3,비회원,0.0,,0.0,0.0,4217.0
2025-01-29,e-영업3,비회원,0.0,,0.0,0.0,4221.0
2025-01-30,e-영업3,비회원,0.0,,0.0,0.0,5219.0
2025-01-31,e-영업3,비회원,0.0,,0.0,0.0,4941.0
2025-02-01,e-영업3,비회원,0.0,,0.0,0.0,5069.0
2025-02-02,e-영업3,비회원,0.0,,0.0,0.0,5742.0
2025-02-03,e-영업3,비회원,0.0,,0.0,0.0,5413.0
2025-02-04,e-영업3,비회원,0.0,,0.0,0.0,5180.0
2025-02-05,e-영업3,비회원,0.0,,0.0,0.0,5516.0
2025-02-06,e-영업3,비회원,0.0,,0.0,0.0,5380.0
2025-02-07,e-영업3,비회원,0.0,,0.0,0.0,4982.0
2025-02-08,e-영업3,비회원,0.0,,0.0,0.0,5310.0
2025-02-09,e-영업3,비회원,0.0,,0.0,0.0,5621.0
2025-02-10,e-영업3,비회원,0.0,,0.0,0.0,5426.0
2025-02-11,e-영업3,비회원,0.0,,0.0,0.0,5415.0
2025-02-12,e-영업3,비회원,0.0,,0.0,0.0,5393.0
2025-02-13,e-영업3,비회원,0.0,,0.0,0.0,5238.0
2025-02-14,e-영업3,비회원,0.0,,0.0,0.0,4990.0
2025-02-15,e-영업3,비회원,0.0,,0.0,0.0,5207.0
2025-02-16,e-영업3,비회원,0.0,,0.0,0.0,5962.0
2025-02-17,e-영업3,비회원,0.0,,0.0,0.0,5556.0
2025-02-18,e-영업3,비회원,0.0,,0.0,0.0,5647.0
2025-02-19,e-영업3,비회원,0.0,,0.0,0.0,5247.0
2025-02-20,e-영업3,비회원,0.0,,0.0,0.0,4811.0
2025-02-21,e-영업3,비회원,0.0,,0.0,0.0,4674.0
2025-02-22,e-영업3,비회원,0.0,,0.0,0.0,5100.0
2025-02-23,e-영업3,비회원,0.0,,0.0,0.0,6129.0
2025-02-24,e-영업3,비회원,0.0,,0.0,0.0,5780.0
2025-02-25,e-영업3,비회원,0.0,,0.0,0.0,5298.0
2025-02-26,e-영업3,비회원,0.0,,0.0,0.0,5027.0
2025-02-27,e-영업3,비회원,0.0,,0.0,0.0,4506.0
2025-02-28,e-영업3,비회원,0.0,,0.0,0.0,4252.0
2025-03-01,e-영업3,비회원,0.0,,0.0,0.0,4920.0
2025-03-02,e-영업3,비회원,0.0,,0.0,0.0,5571.0
2025-03-03,e-영업3,비회원,0.0,,0.0,0.0,6109.0
2025-03-04,e-영업3,비회원,0.0,,0.0,0.0,5339.0
2025-03-05,e-영업3,비회원,0.0,,0.0,0.0,5724.0
2025-03-06,e-영업3,비회원,0.0,,0.0,0.0,6016.0
2025-03-07,e-영업3,비회원,0.0,,0.0,0.0,5172.0
2025-03-08,e-영업3,비회원,0.0,,0.0,0.0,5455.0
2025-03-09,e-영업3,비회원,0.0,,0.0,0.0,6197.0
2025-03-10,e-영업3,비회원,0.0,,0.0,0.0,6067.0
2025-03-11,e-영업3,비회원,0.0,,0.0,0.0,6082.0
2025-03-12,e-영업3,비회원,0.0,,0.0,0.0,6102.0
2025-03-13,e-영업3,비회원,0.0,,0.0,0.0,5481.0
2025-03-14,e-영업3,비회원,0.0,,0.0,0.0,5315.0
2025-03-15,e-영업3,비회원,0.0,,0.0,0.0,5829.0
2025-03-16,e-영업3,비회원,0.0,,0.0,0.0,6141.0
2025-03-17,e-영업3,비회원,0.0,,0.0,0.0,5610.0
2025-03-18,e-영업3,비회원,0.0,,0.0,0.0,5086.0
2025-03-19,e-영업3,비회원,0.0,,0.0,0.0,4987.0
2025-03-20,e-영업3,비회원,0.0,,0.0,0.0,5267.0
2025-03-21,e-영업3,비회원,0.0,,0.0,0.0,4854.0
2025-03-22,e-영업3,비회원,0.0,,0.0,0.0,4848.0
2025-03-23,e-영업3,비회원,0.0,,0.0,0.0,5653.0
2025-03-24,e-영업3,비회원,0.0,,0.0,0.0,5735.0
2025-03-25,e-영업3,비회원,0.0,,0.0,0.0,5692.0
2025-03-26,e-영업3,비회원,0.0,,0.0,0.0,5773.0
2025-03-27,e-영업3,비회원,0.0,,0.0,0.0,5295.0
2025-03-28,e-영업3,비회원,0.0,,0.0,0.0,4593.0
2025-03-29,e-영업3,비회원,0.0,,0.0,0.0,4706.0
2025-03-30,e-영업3,비회원,0.0,,0.0,0.0,5154.0
2025-03-31,e-영업3,비회원,0.0,,0.0,0.0,5030.0
2025-04-01,e-영업3,비회원,0.0,,0.0,0.0,5286.0
2025-04-02,e-영업3,비회원,0.0,,0.0,0.0,5107.0
2025-04-03,e-영업3,비회원,0.0,,0.0,0.0,4586.0
2025-04-04,e-영업3,비회원,0.0,,0.0,0.0,3922.0
2025-04-05,e-영업3,비회원,0.0,,0.0,0.0,4545.0
2025-04-06,e-영업3,비회원,0.0,,0.0,0.0,4711.0
2025-04-07,e-영업3,비회원,0.0,,0.0,0.0,5015.0
2025-04-08,e-영업3,비회원,0.0,,0.0,0.0,4893.0
2025-04-09,e-영업3,비회원,0.0,,0.0,0.0,5118.0
2025-04-10,e-영업3,비회원,0.0,,0.0,0.0,4624.0
2025-04-11,e-영업3,비회원,0.0,,0.0,0.0,4249.0
2025-04-12,e-영업3,비회원,0.0,,0.0,0.0,4369.0
2025-04-13,e-영업3,비회원,0.0,,0.0,0.0,4925.0
2025-04-14,e-영업3,비회원,0.0,,0.0,0.0,4611.0
2025-04-15,e-영업3,비회원,0.0,,0.0,0.0,4775.0
2025-04-16,e-영업3,비회원,0.0,,0.0,0.0,4960.0
2025-04-17,e-영업3,비회원,0.0,,0.0,0.0,4623.0
2025-04-18,e-영업3,비회원,0.0,,0.0,0.0,4804.0
2025-04-19,e-영업3,비회원,0.0,,0.0,0.0,4876.0
2025-04-20,e-영업3,비회원,0.0,,0.0,0.0,5218.0
2025-04-21,e-영업3,비회원,0.0,,0.0,0.0,5391.0
2025-04-22,e-영업3,비회원,0.0,,0.0,0.0,5370.0
2025-04-23,e-영업3,비회원,0.0,,0.0,0.0,5352.0
2025-04-24,e-영업3,비회원,0.0,,0.0,0.0,5392.0
2025-04-25,e-영업3,비회원,0.0,,0.0,0.0,4918.0
2025-04-26,e-영업3,비회원,0.0,,0.0,0.0,5002.0
2025-04-27,e-영업3,비회원,0.0,,0.0,0.0,5331.0
2025-04-28,e-영업3,비회원,0.0,,0.0,0.0,5169.0
2025-04-29,e-영업3,비회원,0.0,,0.0,0.0,4808.0
2025-04-30,e-영업3,비회원,0.0,,0.0,0.0,4611.0
2025-05-01,e-영업3,비회원,0.0,,0.0,0.0,4762.0
2025-05-02,e-영업3,비회원,0.0,,0.0,0.0,3893.0
2025-05-03,e-영업3,비회원,0.0,,0.0,0.0,3818.0
2025-05-04,e-영업3,비회원,0.0,,0.0,0.0,3850.0
2025-05-05,e-영업3,비회원,0.0,,0.0,0.0,4427.0
2025-05-06,e-영업3,비회원,0.0,,0.0,0.0,4530.0
2025-05-07,e-영업3,비회원,0.0,,0.0,0.0,4245.0
2025-05-08,e-영업3,비회원,0.0,,0.0,0.0,4076.0
2025-05-09,e-영업3,비회원,0.0,,0.0,0.0,4258.0
2025-05-10,e-영업3,비회원,0.0,,0.0,0.0,4326.0
2025-05-11,e-영업3,비회원,0.0,,0.0,0.0,4579.0
2025-05-12,e-영업3,비회원,0.0,,0.0,0.0,4619.0
2025-05-13,e-영업3,비회원,0.0,,0.0,0.0,4692.0
2025-05-14,e-영업3,비회원,0.0,,0.0,0.0,4535.0
2025-05-15,e-영업3,비회원,0.0,,0.0,0.0,4136.0
2025-05-16,e-영업3,비회원,0.0,,0.0,0.0,3789.0
2025-05-17,e-영업3,비회원,0.0,,0.0,0.0,3836.0
2025-05-18,e-영업3,비회원,0.0,,0.0,0.0,4423.0
2025-05-19,e-영업3,비회원,0.0,,0.0,0.0,4332.0
2025-05-20,e-영업3,비회원,0.0,,0.0,0.0,4763.0
2025-05-21,e-영업3,비회원,0.0,,0.0,0.0,5127.0
2025-05-22,e-영업3,비회원,0.0,,0.0,0.0,5026.0
2025-05-23,e-영업3,비회원,0.0,,0.0,0.0,4360.0
2025-05-24,e-영업3,비회원,0.0,,0.0,0.0,4364.0
2025-05-25,e-영업3,비회원,0.0,,0.0,0.0,5018.0
2025-05-26,e-영업3,비회원,0.0,,0.0,0.0,6701.0
2025-05-27,e-영업3,비회원,0.0,,0.0,0.0,5051.0
2025-05-28,e-영업3,비회원,0.0,,0.0,0.0,4920.0
2025-05-29,e-영업3,비회원,0.0,,0.0,0.0,4627.0
2025-05-30,e-영업3,비회원,0.0,,0.0,0.0,4223.0
2025-05-31,e-영업3,비회원,0.0,,0.0,0.0,4583.0
2025-06-01,e-영업3,비회원,0.0,,0.0,0.0,5101.0
2025-06-02,e-영업3,비회원,0.0,,0.0,0.0,4633.0
2025-06-03,e-영업3,비회원,0.0,,0.0,0.0,4894.0
2025-06-04,e-영업3,비회원,0.0,,0.0,0.0,4321.0
2025-06-05,e-영업3,비회원,0.0,,0.0,0.0,4102.0
2025-06-06,e-영업3,비회원,0.0,,0.0,0.0,4343.0
2025-06-07,e-영업3,비회원,0.0,,0.0,0.0,4365.0
2025-06-08,e-영업3,비회원,0.0,,0.0,0.0,4703.0
2025-06-09,e-영업3,비회원,0.0,,0.0,0.0,4608.0
2025-06-10,e-영업3,비회원,0.0,,0.0,0.0,4138.0
2025-06-11,e-영업3,비회원,0.0,,0.0,0.0,4288.0
2025-06-12,e-영업3,비회원,0.0,,0.0,0.0,4308.0
2025-06-13,e-영업3,비회원,0.0,,0.0,0.0,3739.0
2025-06-14,e-영업3,비회원,0.0,,0.0,0.0,3800.0
2025-06-15,e-영업3,비회원,0.0,,0.0,0.0,4324.0
2025-06-16,e-영업3,비회원,0.0,,0.0,0.0,5156.0
2025-06-17,e-영업3,비회원,0.0,,0.0,0.0,5030.0
2025-06-18,e-영업3,비회원,0.0,,0.0,0.0,5359.0
2025-06-19,e-영업3,비회원,0.0,,0.0,0.0,4261.0
2025-06-20,e-영업3,비회원,0.0,,0.0,0.0,4103.0
2025-06-21,e-영업3,비회원,0.0,,0.0,0.0,3993.0
2025-06-22,e-영업3,비회원,0.0,,0.0,0.0,4560.0
2025-06-23,e-영업3,비회원,0.0,,0.0,0.0,4355.0
2025-06-24,e-영업3,비회원,0.0,,0.0,0.0,3869.0
2025-06-25,e-영업3,비회원,0.0,,0.0,0.0,3775.0
2025-06-26,e-영업3,비회원,0.0,,0.0,0.0,3448.0
2025-06-27,e-영업3,비회원,0.0,,0.0,0.0,3205.0
2025-06-28,e-영업3,비회원,0.0,,0.0,0.0,3157.0
2025-06-29,e-영업3,비회원,0.0,,0.0,0.0,3569.0
2025-06-30,e-영업3,비회원,0.0,,0.0,0.0,3751.0
2025-07-01,e-영업3,비회원,0.0,,0.0,0.0,3616.0
2025-07-02,e-영업3,비회원,0.0,,0.0,0.0,3501.0
2025-07-03,e-영업3,비회원,0.0,,0.0,0.0,3279.0
2025-07-04,e-영업3,비회원,0.0,,0.0,0.0,2907.0
2025-07-05,e-영업3,비회원,0.0,,0.0,0.0,3077.0
2025-07-06,e-영업3,비회원,0.0,,0.0,0.0,3648.0
2025-07-07,e-영업3,비회원,0.0,,0.0,0.0,3675.0
2025-07-08,e-영업3,비회원,0.0,,0.0,0.0,3851.0
2025-07-09,e-영업3,비회원,0.0,,0.0,0.0,3934.0
2025-07-10,e-영업3,비회원,0.0,,0.0,0.0,3636.0
2025-07-11,e-영업3,비회원,0.0,,0.0,0.0,3394.0
2025-07-12,e-영업3,비회원,0.0,,0.0,0.0,3301.0
2025-07-13,e-영업3,비회원,0.0,,0.0,0.0,3735.0
2025-07-14,e-영업3,비회원,0.0,,0.0,0.0,3788.0
2025-07-15,e-영업3,비회원,0.0,,0.0,0.0,3722.0
2025-07-16,e-영업3,비회원,0.0,,0.0,0.0,3841.0
2025-07-17,e-영업3,비회원,0.0,,0.0,0.0,3539.0
2025-07-18,e-영업3,비회원,0.0,,0.0,0.0,3503.0
2025-07-19,e-영업3,비회원,0.0,,0.0,0.0,3472.0
2025-07-20,e-영업3,비회원,0.0,,0.0,0.0,3949.0
2025-07-21,e-영업3,비회원,0.0,,0.0,0.0,3769.0
2025-07-22,e-영업3,비회원,0.0,,0.0,0.0,3305.0
2025-07-23,e-영업3,비회원,0.0,,0.0,0.0,3123.0
2025-07-24,e-영업3,비회원,0.0,,0.0,0.0,3040.0
2025-07-25,e-영업3,비회원,0.0,,0.0,0.0,2935.0
2025-07-26,e-영업3,비회원,0.0,,0.0,0.0,2964.0
2025-07-27,e-영업3,비회원,0.0,,0.0,0.0,3515.0
2025-07-28,e-영업3,비회원,0.0,,0.0,0.0,3574.0
2025-07-29,e-영업3,비회원,0.0,,0.0,0.0,3476.0
2025-07-30,e-영업3,비회원,0.0,,0.0,0.0,3495.0
2025-07-31,e-영업3,비회원,0.0,,0.0,0.0,3556.0
2025-08-01,e-영업3,비회원,0.0,,0.0,0.0,3455.0
2025-08-02,e-영업3,비회원,0.0,,0.0,0.0,3388.0
2025-08-03,e-영업3,비회원,0.0,,0.0,0.0,3731.0
2025-08-04,e-영업3,비회원,0.0,,0.0,0.0,3839.0
2025-08-05,e-영업3,비회원,0.0,,0.0,0.0,3968.0
2025-08-06,e-영업3,비회원,0.0,,0.0,0.0,4219.0
2025-08-07,e-영업3,비회원,0.0,,0.0,0.0,4075.0
2025-08-08,e-영업3,비회원,0.0,,0.0,0.0,3699.0
2025-08-09,e-영업3,비회원,0.0,,0.0,0.0,3883.0
2025-08-10,e-영업3,비회원,0.0,,0.0,0.0,4196.0
2025-08-11,e-영업3,비회원,0.0,,0.0,0.0,4110.0
2025-08-12,e-영업3,비회원,0.0,,0.0,0.0,3877.0
2025-08-13,e-영업3,비회원,0.0,,0.0,0.0,3751.0
2025-08-14,e-영업3,비회원,0.0,,0.0,0.0,3381.0
2025-08-15,e-영업3,비회원,0.0,,0.0,0.0,3559.0
2025-08-16,e-영업3,비회원,0.0,,0.0,0.0,3640.0
2025-08-17,e-영업3,비회원,0.0,,0.0,0.0,3949.0
2025-08-18,e-영업3,비회원,0.0,,0.0,0.0,4049.0
2025-08-19,e-영업3,비회원,0.0,,0.0,0.0,4022.0
2025-08-20,e-영업3,비회원,0.0,,0.0,0.0,4048.0
2025-08-21,e-영업3,비회원,0.0,,0.0,0.0,3965.0
2025-08-22,e-영업3,비회원,0.0,,0.0,0.0,3676.0
2025-08-23,e-영업3,비회원,0.0,,0.0,0.0,3639.0
2025-08-24,e-영업3,비회원,0.0,,0.0,0.0,3933.0
2025-08-25,e-영업3,비회원,0.0,,0.0,0.0,3803.0
2025-08-26,e-영업3,비회원,0.0,,0.0,0.0,4047.0
2025-08-27,e-영업3,비회원,0.0,,0.0,0.0,4054.0
2025-08-28,e-영업3,비회원,0.0,,0.0,0.0,3919.0
2025-08-29,e-영업3,비회원,0.0,,0.0,0.0,3841.0
2025-08-30,e-영업3,비회원,0.0,,0.0,0.0,3915.0
2025-08-31,e-영업3,비회원,0.0,,0.0,0.0,4322.0
2025-09-01,e-영업3,비회원,0.0,,0.0,0.0,4247.0
2025-09-02,e-영업3,비회원,0.0,,0.0,0.0,4249.0
2025-09-03,e-영업3,비회원,0.0,,0.0,0.0,4171.0
2025-09-04,e-영업3,비회원,0.0,,0.0,0.0,4039.0
2025-09-05,e-영업3,비회원,0.0,,0.0,0.0,3674.0
2025-09-06,e-영업3,비회원,0.0,,0.0,0.0,3648.0
2025-09-07,e-영업3,비회원,0.0,,0.0,0.0,4107.0
2025-09-08,e-영업3,비회원,0.0,,0.0,0.0,4321.0
2025-09-09,e-영업3,비회원,0.0,,0.0,0.0,4579.0
2025-09-10,e-영업3,비회원,0.0,,0.0,0.0,4246.0
2025-09-11,e-영업3,비회원,0.0,,0.0,0.0,4184.0
2025-09-12,e-영업3,비회원,0.0,,0.0,0.0,3979.0
2025-09-13,e-영업3,비회원,0.0,,0.0,0.0,4425.0
2025-09-14,e-영업3,비회원,0.0,,0.0,0.0,4573.0
2025-09-15,e-영업3,비회원,0.0,,0.0,0.0,4387.0
2025-09-16,e-영업3,비회원,0.0,,0.0,0.0,4426.0
2025-09-17,e-영업3,비회원,0.0,,0.0,0.0,4500.0
2025-09-18,e-영업3,비회원,0.0,,0.0,0.0,4243.0
2025-09-19,e-영업3,비회원,0.0,,0.0,0.0,4134.0
2025-09-20,e-영업3,비회원,0.0,,0.0,0.0,4419.0
2025-09-21,e-영업3,비회원,0.0,,0.0,0.0,4847.0
2025-09-22,e-영업3,비회원,0.0,,0.0,0.0,5058.0
2025-09-23,e-영업3,비회원,0.0,,0.0,0.0,4963.0
2025-09-24,e-영업3,비회원,0.0,,0.0,0.0,5181.0
2025-09-25,e-영업3,비회원,0.0,,0.0,0.0,4829.0
2025-09-26,e-영업3,비회원,0.0,,0.0,0.0,4455.0
2025-09-27,e-영업3,비회원,0.0,,0.0,0.0,4171.0
2025-09-28,e-영업3,비회원,0.0,,0.0,0.0,5050.0
2025-09-29,e-영업3,비회원,0.0,,0.0,0.0,4710.0
2025-09-30,e-영업3,비회원,0.0,,0.0,0.0,4263.0
2025-10-01,e-영업3,비회원,0.0,,0.0,0.0,3560.0
2025-10-02,e-영업3,비회원,0.0,,0.0,0.0,3080.0
2025-10-03,e-영업3,비회원,0.0,,0.0,0.0,3288.0
2025-10-04,e-영업3,비회원,0.0,,0.0,0.0,3465.0
2025-10-05,e-영업3,비회원,0.0,,0.0,0.0,3228.0
2025-10-06,e-영업3,비회원,0.0,,0.0,0.0,3247.0
2025-10-07,e-영업3,비회원,0.0,,0.0,0.0,3894.0
2025-10-08,e-영업3,비회원,0.0,,0.0,0.0,4322.0
2025-10-09,e-영업3,비회원,0.0,,0.0,0.0,4891.0
2025-10-10,e-영업3,비회원,0.0,,0.0,0.0,4812.0
2025-10-11,e-영업3,비회원,0.0,,0.0,0.0,4783.0
2025-10-12,e-영업3,비회원,0.0,,0.0,0.0,5295.0
2025-10-13,e-영업3,비회원,0.0,,0.0,0.0,5270.0
2025-10-14,e-영업3,비회원,0.0,,0.0,0.0,5255.0
2025-10-15,e-영업3,비회원,0.0,,0.0,0.0,4940.0
2025-10-16,e-영업3,비회원,0.0,,0.0,0.0,4704.0
2025-10-17,e-영업3,비회원,0.0,,0.0,0.0,4585.0
2025-10-18,e-영업3,비회원,0.0,,0.0,0.0,4848.0
2025-10-19,e-영업3,비회원,0.0,,0.0,0.0,5778.0
2025-10-20,e-영업3,비회원,0.0,,0.0,0.0,6355.0
2025-10-21,e-영업3,비회원,0.0,,0.0,0.0,6284.0
2025-10-22,e-영업3,비회원,0.0,,0.0,0.0,6411.0
2025-10-23,e-영업3,비회원,0.0,,0.0,0.0,5503.0
2025-10-24,e-영업3,비회원,0.0,,0.0,0.0,4857.0
2025-10-25,e-영업3,비회원,0.0,,0.0,0.0,4748.0
2025-10-26,e-영업3,비회원,0.0,,0.0,0.0,5777.0
2025-10-27,e-영업3,비회원,0.0,,0.0,0.0,6126.0
2025-10-28,e-영업3,비회원,0.0,,0.0,0.0,6072.0
2025-10-29,e-영업3,비회원,0.0,,0.0,0.0,5564.0
2025-10-30,e-영업3,비회원,0.0,,0.0,0.0,4840.0
2025-10-31,e-영업3,비회원,0.0,,0.0,0.0,4078.0
2025-11-01,e-영업3,비회원,0.0,,0.0,0.0,4208.0
2025-11-02,e-영업3,비회원,0.0,,0.0,0.0,5537.0
2025-11-03,e-영업3,비회원,0.0,,0.0,0.0,5639.0
2025-11-04,e-영업3,비회원,0.0,,0.0,0.0,5467.0
2025-11-05,e-영업3,비회원,0.0,,0.0,0.0,5095.0
2025-11-06,e-영업3,비회원,0.0,,0.0,0.0,4903.0
2025-11-07,e-영업3,비회원,0.0,,0.0,0.0,4753.0
2025-11-08,e-영업3,비회원,0.0,,0.0,0.0,5311.0
2025-11-09,e-영업3,비회원,0.0,,0.0,0.0,5721.0
2025-11-10,e-영업3,비회원,0.0,,0.0,0.0,6016.0
2025-11-11,e-영업3,비회원,0.0,,0.0,0.0,5782.0
2025-11-12,e-영업3,비회원,0.0,,0.0,0.0,5807.0
2025-11-13,e-영업3,비회원,0.0,,0.0,0.0,5132.0
2025-11-14,e-영업3,비회원,0.0,,0.0,0.0,4982.0
2025-11-15,e-영업3,비회원,0.0,,0.0,0.0,5131.0
2025-11-16,e-영업3,비회원,0.0,,0.0,0.0,6177.0
2025-11-17,e-영업3,비회원,0.0,,0.0,0.0,6270.0
2025-11-18,e-영업3,비회원,0.0,,0.0,0.0,6475.0
2025-11-19,e-영업3,비회원,0.0,,0.0,0.0,6081.0
2025-11-20,e-영업3,비회원,0.0,,0.0,0.0,5369.0
2025-11-21,e-영업3,비회원,0.0,,0.0,0.0,4978.0
2025-11-22,e-영업3,비회원,0.0,,0.0,0.0,5347.0
2025-11-23,e-영업3,비회원,0.0,,0.0,0.0,6078.0
2025-11-24,e-영업3,비회원,0.0,,0.0,0.0,5875.0
2025-11-25,e-영업3,비회원,0.0,,0.0,0.0,6018.0
2025-11-26,e-영업3,비회원,0.0,,0.0,0.0,5583.0
2025-11-27,e-영업3,비회원,0.0,,0.0,0.0,5627.0
2025-11-28,e-영업3,비회원,0.0,,0.0,0.0,5182.0
2025-11-29,e-영업3,비회원,0.0,,0.0,0.0,4966.0
2025-11-30,e-영업3,비회원,0.0,,0.0,0.0,5168.0
2025-12-01,e-영업3,비회원,0.0,,0.0,0.0,5452.0
2025-12-02,e-영업3,비회원,0.0,,0.0,0.0,5614.0
2025-12-03,e-영업3,비회원,0.0,,0.0,0.0,5686.0
2025-12-04,e-영업3,비회원,0.0,,0.0,0.0,5391.0
2025-12-05,e-영업3,비회원,0.0,,0.0,0.0,5260.0
2025-12-06,e-영업3,비회원,0.0,,0.0,0.0,5479.0
2025-12-07,e-영업3,비회원,0.0,,0.0,0.0,6323.0
2025-12-08,e-영업3,비회원,0.0,,0.0,0.0,6081.0
2025-12-09,e-영업3,비회원,0.0,,0.0,0.0,6227.0
2025-12-10,e-영업3,비회원,0.0,,0.0,0.0,5740.0
2025-12-11,e-영업3,비회원,0.0,,0.0,0.0,5834.0
2025-12-12,e-영업3,비회원,0.0,,0.0,0.0,5602.0
2025-12-13,e-영업3,비회원,0.0,,0.0,0.0,5816.0
2025-12-14,e-영업3,비회원,0.0,,0.0,0.0,6605.0
2025-12-15,e-영업3,비회원,0.0,,0.0,0.0,6304.0
2025-12-16,e-영업3,비회원,0.0,,0.0,0.0,5543.0
2025-12-17,e-영업3,비회원,0.0,,0.0,0.0,5556.0
2025-12-18,e-영업3,비회원,0.0,,0.0,0.0,4950.0
2025-12-19,e-영업3,비회원,0.0,,0.0,0.0,4401.0
2025-12-20,e-영업3,비회원,0.0,,0.0,0.0,4446.0
2025-12-21,e-영업3,비회원,0.0,,0.0,0.0,5165.0
2025-12-22,e-영업3,비회원,0.0,,0.0,0.0,5457.0
2025-12-23,e-영업3,비회원,0.0,,0.0,0.0,5263.0
2025-12-24,e-영업3,비회원,0.0,,0.0,0.0,4435.0
2025-12-25,e-영업3,비회원,0.0,,0.0,0.0,5251.0
2025-12-26,e-영업3,비회원,0.0,,0.0,0.0,5419.0
2025-12-27,e-영업3,비회원,0.0,,0.0,0.0,5664.0
2025-12-28,e-영업3,비회원,0.0,,0.0,0.0,6043.0
2025-12-29,e-영업3,비회원,0.0,,0.0,0.0,5389.0
2025-12-30,e-영업3,비회원,0.0,,0.0,0.0,4988.0
2025-12-31,e-영업3,비회원,0.0,,0.0,0.0,4628.0
2025-01-01,e-영업3,신규,21.367521367521366,232446.54545454544,5811163.636363636,25.0,117.0
2025-01-02,e-영업3,신규,25.961538461538463,185541.41414141413,5009618.181818182,27.0,104.0
2025-01-03,e-영업3,신규,22.22222222222222,147345.45454545453,2946909.090909091,20.0,90.0
2025-01-04,e-영업3,신규,26.61290322580645,312809.9173553719,10322727.272727272,33.0,124.0
2025-01-05,e-영업3,신규,22.22222222222222,17832.954545454544,427990.90909090906,24.0,108.0
2025-01-06,e-영업3,신규,20.437956204379564,133598.7012987013,3740763.6363636362,28.0,137.0
2025-01-07,e-영업3,신규,21.804511278195488,121745.76802507836,3530627.2727272725,29.0,133.0
2025-01-08,e-영업3,신규,15.492957746478872,129539.2561983471,2849863.6363636362,22.0,142.0
2025-01-09,e-영업3,신규,12.76595744680851,118111.11111111111,2126000.0,18.0,141.0
2025-01-10,e-영업3,신규,16.39344262295082,243886.36363636362,4877727.2727272725,20.0,122.0
2025-01-11,e-영업3,신규,24.161073825503358,143032.82828282827,5149181.818181817,36.0,149.0
2025-01-12,e-영업3,신규,16.666666666666664,159428.73900293253,4942290.909090908,31.0,186.0
2025-01-13,e-영업3,신규,12.82051282051282,247900.9090909091,4958018.181818182,20.0,156.0
2025-01-14,e-영업3,신규,12.307692307692308,140293.75,2244700.0,16.0,130.0
2025-01-15,e-영업3,신규,21.16788321167883,351492.789968652,10193290.909090908,29.0,137.0
2025-01-16,e-영업3,신규,11.811023622047244,90333.33333333333,1355000.0,15.0,127.0
2025-01-17,e-영업3,신규,9.433962264150944,196907.2727272727,1969072.727272727,10.0,106.0
2025-01-18,e-영업3,신규,16.822429906542055,91221.21212121211,1641981.8181818181,18.0,107.0
2025-01-19,e-영업3,신규,14.912280701754385,227195.1871657754,3862318.1818181816,17.0,114.0
2025-01-20,e-영업3,신규,14.728682170542637,146043.06220095692,2774818.1818181816,19.0,129.0
2025-01-21,e-영업3,신규,7.801418439716312,109119.0082644628,1200309.0909090908,11.0,141.0
2025-01-22,e-영업3,신규,8.928571428571429,145780.9090909091,1457809.0909090908,10.0,112.0
2025-01-23,e-영업3,신규,0.9174311926605505,1538345.4545454544,1538345.4545454544,1.0,109.0
2025-01-24,e-영업3,신규,22.22222222222222,140050.45454545453,2801009.090909091,20.0,90.0
2025-01-25,e-영업3,신규,16.129032258064516,142943.63636363635,2144154.5454545454,15.0,93.0
2025-01-26,e-영업3,신규,23.008849557522122,105739.51048951047,2749227.2727272725,26.0,113.0
2025-01-27,e-영업3,신규,22.321428571428573,121425.81818181816,3035645.454545454,25.0,112.0
2025-01-28,e-영업3,신규,16.666666666666664,202552.2727272727,3240836.3636363633,16.0,96.0
2025-01-29,e-영업3,신규,15.625,90272.1212121212,1354081.8181818181,15.0,96.0
2025-01-30,e-영업3,신규,17.91044776119403,210820.07575757572,5059681.818181817,24.0,134.0
2025-01-31,e-영업3,신규,8.552631578947368,204611.18881118877,2659945.454545454,13.0,152.0
2025-02-01,e-영업3,신규,17.36111111111111,207028.0,5175700.0,25.0,144.0
2025-02-02,e-영업3,신규,18.38235294117647,117419.27272727272,2935481.818181818,25.0,136.0
2025-02-03,e-영업3,신규,13.385826771653544,150329.94652406417,2555609.090909091,17.0,127.0
2025-02-04,e-영업3,신규,10.0,37165.90909090909,594654.5454545454,16.0,160.0
2025-02-05,e-영업3,신규,8.588957055214724,242847.4025974026,3399863.6363636362,14.0,163.0
2025-02-06,e-영업3,신규,19.35483870967742,196339.01515151514,4712136.363636363,24.0,124.0
2025-02-07,e-영업3,신규,11.805555555555555,12191.443850267378,207254.54545454544,17.0,144.0
2025-02-08,e-영업3,신규,13.333333333333334,185792.97520661156,4087445.454545454,22.0,165.0
2025-02-09,e-영업3,신규,11.834319526627219,115634.0909090909,2312681.818181818,20.0,169.0
2025-02-10,e-영업3,신규,19.871794871794872,122779.47214076246,3806163.6363636362,31.0,156.0
2025-02-11,e-영업3,신규,9.316770186335404,-65048.48484848485,-975727.2727272727,15.0,161.0
2025-02-12,e-영업3,신규,12.280701754385964,143313.8528138528,3009590.9090909087,21.0,171.0
2025-02-13,e-영업3,신규,7.092198581560284,72659.09090909091,726590.9090909091,10.0,141.0
2025-02-14,e-영업3,신규,15.568862275449103,48912.23776223775,1271718.1818181816,26.0,167.0
2025-02-15,e-영업3,신규,17.647058823529413,205986.36363636362,6179590.909090908,30.0,170.0
2025-02-16,e-영업3,신규,16.666666666666664,143613.88888888888,5170100.0,36.0,216.0
2025-02-17,e-영업3,신규,11.881188118811881,555630.6818181818,13335136.363636363,24.0,202.0
2025-02-18,e-영업3,신규,12.941176470588237,166957.43801652893,3673063.6363636362,22.0,170.0
2025-02-19,e-영업3,신규,11.046511627906977,165608.61244019138,3146563.6363636362,19.0,172.0
2025-02-20,e-영업3,신규,14.102564102564102,140165.28925619833,3083636.3636363633,22.0,156.0
2025-02-21,e-영업3,신규,12.925170068027212,178146.88995215308,3384790.9090909087,19.0,147.0
2025-02-22,e-영업3,신규,16.3265306122449,93177.6515151515,2236263.6363636362,24.0,147.0
2025-02-23,e-영업3,신규,24.11764705882353,156507.0953436807,6416790.909090908,41.0,170.0
2025-02-24,e-영업3,신규,10.869565217391305,319845.45454545453,6396909.090909091,20.0,184.0
2025-02-25,e-영업3,신규,11.30952380952381,93797.60765550239,1782154.5454545454,19.0,168.0
2025-02-26,e-영업3,신규,9.090909090909092,64233.33333333332,770799.9999999999,12.0,132.0
2025-02-27,e-영업3,신규,16.417910447761194,259975.20661157023,5719454.545454545,22.0,134.0
2025-02-28,e-영업3,신규,11.38211382113821,165505.1948051948,2317072.727272727,14.0,123.0
2025-03-01,e-영업3,신규,18.229166666666664,134241.81818181818,4698463.636363636,35.0,192.0
2025-03-02,e-영업3,신규,18.13953488372093,112536.59673659674,4388927.2727272725,39.0,215.0
2025-03-03,e-영업3,신규,16.216216216216218,105628.28282828283,3802618.1818181816,36.0,222.0
2025-03-04,e-영업3,신규,7.602339181286549,289737.06293706293,3766581.818181818,13.0,171.0
2025-03-05,e-영업3,신규,18.88888888888889,110296.25668449198,5625109.090909091,51.0,270.0
2025-03-06,e-영업3,신규,13.389121338912133,61653.12499999999,1972899.9999999998,32.0,239.0
2025-03-07,e-영업3,신규,8.55614973262032,56121.590909090904,897945.4545454545,16.0,187.0
2025-03-08,e-영업3,신규,11.794871794871794,171024.50592885376,3933563.6363636362,23.0,195.0
2025-03-09,e-영업3,신규,16.580310880829018,80538.63636363635,2577236.3636363633,32.0,193.0
2025-03-10,e-영업3,신규,12.149532710280374,124775.17482517482,3244154.5454545454,26.0,214.0
2025-03-11,e-영업3,신규,10.476190476190476,169495.45454545453,3728899.9999999995,22.0,210.0
2025-03-12,e-영업3,신규,13.270142180094787,131519.15584415584,3682536.3636363633,28.0,211.0
2025-03-13,e-영업3,신규,15.0,53198.89807162534,1755563.6363636362,33.0,220.0
2025-03-14,e-영업3,신규,15.53398058252427,123030.68181818181,3936981.818181818,32.0,206.0
2025-03-15,e-영업3,신규,15.021459227467812,151095.5844155844,5288345.454545454,35.0,233.0
2025-03-16,e-영업3,신규,18.3206106870229,106283.9015151515,5101627.2727272725,48.0,262.0
2025-03-17,e-영업3,신규,9.70464135021097,161367.98418972333,3711463.6363636362,23.0,237.0
2025-03-18,e-영업3,신규,10.69767441860465,181245.05928853754,4168636.3636363633,23.0,215.0
2025-03-19,e-영업3,신규,12.385321100917432,101276.43097643097,2734463.6363636362,27.0,218.0
2025-03-20,e-영업3,신규,13.761467889908257,109576.36363636362,3287290.9090909087,30.0,218.0
2025-03-21,e-영업3,신규,9.75609756097561,57607.27272727272,1152145.4545454544,20.0,205.0
2025-03-22,e-영업3,신규,19.704433497536947,81830.22727272726,3273209.090909091,40.0,203.0
2025-03-23,e-영업3,신규,24.4,106323.99403874813,6485763.636363636,61.0,250.0
2025-03-24,e-영업3,신규,13.750000000000002,124462.53443526171,4107263.6363636362,33.0,240.0
2025-03-25,e-영업3,신규,14.893617021276595,194950.43290043288,8187918.181818181,42.0,282.0
2025-03-26,e-영업3,신규,10.074626865671641,11750.84175084175,317272.72727272724,27.0,268.0
2025-03-27,e-영업3,신규,10.849056603773585,57030.83003952569,1311709.0909090908,23.0,212.0
2025-03-28,e-영업3,신규,14.499999999999998,127162.38244514106,3687709.090909091,29.0,200.0
2025-03-29,e-영업3,신규,19.915254237288135,107957.64023210832,5074009.090909091,47.0,236.0
2025-03-30,e-영업3,신규,15.6,204683.86946386943,7982670.909090908,39.0,250.0
2025-03-31,e-영업3,신규,14.09090909090909,77784.1642228739,2411309.090909091,31.0,220.0
2025-04-01,e-영업3,신규,14.285714285714285,187988.92045454544,6015645.454545454,32.0,224.0
2025-04-02,e-영업3,신규,14.027149321266968,118885.33724340175,3685445.454545454,31.0,221.0
2025-04-03,e-영업3,신규,17.741935483870968,139803.0303030303,4613500.0,33.0,186.0
2025-04-04,e-영업3,신규,11.30952380952381,-60212.440191387555,-1144036.3636363635,19.0,168.0
2025-04-05,e-영업3,신규,23.0,137502.76679841898,6325127.2727272725,46.0,200.0
2025-04-06,e-영업3,신규,18.89400921658986,87056.98447893569,3569336.3636363633,41.0,217.0
2025-04-07,e-영업3,신규,14.285714285714285,172876.55502392343,6569309.090909091,38.0,266.0
2025-04-08,e-영업3,신규,15.277777777777779,118483.74655647382,3909963.6363636362,33.0,216.0
2025-04-09,e-영업3,신규,16.26984126984127,64667.627494456756,2651372.727272727,41.0,252.0
2025-04-10,e-영업3,신규,14.213197969543149,127332.14285714284,3565299.9999999995,28.0,197.0
2025-04-11,e-영업3,신규,12.727272727272727,196887.01298701297,4134627.2727272725,21.0,165.0
2025-04-12,e-영업3,신규,14.673913043478262,79618.18181818181,2149690.9090909087,27.0,184.0
2025-04-13,e-영업3,신규,16.74641148325359,80084.93506493505,2802972.727272727,35.0,209.0
2025-04-14,e-영업3,신규,14.492753623188406,143885.45454545453,4316563.636363636,30.0,207.0
2025-04-15,e-영업3,신규,13.170731707317074,166240.40404040404,4488490.909090909,27.0,205.0
2025-04-16,e-영업3,신규,10.27027027027027,25756.459330143538,489372.72727272724,19.0,185.0
2025-04-17,e-영업3,신규,11.848341232227488,80615.99999999999,2015399.9999999998,25.0,211.0
2025-04-18,e-영업3,신규,12.82051282051282,93619.63636363635,2340490.9090909087,25.0,195.0
2025-04-19,e-영업3,신규,17.289719626168225,92698.77149877149,3429854.545454545,37.0,214.0
2025-04-20,e-영업3,신규,15.879828326180256,106003.6855036855,3922136.3636363633,37.0,233.0
2025-04-21,e-영업3,신규,15.96244131455399,75024.33155080213,2550827.2727272725,34.0,213.0
2025-04-22,e-영업3,신규,10.326086956521738,101813.3971291866,1934454.5454545454,19.0,184.0
2025-04-23,e-영업3,신규,15.121951219512194,91120.23460410556,2824727.2727272725,31.0,205.0
2025-04-24,e-영업3,신규,15.277777777777779,110548.76033057852,3648109.090909091,33.0,216.0
2025-04-25,e-영업3,신규,12.745098039215685,61459.440559440554,1597945.4545454544,26.0,204.0
2025-04-26,e-영업3,신규,13.440860215053762,125341.45454545453,3133536.3636363633,25.0,186.0
2025-04-27,e-영업3,신규,15.178571428571427,83467.11229946523,2837881.818181818,34.0,224.0
2025-04-28,e-영업3,신규,8.144796380090497,113978.78787878787,2051618.1818181816,18.0,221.0
2025-04-29,e-영업3,신규,6.701030927835052,298997.2027972028,3886963.6363636362,13.0,194.0
2025-04-30,e-영업3,신규,11.979166666666668,81405.13833992094,1872318.1818181816,23.0,192.0
2025-05-01,e-영업3,신규,15.96244131455399,187818.18181818182,6385818.181818182,34.0,213.0
2025-05-02,e-영업3,신규,5.128205128205128,100528.40909090909,804227.2727272727,8.0,156.0
2025-05-03,e-영업3,신규,13.793103448275861,107776.51515151514,2586636.3636363633,24.0,174.0
2025-05-04,e-영업3,신규,13.496932515337424,199106.19834710742,4380336.363636363,22.0,163.0
2025-05-05,e-영업3,신규,18.867924528301888,94703.03030303029,2841090.9090909087,30.0,159.0
2025-05-06,e-영업3,신규,12.834224598930483,105690.90909090907,2536581.818181818,24.0,187.0
2025-05-07,e-영업3,신규,4.375,88212.98701298701,617490.9090909091,7.0,160.0
2025-05-08,e-영업3,신규,3.896103896103896,639134.8484848485,3834809.090909091,6.0,154.0
2025-05-09,e-영업3,신규,2.515723270440252,-171631.81818181818,-686527.2727272727,4.0,159.0
2025-05-10,e-영업3,신규,14.666666666666666,104014.87603305784,2288327.2727272725,22.0,150.0
2025-05-11,e-영업3,신규,17.28395061728395,82372.72727272726,2306436.3636363633,28.0,162.0
2025-05-12,e-영업3,신규,12.0,115522.9437229437,2425981.818181818,21.0,175.0
2025-05-13,e-영업3,신규,12.352941176470589,159574.45887445885,3351063.6363636362,21.0,170.0
2025-05-14,e-영업3,신규,10.588235294117647,131505.0505050505,2367090.9090909087,18.0,170.0
2025-05-15,e-영업3,신규,5.487804878048781,91670.70707070705,825036.3636363635,9.0,164.0
2025-05-16,e-영업3,신규,12.413793103448276,124810.60606060603,2246590.9090909087,18.0,145.0
2025-05-17,e-영업3,신규,20.689655172413794,118715.1515151515,3561454.545454545,30.0,145.0
2025-05-18,e-영업3,신규,11.538461538461538,81391.77489177488,1709227.2727272725,21.0,182.0
2025-05-19,e-영업3,신규,1.1111111111111112,179904.54545454544,359809.0909090909,2.0,180.0
2025-05-20,e-영업3,신규,13.664596273291925,90723.14049586776,1995909.0909090908,22.0,161.0
2025-05-21,e-영업3,신규,13.793103448275861,84652.33766233765,2370265.454545454,28.0,203.0
2025-05-22,e-영업3,신규,10.619469026548673,188092.42424242423,4514218.181818182,24.0,226.0
2025-05-23,e-영업3,신규,11.494252873563218,151773.86363636362,3035477.2727272725,20.0,174.0
2025-05-24,e-영업3,신규,17.708333333333336,121077.40641711229,4116631.818181818,34.0,192.0
2025-05-25,e-영업3,신규,11.76470588235294,151462.1212121212,3635090.9090909087,24.0,204.0
2025-05-26,e-영업3,신규,,102306.81818181818,2659977.2727272725,26.0,0.0
2025-05-27,e-영업3,신규,11.11111111111111,105570.12987012987,2216972.727272727,21.0,189.0
2025-05-28,e-영업3,신규,17.098445595854923,102176.85950413223,3371836.3636363633,33.0,193.0
2025-05-29,e-영업3,신규,10.982658959537572,75550.23923444976,1435454.5454545454,19.0,173.0
2025-05-30,e-영업3,신규,11.242603550295858,-8336.363636363636,-158390.9090909091,19.0,169.0
2025-05-31,e-영업3,신규,16.38418079096045,172944.51410658305,5015390.909090908,29.0,177.0
2025-06-01,e-영업3,신규,15.625,92641.55844155845,3242454.5454545454,35.0,224.0
2025-06-02,e-영업3,신규,9.72972972972973,101169.19191919192,1821045.4545454544,18.0,185.0
2025-06-03,e-영업3,신규,17.543859649122805,73728.40909090909,2949136.3636363633,40.0,228.0
2025-06-04,e-영업3,신규,11.214953271028037,59952.65151515151,1438863.6363636362,24.0,214.0
2025-06-05,e-영업3,신규,9.696969696969697,103222.15909090909,1651554.5454545454,16.0,165.0
2025-06-06,e-영업3,신규,19.900497512437813,73888.63636363635,2955545.454545454,40.0,201.0
2025-06-07,e-영업3,신규,17.02127659574468,94789.77272727272,3033272.727272727,32.0,188.0
2025-06-08,e-영업3,신규,16.230366492146597,69460.41055718475,2153272.727272727,31.0,191.0
2025-06-09,e-영업3,신규,10.69767441860465,192302.76679841895,4422963.636363636,23.0,215.0
2025-06-10,e-영업3,신규,14.37125748502994,32636.363636363632,783272.7272727272,24.0,167.0
2025-06-11,e-영업3,신규,9.714285714285714,107697.32620320855,1830854.5454545454,17.0,175.0
2025-06-12,e-영업3,신규,13.513513513513514,118647.27272727272,2966181.818181818,25.0,185.0
2025-06-13,e-영업3,신규,14.619883040935672,177384.72727272726,4434618.181818182,25.0,171.0
2025-06-14,e-영업3,신규,13.496932515337424,74720.66115702479,1643854.5454545454,22.0,163.0
2025-06-15,e-영업3,신규,16.299559471365637,143548.89434889433,5311309.090909091,37.0,227.0
2025-06-16,e-영업3,신규,16.756756756756758,120077.71260997067,3722409.090909091,31.0,185.0
2025-06-17,e-영업3,신규,13.063063063063062,144357.05329153602,4186354.545454545,29.0,222.0
2025-06-18,e-영업3,신규,10.144927536231885,212063.63636363632,5937781.818181817,28.0,276.0
2025-06-19,e-영업3,신규,8.673469387755102,82712.29946524063,1406109.0909090908,17.0,196.0
2025-06-20,e-영업3,신규,11.11111111111111,144353.30578512396,3175772.727272727,22.0,198.0
2025-06-21,e-영업3,신규,16.3265306122449,115696.87499999999,3702299.9999999995,32.0,196.0
2025-06-22,e-영업3,신규,12.863070539419086,117483.57771260996,3641990.9090909087,31.0,241.0
2025-06-23,e-영업3,신규,12.442396313364055,51001.0101010101,1377027.2727272727,27.0,217.0
2025-06-24,e-영업3,신규,7.389162561576355,110972.72727272726,1664590.909090909,15.0,203.0
2025-06-25,e-영업3,신규,5.9880239520958085,-20897.272727272728,-208972.72727272726,10.0,167.0
2025-06-26,e-영업3,신규,9.183673469387756,46924.24242424242,844636.3636363635,18.0,196.0
2025-06-27,e-영업3,신규,11.428571428571429,119061.36363636362,2381227.2727272725,20.0,175.0
2025-06-28,e-영업3,신규,14.678899082568808,77536.07954545454,2481154.5454545454,32.0,218.0
2025-06-29,e-영업3,신규,12.903225806451612,77600.37878787878,1862409.0909090908,24.0,186.0
2025-06-30,e-영업3,신규,13.989637305699482,97090.90909090909,2621454.5454545454,27.0,193.0
2025-07-01,e-영업3,신규,10.27027027027027,180705.74162679425,3433409.090909091,19.0,185.0
2025-07-02,e-영업3,신규,7.303370786516854,258863.63636363635,3365227.2727272725,13.0,178.0
2025-07-03,e-영업3,신규,9.6045197740113,159770.0534759358,2716090.9090909087,17.0,177.0
2025-07-04,e-영업3,신규,6.832298136645963,96869.4214876033,1065563.6363636362,11.0,161.0
2025-07-05,e-영업3,신규,17.46031746031746,87082.09366391184,2873709.090909091,33.0,189.0
2025-07-06,e-영업3,신규,15.346534653465346,93262.75659824045,2891145.454545454,31.0,202.0
2025-07-07,e-영업3,신규,6.770833333333333,154306.2937062937,2005981.8181818181,13.0,192.0
2025-07-08,e-영업3,신규,11.224489795918368,299080.9917355371,6579781.818181817,22.0,196.0
2025-07-09,e-영업3,신규,16.831683168316832,143198.12834224597,4868736.363636363,34.0,202.0
2025-07-10,e-영업3,신규,13.227513227513226,83025.3818181818,2075634.5454545452,25.0,189.0
2025-07-11,e-영업3,신규,12.70718232044199,72223.32015810277,1661136.3636363635,23.0,181.0
2025-07-12,e-영업3,신규,18.048780487804876,123616.21621621621,4573800.0,37.0,205.0
2025-07-13,e-영업3,신규,18.51851851851852,122370.64935064933,4282972.727272727,35.0,189.0
2025-07-14,e-영업3,신규,8.333333333333332,197740.90909090906,3559336.3636363633,18.0,216.0
2025-07-15,e-영업3,신규,12.209302325581394,327478.35497835494,6877045.454545454,21.0,172.0
2025-07-16,e-영업3,신규,11.374407582938389,33995.07575757575,815881.8181818181,24.0,211.0
2025-07-17,e-영업3,신규,10.99476439790576,201148.48484848483,4224118.181818182,21.0,191.0
2025-07-18,e-영업3,신규,12.886597938144329,115463.01818181816,2886575.454545454,25.0,194.0
2025-07-19,e-영업3,신규,16.875,142467.34006734006,3846618.1818181816,27.0,160.0
2025-07-20,e-영업3,신규,18.22429906542056,152136.36363636362,5933318.181818182,39.0,214.0
2025-07-21,e-영업3,신규,9.268292682926829,94746.8899521531,1800190.909090909,19.0,205.0
2025-07-22,e-영업3,신규,8.333333333333332,117235.1515151515,1758527.2727272725,15.0,180.0
2025-07-23,e-영업3,신규,7.801418439716312,269029.7520661157,2959327.2727272725,11.0,141.0
2025-07-24,e-영업3,신규,10.596026490066226,59339.204545454544,949427.2727272727,16.0,151.0
2025-07-25,e-영업3,신규,10.596026490066226,247136.36363636362,3954181.818181818,16.0,151.0
2025-07-26,e-영업3,신규,10.071942446043165,99844.80519480519,1397827.2727272727,14.0,139.0
2025-07-27,e-영업3,신규,11.711711711711711,75332.16783216783,1958636.3636363635,26.0,222.0
2025-07-28,e-영업3,신규,9.090909090909092,98252.27272727272,1572036.3636363635,16.0,176.0
2025-07-29,e-영업3,신규,9.210526315789473,142285.06493506493,1991990.909090909,14.0,152.0
2025-07-30,e-영업3,신규,12.269938650306749,70174.09090909091,1403481.8181818181,20.0,163.0
2025-07-31,e-영업3,신규,10.06711409395973,55289.69696969697,829345.4545454545,15.0,149.0
2025-08-01,e-영업3,신규,15.09433962264151,183756.06060606058,4410145.454545454,24.0,159.0
2025-08-02,e-영업3,신규,18.29268292682927,121991.33333333331,3659739.9999999995,30.0,164.0
2025-08-03,e-영업3,신규,15.306122448979592,133582.72727272726,4007481.818181818,30.0,196.0
2025-08-04,e-영업3,신규,11.16751269035533,105652.47933884297,2324354.5454545454,22.0,197.0
2025-08-05,e-영업3,신규,14.0625,169698.58585858584,4581861.818181817,27.0,192.0
2025-08-06,e-영업3,신규,13.5678391959799,148965.65656565657,4022072.727272727,27.0,199.0
2025-08-07,e-영업3,신규,7.8817733990147785,203795.45454545453,3260727.2727272725,16.0,203.0
2025-08-08,e-영업3,신규,8.791208791208792,236353.40909090906,3781654.545454545,16.0,182.0
2025-08-09,e-영업3,신규,10.843373493975903,107042.92929292929,1926772.727272727,18.0,166.0
2025-08-10,e-영업3,신규,17.073170731707318,108461.25541125539,4555372.727272727,42.0,246.0
2025-08-11,e-영업3,신규,7.653061224489796,601636.9696969696,9024554.545454545,15.0,196.0
2025-08-12,e-영업3,신규,6.2857142857142865,343233.22314049583,3775565.454545454,11.0,175.0
2025-08-13,e-영업3,신규,7.368421052631578,54634.41558441558,764881.8181818181,14.0,190.0
2025-08-14,e-영업3,신규,5.769230769230769,292181.8181818181,2629636.3636363633,9.0,156.0
2025-08-15,e-영업3,신규,9.929078014184398,188009.74025974024,2632136.3636363633,14.0,141.0
2025-08-16,e-영업3,신규,12.258064516129032,147053.1100478469,2794009.090909091,19.0,155.0
2025-08-17,e-영업3,신규,15.425531914893616,118031.03448275861,3422899.9999999995,29.0,188.0
2025-08-18,e-영업3,신규,10.526315789473683,-14721.074380165288,-323863.63636363635,22.0,209.0
2025-08-19,e-영업3,신규,11.428571428571429,171201.36363636362,3424027.2727272725,20.0,175.0
2025-08-20,e-영업3,신규,10.05586592178771,103507.57575757575,1863136.3636363635,18.0,179.0
2025-08-21,e-영업3,신규,6.185567010309279,31293.939393939392,375527.2727272727,12.0,194.0
2025-08-22,e-영업3,신규,10.778443113772456,246055.55555555556,4429000.0,18.0,167.0
2025-08-23,e-영업3,신규,11.03896103896104,204927.807486631,3483772.727272727,17.0,154.0
2025-08-24,e-영업3,신규,16.901408450704224,175371.21212121213,4208909.090909091,24.0,142.0
2025-08-25,e-영업3,신규,11.409395973154362,268804.81283422455,4569681.818181817,17.0,149.0
2025-08-26,e-영업3,신규,8.125,249115.38461538457,3238499.9999999995,13.0,160.0
2025-08-27,e-영업3,신규,8.108108108108109,131378.78787878787,1576545.4545454544,12.0,148.0
2025-08-28,e-영업3,신규,8.280254777070063,146471.32867132867,1904127.2727272725,13.0,157.0
2025-08-29,e-영업3,신규,8.720930232558139,72555.75757575757,1088336.3636363635,15.0,172.0
2025-08-30,e-영업3,신규,10.27027027027027,123534.92822966506,2347163.6363636362,19.0,185.0
2025-08-31,e-영업3,신규,16.577540106951872,163173.60703812315,5058381.818181817,31.0,187.0
2025-09-01,e-영업3,신규,12.173913043478262,141580.84415584416,3964263.6363636362,28.0,230.0
2025-09-02,e-영업3,신규,12.5,155495.1048951049,4042872.727272727,26.0,208.0
2025-09-03,e-영업3,신규,12.903225806451612,126947.07792207792,3554518.1818181816,28.0,217.0
2025-09-04,e-영업3,신규,7.8125,90803.63636363637,1362054.5454545454,15.0,192.0
2025-09-05,e-영업3,신규,6.0109289617486334,445382.64462809917,4899209.090909091,11.0,183.0
2025-09-06,e-영업3,신규,6.432748538011696,134182.64462809917,1476009.0909090908,11.0,171.0
2025-09-07,e-영업3,신규,11.737089201877934,145040.36363636365,3626009.090909091,25.0,213.0
2025-09-08,e-영업3,신규,5.527638190954774,46757.85123966942,514336.3636363636,11.0,199.0
2025-09-09,e-영업3,신규,9.95475113122172,194634.71074380164,4281963.636363636,22.0,221.0
2025-09-10,e-영업3,신규,12.435233160621761,225974.6212121212,5423390.909090908,24.0,193.0
2025-09-11,e-영업3,신규,5.797101449275362,658956.8181818181,7907481.818181817,12.0,207.0
2025-09-12,e-영업3,신규,9.45945945945946,22240.69264069264,467054.5454545454,21.0,222.0
2025-09-13,e-영업3,신규,12.236286919831224,171614.1065830721,4976809.090909091,29.0,237.0
2025-09-14,e-영업3,신규,19.900497512437813,133342.5,5333700.0,40.0,201.0
2025-09-15,e-영업3,신규,14.356435643564355,242605.01567398116,7035545.454545454,29.0,202.0
2025-09-16,e-영업3,신규,9.821428571428571,117018.18181818182,2574400.0,22.0,224.0
2025-09-17,e-영업3,신규,19.339622641509436,267728.8248337028,10976881.818181816,41.0,212.0
2025-09-18,e-영업3,신규,5.319148936170213,134692.72727272726,1346927.2727272727,10.0,188.0
2025-09-19,e-영업3,신규,11.363636363636363,252744.5454545454,5054890.909090908,20.0,176.0
2025-09-20,e-영업3,신규,10.407239819004525,132333.99209486163,3043681.818181818,23.0,221.0
2025-09-21,e-영업3,신규,12.962962962962962,247831.94805194804,8674118.181818182,35.0,270.0
2025-09-22,e-영업3,신규,8.46774193548387,294074.45887445885,6175563.636363636,21.0,248.0
2025-09-23,e-영업3,신규,10.483870967741936,232962.5874125874,6057027.2727272725,26.0,248.0
2025-09-24,e-영업3,신규,11.538461538461538,321438.7205387205,8678845.454545453,27.0,234.0
2025-09-25,e-영업3,신규,10.526315789473683,150744.40559440557,3919354.545454545,26.0,247.0
2025-09-26,e-영업3,신규,8.823529411764707,354412.98701298697,7442672.727272727,21.0,238.0
2025-09-27,e-영업3,신규,12.682926829268293,202411.8881118881,5262709.090909091,26.0,205.0
2025-09-28,e-영업3,신규,11.637931034482758,252905.7239057239,6828454.545454545,27.0,232.0
2025-09-29,e-영업3,신규,7.916666666666666,157057.41626794255,2984090.9090909087,19.0,240.0
2025-09-30,e-영업3,신규,8.597285067873303,280040.6698564593,5320772.727272727,19.0,221.0
2025-10-01,e-영업3,신규,5.027932960893855,-143717.1717171717,-1293454.5454545454,9.0,179.0
2025-10-02,e-영업3,신규,3.3333333333333335,196581.81818181818,982909.0909090908,5.0,150.0
2025-10-03,e-영업3,신규,8.13953488372093,149201.29870129869,2088818.1818181816,14.0,172.0
2025-10-04,e-영업3,신규,10.256410256410255,304718.75,4875500.0,16.0,156.0
2025-10-05,e-영업3,신규,11.65644171779141,172291.86602870811,3273545.454545454,19.0,163.0
2025-10-06,e-영업3,신규,5.369127516778524,233410.22727272726,1867281.8181818181,8.0,149.0
2025-10-07,e-영업3,신규,8.292682926829269,123411.76470588235,2098000.0,17.0,205.0
2025-10-08,e-영업3,신규,10.344827586206897,202382.68398268396,4250036.363636363,21.0,203.0
2025-10-09,e-영업3,신규,15.151515151515152,253808.05194805196,8883281.818181818,35.0,231.0
2025-10-10,e-영업3,신규,4.471544715447155,-10138.842975206611,-111527.27272727272,11.0,246.0
2025-10-11,e-영업3,신규,12.440191387559809,105089.86013986013,2732336.3636363633,26.0,209.0
2025-10-12,e-영업3,신규,12.681159420289855,317325.974025974,11106409.09090909,35.0,276.0
2025-10-13,e-영업3,신규,4.044117647058823,76082.64462809917,836909.0909090908,11.0,272.0
2025-10-14,e-영업3,신규,7.835820895522389,398265.3679653679,8363572.727272727,21.0,268.0
2025-10-15,e-영업3,신규,7.5396825396825395,208723.44497607654,3965745.454545454,19.0,252.0
2025-10-16,e-영업3,신규,12.334801762114537,641666.2337662337,17966654.545454543,28.0,227.0
2025-10-17,e-영업3,신규,13.942307692307693,57780.250783699055,1675627.2727272727,29.0,208.0
2025-10-18,e-영업3,신규,12.015503875968992,179749.26686217007,5572227.2727272725,31.0,258.0
2025-10-19,e-영업3,신규,16.554054054054053,151882.93135435993,7442263.636363636,49.0,296.0
2025-10-20,e-영업3,신규,12.82051282051282,72933.18181818181,2917327.2727272725,40.0,312.0
2025-10-21,e-영업3,신규,7.848837209302325,108405.05050505049,2926936.3636363633,27.0,344.0
2025-10-22,e-영업3,신규,10.606060606060606,135946.23376623375,4758118.181818182,35.0,330.0
2025-10-23,e-영업3,신규,6.779661016949152,203181.36363636362,4063627.2727272725,20.0,295.0
2025-10-24,e-영업3,신규,8.695652173913043,250582.23140495867,5512809.090909091,22.0,253.0
2025-10-25,e-영업3,신규,9.322033898305085,114464.87603305784,2518227.2727272725,22.0,236.0
2025-10-26,e-영업3,신규,11.071428571428571,301070.96774193546,9333200.0,31.0,280.0
2025-10-27,e-영업3,신규,9.937888198757763,286759.9431818182,9176318.181818182,32.0,322.0
2025-10-28,e-영업3,신규,9.124087591240876,166633.0909090909,4165827.2727272725,25.0,274.0
2025-10-29,e-영업3,신규,10.989010989010989,174723.33333333334,5241700.0,30.0,273.0
2025-10-30,e-영업3,신규,14.345991561181433,175426.73796791444,5964509.090909091,34.0,237.0
2025-10-31,e-영업3,신규,6.0606060606060606,320731.0606060606,3848772.727272727,12.0,198.0
2025-11-01,e-영업3,신규,8.81057268722467,282294.0909090909,5645881.818181817,20.0,227.0
2025-11-02,e-영업3,신규,7.608695652173914,115766.23376623375,2431090.9090909087,21.0,276.0
2025-11-03,e-영업3,신규,12.802768166089965,228142.2604422604,8441263.636363635,37.0,289.0
2025-11-04,e-영업3,신규,6.312292358803987,219391.86602870811,4168445.454545454,19.0,301.0
2025-11-05,e-영업3,신규,9.433962264150944,207919.63636363632,5197990.909090908,25.0,265.0
2025-11-06,e-영업3,신규,10.0,443381.06060606055,10641145.454545453,24.0,240.0
2025-11-07,e-영업3,신규,9.803921568627452,333150.90909090906,6663018.181818182,20.0,204.0
2025-11-08,e-영업3,신규,11.940298507462686,155067.61363636362,4962163.636363636,32.0,268.0
2025-11-09,e-영업3,신규,14.440433212996389,88959.77272727272,3558390.9090909087,40.0,277.0
2025-11-10,e-영업3,신규,9.333333333333334,14392.207792207791,402981.8181818182,28.0,300.0
2025-11-11,e-영업3,신규,8.16326530612245,131648.86363636362,3159572.727272727,24.0,294.0
2025-11-12,e-영업3,신규,10.847457627118644,162096.0227272727,5187072.727272727,32.0,295.0
2025-11-13,e-영업3,신규,9.364548494983277,127461.6883116883,3568927.2727272725,28.0,299.0
2025-11-14,e-영업3,신규,6.2745098039215685,131323.29545454544,2101172.727272727,16.0,255.0
2025-11-15,e-영업3,신규,9.920634920634921,252539.2727272727,6313481.818181817,25.0,252.0
2025-11-16,e-영업3,신규,13.395638629283487,329010.57082452433,14147454.545454545,43.0,321.0
2025-11-17,e-영업3,신규,12.149532710280374,17345.221445221447,676463.6363636364,39.0,321.0
2025-11-18,e-영업3,신규,9.294871794871796,155691.84952978053,4515063.636363636,29.0,312.0
2025-11-19,e-영업3,신규,8.484848484848486,139964.93506493507,3919018.1818181816,28.0,330.0
2025-11-20,e-영업3,신규,5.303030303030303,1793812.9870129868,25113381.818181816,14.0,264.0
2025-11-21,e-영업3,신규,5.185185185185185,434492.8571428571,6082899.999999999,14.0,270.0
2025-11-22,e-영업3,신규,13.120567375886525,168827.027027027,6246599.999999999,37.0,282.0
2025-11-23,e-영업3,신규,14.367816091954023,194860.54545454544,9743027.272727272,50.0,348.0
2025-11-24,e-영업3,신규,8.262108262108262,160042.00626959247,4641218.181818182,29.0,351.0
2025-11-25,e-영업3,신규,7.81758957654723,226753.03030303027,5442072.727272727,24.0,307.0
2025-11-26,e-영업3,신규,10.69182389937107,258962.56684491975,8804727.272727272,34.0,318.0
2025-11-27,e-영업3,신규,12.786885245901638,147955.94405594404,5770281.818181817,39.0,305.0
2025-11-28,e-영업3,신규,8.544303797468354,160072.39057239055,4321954.545454545,27.0,316.0
2025-11-29,e-영업3,신규,10.452961672473867,146326.9696969697,4389809.090909091,30.0,287.0
2025-11-30,e-영업3,신규,13.502109704641349,148841.76136363635,4762936.363636363,32.0,237.0
2025-12-01,e-영업3,신규,10.064935064935066,204400.8797653959,6336427.2727272725,31.0,308.0
2025-12-02,e-영업3,신규,10.99290780141844,193625.21994134894,6002381.818181817,31.0,282.0
2025-12-03,e-영업3,신규,8.873720136518772,55584.96503496503,1445209.0909090908,26.0,293.0
2025-12-04,e-영업3,신규,12.355212355212355,228306.24999999997,7305799.999999999,32.0,259.0
2025-12-05,e-영업3,신규,10.040160642570282,154220.36363636365,3855509.090909091,25.0,249.0
2025-12-06,e-영업3,신규,7.581227436823104,132036.79653679652,2772772.727272727,21.0,277.0
2025-12-07,e-영업3,신규,15.853658536585366,176277.79720279717,9166445.454545453,52.0,328.0
2025-12-08,e-영업3,신규,6.9306930693069315,451701.29870129866,9485727.272727272,21.0,303.0
2025-12-09,e-영업3,신규,8.47953216374269,32120.68965517241,931499.9999999999,29.0,342.0
2025-12-10,e-영업3,신규,9.285714285714286,305507.69230769225,7943199.999999999,26.0,280.0
2025-12-11,e-영업3,신규,7.90273556231003,557723.0769230769,14500799.999999998,26.0,329.0
2025-12-12,e-영업3,신규,5.574912891986063,112296.02272727272,1796736.3636363635,16.0,287.0
2025-12-13,e-영업3,신규,12.162162162162163,189573.98989898988,6824663.636363636,36.0,296.0
2025-12-14,e-영업3,신규,12.365591397849462,478418.1818181818,22007236.363636363,46.0,372.0
2025-12-15,e-영업3,신규,7.736389684813753,1196992.5925925924,32318799.999999996,27.0,349.0
2025-12-16,e-영업3,신규,8.38709677419355,127269.93006993007,3309018.1818181816,26.0,310.0
2025-12-17,e-영업3,신규,9.119496855345911,302982.131661442,8786481.818181818,29.0,318.0
2025-12-18,e-영업3,신규,7.636363636363637,271721.645021645,5706154.545454545,21.0,275.0
2025-12-19,e-영업3,신규,9.387755102040817,660530.0395256917,15192190.909090908,23.0,245.0
2025-12-20,e-영업3,신규,8.370044052863436,288189.4736842105,5475600.0,19.0,227.0
2025-12-21,e-영업3,신규,9.523809523809524,140724.2424242424,3377381.818181818,24.0,252.0
2025-12-22,e-영업3,신규,9.40766550522648,850522.5589225589,22964109.09090909,27.0,287.0
2025-12-23,e-영업3,신규,4.635761589403973,654912.987012987,9168781.818181818,14.0,302.0
2025-12-24,e-영업3,신규,5.8558558558558556,-113530.06993006992,-1475890.909090909,13.0,222.0
2025-12-25,e-영업3,신규,11.37123745819398,199433.1550802139,6780727.2727272725,34.0,299.0
2025-12-26,e-영업3,신규,8.303249097472925,206568.3794466403,4751072.727272727,23.0,277.0
2025-12-27,e-영업3,신규,13.422818791946309,179686.13636363635,7187445.454545454,40.0,298.0
2025-12-28,e-영업3,신규,12.121212121212121,173901.59090909088,6956063.636363636,40.0,330.0
2025-12-29,e-영업3,신규,7.886435331230284,123710.18181818182,3092754.5454545454,25.0,317.0
2025-12-30,e-영업3,신규,3.5856573705179287,499002.0202020202,4491018.181818182,9.0,251.0
2025-12-31,e-영업3,신규,8.898305084745763,346193.5064935065,7270063.636363636,21.0,236.0
2025-01-01,e-영업3,전체,1.7171319963297942,178227.4809160305,23347799.999999996,131.0,7629.0
2025-01-02,e-영업3,전체,0.7650414937759336,101755.00770416023,6003545.454545454,59.0,7712.0
2025-01-03,e-영업3,전체,1.1559868702725846,120300.0,9744300.0,81.0,7007.0
2025-01-04,e-영업3,전체,1.8010752688172043,234218.3175033921,31385254.545454543,134.0,7440.0
2025-01-05,e-영업3,전체,1.6302952503209245,116709.94989262705,14822163.636363635,127.0,7790.0
2025-01-06,e-영업3,전체,1.2073769404272257,146741.75824175822,13353499.999999998,91.0,7537.0
2025-01-07,e-영업3,전체,1.3734128012438456,189735.33447684388,20111945.454545453,106.0,7718.0
2025-01-08,e-영업3,전체,1.6151245774383372,180581.3953488372,23294999.999999996,129.0,7987.0
2025-01-09,e-영업3,전체,1.186463529729001,255451.4462809917,22479727.27272727,88.0,7417.0
2025-01-10,e-영업3,전체,1.2204087634171445,209371.30339539977,17377818.18181818,83.0,6801.0
2025-01-11,e-영업3,전체,1.9046332567877886,136849.96776273372,19295845.454545453,141.0,7403.0
2025-01-12,e-영업3,전체,1.918583200098389,173050.81585081582,26995927.27272727,156.0,8131.0
2025-01-13,e-영업3,전체,1.0831234256926952,152125.89852008456,13082827.272727272,86.0,7940.0
2025-01-14,e-영업3,전체,1.1096256684491979,174768.017524644,14505745.454545453,83.0,7480.0
2025-01-15,e-영업3,전체,1.2941961307538359,219132.52108716025,21255854.545454543,97.0,7495.0
2025-01-16,e-영업3,전체,1.4126840997896002,150390.42553191487,14136699.999999998,94.0,6654.0
2025-01-17,e-영업3,전체,0.9162085623854739,10467.438016528924,575709.0909090908,55.0,6003.0
2025-01-18,e-영업3,전체,1.6563819421890225,164683.8680926916,16797754.545454543,102.0,6158.0
2025-01-19,e-영업3,전체,1.5670767428236674,161887.6805437553,17321981.818181816,107.0,6828.0
2025-01-20,e-영업3,전체,1.3229457592238718,116007.1717171717,10440645.454545453,90.0,6803.0
2025-01-21,e-영업3,전체,0.9942127912153138,199042.74084124828,13335863.636363635,67.0,6739.0
2025-01-22,e-영업3,전체,0.928,101054.85893416927,5861181.818181817,58.0,6250.0
2025-01-23,e-영업3,전체,0.87546900125067,214491.83673469388,10510100.0,49.0,5597.0
2025-01-24,e-영업3,전체,0.8910490076954233,153627.2727272727,6759599.999999999,44.0,4938.0
2025-01-25,e-영업3,전체,1.9183750235094978,159532.35294117645,16272299.999999998,102.0,5317.0
2025-01-26,e-영업3,전체,2.2101385721803193,84519.91341991341,10649509.09090909,126.0,5701.0
2025-01-27,e-영업3,전체,1.6657899351218655,208219.04306220094,19780809.09090909,95.0,5703.0
2025-01-28,e-영업3,전체,1.6458672454331704,160314.08591408588,14588581.818181816,91.0,5529.0
2025-01-29,e-영업3,전체,1.1698044233229756,208810.51136363635,13363872.727272727,64.0,5471.0
2025-01-30,e-영업3,전체,1.4273230410719489,92780.33395176251,9092472.727272727,98.0,6866.0
2025-01-31,e-영업3,전체,1.1812812358019082,74058.3916083916,5776554.545454545,78.0,6603.0
2025-02-01,e-영업3,전체,1.883434672994216,210078.81173944165,26680009.09090909,127.0,6743.0
2025-02-02,e-영업3,전체,1.3738060970822976,137964.2424242424,14486245.454545453,105.0,7643.0
2025-02-03,e-영업3,전체,0.541002277904328,112528.70813397129,4276090.909090909,38.0,7024.0
2025-02-04,e-영업3,전체,1.4197619389072136,145171.34986225894,14371963.636363635,99.0,6973.0
2025-02-05,e-영업3,전체,1.3597033374536465,166823.50780532596,16515527.272727272,99.0,7281.0
2025-02-06,e-영업3,전체,1.3273086698672691,155854.6421663443,14650336.363636363,94.0,7082.0
2025-02-07,e-영업3,전체,1.6586248492159228,204594.54545454544,22505400.0,110.0,6632.0
2025-02-08,e-영업3,전체,1.7436183568140604,185041.59999999998,23130199.999999996,125.0,7169.0
2025-02-09,e-영업3,전체,1.7379679144385027,243429.44055944053,31645827.27272727,130.0,7480.0
2025-02-10,e-영업3,전체,1.3205956729418376,84474.7582205029,7940627.2727272725,94.0,7118.0
2025-02-11,e-영업3,전체,1.3062812673707616,95695.93810444874,8995418.181818182,94.0,7196.0
2025-02-12,e-영업3,전체,1.5275656158866824,152892.64462809914,16818190.909090906,110.0,7201.0
2025-02-13,e-영업3,전체,0.8827785817655571,188429.95529061102,11494227.272727272,61.0,6910.0
2025-02-14,e-영업3,전체,1.8206039076376554,165366.0014781966,20340018.18181818,123.0,6756.0
2025-02-15,e-영업3,전체,1.9154370034052213,177075.42087542085,23905181.818181816,135.0,7048.0
2025-02-16,e-영업3,전체,2.3158413402315845,185880.07736943904,34945454.54545454,188.0,8118.0
2025-02-17,e-영업3,전체,1.3746630727762803,179739.48306595362,18333427.27272727,102.0,7420.0
2025-02-18,e-영업3,전체,1.1065191307825624,153987.07557502738,12780927.272727272,83.0,7501.0
2025-02-19,e-영업3,전체,1.4214641080312722,144413.54545454544,14441354.545454545,100.0,7035.0
2025-02-20,e-영업3,전체,1.4332450537466896,133467.09486166007,12278972.727272727,92.0,6419.0
2025-02-21,e-영업3,전체,1.7438173747622066,172127.0247933884,18933972.727272727,110.0,6308.0
2025-02-22,e-영업3,전체,2.063653538729836,136003.77720870677,19312536.363636363,142.0,6881.0
2025-02-23,e-영업3,전체,2.535657686212361,136801.3986013986,28454690.909090906,208.0,8203.0
2025-02-24,e-영업3,전체,1.4654389832706525,347689.863234111,39288954.54545454,113.0,7711.0
2025-02-25,e-영업3,전체,1.1302627860977676,237737.95454545453,19019036.363636363,80.0,7078.0
2025-02-26,e-영업3,전체,1.1793166011490779,92338.22843822843,7202381.818181817,78.0,6614.0
2025-02-27,e-영업3,전체,1.4970059880239521,178152.92929292927,16033763.636363635,90.0,6012.0
2025-02-28,e-영업3,전체,1.4128728414442702,112305.27497194162,9096727.272727272,81.0,5733.0
2025-03-01,e-영업3,전체,2.22707423580786,142969.81580510992,21874381.818181816,153.0,6870.0
2025-03-02,e-영업3,전체,2.249867654843833,148775.935828877,25291909.09090909,170.0,7556.0
2025-03-03,e-영업3,전체,2.171276079573023,146377.70441848654,26201609.09090909,179.0,8244.0
2025-03-04,e-영업3,전체,1.2173191312768017,134996.59090909088,11879699.999999998,88.0,7229.0
2025-03-05,e-영업3,전체,3.125,108603.38645418326,27259449.999999996,251.0,8032.0
2025-03-06,e-영업3,전체,2.399232245681382,116960.90909090909,23392181.818181816,200.0,8336.0
2025-03-07,e-영업3,전체,1.3679311803694825,83009.0909090909,8051881.818181817,97.0,7091.0
2025-03-08,e-영업3,전체,2.1865121180189675,130978.58707557502,21742445.454545453,166.0,7592.0
2025-03-09,e-영업3,전체,2.325855962219599,109099.76926626671,21492654.545454543,197.0,8470.0
2025-03-10,e-영업3,전체,1.4714750934748522,109322.95081967211,13337399.999999998,122.0,8291.0
2025-03-11,e-영업3,전체,1.6596002422774074,133560.4512276045,18297781.818181816,137.0,8255.0
2025-03-12,e-영업3,전체,2.0152968313706445,102023.98685651696,16935981.818181816,166.0,8237.0
2025-03-13,e-영업3,전체,2.1864362398533648,78753.23897659227,13151790.909090908,167.0,7638.0
2025-03-14,e-영업3,전체,2.4807873803424565,118997.3814229249,21895518.18181818,184.0,7417.0
2025-03-15,e-영업3,전체,2.5220372184133204,111678.68490732567,23005809.09090909,206.0,8168.0
2025-03-16,e-영업3,전체,2.812463531333878,106390.75820445115,25640172.727272727,241.0,8569.0
2025-03-17,e-영업3,전체,2.1420374856559987,117231.1147186147,19694827.27272727,168.0,7843.0
2025-03-18,e-영업3,전체,1.8402282453637662,114989.71106412966,14833672.727272727,129.0,7010.0
2025-03-19,e-영업3,전체,2.2330375035785854,84367.77389277388,13161372.727272727,156.0,6986.0
2025-03-20,e-영업3,전체,2.3767244911897283,120167.08463949843,20909072.727272727,174.0,7321.0
2025-03-21,e-영업3,전체,1.7891754882958102,86128.27272727272,10335392.727272727,120.0,6707.0
2025-03-22,e-영업3,전체,3.751803751803752,109834.72027972026,28557027.27272727,260.0,6930.0
2025-03-23,e-영업3,전체,3.554383320773675,105158.7214905236,29759918.18181818,283.0,7962.0
2025-03-24,e-영업3,전체,2.277933316365487,108531.33570340274,19427109.09090909,179.0,7858.0
2025-03-25,e-영업3,전체,2.34423968910618,105036.21779290229,19641772.727272727,187.0,7977.0
2025-03-26,e-영업3,전체,2.1831337325349303,51910.493506493505,9084336.363636363,175.0,8016.0
2025-03-27,e-영업3,전체,1.7175048090134653,122302.47272727272,15287809.09090909,125.0,7278.0
2025-03-28,e-영업3,전체,1.8225039619651346,133556.76679841895,15359028.18181818,115.0,6310.0
2025-03-29,e-영업3,전체,3.773864140890928,119845.86809269161,30560696.36363636,255.0,6757.0
2025-03-30,e-영업3,전체,2.9076944177753394,147223.72212692967,31211429.09090909,212.0,7291.0
2025-03-31,e-영업3,전체,1.8122146118721463,62091.052254831775,7885563.636363636,127.0,7008.0
2025-04-01,e-영업3,전체,2.08587295137478,176539.2561983471,27187045.454545453,154.0,7383.0
2025-04-02,e-영업3,전체,2.5163353260114,154892.92817679557,28035619.999999996,181.0,7193.0
2025-04-03,e-영업3,전체,1.932367149758454,161011.6568914956,19965445.454545453,124.0,6417.0
2025-04-04,e-영업3,전체,1.8385003604902668,144813.7165775401,14770999.09090909,102.0,5548.0
2025-04-05,e-영업3,전체,3.3178294573643408,126390.44180118946,27047554.545454543,214.0,6450.0
2025-04-06,e-영업3,전체,2.6670754138565296,115626.69801462904,20119045.454545453,174.0,6524.0
2025-04-07,e-영업3,전체,1.7213944741790828,110366.23376623375,13133581.818181816,119.0,6913.0
2025-04-08,e-영업3,전체,2.157639806252752,123434.18676561533,18144825.454545453,147.0,6813.0
2025-04-09,e-영업3,전체,2.4574141301312484,98174.69008264462,17278745.454545453,176.0,7162.0
2025-04-10,e-영업3,전체,1.7292413148465493,110223.58722358722,12234818.181818182,111.0,6419.0
2025-04-11,e-영업3,전체,1.9041024753332179,126229.38016528924,13885231.818181816,110.0,5777.0
2025-04-12,e-영업3,전체,2.386045746256377,124606.39498432599,18067927.27272727,145.0,6077.0
2025-04-13,e-영업3,전체,2.5572801182557283,113024.06726221753,19553163.636363633,173.0,6765.0
2025-04-14,e-영업3,전체,1.9848771266540641,140818.18903318903,17743091.818181816,126.0,6348.0
2025-04-15,e-영업3,전체,1.674861708666257,131003.79482902418,14279413.636363635,109.0,6508.0
2025-04-16,e-영업3,전체,2.273402674591382,99283.66013071894,15190399.999999998,153.0,6730.0
2025-04-17,e-영업3,전체,1.9753476611883691,291790.4,36473800.0,125.0,6328.0
2025-04-18,e-영업3,전체,2.2403875264910686,126729.97542997543,18756036.363636363,148.0,6606.0
2025-04-19,e-영업3,전체,2.55619215513442,104136.67711598745,18119781.818181816,174.0,6807.0
2025-04-20,e-영업3,전체,2.7998328458002506,102812.66395296245,20665345.454545453,201.0,7179.0
2025-04-21,e-영업3,전체,2.062550552709625,126336.27450980392,19329450.0,153.0,7418.0
2025-04-22,e-영업3,전체,1.696317749275962,120463.67331855136,14817031.818181816,123.0,7251.0
2025-04-23,e-영업3,전체,2.1161881655209593,97215.69195136073,15262863.636363635,157.0,7419.0
2025-04-24,e-영업3,전체,1.923858555751253,119954.92957746479,17033600.0,142.0,7381.0
2025-04-25,e-영업3,전체,1.9886363636363635,80382.57689678742,10690882.727272727,133.0,6688.0
2025-04-26,e-영업3,전체,2.527440785673021,118560.25974025973,20748045.454545453,175.0,6924.0
2025-04-27,e-영업3,전체,2.7236824186299877,83144.5909090909,16628918.18181818,200.0,7343.0
2025-04-28,e-영업3,전체,1.7879948914431671,173987.44588744588,21922418.18181818,126.0,7047.0
2025-04-29,e-영업3,전체,2.411648718337631,87863.69353916524,13970327.272727272,159.0,6593.0
2025-04-30,e-영업3,전체,1.4203638684966486,125868.18181818182,11202268.181818182,89.0,6266.0
2025-05-01,e-영업3,전체,2.35827664399093,180229.42890442887,28115790.909090906,156.0,6615.0
2025-05-02,e-영업3,전체,1.016566265060241,-27114.141414141413,-1464163.6363636362,54.0,5312.0
2025-05-03,e-영업3,전체,2.263217953594523,103672.72727272726,12337054.545454545,119.0,5258.0
2025-05-04,e-영업3,전체,2.048487126479985,189317.5979983319,20635618.18181818,109.0,5321.0
2025-05-05,e-영업3,전체,2.347180006754475,100173.4466971877,13924109.09090909,139.0,5922.0
2025-05-06,e-영업3,전체,2.105934907466496,165477.67217630852,21843052.727272727,132.0,6268.0
2025-05-07,e-영업3,전체,0.6806282722513088,120672.72727272726,4706236.363636363,39.0,5730.0
2025-05-08,e-영업3,전체,0.5653839139157396,266993.54838709673,8276799.999999999,31.0,5483.0
2025-05-09,e-영업3,전체,0.7320899424786473,47112.554112554106,1978727.2727272725,42.0,5737.0
2025-05-10,e-영업3,전체,1.7835497835497836,97176.34598411297,10009163.636363635,103.0,5775.0
2025-05-11,e-영업3,전체,2.09926769731489,79029.1754756871,10194763.636363635,129.0,6145.0
2025-05-12,e-영업3,전체,1.224889759921607,110011.1515151515,8250836.363636363,75.0,6123.0
2025-05-13,e-영업3,전체,1.3392857142857142,194429.97835497832,16332118.18181818,84.0,6272.0
2025-05-14,e-영업3,전체,1.8639633747547415,118000.26315789472,13452029.999999998,114.0,6116.0
2025-05-15,e-영업3,전체,1.1052726943286828,-95902.53353204172,-5850054.545454545,61.0,5519.0
2025-05-16,e-영업3,전체,1.643782633919938,141444.70588235292,12022799.999999998,85.0,5171.0
2025-05-17,e-영업3,전체,2.1448730009407337,133447.20893141945,15212981.818181816,114.0,5315.0
2025-05-18,e-영업3,전체,2.3848956608148395,108199.05303030302,15580663.636363635,144.0,6038.0
2025-05-19,e-영업3,전체,1.2962647108988572,168265.3827751196,12788169.09090909,76.0,5863.0
2025-05-20,e-영업3,전체,1.4823079375199235,167241.44672531768,15553454.545454545,93.0,6274.0
2025-05-21,e-영업3,전체,1.6864642909517522,87277.3675889328,10036897.272727272,115.0,6819.0
2025-05-22,e-영업3,전체,1.9871507545196474,122743.34244702665,16324864.545454545,133.0,6693.0
2025-05-23,e-영업3,전체,1.8543722354542362,111820.55879899916,12188440.909090908,109.0,5878.0
2025-05-24,e-영업3,전체,2.555592432791238,128260.65525383706,19752140.909090906,154.0,6026.0
2025-05-25,e-영업3,전체,2.4591370932116035,125831.24659771365,21013818.18181818,167.0,6791.0
2025-05-26,e-영업3,전체,2.089240411878824,56422.04545454545,7899086.363636363,140.0,6701.0
2025-05-27,e-영업3,전체,1.3944518617415813,176152.7079303675,16558354.545454545,94.0,6741.0
2025-05-28,e-영업3,전체,2.1215335656917715,112666.6883116883,15773336.363636361,140.0,6599.0
2025-05-29,e-영업3,전체,1.7600516712417247,95823.51959966637,10444763.636363635,109.0,6193.0
2025-05-30,e-영업3,전체,1.3312313890348573,32547.48803827751,2473609.090909091,76.0,5709.0
2025-05-31,e-영업3,전체,2.1671826625387,162463.02118933696,21607581.818181816,133.0,6137.0
2025-06-01,e-영업3,전체,2.3699421965317917,102092.46119733923,16743163.636363635,164.0,6920.0
2025-06-02,e-영업3,전체,1.4881915237787124,90561.16600790514,8331627.2727272725,92.0,6182.0
2025-06-03,e-영업3,전체,3.019485348802618,232871.38378862516,47272890.90909091,203.0,6723.0
2025-06-04,e-영업3,전체,2.423742786479802,130852.07173778601,19235254.545454543,147.0,6065.0
2025-06-05,e-영업3,전체,1.668737795135807,106048.93617021276,9968600.0,94.0,5633.0
2025-06-06,e-영업3,전체,2.656197794854661,99675.41452258432,15848390.909090908,159.0,5986.0
2025-06-07,e-영업3,전체,2.1896580764695974,112501.95804195805,14625254.545454545,130.0,5937.0
2025-06-08,e-영업3,전체,2.5589330024813894,131654.93112947655,21723063.636363633,165.0,6448.0
2025-06-09,e-영업3,전체,2.01363564293642,122803.50751610594,15596045.454545453,127.0,6307.0
2025-06-10,e-영업3,전체,1.7198581560283688,61373.58950328022,5953238.181818182,97.0,5640.0
2025-06-11,e-영업3,전체,1.5218878248974008,75811.746680286,6747245.454545454,89.0,5848.0
2025-06-12,e-영업3,전체,1.7580144777662874,128215.86452762924,13078018.181818182,102.0,5802.0
2025-06-13,e-영업3,전체,1.3220205209155484,148523.47354138398,9951072.727272727,67.0,5068.0
2025-06-14,e-영업3,전체,1.9387359441644048,130240.63636363635,13024063.636363635,100.0,5158.0
2025-06-15,e-영업3,전체,2.668232924987414,137342.59576901086,21837472.727272727,159.0,5959.0
2025-06-16,e-영업3,전체,1.9491770141495814,92973.50168350167,12551422.727272727,135.0,6926.0
2025-06-17,e-영업3,전체,2.4071627770438866,88750.9423503326,14555154.545454545,164.0,6813.0
2025-06-18,e-영업3,전체,4.048484848484849,109687.69188894935,36635689.090909086,334.0,8250.0
2025-06-19,e-영업3,전체,2.2691705790297343,141061.2539184953,20453881.818181816,145.0,6390.0
2025-06-20,e-영업3,전체,2.5800130633572826,116182.96892980437,18356909.09090909,158.0,6124.0
2025-06-21,e-영업3,전체,2.9538665781613007,128845.2502553626,22934454.545454543,178.0,6026.0
2025-06-22,e-영업3,전체,3.434401494467596,106785.1084062381,25521640.909090906,239.0,6959.0
2025-06-23,e-영업3,전체,1.651462724127084,49949.43722943722,5244690.909090908,105.0,6358.0
2025-06-24,e-영업3,전체,1.9106047326906221,107821.93494578815,11752590.909090908,109.0,5705.0
2025-06-25,e-영업3,전체,1.873536299765808,117617.04545454544,12232172.727272727,104.0,5551.0
2025-06-26,e-영업3,전체,1.6009371339320577,106692.90465631928,8748818.181818182,82.0,5122.0
2025-06-27,e-영업3,전체,2.537751677852349,92736.4162283997,11221106.363636363,121.0,4768.0
2025-06-28,e-영업3,전체,3.387096774193549,106350.0541125541,17866809.09090909,168.0,4960.0
2025-06-29,e-영업3,전체,3.155207003465256,99994.4823962165,17299045.454545453,173.0,5483.0
2025-06-30,e-영업3,전체,2.207191171235315,105320.8211143695,13059781.818181816,124.0,5618.0
2025-07-01,e-영업3,전체,1.7612161661104933,92722.1052631579,8808600.0,95.0,5394.0
2025-07-02,e-영업3,전체,2.1018125723100654,93634.9457881568,10206209.09090909,109.0,5186.0
2025-07-03,e-영업3,전체,1.7961570593149538,101171.00422832981,8700706.363636363,86.0,4788.0
2025-07-04,e-영업3,전체,1.717426150675521,128867.63636363635,9665072.727272727,75.0,4367.0
2025-07-05,e-영업3,전체,3.169907016060862,103251.93939393939,15487790.909090908,150.0,4732.0
2025-07-06,e-영업3,전체,3.515346181299072,117034.84079372403,23055863.636363633,197.0,5604.0
2025-07-07,e-영업3,전체,2.4470416362308254,132859.97286295795,17803236.363636363,134.0,5476.0
2025-07-08,e-영업3,전체,2.0627491766337323,151249.29717341482,17998666.363636363,119.0,5769.0
2025-07-09,e-영업3,전체,3.122923588039867,157101.80367504834,29535139.09090909,188.0,6020.0
2025-07-10,e-영업3,전체,2.506811989100817,136989.57839262186,18904561.818181816,138.0,5505.0
2025-07-11,e-영업3,전체,2.3949744797801333,128942.05663189269,15730930.909090908,122.0,5094.0
2025-07-12,e-영업3,전체,3.2207384131971715,173148.61419068737,28396372.727272727,164.0,5092.0
2025-07-13,e-영업3,전체,3.4299858557284297,162100.9840674789,31447590.909090906,194.0,5656.0
2025-07-14,e-영업3,전체,1.394101876675603,24177.389277389277,1885836.3636363635,78.0,5595.0
2025-07-15,e-영업3,전체,1.627949515273459,175442.18590398366,15614354.545454545,89.0,5467.0
2025-07-16,e-영업3,전체,2.1178962230850686,104294.56818181818,12515348.181818182,120.0,5666.0
2025-07-17,e-영업3,전체,2.021743276749952,174003.1732418525,18444336.363636363,106.0,5243.0
2025-07-18,e-영업3,전체,1.8532969176746,222387.42583732057,21126805.454545453,95.0,5126.0
2025-07-19,e-영업3,전체,2.9920963492660895,205838.15323041735,32728266.36363636,159.0,5314.0
2025-07-20,e-영업3,전체,3.139612558450234,130715.07253384912,24574433.636363633,188.0,5988.0
2025-07-21,e-영업3,전체,1.8962432915921288,78304.80274442538,8300309.09090909,106.0,5590.0
2025-07-22,e-영업3,전체,1.3678756476683938,124051.7906336088,8187418.181818181,66.0,4825.0
2025-07-23,e-영업3,전체,1.6516516516516515,150166.52892561982,11562822.727272727,77.0,4662.0
2025-07-24,e-영업3,전체,2.383034543069523,158736.2802335279,17302254.545454543,109.0,4574.0
2025-07-25,e-영업3,전체,1.7795239195747632,138274.85242030694,10647163.636363635,77.0,4327.0
2025-07-26,e-영업3,전체,2.393500219587176,133691.90992493744,14572418.18181818,109.0,4554.0
2025-07-27,e-영업3,전체,3.0977555184566867,128671.6385410996,21488163.636363633,167.0,5391.0
2025-07-28,e-영업3,전체,1.7556966753828913,102755.60928433268,9659027.272727272,94.0,5354.0
2025-07-29,e-영업3,전체,1.4559234144395692,115411.45703611456,8425036.363636363,73.0,5014.0
2025-07-30,e-영업3,전체,2.117738488439868,99125.35446205169,10804663.636363635,109.0,5147.0
2025-07-31,e-영업3,전체,1.6627543035993742,155113.01604278074,13184606.363636363,85.0,5112.0
2025-08-01,e-영업3,전체,2.3209283713485394,125225.5250783699,14526160.909090908,116.0,4998.0
2025-08-02,e-영업3,전체,3.061224489795918,128203.41057635174,19615121.818181816,153.0,4998.0
2025-08-03,e-영업3,전체,2.9645697758496024,185250.49889135253,30381081.818181816,164.0,5532.0
2025-08-04,e-영업3,전체,2.0466786355475763,125364.56937799042,14291560.909090908,114.0,5570.0
2025-08-05,e-영업3,전체,2.0240795672657477,150471.0344827586,17454640.0,116.0,5731.0
2025-08-06,e-영업3,전체,2.202785876255264,239156.41711229944,32525272.727272723,136.0,6174.0
2025-08-07,e-영업3,전체,2.1045598797394356,146618.73015873015,18473960.0,126.0,5987.0
2025-08-08,e-영업3,전체,1.8708730741012474,174422.192513369,17791063.636363637,102.0,5452.0
2025-08-09,e-영업3,전체,2.1840873634945397,133696.24819624817,16845727.27272727,126.0,5769.0
2025-08-10,e-영업3,전체,2.919244804061558,145030.18774703555,26685554.545454543,184.0,6303.0
2025-08-11,e-영업3,전체,1.546041454298335,183134.0659340659,16665199.999999998,91.0,5886.0
2025-08-12,e-영업3,전체,1.0926971407758148,215816.2424242424,12948974.545454545,60.0,5491.0
2025-08-13,e-영업3,전체,1.445515196441809,229908.50815850816,17932863.636363637,78.0,5396.0
2025-08-14,e-영업3,전체,1.544885177453027,158399.50859950858,11721563.636363635,74.0,4790.0
2025-08-15,e-영업3,전체,1.8142801404603979,115468.13294232648,10738536.363636363,93.0,5126.0
2025-08-16,e-영업3,전체,1.935603945654197,169620.8916083916,17640572.727272727,104.0,5373.0
2025-08-17,e-영업3,전체,2.249524139124416,159497.34265734264,20734654.545454543,130.0,5779.0
2025-08-18,e-영업3,전체,1.4125753660637381,77080.37694013302,6320590.909090908,82.0,5805.0
2025-08-19,e-영업3,전체,1.1940298507462688,183472.5935828877,12476136.363636363,68.0,5695.0
2025-08-20,e-영업3,전체,1.4623955431754874,155107.03463203463,13028990.909090908,84.0,5744.0
2025-08-21,e-영업3,전체,1.3513513513513513,136408.25358851673,10367027.272727272,76.0,5624.0
2025-08-22,e-영업3,전체,1.2085171686169194,132811.9769119769,8367154.545454545,63.0,5213.0
2025-08-23,e-영업3,전체,2.0431544777544395,136857.09430756158,14643709.09090909,107.0,5237.0
2025-08-24,e-영업3,전체,2.0645844362096346,199417.0163170163,23331790.909090906,117.0,5667.0
2025-08-25,e-영업3,전체,1.5593094486727306,197594.80519480517,16597963.636363635,84.0,5387.0
2025-08-26,e-영업3,전체,1.0613833362816203,285416.5151515151,17124990.909090906,60.0,5653.0
2025-08-27,e-영업3,전체,1.1911111111111112,165584.5318860244,11094163.636363635,67.0,5625.0
2025-08-28,e-영업3,전체,1.358645077238042,240148.5927770859,17530847.27272727,73.0,5373.0
2025-08-29,e-영업3,전체,1.5705838876570584,154812.72727272726,13159081.818181816,85.0,5412.0
2025-08-30,e-영업3,전체,1.9162526614620299,193034.34343434343,20847709.09090909,108.0,5636.0
2025-08-31,e-영업3,전체,2.3356958762886597,165770.65830721002,24036745.454545453,145.0,6208.0
2025-09-01,e-영업3,전체,2.002979639132594,158811.34485349362,19216172.727272727,121.0,6041.0
2025-09-02,e-영업3,전체,1.7151257758902319,126815.23809523808,13315599.999999998,105.0,6122.0
2025-09-03,e-영업3,전체,1.7395626242544733,88223.37662337662,9263454.545454545,105.0,6036.0
2025-09-04,e-영업3,전체,1.5387305472984787,107684.40082644626,9476227.272727272,88.0,5719.0
2025-09-05,e-영업3,전체,1.7379928985236406,319573.2160312805,29720309.09090909,93.0,5351.0
2025-09-06,e-영업3,전체,1.855287569573284,161534.36363636362,16153436.363636361,100.0,5390.0
2025-09-07,e-영업3,전체,2.5454545454545454,141918.41794569066,21855436.363636363,154.0,6050.0
2025-09-08,e-영업3,전체,1.2335659795487746,95182.89473684209,7233899.999999999,76.0,6161.0
2025-09-09,e-영업3,전체,1.7134918184624883,161523.751023751,17929136.363636363,111.0,6478.0
2025-09-10,e-영업3,전체,1.7244210872064378,195669.26406926406,20545272.727272727,105.0,6089.0
2025-09-11,e-영업3,전체,1.5079495164727093,355755.71146245056,32729525.454545453,92.0,6101.0
2025-09-12,e-영업3,전체,1.7462763225475089,45197.05882352941,4610100.0,102.0,5841.0
2025-09-13,e-영업3,전체,2.7071492671253363,159551.33098945252,28878790.909090906,181.0,6686.0
2025-09-14,e-영업3,전체,2.7781860943701306,150768.68686868687,28495281.818181816,189.0,6803.0
2025-09-15,e-영업3,전체,1.992984693877551,167992.07272727272,20999009.09090909,125.0,6272.0
2025-09-16,e-영업3,전체,1.3979348689436062,152190.20661157023,13392738.181818182,88.0,6295.0
2025-09-17,e-영업3,전체,2.253434171940114,366852.98879202985,53560536.36363636,146.0,6479.0
2025-09-18,e-영업3,전체,0.9429280397022334,5753.429027113238,327945.45454545453,57.0,6045.0
2025-09-19,e-영업3,전체,1.621174524400331,264677.17996289424,25938363.636363633,98.0,6045.0
2025-09-20,e-영업3,전체,2.287980475899939,162388.303030303,24358245.454545453,150.0,6556.0
2025-09-21,e-영업3,전체,2.7422048997772825,167395.93908629438,32976999.999999996,197.0,7184.0
2025-09-22,e-영업3,전체,1.651877133105802,187793.7640871525,22723045.454545453,121.0,7325.0
2025-09-23,e-영업3,전체,1.6897506925207757,299373.91952309984,36523618.18181818,122.0,7220.0
2025-09-24,e-영업3,전체,2.3340040241448694,175784.3260188088,30586472.727272727,174.0,7455.0
2025-09-25,e-영업3,전체,1.9359430604982206,477286.02941176464,64910899.99999999,136.0,7025.0
2025-09-26,e-영업3,전체,1.7912291537986413,256737.53918495297,29781554.545454543,116.0,6476.0
2025-09-27,e-영업3,전체,2.7053140096618358,243413.04112554112,40893390.90909091,168.0,6210.0
2025-09-28,e-영업3,전체,2.518081971604608,183497.57736943904,34497544.54545454,188.0,7466.0
2025-09-29,e-영업3,전체,0.9870808535346205,117372.5935828877,7981336.363636363,68.0,6889.0
2025-09-30,e-영업3,전체,1.267056530214425,168922.14452214452,13175927.272727272,78.0,6156.0
2025-10-01,e-영업3,전체,1.2319939347990903,277429.51048951043,18032918.18181818,65.0,5276.0
2025-10-02,e-영업3,전체,1.2127894156560088,126187.76859504131,6940327.2727272725,55.0,4535.0
2025-10-03,e-영업3,전체,1.8363273453093811,160216.20553359683,14739890.909090908,92.0,5010.0
2025-10-04,e-영업3,전체,1.9049489395129615,196363.73008434862,19047281.818181816,97.0,5092.0
2025-10-05,e-영업3,전체,1.9866164784608948,174007.3684210526,16530699.999999998,95.0,4782.0
2025-10-06,e-영업3,전체,1.521784448613717,193911.5815691158,14155545.454545453,73.0,4797.0
2025-10-07,e-영업3,전체,1.7847769028871392,252023.6185383244,25706409.09090909,102.0,5715.0
2025-10-08,e-영업3,전체,1.9032513877874702,158365.45454545453,19003854.545454543,120.0,6305.0
2025-10-09,e-영업3,전체,2.138888888888889,394092.32585596223,60690218.18181818,154.0,7200.0
2025-10-10,e-영업3,전체,1.0196855969409433,25028.661616161615,1802063.6363636362,72.0,7061.0
2025-10-11,e-영업3,전체,2.0560484438811435,169727.5217932752,24780218.18181818,146.0,7101.0
2025-10-12,e-영업3,전체,2.237762237762238,196976.91115702476,34667936.36363636,176.0,7865.0
2025-10-13,e-영업3,전체,1.0927540002601794,127715.63852813852,10728113.636363635,84.0,7687.0
2025-10-14,e-영업3,전체,1.5551489806586514,599362.4140565316,71324127.27272727,119.0,7652.0
2025-10-15,e-영업3,전체,1.340033500837521,211635.10416666666,20316970.0,96.0,7164.0
2025-10-16,e-영업3,전체,1.4283610661169195,406475.7919400187,39428151.81818181,97.0,6791.0
2025-10-17,e-영업3,전체,1.9563918757467145,215047.1894517696,28171181.818181816,131.0,6696.0
2025-10-18,e-영업3,전체,2.426721199727335,237836.9765066394,42334981.81818181,178.0,7335.0
2025-10-19,e-영업3,전체,3.290932430855409,158083.13990973565,44579445.45454545,282.0,8569.0
2025-10-20,e-영업3,전체,2.372659991292991,119412.05170975812,26031827.27272727,218.0,9188.0
2025-10-21,e-영업3,전체,1.8052516411378556,231353.55371900825,38173336.36363636,165.0,9140.0
2025-10-22,e-영업3,전체,1.8282729350310154,153355.51948051946,25763727.27272727,168.0,9189.0
2025-10-23,e-영업3,전체,1.8472906403940887,189452.50909090906,28417876.36363636,150.0,8120.0
2025-10-24,e-영업3,전체,1.3708114095818333,178489.898989899,17670500.0,99.0,7222.0
2025-10-25,e-영업3,전체,1.9677236693091733,239800.15042511444,33332220.909090906,139.0,7064.0
2025-10-26,e-영업3,전체,2.3537719195010003,270045.8227272727,54009164.54545454,200.0,8497.0
2025-10-27,e-영업3,전체,1.4903630658897355,211353.998632946,28110081.818181816,133.0,8924.0
2025-10-28,e-영업3,전체,1.2640612315899338,184605.33778148456,20121981.818181816,109.0,8623.0
2025-10-29,e-영업3,전체,1.4073887911535563,167653.0844155844,18777145.454545453,112.0,7958.0
2025-10-30,e-영업3,전체,1.4777618364418939,267794.43954104144,27582827.27272727,103.0,6970.0
2025-10-31,e-영업3,전체,1.0,291126.96969696967,17467618.18181818,60.0,6000.0
2025-11-01,e-영업3,전체,1.9787873990818425,199564.21818181817,24945527.27272727,125.0,6317.0
2025-11-02,e-영업3,전체,2.040308534461309,162261.25277161863,26610845.454545453,164.0,8038.0
2025-11-03,e-영업3,전체,1.6129032258064515,109596.07438016527,14466681.818181816,132.0,8184.0
2025-11-04,e-영업3,전체,1.2890874282067646,156047.34473447344,15760781.818181816,101.0,7835.0
2025-11-05,e-영업3,전체,1.1297128079488228,147120.8105147864,12211027.272727272,83.0,7347.0
2025-11-06,e-영업3,전체,1.87207488299532,255605.44077134985,33739918.18181818,132.0,7051.0
2025-11-07,e-영업3,전체,1.2538270884968654,178367.2304439746,15339581.818181816,86.0,6859.0
2025-11-08,e-영업3,전체,2.2441302373848746,193291.06673673147,33439354.545454543,173.0,7709.0
2025-11-09,e-영업3,전체,2.419452887537994,171997.76153494744,34227554.54545454,199.0,8225.0
2025-11-10,e-영업3,전체,1.4370837714686295,49865.33628972653,6133436.363636363,123.0,8559.0
2025-11-11,e-영업3,전체,1.89714831165732,221130.5317324185,35159754.54545454,159.0,8381.0
2025-11-12,e-영업3,전체,2.2735346358792183,177831.58143939392,34143663.63636363,192.0,8445.0
2025-11-13,e-영업3,전체,1.768725713520032,234755.78512396693,30987763.636363633,132.0,7463.0
2025-11-14,e-영업3,전체,1.4494735402707508,209301.37221269295,22185945.454545453,106.0,7313.0
2025-11-15,e-영업3,전체,2.554696711646797,203011.04895104893,39587154.54545454,195.0,7633.0
2025-11-16,e-영업3,전체,2.6843431576640735,229405.71428571426,56204399.99999999,245.0,9127.0
2025-11-17,e-영업3,전체,1.4044943820224718,20376.945454545454,2547118.1818181816,125.0,8900.0
2025-11-18,e-영업3,전체,1.76230862429783,122240.7784090909,19558524.545454543,160.0,9079.0
2025-11-19,e-영업3,전체,1.3903251752269332,135836.5890308039,16436227.272727272,121.0,8703.0
2025-11-20,e-영업3,전체,1.2902384986315651,476919.74288337916,47215054.54545454,99.0,7673.0
2025-11-21,e-영업3,전체,1.41588006662965,308079.9465240642,31424154.545454543,102.0,7204.0
2025-11-22,e-영업3,전체,2.7563535213048427,189217.1392827356,41249336.36363636,218.0,7909.0
2025-11-23,e-영업3,전체,2.8947077670975583,183844.1707147814,48167172.72727273,262.0,9051.0
2025-11-24,e-영업3,전체,1.703952706618755,174994.8051948052,25724236.363636363,147.0,8627.0
2025-11-25,e-영업3,전체,1.9060741761396258,209001.3691128149,34694227.27272727,166.0,8709.0
2025-11-26,e-영업3,전체,1.7494148084267587,203083.3546734955,28837836.36363636,142.0,8117.0
2025-11-27,e-영업3,전체,2.2760115606936413,266604.7907647908,50388305.45454545,189.0,8304.0
2025-11-28,e-영업3,전체,1.0822225155074567,249613.3037694013,20468290.909090906,82.0,7577.0
2025-11-29,e-영업3,전체,1.9357440516198414,145507.76515151514,20953118.18181818,144.0,7439.0
2025-11-30,e-영업3,전체,2.1040095275903137,158325.61463693538,25173772.727272727,159.0,7557.0
2025-12-01,e-영업3,전체,1.6309887869520898,132571.16477272726,16969109.09090909,128.0,7848.0
2025-12-02,e-영업3,전체,1.6064757160647571,301341.7195207892,38873081.81818181,129.0,8030.0
2025-12-03,e-영업3,전체,1.5720204728247624,164926.84989429172,21275563.636363633,129.0,8206.0
2025-12-04,e-영업3,전체,1.9220779220779223,138112.96068796067,20440718.18181818,148.0,7700.0
2025-12-05,e-영업3,전체,1.6971802752906588,145314.2448103078,18454909.09090909,127.0,7483.0
2025-12-06,e-영업3,전체,2.1074012949092293,194560.13143483023,32296981.818181816,166.0,7877.0
2025-12-07,e-영업3,전체,2.5100510703031618,157274.43526170796,36330394.54545454,231.0,9203.0
2025-12-08,e-영업3,전체,1.5285599356395816,148687.79904306217,19775477.27272727,133.0,8701.0
2025-12-09,e-영업3,전체,1.5474321596770577,321642.56916996045,44386674.54545454,138.0,8918.0
2025-12-10,e-영업3,전체,1.8667642752562226,217929.53060011883,33343218.18181818,153.0,8196.0
2025-12-11,e-영업3,전체,1.638176638176638,316927.4703557312,43735990.90909091,138.0,8424.0
2025-12-12,e-영업3,전체,1.1347875425545328,191036.86868686866,17193318.18181818,90.0,7931.0
2025-12-13,e-영업3,전체,2.270855394752324,217877.01837023077,42050264.54545454,193.0,8499.0
2025-12-14,e-영업3,전체,2.372811107657238,334047.32036522427,76496836.36363636,229.0,9651.0
2025-12-15,e-영업3,전체,1.317993968502178,316029.89214175654,37291527.27272727,118.0,8953.0
2025-12-16,e-영업3,전체,1.2783556836696328,102445.00891265596,10449390.909090908,102.0,7979.0
2025-12-17,e-영업3,전체,1.6016016016016015,297600.35511363635,38092845.45454545,128.0,7992.0
2025-12-18,e-영업3,전체,1.4207342804895204,223051.75517551752,22528227.27272727,101.0,7109.0
2025-12-19,e-영업3,전체,1.4575411913814955,344650.1976284585,31707818.18181818,92.0,6312.0
2025-12-20,e-영업3,전체,1.612650696727728,194154.54545454544,19997918.18181818,103.0,6387.0
2025-12-21,e-영업3,전체,1.9639712853853446,174823.82445141065,25349454.545454543,145.0,7383.0
2025-12-22,e-영업3,전체,1.4379084967320261,533544.7107438017,58689918.18181818,110.0,7650.0
2025-12-23,e-영업3,전체,1.0769844435580374,315725.70145903475,25573781.818181816,81.0,7521.0
2025-12-24,e-영업3,전체,1.0492845786963434,67148.89807162534,4431827.2727272725,66.0,6290.0
2025-12-25,e-영업3,전체,2.26628895184136,193241.3739669421,34010481.81818181,176.0,7766.0
2025-12-26,e-영업3,전체,1.6842375932116225,190821.16585704373,24997572.727272727,131.0,7778.0
2025-12-27,e-영업3,전체,2.0955165692007798,218793.9746300211,37632563.63636363,172.0,8208.0
2025-12-28,e-영업3,전체,2.3376039559451565,153596.89685314684,31948154.545454543,208.0,8898.0
2025-12-29,e-영업3,전체,1.445233265720081,178741.86602870811,20376572.727272727,114.0,7888.0
2025-12-30,e-영업3,전체,0.7377979568671964,179361.8881118881,9326818.181818182,52.0,7048.0
2025-12-31,e-영업3,전체,1.1653200745804848,199334.42424242423,14950081.818181816,75.0,6436.0
2025-01-01,e-영업3,회원,6.663275686673449,178227.4809160305,23347799.999999996,131.0,1966.0
2025-01-02,e-영업3,회원,3.076120959332638,101755.00770416023,6003545.454545454,59.0,1918.0
2025-01-03,e-영업3,회원,4.599659284497445,120300.0,9744300.0,81.0,1761.0
2025-01-04,e-영업3,회원,7.112526539278131,234218.3175033921,31385254.545454543,134.0,1884.0
2025-01-05,e-영업3,회원,6.502816180235535,116709.94989262705,14822163.636363635,127.0,1953.0
2025-01-06,e-영업3,회원,4.779411764705882,146741.75824175822,13353499.999999998,91.0,1904.0
2025-01-07,e-영업3,회원,5.168210628961482,189735.33447684388,20111945.454545453,106.0,2051.0
2025-01-08,e-영업3,회원,6.172248803827751,180581.3953488372,23294999.999999996,129.0,2090.0
2025-01-09,e-영업3,회원,4.552509053285049,255451.4462809917,22479727.27272727,88.0,1933.0
2025-01-10,e-영업3,회원,4.580573951434879,209371.30339539977,17377818.18181818,83.0,1812.0
2025-01-11,e-영업3,회원,7.018417122946739,136849.96776273372,19295845.454545453,141.0,2009.0
2025-01-12,e-영업3,회원,7.103825136612022,173050.81585081582,26995927.27272727,156.0,2196.0
2025-01-13,e-영업3,회원,4.095238095238096,152125.89852008456,13082827.272727272,86.0,2100.0
2025-01-14,e-영업3,회원,4.393859184753838,174768.017524644,14505745.454545453,83.0,1889.0
2025-01-15,e-영업3,회원,5.036344755970925,219132.52108716025,21255854.545454543,97.0,1926.0
2025-01-16,e-영업3,회원,5.405405405405405,150390.42553191487,14136699.999999998,94.0,1739.0
2025-01-17,e-영업3,회원,3.562176165803109,10467.438016528924,575709.0909090908,55.0,1544.0
2025-01-18,e-영업3,회원,6.60621761658031,164683.8680926916,16797754.545454543,102.0,1544.0
2025-01-19,e-영업3,회원,6.365258774538965,161887.6805437553,17321981.818181816,107.0,1681.0
2025-01-20,e-영업3,회원,5.125284738041002,116007.1717171717,10440645.454545453,90.0,1756.0
2025-01-21,e-영업3,회원,3.861671469740634,199042.74084124828,13335863.636363635,67.0,1735.0
2025-01-22,e-영업3,회원,3.551745254133497,101054.85893416927,5861181.818181817,58.0,1633.0
2025-01-23,e-영업3,회원,3.5688273852876913,214491.83673469388,10510100.0,49.0,1373.0
2025-01-24,e-영업3,회원,3.562753036437247,153627.2727272727,6759599.999999999,44.0,1235.0
2025-01-25,e-영업3,회원,7.213578500707214,159532.35294117645,16272299.999999998,102.0,1414.0
2025-01-26,e-영업3,회원,8.792742498255409,84519.91341991341,10649509.09090909,126.0,1433.0
2025-01-27,e-영업3,회원,6.5157750342935525,208219.04306220094,19780809.09090909,95.0,1458.0
2025-01-28,e-영업3,회원,6.935975609756098,160314.08591408588,14588581.818181816,91.0,1312.0
2025-01-29,e-영업3,회원,5.12,208810.51136363635,13363872.727272727,64.0,1250.0
2025-01-30,e-영업3,회원,5.950212507589557,92780.33395176251,9092472.727272727,98.0,1647.0
2025-01-31,e-영업3,회원,4.693140794223827,74058.3916083916,5776554.545454545,78.0,1662.0
2025-02-01,e-영업3,회원,7.586618876941458,210078.81173944165,26680009.09090909,127.0,1674.0
2025-02-02,e-영업3,회원,5.523408732246186,137964.2424242424,14486245.454545453,105.0,1901.0
2025-02-03,e-영업3,회원,2.3587833643699563,112528.70813397129,4276090.909090909,38.0,1611.0
2025-02-04,e-영업3,회원,5.521472392638037,145171.34986225894,14371963.636363635,99.0,1793.0
2025-02-05,e-영업3,회원,5.609065155807365,166823.50780532596,16515527.272727272,99.0,1765.0
2025-02-06,e-영업3,회원,5.522914218566393,155854.6421663443,14650336.363636363,94.0,1702.0
2025-02-07,e-영업3,회원,6.666666666666667,204594.54545454544,22505400.0,110.0,1650.0
2025-02-08,e-영업3,회원,6.724045185583647,185041.59999999998,23130199.999999996,125.0,1859.0
2025-02-09,e-영업3,회원,6.993006993006993,243429.44055944053,31645827.27272727,130.0,1859.0
2025-02-10,e-영업3,회원,5.555555555555555,84474.7582205029,7940627.2727272725,94.0,1692.0
2025-02-11,e-영업3,회원,5.277933745087029,95695.93810444874,8995418.181818182,94.0,1781.0
2025-02-12,e-영업3,회원,6.084070796460177,152892.64462809914,16818190.909090906,110.0,1808.0
2025-02-13,e-영업3,회원,3.648325358851675,188429.95529061102,11494227.272727272,61.0,1672.0
2025-02-14,e-영업3,회원,6.9648924122310305,165366.0014781966,20340018.18181818,123.0,1766.0
2025-02-15,e-영업3,회원,7.332971211298207,177075.42087542085,23905181.818181816,135.0,1841.0
2025-02-16,e-영업3,회원,8.719851576994433,185880.07736943904,34945454.54545454,188.0,2156.0
2025-02-17,e-영업3,회원,5.472103004291846,179739.48306595362,18333427.27272727,102.0,1864.0
2025-02-18,e-영업3,회원,4.47680690399137,153987.07557502738,12780927.272727272,83.0,1854.0
2025-02-19,e-영업3,회원,5.592841163310962,144413.54545454544,14441354.545454545,100.0,1788.0
2025-02-20,e-영업3,회원,5.721393034825871,133467.09486166007,12278972.727272727,92.0,1608.0
2025-02-21,e-영업3,회원,6.731946144430845,172127.0247933884,18933972.727272727,110.0,1634.0
2025-02-22,e-영업3,회원,7.973048848961257,136003.77720870677,19312536.363636363,142.0,1781.0
2025-02-23,e-영업3,회원,10.028929604628736,136801.3986013986,28454690.909090906,208.0,2074.0
2025-02-24,e-영업3,회원,5.85189021232522,347689.863234111,39288954.54545454,113.0,1931.0
2025-02-25,e-영업3,회원,4.49438202247191,237737.95454545453,19019036.363636363,80.0,1780.0
2025-02-26,e-영업3,회원,4.914933837429111,92338.22843822843,7202381.818181817,78.0,1587.0
2025-02-27,e-영업3,회원,5.9760956175298805,178152.92929292927,16033763.636363635,90.0,1506.0
2025-02-28,e-영업3,회원,5.469277515192437,112305.27497194162,9096727.272727272,81.0,1481.0
2025-03-01,e-영업3,회원,7.846153846153846,142969.81580510992,21874381.818181816,153.0,1950.0
2025-03-02,e-영업3,회원,8.564231738035264,148775.935828877,25291909.09090909,170.0,1985.0
2025-03-03,e-영업3,회원,8.384074941451992,146377.70441848654,26201609.09090909,179.0,2135.0
2025-03-04,e-영업3,회원,4.656084656084656,134996.59090909088,11879699.999999998,88.0,1890.0
2025-03-05,e-영업3,회원,10.875216637781628,108603.38645418326,27259449.999999996,251.0,2308.0
2025-03-06,e-영업3,회원,8.620689655172415,116960.90909090909,23392181.818181816,200.0,2320.0
2025-03-07,e-영업3,회원,5.054715997915581,83009.0909090909,8051881.818181817,97.0,1919.0
2025-03-08,e-영업3,회원,7.7678989237248475,130978.58707557502,21742445.454545453,166.0,2137.0
2025-03-09,e-영업3,회원,8.666959964804223,109099.76926626671,21492654.545454543,197.0,2273.0
2025-03-10,e-영업3,회원,5.485611510791367,109322.95081967211,13337399.999999998,122.0,2224.0
2025-03-11,e-영업3,회원,6.304647952139899,133560.4512276045,18297781.818181816,137.0,2173.0
2025-03-12,e-영업3,회원,7.775175644028103,102023.98685651696,16935981.818181816,166.0,2135.0
2025-03-13,e-영업3,회원,7.742234585071859,78753.23897659227,13151790.909090908,167.0,2157.0
2025-03-14,e-영업3,회원,8.753568030447195,118997.3814229249,21895518.18181818,184.0,2102.0
2025-03-15,e-영업3,회원,8.80718255664814,111678.68490732567,23005809.09090909,206.0,2339.0
2025-03-16,e-영업3,회원,9.925864909390445,106390.75820445115,25640172.727272727,241.0,2428.0
2025-03-17,e-영업3,회원,7.523510971786834,117231.1147186147,19694827.27272727,168.0,2233.0
2025-03-18,e-영업3,회원,6.7047817047817055,114989.71106412966,14833672.727272727,129.0,1924.0
2025-03-19,e-영업3,회원,7.8039019509754874,84367.77389277388,13161372.727272727,156.0,1999.0
2025-03-20,e-영업3,회원,8.471275559883155,120167.08463949843,20909072.727272727,174.0,2054.0
2025-03-21,e-영업3,회원,6.475984889368592,86128.27272727272,10335392.727272727,120.0,1853.0
2025-03-22,e-영업3,회원,12.487992315081652,109834.72027972026,28557027.27272727,260.0,2082.0
2025-03-23,e-영업3,회원,12.256388046773495,105158.7214905236,29759918.18181818,283.0,2309.0
2025-03-24,e-영업3,회원,8.431464908148847,108531.33570340274,19427109.09090909,179.0,2123.0
2025-03-25,e-영업3,회원,8.183807439824946,105036.21779290229,19641772.727272727,187.0,2285.0
2025-03-26,e-영업3,회원,7.80205082478823,51910.493506493505,9084336.363636363,175.0,2243.0
2025-03-27,e-영업3,회원,6.303580433686334,122302.47272727272,15287809.09090909,125.0,1983.0
2025-03-28,e-영업3,회원,6.697728596389051,133556.76679841895,15359028.18181818,115.0,1717.0
2025-03-29,e-영업3,회원,12.432959531935643,119845.86809269161,30560696.36363636,255.0,2051.0
2025-03-30,e-영업3,회원,9.920449227889565,147223.72212692967,31211429.09090909,212.0,2137.0
2025-03-31,e-영업3,회원,6.420626895854397,62091.052254831775,7885563.636363636,127.0,1978.0
2025-04-01,e-영업3,회원,7.343824511206486,176539.2561983471,27187045.454545453,154.0,2097.0
2025-04-02,e-영업3,회원,8.676893576222437,154892.92817679557,28035619.999999996,181.0,2086.0
2025-04-03,e-영업3,회원,6.772255598033862,161011.6568914956,19965445.454545453,124.0,1831.0
2025-04-04,e-영업3,회원,6.273062730627306,144813.7165775401,14770999.09090909,102.0,1626.0
2025-04-05,e-영업3,회원,11.233595800524935,126390.44180118946,27047554.545454543,214.0,1905.0
2025-04-06,e-영업3,회원,9.597352454495311,115626.69801462904,20119045.454545453,174.0,1813.0
2025-04-07,e-영업3,회원,6.269757639620653,110366.23376623375,13133581.818181816,119.0,1898.0
2025-04-08,e-영업3,회원,7.656250000000001,123434.18676561533,18144825.454545453,147.0,1920.0
2025-04-09,e-영업3,회원,8.610567514677104,98174.69008264462,17278745.454545453,176.0,2044.0
2025-04-10,e-영업3,회원,6.183844011142061,110223.58722358722,12234818.181818182,111.0,1795.0
2025-04-11,e-영업3,회원,7.198952879581152,126229.38016528924,13885231.818181816,110.0,1528.0
2025-04-12,e-영업3,회원,8.489461358313816,124606.39498432599,18067927.27272727,145.0,1708.0
2025-04-13,e-영업3,회원,9.402173913043478,113024.06726221753,19553163.636363633,173.0,1840.0
2025-04-14,e-영업3,회원,7.253886010362693,140818.18903318903,17743091.818181816,126.0,1737.0
2025-04-15,e-영업3,회원,6.289671090594346,131003.79482902418,14279413.636363635,109.0,1733.0
2025-04-16,e-영업3,회원,8.64406779661017,99283.66013071894,15190399.999999998,153.0,1770.0
2025-04-17,e-영업3,회원,7.331378299120235,291790.4,36473800.0,125.0,1705.0
2025-04-18,e-영업3,회원,8.213096559378469,126729.97542997543,18756036.363636363,148.0,1802.0
2025-04-19,e-영업3,회원,9.010875194199897,104136.67711598745,18119781.818181816,174.0,1931.0
2025-04-20,e-영업3,회원,10.249872514023457,102812.66395296245,20665345.454545453,201.0,1961.0
2025-04-21,e-영업3,회원,7.548100641341884,126336.27450980392,19329450.0,153.0,2027.0
2025-04-22,e-영업3,회원,6.539074960127592,120463.67331855136,14817031.818181816,123.0,1881.0
2025-04-23,e-영업3,회원,7.595549104983067,97215.69195136073,15262863.636363635,157.0,2067.0
2025-04-24,e-영업3,회원,7.139265962795374,119954.92957746479,17033600.0,142.0,1989.0
2025-04-25,e-영업3,회원,7.514124293785311,80382.57689678742,10690882.727272727,133.0,1770.0
2025-04-26,e-영업3,회원,9.105098855359001,118560.25974025973,20748045.454545453,175.0,1922.0
2025-04-27,e-영업3,회원,9.940357852882704,83144.5909090909,16628918.18181818,200.0,2012.0
2025-04-28,e-영업3,회원,6.7092651757188495,173987.44588744588,21922418.18181818,126.0,1878.0
2025-04-29,e-영업3,회원,8.907563025210084,87863.69353916524,13970327.272727272,159.0,1785.0
2025-04-30,e-영업3,회원,5.377643504531722,125868.18181818182,11202268.181818182,89.0,1655.0
2025-05-01,e-영업3,회원,8.41878035617917,180229.42890442887,28115790.909090906,156.0,1853.0
2025-05-02,e-영업3,회원,3.8054968287526427,-27114.141414141413,-1464163.6363636362,54.0,1419.0
2025-05-03,e-영업3,회원,8.26388888888889,103672.72727272726,12337054.545454545,119.0,1440.0
2025-05-04,e-영업3,회원,7.409925220938137,189317.5979983319,20635618.18181818,109.0,1471.0
2025-05-05,e-영업3,회원,9.297658862876254,100173.4466971877,13924109.09090909,139.0,1495.0
2025-05-06,e-영업3,회원,7.59493670886076,165477.67217630852,21843052.727272727,132.0,1738.0
2025-05-07,e-영업3,회원,2.6262626262626263,120672.72727272726,4706236.363636363,39.0,1485.0
2025-05-08,e-영업3,회원,2.2032693674484722,266993.54838709673,8276799.999999999,31.0,1407.0
2025-05-09,e-영업3,회원,2.839756592292089,47112.554112554106,1978727.2727272725,42.0,1479.0
2025-05-10,e-영업3,회원,7.108350586611456,97176.34598411297,10009163.636363635,103.0,1449.0
2025-05-11,e-영업3,회원,8.237547892720306,79029.1754756871,10194763.636363635,129.0,1566.0
2025-05-12,e-영업3,회원,4.986702127659575,110011.1515151515,8250836.363636363,75.0,1504.0
2025-05-13,e-영업3,회원,5.3164556962025316,194429.97835497832,16332118.18181818,84.0,1580.0
2025-05-14,e-영업3,회원,7.2106261859582546,118000.26315789472,13452029.999999998,114.0,1581.0
2025-05-15,e-영업3,회원,4.4107013738250185,-95902.53353204172,-5850054.545454545,61.0,1383.0
2025-05-16,e-영업3,회원,6.150506512301012,141444.70588235292,12022799.999999998,85.0,1382.0
2025-05-17,e-영업3,회원,7.707910750507099,133447.20893141945,15212981.818181816,114.0,1479.0
2025-05-18,e-영업3,회원,8.91640866873065,108199.05303030302,15580663.636363635,144.0,1615.0
2025-05-19,e-영업3,회원,4.964075767472241,168265.3827751196,12788169.09090909,76.0,1531.0
2025-05-20,e-영업3,회원,6.154864328259431,167241.44672531768,15553454.545454545,93.0,1511.0
2025-05-21,e-영업3,회원,6.796690307328605,87277.3675889328,10036897.272727272,115.0,1692.0
2025-05-22,e-영업3,회원,7.978404319136173,122743.34244702665,16324864.545454545,133.0,1667.0
2025-05-23,e-영업3,회원,7.180500658761528,111820.55879899916,12188440.909090908,109.0,1518.0
2025-05-24,e-영업3,회원,9.265944645006016,128260.65525383706,19752140.909090906,154.0,1662.0
2025-05-25,e-영업3,회원,9.419063733784546,125831.24659771365,21013818.18181818,167.0,1773.0
2025-05-26,e-영업3,회원,,56422.04545454545,7899086.363636363,140.0,0.0
2025-05-27,e-영업3,회원,5.562130177514793,176152.7079303675,16558354.545454545,94.0,1690.0
2025-05-28,e-영업3,회원,8.338296605122096,112666.6883116883,15773336.363636361,140.0,1679.0
2025-05-29,e-영업3,회원,6.960408684546615,95823.51959966637,10444763.636363635,109.0,1566.0
2025-05-30,e-영업3,회원,5.114401076716016,32547.48803827751,2473609.090909091,76.0,1486.0
2025-05-31,e-영업3,회원,8.558558558558559,162463.02118933696,21607581.818181816,133.0,1554.0
2025-06-01,e-영업3,회원,9.015942825728422,102092.46119733923,16743163.636363635,164.0,1819.0
2025-06-02,e-영업3,회원,5.939315687540349,90561.16600790514,8331627.2727272725,92.0,1549.0
2025-06-03,e-영업3,회원,11.098961180973209,232871.38378862516,47272890.90909091,203.0,1829.0
2025-06-04,e-영업3,회원,8.428899082568806,130852.07173778601,19235254.545454543,147.0,1744.0
2025-06-05,e-영업3,회원,6.139777922926192,106048.93617021276,9968600.0,94.0,1531.0
2025-06-06,e-영업3,회원,9.67741935483871,99675.41452258432,15848390.909090908,159.0,1643.0
2025-06-07,e-영업3,회원,8.269720101781171,112501.95804195805,14625254.545454545,130.0,1572.0
2025-06-08,e-영업3,회원,9.455587392550143,131654.93112947655,21723063.636363633,165.0,1745.0
2025-06-09,e-영업3,회원,7.474985285462036,122803.50751610594,15596045.454545453,127.0,1699.0
2025-06-10,e-영업3,회원,6.458055925432757,61373.58950328022,5953238.181818182,97.0,1502.0
2025-06-11,e-영업3,회원,5.705128205128205,75811.746680286,6747245.454545454,89.0,1560.0
2025-06-12,e-영업3,회원,6.827309236947792,128215.86452762924,13078018.181818182,102.0,1494.0
2025-06-13,e-영업3,회원,5.041384499623777,148523.47354138398,9951072.727272727,67.0,1329.0
2025-06-14,e-영업3,회원,7.363770250368189,130240.63636363635,13024063.636363635,100.0,1358.0
2025-06-15,e-영업3,회원,9.724770642201836,137342.59576901086,21837472.727272727,159.0,1635.0
2025-06-16,e-영업3,회원,7.627118644067797,92973.50168350167,12551422.727272727,135.0,1770.0
2025-06-17,e-영업3,회원,9.197980931015143,88750.9423503326,14555154.545454545,164.0,1783.0
2025-06-18,e-영업3,회원,11.553095814597025,109687.69188894935,36635689.090909086,334.0,2891.0
2025-06-19,e-영업3,회원,6.8107092531705025,141061.2539184953,20453881.818181816,145.0,2129.0
2025-06-20,e-영업3,회원,7.817911924789708,116182.96892980437,18356909.09090909,158.0,2021.0
2025-06-21,e-영업3,회원,8.755533694048205,128845.2502553626,22934454.545454543,178.0,2033.0
2025-06-22,e-영업3,회원,9.96248436848687,106785.1084062381,25521640.909090906,239.0,2399.0
2025-06-23,e-영업3,회원,5.242136794807788,49949.43722943722,5244690.909090908,105.0,2003.0
2025-06-24,e-영업3,회원,5.93681917211329,107821.93494578815,11752590.909090908,109.0,1836.0
2025-06-25,e-영업3,회원,5.8558558558558556,117617.04545454544,12232172.727272727,104.0,1776.0
2025-06-26,e-영업3,회원,4.898446833930705,106692.90465631928,8748818.181818182,82.0,1674.0
2025-06-27,e-영업3,회원,7.741522712731926,92736.4162283997,11221106.363636363,121.0,1563.0
2025-06-28,e-영업3,회원,9.317803660565724,106350.0541125541,17866809.09090909,168.0,1803.0
2025-06-29,e-영업3,회원,9.03866248693835,99994.4823962165,17299045.454545453,173.0,1914.0
2025-06-30,e-영업3,회원,6.64167113015533,105320.8211143695,13059781.818181816,124.0,1867.0
2025-07-01,e-영업3,회원,5.343082114735658,92722.1052631579,8808600.0,95.0,1778.0
2025-07-02,e-영업3,회원,6.468842729970327,93634.9457881568,10206209.09090909,109.0,1685.0
2025-07-03,e-영업3,회원,5.699138502319417,101171.00422832981,8700706.363636363,86.0,1509.0
2025-07-04,e-영업3,회원,5.136986301369863,128867.63636363635,9665072.727272727,75.0,1460.0
2025-07-05,e-영업3,회원,9.06344410876133,103251.93939393939,15487790.909090908,150.0,1655.0
2025-07-06,e-영업3,회원,10.071574642126789,117034.84079372403,23055863.636363633,197.0,1956.0
2025-07-07,e-영업3,회원,7.440310938367574,132859.97286295795,17803236.363636363,134.0,1801.0
2025-07-08,e-영업3,회원,6.204379562043796,151249.29717341482,17998666.363636363,119.0,1918.0
2025-07-09,e-영업3,회원,9.012464046021092,157101.80367504834,29535139.09090909,188.0,2086.0
2025-07-10,e-영업3,회원,7.3836276083467105,136989.57839262186,18904561.818181816,138.0,1869.0
2025-07-11,e-영업3,회원,7.1764705882352935,128942.05663189269,15730930.909090908,122.0,1700.0
2025-07-12,e-영업3,회원,9.156895589056393,173148.61419068737,28396372.727272727,164.0,1791.0
2025-07-13,e-영업3,회원,10.098906819364913,162100.9840674789,31447590.909090906,194.0,1921.0
2025-07-14,e-영업3,회원,4.316546762589928,24177.389277389277,1885836.3636363635,78.0,1807.0
2025-07-15,e-영업3,회원,5.100286532951289,175442.18590398366,15614354.545454545,89.0,1745.0
2025-07-16,e-영업3,회원,6.575342465753424,104294.56818181818,12515348.181818182,120.0,1825.0
2025-07-17,e-영업3,회원,6.220657276995305,174003.1732418525,18444336.363636363,106.0,1704.0
2025-07-18,e-영업3,회원,5.8533579790511405,222387.42583732057,21126805.454545453,95.0,1623.0
2025-07-19,e-영업3,회원,8.631921824104234,205838.15323041735,32728266.36363636,159.0,1842.0
2025-07-20,e-영업3,회원,9.22020598332516,130715.07253384912,24574433.636363633,188.0,2039.0
2025-07-21,e-영업3,회원,5.820977484898408,78304.80274442538,8300309.09090909,106.0,1821.0
2025-07-22,e-영업3,회원,4.342105263157895,124051.7906336088,8187418.181818181,66.0,1520.0
2025-07-23,e-영업3,회원,5.003248862897985,150166.52892561982,11562822.727272727,77.0,1539.0
2025-07-24,e-영업3,회원,7.10560625814863,158736.2802335279,17302254.545454543,109.0,1534.0
2025-07-25,e-영업3,회원,5.531609195402299,138274.85242030694,10647163.636363635,77.0,1392.0
2025-07-26,e-영업3,회원,6.855345911949685,133691.90992493744,14572418.18181818,109.0,1590.0
2025-07-27,e-영업3,회원,8.901918976545842,128671.6385410996,21488163.636363633,167.0,1876.0
2025-07-28,e-영업3,회원,5.280898876404494,102755.60928433268,9659027.272727272,94.0,1780.0
2025-07-29,e-영업3,회원,4.746423927178153,115411.45703611456,8425036.363636363,73.0,1538.0
2025-07-30,e-영업3,회원,6.598062953995157,99125.35446205169,10804663.636363635,109.0,1652.0
2025-07-31,e-영업3,회원,5.4627249357326475,155113.01604278074,13184606.363636363,85.0,1556.0
2025-08-01,e-영업3,회원,7.517822423849643,125225.5250783699,14526160.909090908,116.0,1543.0
2025-08-02,e-영업3,회원,9.503105590062113,128203.41057635174,19615121.818181816,153.0,1610.0
2025-08-03,e-영업3,회원,9.106052193225986,185250.49889135253,30381081.818181816,164.0,1801.0
2025-08-04,e-영업3,회원,6.5857885615251295,125364.56937799042,14291560.909090908,114.0,1731.0
2025-08-05,e-영업3,회원,6.579693703913783,150471.0344827586,17454640.0,116.0,1763.0
2025-08-06,e-영업3,회원,6.956521739130435,239156.41711229944,32525272.727272723,136.0,1955.0
2025-08-07,e-영업3,회원,6.589958158995817,146618.73015873015,18473960.0,126.0,1912.0
2025-08-08,e-영업3,회원,5.818596691386195,174422.192513369,17791063.636363637,102.0,1753.0
2025-08-09,e-영업3,회원,6.680805938494168,133696.24819624817,16845727.27272727,126.0,1886.0
2025-08-10,e-영업3,회원,8.7327954437589,145030.18774703555,26685554.545454543,184.0,2107.0
2025-08-11,e-영업3,회원,5.123873873873873,183134.0659340659,16665199.999999998,91.0,1776.0
2025-08-12,e-영업3,회원,3.717472118959108,215816.2424242424,12948974.545454545,60.0,1614.0
2025-08-13,e-영업3,회원,4.741641337386018,229908.50815850816,17932863.636363637,78.0,1645.0
2025-08-14,e-영업3,회원,5.25195173882186,158399.50859950858,11721563.636363635,74.0,1409.0
2025-08-15,e-영업3,회원,5.93490746649649,115468.13294232648,10738536.363636363,93.0,1567.0
2025-08-16,e-영업3,회원,6.001154068090017,169620.8916083916,17640572.727272727,104.0,1733.0
2025-08-17,e-영업3,회원,7.103825136612022,159497.34265734264,20734654.545454543,130.0,1830.0
2025-08-18,e-영업3,회원,4.669703872437358,77080.37694013302,6320590.909090908,82.0,1756.0
2025-08-19,e-영업3,회원,4.064554692169755,183472.5935828877,12476136.363636363,68.0,1673.0
2025-08-20,e-영업3,회원,4.952830188679245,155107.03463203463,13028990.909090908,84.0,1696.0
2025-08-21,e-영업3,회원,4.581072935503315,136408.25358851673,10367027.272727272,76.0,1659.0
2025-08-22,e-영업3,회원,4.098893949251789,132811.9769119769,8367154.545454545,63.0,1537.0
2025-08-23,e-영업3,회원,6.695869837296621,136857.09430756158,14643709.09090909,107.0,1598.0
2025-08-24,e-영업3,회원,6.747404844290658,199417.0163170163,23331790.909090906,117.0,1734.0
2025-08-25,e-영업3,회원,5.303030303030303,197594.80519480517,16597963.636363635,84.0,1584.0
2025-08-26,e-영업3,회원,3.7359900373599,285416.5151515151,17124990.909090906,60.0,1606.0
2025-08-27,e-영업3,회원,4.26479949077021,165584.5318860244,11094163.636363635,67.0,1571.0
2025-08-28,e-영업3,회원,5.020632737276479,240148.5927770859,17530847.27272727,73.0,1454.0
2025-08-29,e-영업3,회원,5.410566518141311,154812.72727272726,13159081.818181816,85.0,1571.0
2025-08-30,e-영업3,회원,6.275421266705404,193034.34343434343,20847709.09090909,108.0,1721.0
2025-08-31,e-영업3,회원,7.688229056203605,165770.65830721002,24036745.454545453,145.0,1886.0
2025-09-01,e-영업3,회원,6.744704570791528,158811.34485349362,19216172.727272727,121.0,1794.0
2025-09-02,e-영업3,회원,5.6059797116924726,126815.23809523808,13315599.999999998,105.0,1873.0
2025-09-03,e-영업3,회원,5.630026809651475,88223.37662337662,9263454.545454545,105.0,1865.0
2025-09-04,e-영업3,회원,5.238095238095238,107684.40082644626,9476227.272727272,88.0,1680.0
2025-09-05,e-영업3,회원,5.545617173524151,319573.2160312805,29720309.09090909,93.0,1677.0
2025-09-06,e-영업3,회원,5.7405281285878305,161534.36363636362,16153436.363636361,100.0,1742.0
2025-09-07,e-영업3,회원,7.925887802367473,141918.41794569066,21855436.363636363,154.0,1943.0
2025-09-08,e-영업3,회원,4.130434782608695,95182.89473684209,7233899.999999999,76.0,1840.0
2025-09-09,e-영업3,회원,5.845181674565561,161523.751023751,17929136.363636363,111.0,1899.0
2025-09-10,e-영업3,회원,5.697232772653283,195669.26406926406,20545272.727272727,105.0,1843.0
2025-09-11,e-영업3,회원,4.7991653625456445,355755.71146245056,32729525.454545453,92.0,1917.0
2025-09-12,e-영업3,회원,5.477980665950591,45197.05882352941,4610100.0,102.0,1862.0
2025-09-13,e-영업3,회원,8.00530738611234,159551.33098945252,28878790.909090906,181.0,2261.0
2025-09-14,e-영업3,회원,8.475336322869955,150768.68686868687,28495281.818181816,189.0,2230.0
2025-09-15,e-영업3,회원,6.631299734748011,167992.07272727272,20999009.09090909,125.0,1885.0
2025-09-16,e-영업3,회원,4.708400214018192,152190.20661157023,13392738.181818182,88.0,1869.0
2025-09-17,e-영업3,회원,7.377463365336029,366852.98879202985,53560536.36363636,146.0,1979.0
2025-09-18,e-영업3,회원,3.1631520532741395,5753.429027113238,327945.45454545453,57.0,1802.0
2025-09-19,e-영업3,회원,5.128205128205128,264677.17996289424,25938363.636363633,98.0,1911.0
2025-09-20,e-영업3,회원,7.019185774450164,162388.303030303,24358245.454545453,150.0,2137.0
2025-09-21,e-영업3,회원,8.429610611895592,167395.93908629438,32976999.999999996,197.0,2337.0
2025-09-22,e-영업3,회원,5.337450374944861,187793.7640871525,22723045.454545453,121.0,2267.0
2025-09-23,e-영업3,회원,5.405405405405405,299373.91952309984,36523618.18181818,122.0,2257.0
2025-09-24,e-영업3,회원,7.651715039577836,175784.3260188088,30586472.727272727,174.0,2274.0
2025-09-25,e-영업3,회원,6.193078324225866,477286.02941176464,64910899.99999999,136.0,2196.0
2025-09-26,e-영업3,회원,5.739732805541811,256737.53918495297,29781554.545454543,116.0,2021.0
2025-09-27,e-영업3,회원,8.239333006375674,243413.04112554112,40893390.90909091,168.0,2039.0
2025-09-28,e-영업3,회원,7.781456953642383,183497.57736943904,34497544.54545454,188.0,2416.0
2025-09-29,e-영업3,회원,3.1206975676916016,117372.5935828877,7981336.363636363,68.0,2179.0
2025-09-30,e-영업3,회원,4.120443740095087,168922.14452214452,13175927.272727272,78.0,1893.0
2025-10-01,e-영업3,회원,3.787878787878788,277429.51048951043,18032918.18181818,65.0,1716.0
2025-10-02,e-영업3,회원,3.7800687285223367,126187.76859504131,6940327.2727272725,55.0,1455.0
2025-10-03,e-영업3,회원,5.342624854819976,160216.20553359683,14739890.909090908,92.0,1722.0
2025-10-04,e-영업3,회원,5.961893054701905,196363.73008434862,19047281.818181816,97.0,1627.0
2025-10-05,e-영업3,회원,6.113256113256113,174007.3684210526,16530699.999999998,95.0,1554.0
2025-10-06,e-영업3,회원,4.709677419354839,193911.5815691158,14155545.454545453,73.0,1550.0
2025-10-07,e-영업3,회원,5.601317957166392,252023.6185383244,25706409.09090909,102.0,1821.0
2025-10-08,e-영업3,회원,6.051437216338881,158365.45454545453,19003854.545454543,120.0,1983.0
2025-10-09,e-영업3,회원,6.669553919445647,394092.32585596223,60690218.18181818,154.0,2309.0
2025-10-10,e-영업3,회원,3.2014228546020456,25028.661616161615,1802063.6363636362,72.0,2249.0
2025-10-11,e-영업3,회원,6.298533218291631,169727.5217932752,24780218.18181818,146.0,2318.0
2025-10-12,e-영업3,회원,6.848249027237355,196976.91115702476,34667936.36363636,176.0,2570.0
2025-10-13,e-영업3,회원,3.475382705833678,127715.63852813852,10728113.636363635,84.0,2417.0
2025-10-14,e-영업3,회원,4.964539007092199,599362.4140565316,71324127.27272727,119.0,2397.0
2025-10-15,e-영업3,회원,4.316546762589928,211635.10416666666,20316970.0,96.0,2224.0
2025-10-16,e-영업3,회원,4.647819837086727,406475.7919400187,39428151.81818181,97.0,2087.0
2025-10-17,e-영업3,회원,6.20558976788252,215047.1894517696,28171181.818181816,131.0,2111.0
2025-10-18,e-영업3,회원,7.1572175311620425,237836.9765066394,42334981.81818181,178.0,2487.0
2025-10-19,e-영업3,회원,10.103905410247222,158083.13990973565,44579445.45454545,282.0,2791.0
2025-10-20,e-영업3,회원,7.69502294387575,119412.05170975812,26031827.27272727,218.0,2833.0
2025-10-21,e-영업3,회원,5.777310924369748,231353.55371900825,38173336.36363636,165.0,2856.0
2025-10-22,e-영업3,회원,6.047516198704104,153355.51948051946,25763727.27272727,168.0,2778.0
2025-10-23,e-영업3,회원,5.73175391669851,189452.50909090906,28417876.36363636,150.0,2617.0
2025-10-24,e-영업3,회원,4.186046511627907,178489.898989899,17670500.0,99.0,2365.0
2025-10-25,e-영업3,회원,6.001727115716753,239800.15042511444,33332220.909090906,139.0,2316.0
2025-10-26,e-영업3,회원,7.352941176470589,270045.8227272727,54009164.54545454,200.0,2720.0
2025-10-27,e-영업3,회원,4.753395282344532,211353.998632946,28110081.818181816,133.0,2798.0
2025-10-28,e-영업3,회원,4.272834182673462,184605.33778148456,20121981.818181816,109.0,2551.0
2025-10-29,e-영업3,회원,4.678362573099415,167653.0844155844,18777145.454545453,112.0,2394.0
2025-10-30,e-영업3,회원,4.835680751173709,267794.43954104144,27582827.27272727,103.0,2130.0
2025-10-31,e-영업3,회원,3.1217481789802286,291126.96969696967,17467618.18181818,60.0,1922.0
2025-11-01,e-영업3,회원,5.926979611190138,199564.21818181817,24945527.27272727,125.0,2109.0
2025-11-02,e-영업3,회원,6.557377049180328,162261.25277161863,26610845.454545453,164.0,2501.0
2025-11-03,e-영업3,회원,5.18664047151277,109596.07438016527,14466681.818181816,132.0,2545.0
2025-11-04,e-영업3,회원,4.265202702702703,156047.34473447344,15760781.818181816,101.0,2368.0
2025-11-05,e-영업3,회원,3.685612788632327,147120.8105147864,12211027.272727272,83.0,2252.0
2025-11-06,e-영업3,회원,6.145251396648044,255605.44077134985,33739918.18181818,132.0,2148.0
2025-11-07,e-영업3,회원,4.083570750237417,178367.2304439746,15339581.818181816,86.0,2106.0
2025-11-08,e-영업3,회원,7.214345287739783,193291.06673673147,33439354.545454543,173.0,2398.0
2025-11-09,e-영업3,회원,7.947284345047924,171997.76153494744,34227554.54545454,199.0,2504.0
2025-11-10,e-영업3,회원,4.836806920959496,49865.33628972653,6133436.363636363,123.0,2543.0
2025-11-11,e-영업3,회원,6.1177375913813,221130.5317324185,35159754.54545454,159.0,2599.0
2025-11-12,e-영업3,회원,7.278241091736164,177831.58143939392,34143663.63636363,192.0,2638.0
2025-11-13,e-영업3,회원,5.662805662805663,234755.78512396693,30987763.636363633,132.0,2331.0
2025-11-14,e-영업3,회원,4.547404547404548,209301.37221269295,22185945.454545453,106.0,2331.0
2025-11-15,e-영업3,회원,7.793764988009593,203011.04895104893,39587154.54545454,195.0,2502.0
2025-11-16,e-영업3,회원,8.305084745762711,229405.71428571426,56204399.99999999,245.0,2950.0
2025-11-17,e-영업3,회원,4.752851711026616,20376.945454545454,2547118.1818181816,125.0,2630.0
2025-11-18,e-영업3,회원,6.1443932411674345,122240.7784090909,19558524.545454543,160.0,2604.0
2025-11-19,e-영업3,회원,4.614797864225782,135836.5890308039,16436227.272727272,121.0,2622.0
2025-11-20,e-영업3,회원,4.296875,476919.74288337916,47215054.54545454,99.0,2304.0
2025-11-21,e-영업3,회원,4.5822102425876015,308079.9465240642,31424154.545454543,102.0,2226.0
2025-11-22,e-영업3,회원,8.508977361436378,189217.1392827356,41249336.36363636,218.0,2562.0
2025-11-23,e-영업3,회원,8.812647157753112,183844.1707147814,48167172.72727273,262.0,2973.0
2025-11-24,e-영업3,회원,5.34156976744186,174994.8051948052,25724236.363636363,147.0,2752.0
2025-11-25,e-영업3,회원,6.168710516536604,209001.3691128149,34694227.27272727,166.0,2691.0
2025-11-26,e-영업3,회원,5.6037884767166535,203083.3546734955,28837836.36363636,142.0,2534.0
2025-11-27,e-영업3,회원,7.060141949943967,266604.7907647908,50388305.45454545,189.0,2677.0
2025-11-28,e-영업3,회원,3.4237995824634653,249613.3037694013,20468290.909090906,82.0,2395.0
2025-11-29,e-영업3,회원,5.822887181560858,145507.76515151514,20953118.18181818,144.0,2473.0
2025-11-30,e-영업3,회원,6.655504395144411,158325.61463693538,25173772.727272727,159.0,2389.0
2025-12-01,e-영업3,회원,5.342237061769616,132571.16477272726,16969109.09090909,128.0,2396.0
2025-12-02,e-영업3,회원,5.339403973509934,301341.7195207892,38873081.81818181,129.0,2416.0
2025-12-03,e-영업3,회원,5.119047619047619,164926.84989429172,21275563.636363633,129.0,2520.0
2025-12-04,e-영업3,회원,6.409701169337375,138112.96068796067,20440718.18181818,148.0,2309.0
2025-12-05,e-영업3,회원,5.713000449842555,145314.2448103078,18454909.09090909,127.0,2223.0
2025-12-06,e-영업3,회원,6.922435362802336,194560.13143483023,32296981.818181816,166.0,2398.0
2025-12-07,e-영업3,회원,8.020833333333334,157274.43526170796,36330394.54545454,231.0,2880.0
2025-12-08,e-영업3,회원,5.076335877862595,148687.79904306217,19775477.27272727,133.0,2620.0
2025-12-09,e-영업3,회원,5.128205128205128,321642.56916996045,44386674.54545454,138.0,2691.0
2025-12-10,e-영업3,회원,6.229641693811075,217929.53060011883,33343218.18181818,153.0,2456.0
2025-12-11,e-영업3,회원,5.328185328185328,316927.4703557312,43735990.90909091,138.0,2590.0
2025-12-12,e-영업3,회원,3.864319450407901,191036.86868686866,17193318.18181818,90.0,2329.0
2025-12-13,e-영업3,회원,7.193440178904212,217877.01837023077,42050264.54545454,193.0,2683.0
2025-12-14,e-영업3,회원,7.518056467498359,334047.32036522427,76496836.36363636,229.0,3046.0
2025-12-15,e-영업3,회원,4.454511136277841,316029.89214175654,37291527.27272727,118.0,2649.0
2025-12-16,e-영업3,회원,4.1871921182266005,102445.00891265596,10449390.909090908,102.0,2436.0
2025-12-17,e-영업3,회원,5.254515599343185,297600.35511363635,38092845.45454545,128.0,2436.0
2025-12-18,e-영업3,회원,4.678091709124595,223051.75517551752,22528227.27272727,101.0,2159.0
2025-12-19,e-영업3,회원,4.814233385661957,344650.1976284585,31707818.18181818,92.0,1911.0
2025-12-20,e-영업3,회원,5.306543019062339,194154.54545454544,19997918.18181818,103.0,1941.0
2025-12-21,e-영업3,회원,6.537421100090171,174823.82445141065,25349454.545454543,145.0,2218.0
2025-12-22,e-영업3,회원,5.015959872321021,533544.7107438017,58689918.18181818,110.0,2193.0
2025-12-23,e-영업3,회원,3.5872453498671386,315725.70145903475,25573781.818181816,81.0,2258.0
2025-12-24,e-영업3,회원,3.557951482479784,67148.89807162534,4431827.2727272725,66.0,1855.0
2025-12-25,e-영업3,회원,6.998011928429423,193241.3739669421,34010481.81818181,176.0,2515.0
2025-12-26,e-영업3,회원,5.553200508690123,190821.16585704373,24997572.727272727,131.0,2359.0
2025-12-27,e-영업3,회원,6.761006289308176,218793.9746300211,37632563.63636363,172.0,2544.0
2025-12-28,e-영업3,회원,7.285464098073555,153596.89685314684,31948154.545454543,208.0,2855.0
2025-12-29,e-영업3,회원,4.561824729891957,178741.86602870811,20376572.727272727,114.0,2499.0
2025-12-30,e-영업3,회원,2.524271844660194,179361.8881118881,9326818.181818182,52.0,2060.0
2025-12-31,e-영업3,회원,4.148230088495575,199334.42424242423,14950081.818181816,75.0,1808.0
2025-01-01,e-영업4,기존,12.605832549388523,95137.38127544097,12748409.09090909,134.0,1063.0
2025-01-02,e-영업4,기존,9.946714031971581,56883.56331168831,6370959.090909091,112.0,1126.0
2025-01-03,e-영업4,기존,7.635009310986965,134271.17516629712,11010236.363636363,82.0,1074.0
2025-01-04,e-영업4,기존,10.471204188481675,97703.25757575757,11724390.909090908,120.0,1146.0
2025-01-05,e-영업4,기존,12.931726907630523,97089.24336533032,15631368.18181818,161.0,1245.0
2025-01-06,e-영업4,기존,7.410636442894507,48422.03208556149,4115872.727272727,85.0,1147.0
2025-01-07,e-영업4,기존,9.317681584739546,98342.18324982104,12489457.272727272,127.0,1363.0
2025-01-08,e-영업4,기존,12.011173184357542,158098.29281183932,27192906.363636363,172.0,1432.0
2025-01-09,e-영업4,기존,8.03347280334728,80611.07954545454,7738663.636363636,96.0,1195.0
2025-01-10,e-영업4,기존,8.685064935064934,102734.66440101953,10992609.09090909,107.0,1232.0
2025-01-11,e-영업4,기존,10.450038138825324,135621.499668215,18580145.454545453,137.0,1311.0
2025-01-12,e-영업4,기존,10.829335161069226,98333.37169159953,15536672.727272727,158.0,1459.0
2025-01-13,e-영업4,기존,10.039525691699605,63611.023622047236,8078599.999999999,127.0,1265.0
2025-01-14,e-영업4,기존,9.860383944153577,95600.32180209171,10802836.363636363,113.0,1146.0
2025-01-15,e-영업4,기존,8.076602830974188,88914.13308341142,8624670.909090908,97.0,1201.0
2025-01-16,e-영업4,기존,8.159564823209429,10337.272727272726,930354.5454545454,90.0,1103.0
2025-01-17,e-영업4,기존,9.441233140655106,34216.23376623376,3353190.9090909087,98.0,1038.0
2025-01-18,e-영업4,기존,11.988847583643123,104806.90627202255,13520090.909090908,129.0,1076.0
2025-01-19,e-영업4,기존,11.37123745819398,119015.44117647057,16186099.999999998,136.0,1196.0
2025-01-20,e-영업4,기존,9.217391304347826,89889.10806174956,9528245.454545453,106.0,1150.0
2025-01-21,e-영업4,기존,10.710987996306557,84116.95141065831,9757566.363636363,116.0,1083.0
2025-01-22,e-영업4,기존,8.713272543059777,82794.08033826637,7120290.909090908,86.0,987.0
2025-01-23,e-영업4,기존,8.411214953271028,100594.69696969696,7242818.181818182,72.0,856.0
2025-01-24,e-영업4,기존,5.914718019257221,72545.87737843551,3119472.727272727,43.0,727.0
2025-01-25,e-영업4,기존,10.38107752956636,75188.72266973533,5939909.090909091,79.0,761.0
2025-01-26,e-영업4,기존,9.233997901364113,105919.83471074379,9320945.454545453,88.0,953.0
2025-01-27,e-영업4,기존,9.11111111111111,95398.44789356984,7822672.727272727,82.0,900.0
2025-01-28,e-영업4,기존,9.601873536299765,93701.21951219511,7683499.999999999,82.0,854.0
2025-01-29,e-영업4,기존,7.943925233644859,101917.11229946523,6930363.636363636,68.0,856.0
2025-01-30,e-영업4,기존,11.685823754789272,81207.74962742174,9907345.454545453,122.0,1044.0
2025-01-31,e-영업4,기존,10.364145658263306,57475.757575757576,6379809.090909091,111.0,1071.0
2025-02-01,e-영업4,기존,12.900763358778624,79179.28994082838,13381299.999999998,169.0,1310.0
2025-02-02,e-영업4,기존,14.074074074074074,84271.39819245081,14410409.09090909,171.0,1215.0
2025-02-03,e-영업4,기존,9.430604982206406,100921.16638078901,10697643.636363635,106.0,1124.0
2025-02-04,e-영업4,기존,9.855564995751912,101523.43260188088,11776718.181818182,116.0,1177.0
2025-02-05,e-영업4,기존,8.915441176470589,64608.34114339269,6267009.090909091,97.0,1088.0
2025-02-06,e-영업4,기존,9.513960703205791,94732.49011857706,8715389.09090909,92.0,967.0
2025-02-07,e-영업4,기존,11.170212765957446,65038.00865800865,6828990.909090908,105.0,940.0
2025-02-08,e-영업4,기존,10.288461538461538,99214.18861512319,10615918.181818182,107.0,1040.0
2025-02-09,e-영업4,기존,11.582670203359859,94099.93060374739,12327090.909090908,131.0,1131.0
2025-02-10,e-영업4,기존,9.746588693957115,65861.86363636363,6586186.363636363,100.0,1026.0
2025-02-11,e-영업4,기존,9.117361784675072,100624.08123791101,9458663.636363635,94.0,1031.0
2025-02-12,e-영업4,기존,11.1,119157.08435708436,13226436.363636363,111.0,1000.0
2025-02-13,e-영업4,기존,11.382978723404255,98875.95581988104,10579727.272727272,107.0,940.0
2025-02-14,e-영업4,기존,11.377245508982035,67693.01435406698,6430836.363636363,95.0,835.0
2025-02-15,e-영업4,기존,12.823061630218687,84921.21212121211,10954836.363636363,129.0,1006.0
2025-02-16,e-영업4,기존,12.223133716160788,77735.9365466748,11582654.545454545,149.0,1219.0
2025-02-17,e-영업4,기존,9.683426443202979,110777.27272727272,11520836.363636363,104.0,1074.0
2025-02-18,e-영업4,기존,9.464627151051626,80914.41689623508,8010527.2727272725,99.0,1046.0
2025-02-19,e-영업4,기존,8.506616257088846,139195.75757575757,12527618.181818182,90.0,1058.0
2025-02-20,e-영업4,기존,11.591355599214145,81421.37904468413,9607722.727272727,118.0,1018.0
2025-02-21,e-영업4,기존,9.498399146211312,99290.70480081716,8836872.727272727,89.0,937.0
2025-02-22,e-영업4,기존,11.344922232387923,87078.00586510263,10797672.727272727,124.0,1093.0
2025-02-23,e-영업4,기존,12.397921306607275,89387.04409363092,14927636.363636363,167.0,1347.0
2025-02-24,e-영업4,기존,12.017543859649123,103090.97544790975,14123463.636363635,137.0,1140.0
2025-02-25,e-영업4,기존,11.565836298932384,74644.96503496502,9703845.454545453,130.0,1124.0
2025-02-26,e-영업4,기존,6.701030927835052,60888.11188811188,4749272.727272727,78.0,1164.0
2025-02-27,e-영업4,기존,8.368200836820083,72878.52272727272,5830281.818181817,80.0,956.0
2025-02-28,e-영업4,기존,6.784968684759916,79099.02097902098,5141436.363636363,65.0,958.0
2025-03-01,e-영업4,기존,13.829787234042554,94383.74125874125,14723863.636363635,156.0,1128.0
2025-03-02,e-영업4,기존,12.248062015503876,130156.7318757192,20564763.636363633,158.0,1290.0
2025-03-03,e-영업4,기존,11.270638908829863,89096.12044006948,13988090.909090908,157.0,1393.0
2025-03-04,e-영업4,기존,11.892797319932999,85614.66069142125,12157281.818181816,142.0,1194.0
2025-03-05,e-영업4,기존,12.449799196787147,88665.01466275658,13743077.272727272,155.0,1245.0
2025-03-06,e-영업4,기존,12.451662799690641,109027.83738001129,17553481.818181816,161.0,1293.0
2025-03-07,e-영업4,기존,8.571428571428571,107741.8377321603,10019990.909090908,93.0,1085.0
2025-03-08,e-영업4,기존,12.034632034632034,84140.90909090909,11695586.363636363,139.0,1155.0
2025-03-09,e-영업4,기존,12.832550860719873,81829.21286031042,13419990.909090908,164.0,1278.0
2025-03-10,e-영업4,기존,9.975062344139651,75550.37878787877,9066045.454545453,120.0,1203.0
2025-03-11,e-영업4,기존,8.722466960352424,76423.23232323231,7565899.999999999,99.0,1135.0
2025-03-12,e-영업4,기존,9.114359415305245,50847.770154373924,5389863.636363636,106.0,1163.0
2025-03-13,e-영업4,기존,8.333333333333332,88600.2997002997,8062627.2727272725,91.0,1092.0
2025-03-14,e-영업4,기존,6.703397612488522,123077.27272727272,8984640.909090908,73.0,1089.0
2025-03-15,e-영업4,기존,12.602739726027398,90830.96179183135,12534672.727272727,138.0,1095.0
2025-03-16,e-영업4,기존,11.16642958748222,94427.56224667052,14825127.272727272,157.0,1406.0
2025-03-17,e-영업4,기존,12.068965517241379,84429.1280148423,12411081.818181816,147.0,1218.0
2025-03-18,e-영업4,기존,9.727947238252268,119115.1001540832,14055581.818181816,118.0,1213.0
2025-03-19,e-영업4,기존,10.803571428571429,79295.49211119459,9594754.545454545,121.0,1120.0
2025-03-20,e-영업4,기존,11.042944785276074,58630.80808080808,6332127.2727272725,108.0,978.0
2025-03-21,e-영업4,기존,9.730848861283643,84741.58607350096,7965709.09090909,94.0,966.0
2025-03-22,e-영업4,기존,11.627906976744185,119329.15584415583,16706081.818181816,140.0,1204.0
2025-03-23,e-영업4,기존,13.169642857142858,90053.0816640986,15939395.454545453,177.0,1344.0
2025-03-24,e-영업4,기존,11.518324607329843,78561.46694214875,10370113.636363635,132.0,1146.0
2025-03-25,e-영업4,기존,8.916666666666668,49700.84961767204,5317990.909090908,107.0,1200.0
2025-03-26,e-영업4,기존,10.704727921498662,71858.18181818182,8622981.818181818,120.0,1121.0
2025-03-27,e-영업4,기존,9.555345316934721,164190.00900090009,16583190.909090908,101.0,1057.0
2025-03-28,e-영업4,기존,7.158836689038031,73775.0,4721600.0,64.0,894.0
2025-03-29,e-영업4,기존,11.190053285968029,92566.59451659452,11663390.909090908,126.0,1126.0
2025-03-30,e-영업4,기존,12.780269058295964,91640.13822434875,15670463.636363635,171.0,1338.0
2025-03-31,e-영업4,기존,9.357277882797732,77422.0385674931,7664781.818181817,99.0,1058.0
2025-04-01,e-영업4,기존,9.84182776801406,95733.5633116883,10722159.09090909,112.0,1138.0
2025-04-02,e-영업4,기존,11.42578125,90094.94949494948,10541109.09090909,117.0,1024.0
2025-04-03,e-영업4,기존,8.436213991769549,82858.25942350332,6794377.2727272725,82.0,972.0
2025-04-04,e-영업4,기존,11.726384364820847,93331.90235690234,10079845.454545453,108.0,921.0
2025-04-05,e-영업4,기존,10.554089709762533,78436.13636363637,9412336.363636363,120.0,1137.0
2025-04-06,e-영업4,기존,10.931485758275597,87156.88220230473,12376277.272727272,142.0,1299.0
2025-04-07,e-영업4,기존,8.729388942774007,76334.89898989898,6870140.909090908,90.0,1031.0
2025-04-08,e-영업4,기존,11.11111111111111,93607.28715728715,11794518.181818182,126.0,1134.0
2025-04-09,e-영업4,기존,10.008857395925599,86883.50764279967,9817836.363636363,113.0,1129.0
2025-04-10,e-영업4,기존,8.851224105461393,87953.14313346228,8267595.454545454,94.0,1062.0
2025-04-11,e-영업4,기존,8.24634655532359,44451.43843498274,3511663.6363636362,79.0,958.0
2025-04-12,e-영업4,기존,12.605633802816902,87853.35195530725,15725749.999999998,179.0,1420.0
2025-04-13,e-영업4,기존,12.251882272416154,96537.53174200101,17280218.18181818,179.0,1461.0
2025-04-14,e-영업4,기존,8.072916666666668,78732.84457478006,7322154.545454545,93.0,1152.0
2025-04-15,e-영업4,기존,8.23199251637044,83004.64876033057,7304409.09090909,88.0,1069.0
2025-04-16,e-영업4,기존,9.15032679738562,74564.19294990723,7307290.909090908,98.0,1071.0
2025-04-17,e-영업4,기존,8.198198198198197,89071.42857142857,8105499.999999999,91.0,1110.0
2025-04-18,e-영업4,기존,9.982014388489208,77214.6601146601,8570827.272727272,111.0,1112.0
2025-04-19,e-영업4,기존,11.821305841924397,85770.28541226215,14752489.09090909,172.0,1455.0
2025-04-20,e-영업4,기존,13.737623762376238,84313.96396396396,18717700.0,222.0,1616.0
2025-04-21,e-영업4,기존,9.52029520295203,82476.673713883,10639490.909090908,129.0,1355.0
2025-04-22,e-영업4,기존,7.852965747702589,62115.522243713734,5838859.090909091,94.0,1197.0
2025-04-23,e-영업4,기존,10.413080895008605,92706.02554470323,11217429.09090909,121.0,1162.0
2025-04-24,e-영업4,기존,8.112874779541446,86714.87154150197,7977768.181818181,92.0,1134.0
2025-04-25,e-영업4,기존,8.770161290322582,95466.92789968652,8305622.727272727,87.0,992.0
2025-04-26,e-영업4,기존,10.891870560378848,88471.54150197627,12209072.727272727,138.0,1267.0
2025-04-27,e-영업4,기존,11.40159767610748,81623.18471337578,12814839.999999998,157.0,1377.0
2025-04-28,e-영업4,기존,7.3018699910952805,72199.33481152993,5920345.454545454,82.0,1123.0
2025-04-29,e-영업4,기존,8.517887563884157,86253.3909090909,8625339.09090909,100.0,1174.0
2025-04-30,e-영업4,기존,9.132007233273058,87525.90459045905,8840116.363636363,101.0,1106.0
2025-05-01,e-영업4,기존,11.963882618510159,78633.19611206403,12502678.181818182,159.0,1329.0
2025-05-02,e-영업4,기존,8.173076923076923,73571.65775401068,6253590.909090908,85.0,1040.0
2025-05-03,e-영업4,기존,9.918107370336669,81789.07422852376,8915009.09090909,109.0,1099.0
2025-05-04,e-영업4,기존,9.523809523809524,93097.95008912655,9495990.909090908,102.0,1071.0
2025-05-05,e-영업4,기존,12.7373417721519,127290.1919819311,20493720.909090906,161.0,1264.0
2025-05-06,e-영업4,기존,14.886515353805073,99833.19200978393,22262801.818181816,223.0,1498.0
2025-05-07,e-영업4,기존,5.409836065573771,62607.85123966942,4132118.1818181816,66.0,1220.0
2025-05-08,e-영업4,기존,9.257473481195758,81300.66287878787,7804863.636363636,96.0,1037.0
2025-05-09,e-영업4,기존,7.6923076923076925,75972.60442260442,5621972.727272727,74.0,962.0
2025-05-10,e-영업4,기존,10.9375,91892.27994227993,11578427.272727272,126.0,1152.0
2025-05-11,e-영업4,기존,10.967184801381693,69374.44523979956,8810554.545454545,127.0,1158.0
2025-05-12,e-영업4,기존,7.796917497733455,80758.75264270612,6945252.727272727,86.0,1103.0
2025-05-13,e-영업4,기존,9.155555555555555,86149.77934686671,8873427.272727272,103.0,1125.0
2025-05-14,e-영업4,기존,9.279368213228036,79142.94003868471,7439436.363636363,94.0,1013.0
2025-05-15,e-영업4,기존,9.980237154150199,94719.17191719172,9566636.363636363,101.0,1012.0
2025-05-16,e-영업4,기존,7.945516458569807,130219.22077922076,9115345.454545453,70.0,881.0
2025-05-17,e-영업4,기존,7.8125,129592.61363636362,10367409.09090909,80.0,1024.0
2025-05-18,e-영업4,기존,12.781278127812781,152119.9103713188,21601027.27272727,142.0,1111.0
2025-05-19,e-영업4,기존,9.297520661157025,34415.55555555555,3097399.9999999995,90.0,968.0
2025-05-20,e-영업4,기존,8.962264150943396,53842.16507177033,4092004.545454545,76.0,848.0
2025-05-21,e-영업4,기존,9.856035437430787,89283.75893769151,7946254.545454545,89.0,903.0
2025-05-22,e-영업4,기존,9.684947491248542,74832.20153340635,6211072.727272727,83.0,857.0
2025-05-23,e-영업4,기존,8.508158508158509,73830.88418430883,5389654.545454545,73.0,858.0
2025-05-24,e-영업4,기존,10.590631364562118,109485.40209790209,11386481.818181816,104.0,982.0
2025-05-25,e-영업4,기존,13.570741097208854,74022.51450676982,10437174.545454545,141.0,1039.0
2025-05-26,e-영업4,기존,,66499.44055944055,5186956.363636363,78.0,0.0
2025-05-27,e-영업4,기존,9.810874704491725,53769.44140197152,4462863.636363636,83.0,846.0
2025-05-28,e-영업4,기존,10.800508259212197,63330.96256684491,5383131.818181817,85.0,787.0
2025-05-29,e-영업4,기존,8.378378378378379,79668.25513196479,4939431.818181817,62.0,740.0
2025-05-30,e-영업4,기존,11.095700416088766,92052.61363636362,7364209.09090909,80.0,721.0
2025-05-31,e-영업4,기존,12.176724137931034,94140.78841512468,10637909.09090909,113.0,928.0
2025-06-01,e-영업4,기존,9.686098654708521,78947.39057239058,8526318.181818182,108.0,1115.0
2025-06-02,e-영업4,기존,9.176225234619395,106656.30165289255,9385754.545454545,88.0,959.0
2025-06-03,e-영업4,기존,15.548281505728315,110762.44976076555,21044865.454545453,190.0,1222.0
2025-06-04,e-영업4,기존,13.891726251276811,191026.67112299462,25979627.27272727,136.0,979.0
2025-06-05,e-영업4,기존,12.135922330097088,105085.0,10508500.0,100.0,824.0
2025-06-06,e-영업4,기존,11.825726141078837,85671.2918660287,9766527.272727272,114.0,964.0
2025-06-07,e-영업4,기존,13.727359389895138,101515.9722222222,14618299.999999998,144.0,1049.0
2025-06-08,e-영업4,기존,12.747631352282514,68379.36117936116,10120145.454545453,148.0,1161.0
2025-06-09,e-영업4,기존,9.267241379310345,117216.9133192389,10080654.545454545,86.0,928.0
2025-06-10,e-영업4,기존,9.892729439809298,108876.12267250821,9036718.181818182,83.0,839.0
2025-06-11,e-영업4,기존,9.265944645006016,81478.86658795748,6273872.727272727,77.0,831.0
2025-06-12,e-영업4,기존,10.313315926892951,83659.40161104717,6609092.727272727,79.0,766.0
2025-06-13,e-영업4,기존,8.823529411764707,130537.81291172594,9007109.09090909,69.0,782.0
2025-06-14,e-영업4,기존,14.037122969837586,70444.02704733283,8523727.272727272,121.0,862.0
2025-06-15,e-영업4,기존,12.43680485338726,66808.29268292683,8217419.999999999,123.0,989.0
2025-06-16,e-영업4,기존,10.948081264108351,70468.46298031864,6835440.909090908,97.0,886.0
2025-06-17,e-영업4,기존,12.040557667934094,85726.985645933,8144063.636363636,95.0,789.0
2025-06-18,e-영업4,기존,13.550939663699307,80390.04644990046,11013436.363636363,137.0,1011.0
2025-06-19,e-영업4,기존,15.040650406504067,82347.85012285011,12187481.818181816,148.0,984.0
2025-06-20,e-영업4,기존,11.124401913875598,73879.17888563049,6870763.636363636,93.0,836.0
2025-06-21,e-영업4,기존,14.587332053742802,88274.52153110047,13417727.272727272,152.0,1042.0
2025-06-22,e-영업4,기존,14.930555555555555,81878.71035940803,14083138.18181818,172.0,1152.0
2025-06-23,e-영업4,기존,10.030395136778116,70843.47107438016,7013503.636363636,99.0,987.0
2025-06-24,e-영업4,기존,8.75995449374289,83346.69421487603,6417695.454545454,77.0,879.0
2025-06-25,e-영업4,기존,11.259754738015609,82638.56885688569,8346495.454545454,101.0,897.0
2025-06-26,e-영업4,기존,16.157205240174672,67161.24078624077,9939863.636363635,148.0,916.0
2025-06-27,e-영업4,기존,12.763596004439512,103287.98418972331,11878118.181818182,115.0,901.0
2025-06-28,e-영업4,기존,17.386831275720166,95956.69714900483,16216681.818181816,169.0,972.0
2025-06-29,e-영업4,기존,16.93344566133109,85290.99954771595,17143490.909090906,201.0,1187.0
2025-06-30,e-영업4,기존,10.873983739837398,77151.7417162277,8255236.363636363,107.0,984.0
2025-07-01,e-영업4,기존,14.036697247706423,78611.76470588233,12027599.999999998,153.0,1090.0
2025-07-02,e-영업4,기존,10.526315789473683,68204.10839160839,7093227.2727272725,104.0,988.0
2025-07-03,e-영업4,기존,10.399159663865547,87408.17263544536,8653409.09090909,99.0,952.0
2025-07-04,e-영업4,기존,12.082853855005753,62013.76623376623,6511445.454545454,105.0,869.0
2025-07-05,e-영업4,기존,15.17113783533765,73630.93126385809,12075472.727272727,164.0,1081.0
2025-07-06,e-영업4,기존,16.209476309226932,90720.41958041958,17690481.818181816,195.0,1203.0
2025-07-07,e-영업4,기존,11.354961832061068,79387.65469824293,9447130.909090908,119.0,1048.0
2025-07-08,e-영업4,기존,14.70125786163522,109785.02673796791,20529800.0,187.0,1272.0
2025-07-09,e-영업4,기존,14.53055141579732,74094.14918414918,14448359.09090909,195.0,1342.0
2025-07-10,e-영업4,기존,13.10763888888889,91167.39915713425,13766277.272727272,151.0,1152.0
2025-07-11,e-영업4,기존,10.541871921182267,66244.01019541206,7088109.09090909,107.0,1015.0
2025-07-12,e-영업4,기존,13.91465677179963,76433.96969696968,11465095.454545453,150.0,1078.0
2025-07-13,e-영업4,기존,13.929961089494164,72014.19502285424,12890540.909090908,179.0,1285.0
2025-07-14,e-영업4,기존,10.126582278481013,85332.34265734264,8874563.636363635,104.0,1027.0
2025-07-15,e-영업4,기존,9.223744292237443,61145.814581458144,6175727.2727272725,101.0,1095.0
2025-07-16,e-영업4,기존,14.593077642656688,70612.00466200466,11015472.727272727,156.0,1069.0
2025-07-17,e-영업4,기존,11.862527716186252,67292.69328802038,7200318.181818182,107.0,902.0
2025-07-18,e-영업4,기존,12.573443008225619,57666.1852166525,6170281.818181817,107.0,851.0
2025-07-19,e-영업4,기존,14.01015228426396,79260.60606060605,10937963.636363635,138.0,985.0
2025-07-20,e-영업4,기존,14.510166358595194,75571.27967573827,11864690.909090908,157.0,1082.0
2025-07-21,e-영업4,기존,14.775510204081632,63421.29583124058,11479254.545454545,181.0,1225.0
2025-07-22,e-영업4,기존,13.071895424836603,59435.389610389604,8320954.545454545,140.0,1071.0
2025-07-23,e-영업4,기존,12.681510164569215,66463.15058986814,8706672.727272727,131.0,1033.0
2025-07-24,e-영업4,기존,13.340336134453782,73361.70365068002,9316936.363636363,127.0,952.0
2025-07-25,e-영업4,기존,13.92931392931393,84551.96743554951,11329963.636363635,134.0,962.0
2025-07-26,e-영업4,기존,16.633466135458168,67283.6145890038,11236363.636363635,167.0,1004.0
2025-07-27,e-영업4,기존,16.344725111441306,70455.04132231405,15500109.09090909,220.0,1346.0
2025-07-28,e-영업4,기존,8.671065032987748,53451.28458498023,4917518.181818182,92.0,1061.0
2025-07-29,e-영업4,기존,8.400809716599191,57660.24096385542,4785800.0,83.0,988.0
2025-07-30,e-영업4,기존,10.011001100110011,48591.80819180819,4421854.545454545,91.0,909.0
2025-07-31,e-영업4,기존,9.51276102088167,61460.421286031036,5039754.545454545,82.0,862.0
2025-08-01,e-영업4,기존,13.62530413625304,66327.75974025973,7428709.09090909,112.0,822.0
2025-08-02,e-영업4,기존,18.08622502628812,86113.95348837208,14811599.999999998,172.0,951.0
2025-08-03,e-영업4,기존,16.226071103008206,73695.09703779366,13117727.272727272,178.0,1097.0
2025-08-04,e-영업4,기존,10.067763794772508,62526.74825174824,6502781.818181817,104.0,1033.0
2025-08-05,e-영업4,기존,14.932562620423893,82386.6862170088,12769936.363636363,155.0,1038.0
2025-08-06,e-영업4,기존,14.885114885114886,82130.81147040878,12237490.909090908,149.0,1001.0
2025-08-07,e-영업4,기존,11.080074487895716,94843.1627196333,11286336.363636363,119.0,1074.0
2025-08-08,e-영업4,기존,13.598326359832635,75222.44755244756,9778918.181818182,130.0,956.0
2025-08-09,e-영업4,기존,17.41472172351885,65032.530459231486,12616310.909090908,194.0,1114.0
2025-08-10,e-영업4,기존,15.95238095238095,70407.23654454997,14151854.545454545,201.0,1260.0
2025-08-11,e-영업4,기존,12.357414448669202,55283.181818181816,7186813.636363636,130.0,1052.0
2025-08-12,e-영업4,기존,9.560229445506693,77895.22727272726,7789522.727272727,100.0,1046.0
2025-08-13,e-영업4,기존,10.457516339869281,58921.63825757575,5656477.2727272725,96.0,918.0
2025-08-14,e-영업4,기존,9.5,62997.24880382774,4787790.909090908,76.0,800.0
2025-08-15,e-영업4,기존,11.551528878822197,78849.99999999999,8042699.999999999,102.0,883.0
2025-08-16,e-영업4,기존,15.92039800995025,73230.90909090909,11716945.454545453,160.0,1005.0
2025-08-17,e-영업4,기존,14.791288566243194,90164.19408812046,14696763.636363635,163.0,1102.0
2025-08-18,e-영업4,기존,10.416666666666668,71424.329004329,7499554.545454545,105.0,1008.0
2025-08-19,e-영업4,기존,6.297502714440825,71112.69592476488,4124536.3636363633,58.0,921.0
2025-08-20,e-영업4,기존,9.059233449477352,75146.9696969697,5861463.636363636,78.0,861.0
2025-08-21,e-영업4,기존,10.619469026548673,81450.10822510821,6841809.09090909,84.0,791.0
2025-08-22,e-영업4,기존,10.416666666666668,70942.99465240641,6030154.545454545,85.0,816.0
2025-08-23,e-영업4,기존,13.088404133180253,67057.990430622,7644610.909090908,114.0,871.0
2025-08-24,e-영업4,기존,15.497076023391813,79133.56203544882,12582236.363636363,159.0,1026.0
2025-08-25,e-영업4,기존,13.05699481865285,53385.78643578644,6726609.090909091,126.0,965.0
2025-08-26,e-영업4,기존,9.837962962962964,89126.20320855615,7575727.2727272725,85.0,864.0
2025-08-27,e-영업4,기존,9.71709717097171,79823.82048331415,6306081.818181817,79.0,813.0
2025-08-28,e-영업4,기존,9.147869674185463,58029.140722291406,4236127.2727272725,73.0,798.0
2025-08-29,e-영업4,기존,11.985898942420683,53526.470588235294,5459700.0,102.0,851.0
2025-08-30,e-영업4,기존,13.2821075740944,83750.78888054093,10133845.454545453,121.0,911.0
2025-08-31,e-영업4,기존,16.28352490421456,78660.26737967914,13372245.454545453,170.0,1044.0
2025-09-01,e-영업4,기존,16.558741905642922,71906.14525139664,12871199.999999998,179.0,1081.0
2025-09-02,e-영업4,기존,14.0748031496063,74729.43420216147,10686309.09090909,143.0,1016.0
2025-09-03,e-영업4,기존,15.562248995983936,83481.52492668621,12939636.363636363,155.0,996.0
2025-09-04,e-영업4,기존,12.56490134994808,75706.83696468819,9160527.272727272,121.0,963.0
2025-09-05,e-영업4,기존,12.854030501089325,72383.74422187981,8541281.818181818,118.0,918.0
2025-09-06,e-영업4,기존,12.446351931330472,86600.86206896552,10045700.0,116.0,932.0
2025-09-07,e-영업4,기존,15.384615384615385,81992.33615221987,14102681.818181816,172.0,1118.0
2025-09-08,e-영업4,기존,9.100418410041842,96601.67189132705,8404345.454545453,87.0,956.0
2025-09-09,e-영업4,기존,8.592910848549947,103642.84090909091,8291427.2727272725,80.0,931.0
2025-09-10,e-영업4,기존,9.65435041716329,96609.20314253647,7825345.454545454,81.0,839.0
2025-09-11,e-영업4,기존,9.761388286334057,102446.96969696968,9220227.272727272,90.0,922.0
2025-09-12,e-영업4,기존,10.241657077100115,69964.04494382022,6226799.999999999,89.0,869.0
2025-09-13,e-영업4,기존,12.487992315081652,123403.91608391608,16042509.09090909,130.0,1041.0
2025-09-14,e-영업4,기존,15.168029064486829,103749.42841589547,17326154.545454543,167.0,1101.0
2025-09-15,e-영업4,기존,9.89010989010989,106859.87144168961,10579127.272727272,99.0,1001.0
2025-09-16,e-영업4,기존,8.919202518363065,85181.81818181818,7240454.545454545,85.0,953.0
2025-09-17,e-영업4,기존,11.384615384615385,86691.64619164618,9622772.727272727,111.0,975.0
2025-09-18,e-영업4,기존,11.446409989594173,87662.56198347105,9642881.818181816,110.0,961.0
2025-09-19,e-영업4,기존,9.619047619047619,74689.86498649865,7543676.363636363,101.0,1050.0
2025-09-20,e-영업4,기존,12.70815074496056,108219.4357366771,15691818.18181818,145.0,1141.0
2025-09-21,e-영업4,기존,15.035799522673033,93779.29773929772,17724287.27272727,189.0,1257.0
2025-09-22,e-영업4,기존,11.469534050179211,101780.75284090909,13027936.363636363,128.0,1116.0
2025-09-23,e-영업4,기존,9.229305423406279,68147.6663542643,6610323.636363636,97.0,1051.0
2025-09-24,e-영업4,기존,9.736842105263158,56928.419328419324,6319054.545454545,111.0,1140.0
2025-09-25,e-영업4,기존,11.906893464637422,104920.64251537935,13954445.454545453,133.0,1117.0
2025-09-26,e-영업4,기존,11.202466598150052,83129.27439532943,9061090.909090908,109.0,973.0
2025-09-27,e-영업4,기존,11.296660117878192,103311.27272727272,11880796.363636363,115.0,1018.0
2025-09-28,e-영업4,기존,13.522012578616351,89445.67653276956,15384656.363636363,172.0,1272.0
2025-09-29,e-영업4,기존,5.357142857142857,73953.11004784689,4215327.2727272725,57.0,1064.0
2025-09-30,e-영업4,기존,8.568329718004339,98635.97238204832,7792241.818181817,79.0,922.0
2025-10-01,e-영업4,기존,6.578947368421052,40707.72727272727,2442463.6363636362,60.0,912.0
2025-10-02,e-영업4,기존,8.851674641148326,69438.45208845209,5138445.454545454,74.0,836.0
2025-10-03,e-영업4,기존,9.63855421686747,84402.55681818181,8102645.454545454,96.0,996.0
2025-10-04,e-영업4,기존,7.096774193548387,97268.87052341597,6419745.454545454,66.0,930.0
2025-10-05,e-영업4,기존,9.70873786407767,123291.47727272726,9863318.181818182,80.0,824.0
2025-10-06,e-영업4,기존,9.364161849710982,107178.45117845117,8681454.545454545,81.0,865.0
2025-10-07,e-영업4,기존,12.355212355212355,104176.70454545454,13334618.181818182,128.0,1036.0
2025-10-08,e-영업4,기존,10.366972477064222,90194.52936444085,10191981.818181816,113.0,1090.0
2025-10-09,e-영업4,기존,11.730205278592376,102646.02272727272,16423363.636363635,160.0,1364.0
2025-10-10,e-영업4,기존,6.449106449106449,102442.93537787512,8502763.636363635,83.0,1287.0
2025-10-11,e-영업4,기존,10.480693459416864,89864.42925495557,11951969.09090909,133.0,1269.0
2025-10-12,e-영업4,기존,12.074716477651767,91369.69362129582,16537914.545454545,181.0,1499.0
2025-10-13,e-영업4,기존,9.675141242937853,119070.13934970139,16312609.09090909,137.0,1416.0
2025-10-14,e-영업4,기존,7.136859781696053,93572.08556149733,7953627.2727272725,85.0,1191.0
2025-10-15,e-영업4,기존,8.304195804195805,64301.81818181818,6108672.727272727,95.0,1144.0
2025-10-16,e-영업4,기존,8.24561403508772,97288.87814313345,9145154.545454545,94.0,1140.0
2025-10-17,e-영업4,기존,8.161350844277674,75880.25078369906,6601581.818181817,87.0,1066.0
2025-10-18,e-영업4,기존,12.860483242400624,111820.05509641873,18450309.09090909,165.0,1283.0
2025-10-19,e-영업4,기존,12.834978843441466,100267.83216783217,18248745.454545453,182.0,1418.0
2025-10-20,e-영업4,기존,11.889035667107,101321.52525252524,18237874.545454543,180.0,1514.0
2025-10-21,e-영업4,기존,10.63238359972203,57486.33392751039,8795409.09090909,153.0,1439.0
2025-10-22,e-영업4,기존,11.323529411764707,89972.66824085005,13855790.909090908,154.0,1360.0
2025-10-23,e-영업4,기존,8.438485804416404,86277.74001699235,9231718.181818182,107.0,1268.0
2025-10-24,e-영업4,기존,8.59504132231405,136845.979020979,14231981.818181816,104.0,1210.0
2025-10-25,e-영업4,기존,11.480865224625623,102318.05006587614,14119890.909090908,138.0,1202.0
2025-10-26,e-영업4,기존,14.199192462987886,97775.70012925463,20630672.727272727,211.0,1486.0
2025-10-27,e-영업4,기존,10.16209476309227,132042.49860568877,21522927.27272727,163.0,1604.0
2025-10-28,e-영업4,기존,11.009771986970684,83205.5944055944,14061745.454545453,169.0,1535.0
2025-10-29,e-영업4,기존,10.647803425167536,82583.72536554355,11809472.727272727,143.0,1343.0
2025-10-30,e-영업4,기존,11.163522012578616,97339.56466069141,13822218.18181818,142.0,1272.0
2025-10-31,e-영업4,기존,8.771929824561402,69485.81818181818,6948581.818181817,100.0,1140.0
2025-11-01,e-영업4,기존,13.365155131264917,102889.23160173159,17285390.909090906,168.0,1257.0
2025-11-02,e-영업4,기존,14.984326018808778,86551.23621148725,20685745.454545453,239.0,1595.0
2025-11-03,e-영업4,기존,8.482758620689655,85911.16038433112,10567072.727272727,123.0,1450.0
2025-11-04,e-영업4,기존,5.983545250560957,54850.340909090904,4388027.2727272725,80.0,1337.0
2025-11-05,e-영업4,기존,6.068162926018288,75744.70734744707,5529363.636363636,73.0,1203.0
2025-11-06,e-영업4,기존,6.408094435075886,100583.20574162679,7644323.636363636,76.0,1186.0
2025-11-07,e-영업4,기존,5.637982195845697,117985.64593301434,6725181.818181817,57.0,1011.0
2025-11-08,e-영업4,기존,8.647654093836247,97053.96518375241,9123072.727272727,94.0,1087.0
2025-11-09,e-영업4,기존,11.163522012578616,81506.78617157489,11573963.636363635,142.0,1272.0
2025-11-10,e-영업4,기존,6.53386454183267,96391.24168514411,7904081.818181817,82.0,1255.0
2025-11-11,e-영업4,기존,8.975444538526672,132907.80445969125,14088227.272727272,106.0,1181.0
2025-11-12,e-영업4,기존,9.86159169550173,91929.58532695375,10479972.727272727,114.0,1156.0
2025-11-13,e-영업4,기존,10.430622009569378,108840.11676396997,11863572.727272727,109.0,1045.0
2025-11-14,e-영업4,기존,8.465116279069768,139044.25574425573,12653027.272727272,91.0,1075.0
2025-11-15,e-영업4,기존,13.0550621669627,111688.00247371674,16418136.363636361,147.0,1126.0
2025-11-16,e-영업4,기존,11.187214611872145,105577.61286332714,15519909.09090909,147.0,1314.0
2025-11-17,e-영업4,기존,7.43801652892562,75891.0927456382,7513218.181818182,99.0,1331.0
2025-11-18,e-영업4,기존,7.698289269051322,113408.81542699724,11227472.727272727,99.0,1286.0
2025-11-19,e-영업4,기존,8.423114593535749,96071.67019027483,8262163.636363636,86.0,1021.0
2025-11-20,e-영업4,기존,6.564551422319474,99360.30303030302,5961618.181818182,60.0,914.0
2025-11-21,e-영업4,기존,8.324324324324325,89324.79338842974,6878009.09090909,77.0,925.0
2025-11-22,e-영업4,기존,11.377245508982035,101186.68261562996,11535281.818181816,114.0,1002.0
2025-11-23,e-영업4,기존,11.902693310165075,182685.99867285998,25027981.818181816,137.0,1151.0
2025-11-24,e-영업4,기존,7.955517536355859,72855.7184750733,6775581.818181817,93.0,1169.0
2025-11-25,e-영업4,기존,10.236220472440944,101715.30691530691,11900690.909090908,117.0,1143.0
2025-11-26,e-영업4,기존,9.510618651892889,80824.18358340688,8324890.909090908,103.0,1083.0
2025-11-27,e-영업4,기존,8.465116279069768,95962.53746253745,8732590.909090908,91.0,1075.0
2025-11-28,e-영업4,기존,6.004140786749482,52385.26645768024,3038345.454545454,58.0,966.0
2025-11-29,e-영업4,기존,9.021739130434783,99515.77217962759,8259809.09090909,83.0,920.0
2025-11-30,e-영업4,기존,10.159362549800797,85598.93048128342,8731090.909090908,102.0,1004.0
2025-12-01,e-영업4,기존,9.099616858237548,156713.58851674641,14887790.909090908,95.0,1044.0
2025-12-02,e-영업4,기존,10.388349514563107,65628.20730671198,7022218.181818182,107.0,1030.0
2025-12-03,e-영업4,기존,8.880308880308881,106716.79841897232,9817945.454545453,92.0,1036.0
2025-12-04,e-영업4,기존,7.8431372549019605,79677.49999999999,6374199.999999999,80.0,1020.0
2025-12-05,e-영업4,기존,6.565064478311841,110080.51948051948,6164509.090909091,56.0,853.0
2025-12-06,e-영업4,기존,8.983451536643026,104728.11004784689,7959336.363636363,76.0,846.0
2025-12-07,e-영업4,기존,10.478128179043743,118412.97440423653,12196536.363636363,103.0,983.0
2025-12-08,e-영업4,기존,8.849557522123893,108999.54545454544,8719963.636363635,80.0,904.0
2025-12-09,e-영업4,기존,8.11111111111111,71594.2714819427,5226381.818181817,73.0,900.0
2025-12-10,e-영업4,기존,8.503401360544217,111332.96969696968,8349972.727272727,75.0,882.0
2025-12-11,e-영업4,기존,8.799999999999999,134128.80755608028,10327918.181818182,77.0,875.0
2025-12-12,e-영업4,기존,5.5813953488372094,138879.16666666666,6666199.999999999,48.0,860.0
2025-12-13,e-영업4,기존,7.283236994219654,97264.21356421355,6127645.454545454,63.0,865.0
2025-12-14,e-영업4,기존,8.913934426229508,103946.08150470219,9043309.09090909,87.0,976.0
2025-12-15,e-영업4,기존,8.485499462943071,58247.6409666283,4601563.636363636,79.0,931.0
2025-12-16,e-영업4,기존,5.160550458715597,98496.96969696968,4432363.636363636,45.0,872.0
2025-12-17,e-영업4,기존,5.395232120451694,83078.22410147991,3572363.6363636362,43.0,797.0
2025-12-18,e-영업4,기존,5.131964809384164,72642.07792207792,2542472.727272727,35.0,682.0
2025-12-19,e-영업4,기존,6.528189910979229,54843.80165289256,2413127.2727272725,44.0,674.0
2025-12-20,e-영업4,기존,10.433604336043361,94387.60330578512,7267845.454545454,77.0,738.0
2025-12-21,e-영업4,기존,11.481481481481481,124470.96774193547,11575799.999999998,93.0,810.0
2025-12-22,e-영업4,기존,7.124681933842239,85359.82142857143,4780150.0,56.0,786.0
2025-12-23,e-영업4,기존,8.072916666666668,59055.131964809385,3661418.1818181816,62.0,768.0
2025-12-24,e-영업4,기존,8.728943338437979,118186.12440191387,6736609.090909091,57.0,653.0
2025-12-25,e-영업4,기존,10.942956926658907,99677.85299806576,9369718.181818182,94.0,859.0
2025-12-26,e-영업4,기존,11.046511627906977,92285.93301435406,8767163.636363635,95.0,860.0
2025-12-27,e-영업4,기존,10.837988826815643,92331.67760074975,8956172.727272727,97.0,895.0
2025-12-28,e-영업4,기존,11.653386454183266,94193.55089355088,11020645.454545453,117.0,1004.0
2025-12-29,e-영업4,기존,4.292343387470997,80525.18427518426,2979431.818181818,37.0,862.0
2025-12-30,e-영업4,기존,9.252217997465145,84777.58405977584,6188763.636363636,73.0,789.0
2025-12-31,e-영업4,기존,5.856515373352855,86338.63636363635,3453545.454545454,40.0,683.0
2025-01-01,e-영업4,비회원,0.0,,0.0,0.0,3855.0
2025-01-02,e-영업4,비회원,0.0,,0.0,0.0,4120.0
2025-01-03,e-영업4,비회원,0.0,,0.0,0.0,4097.0
2025-01-04,e-영업4,비회원,0.0,,0.0,0.0,3822.0
2025-01-05,e-영업4,비회원,0.0,,0.0,0.0,4582.0
2025-01-06,e-영업4,비회원,0.0,,0.0,0.0,4498.0
2025-01-07,e-영업4,비회원,0.0,,0.0,0.0,4937.0
2025-01-08,e-영업4,비회원,0.0,,0.0,0.0,4979.0
2025-01-09,e-영업4,비회원,0.0,,0.0,0.0,4599.0
2025-01-10,e-영업4,비회원,0.0,,0.0,0.0,4565.0
2025-01-11,e-영업4,비회원,0.0,,0.0,0.0,4636.0
2025-01-12,e-영업4,비회원,0.0,,0.0,0.0,5274.0
2025-01-13,e-영업4,비회원,0.0,,0.0,0.0,4723.0
2025-01-14,e-영업4,비회원,0.0,,0.0,0.0,4535.0
2025-01-15,e-영업4,비회원,0.0,,0.0,0.0,4090.0
2025-01-16,e-영업4,비회원,0.0,,0.0,0.0,4066.0
2025-01-17,e-영업4,비회원,0.0,,0.0,0.0,3941.0
2025-01-18,e-영업4,비회원,0.0,,0.0,0.0,4401.0
2025-01-19,e-영업4,비회원,0.0,,0.0,0.0,4748.0
2025-01-20,e-영업4,비회원,0.0,,0.0,0.0,4500.0
2025-01-21,e-영업4,비회원,0.0,,0.0,0.0,4223.0
2025-01-22,e-영업4,비회원,0.0,,0.0,0.0,3863.0
2025-01-23,e-영업4,비회원,0.0,,0.0,0.0,3460.0
2025-01-24,e-영업4,비회원,0.0,,0.0,0.0,3056.0
2025-01-25,e-영업4,비회원,0.0,,0.0,0.0,3175.0
2025-01-26,e-영업4,비회원,0.0,,0.0,0.0,3426.0
2025-01-27,e-영업4,비회원,0.0,,0.0,0.0,3483.0
2025-01-28,e-영업4,비회원,0.0,,0.0,0.0,3370.0
2025-01-29,e-영업4,비회원,0.0,,0.0,0.0,3506.0
2025-01-30,e-영업4,비회원,0.0,,0.0,0.0,4282.0
2025-01-31,e-영업4,비회원,0.0,,0.0,0.0,4277.0
2025-02-01,e-영업4,비회원,0.0,,0.0,0.0,4492.0
2025-02-02,e-영업4,비회원,0.0,,0.0,0.0,4777.0
2025-02-03,e-영업4,비회원,0.0,,0.0,0.0,4633.0
2025-02-04,e-영업4,비회원,0.0,,0.0,0.0,4480.0
2025-02-05,e-영업4,비회원,0.0,,0.0,0.0,4158.0
2025-02-06,e-영업4,비회원,0.0,,0.0,0.0,4020.0
2025-02-07,e-영업4,비회원,0.0,,0.0,0.0,3864.0
2025-02-08,e-영업4,비회원,0.0,,0.0,0.0,3901.0
2025-02-09,e-영업4,비회원,0.0,,0.0,0.0,4497.0
2025-02-10,e-영업4,비회원,0.0,,0.0,0.0,4341.0
2025-02-11,e-영업4,비회원,0.0,,0.0,0.0,4258.0
2025-02-12,e-영업4,비회원,0.0,,0.0,0.0,4328.0
2025-02-13,e-영업4,비회원,0.0,,0.0,0.0,3948.0
2025-02-14,e-영업4,비회원,0.0,,0.0,0.0,3400.0
2025-02-15,e-영업4,비회원,0.0,,0.0,0.0,3713.0
2025-02-16,e-영업4,비회원,0.0,,0.0,0.0,4474.0
2025-02-17,e-영업4,비회원,0.0,,0.0,0.0,4377.0
2025-02-18,e-영업4,비회원,0.0,,0.0,0.0,4452.0
2025-02-19,e-영업4,비회원,0.0,,0.0,0.0,4314.0
2025-02-20,e-영업4,비회원,0.0,,0.0,0.0,4221.0
2025-02-21,e-영업4,비회원,0.0,,0.0,0.0,4038.0
2025-02-22,e-영업4,비회원,0.0,,0.0,0.0,4166.0
2025-02-23,e-영업4,비회원,0.0,,0.0,0.0,4813.0
2025-02-24,e-영업4,비회원,0.0,,0.0,0.0,4828.0
2025-02-25,e-영업4,비회원,0.0,,0.0,0.0,4694.0
2025-02-26,e-영업4,비회원,0.0,,0.0,0.0,4426.0
2025-02-27,e-영업4,비회원,0.0,,0.0,0.0,3700.0
2025-02-28,e-영업4,비회원,0.0,,0.0,0.0,3476.0
2025-03-01,e-영업4,비회원,0.0,,0.0,0.0,3779.0
2025-03-02,e-영업4,비회원,0.0,,0.0,0.0,4353.0
2025-03-03,e-영업4,비회원,0.0,,0.0,0.0,4990.0
2025-03-04,e-영업4,비회원,0.0,,0.0,0.0,4524.0
2025-03-05,e-영업4,비회원,0.0,,0.0,0.0,4223.0
2025-03-06,e-영업4,비회원,0.0,,0.0,0.0,4237.0
2025-03-07,e-영업4,비회원,0.0,,0.0,0.0,3668.0
2025-03-08,e-영업4,비회원,0.0,,0.0,0.0,3818.0
2025-03-09,e-영업4,비회원,0.0,,0.0,0.0,4556.0
2025-03-10,e-영업4,비회원,0.0,,0.0,0.0,4284.0
2025-03-11,e-영업4,비회원,0.0,,0.0,0.0,4372.0
2025-03-12,e-영업4,비회원,0.0,,0.0,0.0,4346.0
2025-03-13,e-영업4,비회원,0.0,,0.0,0.0,4009.0
2025-03-14,e-영업4,비회원,0.0,,0.0,0.0,4041.0
2025-03-15,e-영업4,비회원,0.0,,0.0,0.0,3909.0
2025-03-16,e-영업4,비회원,0.0,,0.0,0.0,4730.0
2025-03-17,e-영업4,비회원,0.0,,0.0,0.0,4299.0
2025-03-18,e-영업4,비회원,0.0,,0.0,0.0,4355.0
2025-03-19,e-영업4,비회원,0.0,,0.0,0.0,4062.0
2025-03-20,e-영업4,비회원,0.0,,0.0,0.0,3681.0
2025-03-21,e-영업4,비회원,0.0,,0.0,0.0,3410.0
2025-03-22,e-영업4,비회원,0.0,,0.0,0.0,3633.0
2025-03-23,e-영업4,비회원,0.0,,0.0,0.0,4446.0
2025-03-24,e-영업4,비회원,0.0,,0.0,0.0,4340.0
2025-03-25,e-영업4,비회원,0.0,,0.0,0.0,4252.0
2025-03-26,e-영업4,비회원,0.0,,0.0,0.0,3946.0
2025-03-27,e-영업4,비회원,0.0,,0.0,0.0,3719.0
2025-03-28,e-영업4,비회원,0.0,,0.0,0.0,3144.0
2025-03-29,e-영업4,비회원,0.0,,0.0,0.0,3461.0
2025-03-30,e-영업4,비회원,0.0,,0.0,0.0,3971.0
2025-03-31,e-영업4,비회원,0.0,,0.0,0.0,3929.0
2025-04-01,e-영업4,비회원,0.0,,0.0,0.0,3927.0
2025-04-02,e-영업4,비회원,0.0,,0.0,0.0,3612.0
2025-04-03,e-영업4,비회원,0.0,,0.0,0.0,3467.0
2025-04-04,e-영업4,비회원,0.0,,0.0,0.0,3541.0
2025-04-05,e-영업4,비회원,0.0,,0.0,0.0,3660.0
2025-04-06,e-영업4,비회원,0.0,,0.0,0.0,3888.0
2025-04-07,e-영업4,비회원,0.0,,0.0,0.0,3812.0
2025-04-08,e-영업4,비회원,0.0,,0.0,0.0,3900.0
2025-04-09,e-영업4,비회원,0.0,,0.0,0.0,3664.0
2025-04-10,e-영업4,비회원,0.0,,0.0,0.0,3647.0
2025-04-11,e-영업4,비회원,0.0,,0.0,0.0,3598.0
2025-04-12,e-영업4,비회원,0.0,,0.0,0.0,4049.0
2025-04-13,e-영업4,비회원,0.0,,0.0,0.0,4525.0
2025-04-14,e-영업4,비회원,0.0,,0.0,0.0,4264.0
2025-04-15,e-영업4,비회원,0.0,,0.0,0.0,4124.0
2025-04-16,e-영업4,비회원,0.0,,0.0,0.0,4033.0
2025-04-17,e-영업4,비회원,0.0,,0.0,0.0,3855.0
2025-04-18,e-영업4,비회원,0.0,,0.0,0.0,3831.0
2025-04-19,e-영업4,비회원,0.0,,0.0,0.0,4167.0
2025-04-20,e-영업4,비회원,0.0,,0.0,0.0,4761.0
2025-04-21,e-영업4,비회원,0.0,,0.0,0.0,4827.0
2025-04-22,e-영업4,비회원,0.0,,0.0,0.0,4313.0
2025-04-23,e-영업4,비회원,0.0,,0.0,0.0,4074.0
2025-04-24,e-영업4,비회원,0.0,,0.0,0.0,3682.0
2025-04-25,e-영업4,비회원,0.0,,0.0,0.0,3449.0
2025-04-26,e-영업4,비회원,0.0,,0.0,0.0,3786.0
2025-04-27,e-영업4,비회원,0.0,,0.0,0.0,4474.0
2025-04-28,e-영업4,비회원,0.0,,0.0,0.0,4092.0
2025-04-29,e-영업4,비회원,0.0,,0.0,0.0,4151.0
2025-04-30,e-영업4,비회원,0.0,,0.0,0.0,3806.0
2025-05-01,e-영업4,비회원,0.0,,0.0,0.0,3939.0
2025-05-02,e-영업4,비회원,0.0,,0.0,0.0,3473.0
2025-05-03,e-영업4,비회원,0.0,,0.0,0.0,3560.0
2025-05-04,e-영업4,비회원,0.0,,0.0,0.0,3564.0
2025-05-05,e-영업4,비회원,0.0,,0.0,0.0,3930.0
2025-05-06,e-영업4,비회원,0.0,,0.0,0.0,4580.0
2025-05-07,e-영업4,비회원,0.0,,0.0,0.0,4138.0
2025-05-08,e-영업4,비회원,0.0,,0.0,0.0,3783.0
2025-05-09,e-영업4,비회원,0.0,,0.0,0.0,3754.0
2025-05-10,e-영업4,비회원,0.0,,0.0,0.0,3827.0
2025-05-11,e-영업4,비회원,0.0,,0.0,0.0,4259.0
2025-05-12,e-영업4,비회원,0.0,,0.0,0.0,4207.0
2025-05-13,e-영업4,비회원,0.0,,0.0,0.0,4293.0
2025-05-14,e-영업4,비회원,0.0,,0.0,0.0,4000.0
2025-05-15,e-영업4,비회원,0.0,,0.0,0.0,3798.0
2025-05-16,e-영업4,비회원,0.0,,0.0,0.0,3453.0
2025-05-17,e-영업4,비회원,0.0,,0.0,0.0,3278.0
2025-05-18,e-영업4,비회원,0.0,,0.0,0.0,3861.0
2025-05-19,e-영업4,비회원,0.0,,0.0,0.0,3971.0
2025-05-20,e-영업4,비회원,0.0,,0.0,0.0,3674.0
2025-05-21,e-영업4,비회원,0.0,,0.0,0.0,3756.0
2025-05-22,e-영업4,비회원,0.0,,0.0,0.0,3409.0
2025-05-23,e-영업4,비회원,0.0,,0.0,0.0,3257.0
2025-05-24,e-영업4,비회원,0.0,,0.0,0.0,3326.0
2025-05-25,e-영업4,비회원,0.0,,0.0,0.0,3737.0
2025-05-26,e-영업4,비회원,0.0,,0.0,0.0,4665.0
2025-05-27,e-영업4,비회원,0.0,,0.0,0.0,3543.0
2025-05-28,e-영업4,비회원,0.0,,0.0,0.0,3230.0
2025-05-29,e-영업4,비회원,0.0,,0.0,0.0,3125.0
2025-05-30,e-영업4,비회원,0.0,,0.0,0.0,2824.0
2025-05-31,e-영업4,비회원,0.0,,0.0,0.0,3011.0
2025-06-01,e-영업4,비회원,0.0,,0.0,0.0,3807.0
2025-06-02,e-영업4,비회원,0.0,,0.0,0.0,3433.0
2025-06-03,e-영업4,비회원,0.0,,0.0,0.0,3808.0
2025-06-04,e-영업4,비회원,0.0,,0.0,0.0,3805.0
2025-06-05,e-영업4,비회원,0.0,,0.0,0.0,3136.0
2025-06-06,e-영업4,비회원,0.0,,0.0,0.0,3017.0
2025-06-07,e-영업4,비회원,0.0,,0.0,0.0,3298.0
2025-06-08,e-영업4,비회원,0.0,,0.0,0.0,3872.0
2025-06-09,e-영업4,비회원,0.0,,0.0,0.0,3469.0
2025-06-10,e-영업4,비회원,0.0,,0.0,0.0,3270.0
2025-06-11,e-영업4,비회원,0.0,,0.0,0.0,3280.0
2025-06-12,e-영업4,비회원,0.0,,0.0,0.0,3063.0
2025-06-13,e-영업4,비회원,0.0,,0.0,0.0,2863.0
2025-06-14,e-영업4,비회원,0.0,,0.0,0.0,2927.0
2025-06-15,e-영업4,비회원,0.0,,0.0,0.0,3501.0
2025-06-16,e-영업4,비회원,0.0,,0.0,0.0,3423.0
2025-06-17,e-영업4,비회원,0.0,,0.0,0.0,3375.0
2025-06-18,e-영업4,비회원,0.0,,0.0,0.0,2910.0
2025-06-19,e-영업4,비회원,0.0,,0.0,0.0,2803.0
2025-06-20,e-영업4,비회원,0.0,,0.0,0.0,2640.0
2025-06-21,e-영업4,비회원,0.0,,0.0,0.0,2500.0
2025-06-22,e-영업4,비회원,0.0,,0.0,0.0,2899.0
2025-06-23,e-영업4,비회원,0.0,,0.0,0.0,2959.0
2025-06-24,e-영업4,비회원,0.0,,0.0,0.0,2800.0
2025-06-25,e-영업4,비회원,0.0,,0.0,0.0,2770.0
2025-06-26,e-영업4,비회원,0.0,,0.0,0.0,2849.0
2025-06-27,e-영업4,비회원,0.0,,0.0,0.0,2488.0
2025-06-28,e-영업4,비회원,0.0,,0.0,0.0,2484.0
2025-06-29,e-영업4,비회원,0.0,,0.0,0.0,2973.0
2025-06-30,e-영업4,비회원,0.0,,0.0,0.0,3015.0
2025-07-01,e-영업4,비회원,0.0,,0.0,0.0,3005.0
2025-07-02,e-영업4,비회원,0.0,,0.0,0.0,2797.0
2025-07-03,e-영업4,비회원,0.0,,0.0,0.0,2692.0
2025-07-04,e-영업4,비회원,0.0,,0.0,0.0,2354.0
2025-07-05,e-영업4,비회원,0.0,,0.0,0.0,2450.0
2025-07-06,e-영업4,비회원,0.0,,0.0,0.0,2820.0
2025-07-07,e-영업4,비회원,0.0,,0.0,0.0,2894.0
2025-07-08,e-영업4,비회원,0.0,,0.0,0.0,3146.0
2025-07-09,e-영업4,비회원,0.0,,0.0,0.0,3532.0
2025-07-10,e-영업4,비회원,0.0,,0.0,0.0,3308.0
2025-07-11,e-영업4,비회원,0.0,,0.0,0.0,2780.0
2025-07-12,e-영업4,비회원,0.0,,0.0,0.0,2707.0
2025-07-13,e-영업4,비회원,0.0,,0.0,0.0,2977.0
2025-07-14,e-영업4,비회원,0.0,,0.0,0.0,2975.0
2025-07-15,e-영업4,비회원,0.0,,0.0,0.0,3017.0
2025-07-16,e-영업4,비회원,0.0,,0.0,0.0,2925.0
2025-07-17,e-영업4,비회원,0.0,,0.0,0.0,2627.0
2025-07-18,e-영업4,비회원,0.0,,0.0,0.0,2380.0
2025-07-19,e-영업4,비회원,0.0,,0.0,0.0,2294.0
2025-07-20,e-영업4,비회원,0.0,,0.0,0.0,2604.0
2025-07-21,e-영업4,비회원,0.0,,0.0,0.0,3212.0
2025-07-22,e-영업4,비회원,0.0,,0.0,0.0,2983.0
2025-07-23,e-영업4,비회원,0.0,,0.0,0.0,2942.0
2025-07-24,e-영업4,비회원,0.0,,0.0,0.0,2577.0
2025-07-25,e-영업4,비회원,0.0,,0.0,0.0,2363.0
2025-07-26,e-영업4,비회원,0.0,,0.0,0.0,2447.0
2025-07-27,e-영업4,비회원,0.0,,0.0,0.0,3057.0
2025-07-28,e-영업4,비회원,0.0,,0.0,0.0,2970.0
2025-07-29,e-영업4,비회원,0.0,,0.0,0.0,2874.0
2025-07-30,e-영업4,비회원,0.0,,0.0,0.0,2727.0
2025-07-31,e-영업4,비회원,0.0,,0.0,0.0,2411.0
2025-08-01,e-영업4,비회원,0.0,,0.0,0.0,2337.0
2025-08-02,e-영업4,비회원,0.0,,0.0,0.0,2386.0
2025-08-03,e-영업4,비회원,0.0,,0.0,0.0,2690.0
2025-08-04,e-영업4,비회원,0.0,,0.0,0.0,3042.0
2025-08-05,e-영업4,비회원,0.0,,0.0,0.0,2889.0
2025-08-06,e-영업4,비회원,0.0,,0.0,0.0,2895.0
2025-08-07,e-영업4,비회원,0.0,,0.0,0.0,2851.0
2025-08-08,e-영업4,비회원,0.0,,0.0,0.0,2651.0
2025-08-09,e-영업4,비회원,0.0,,0.0,0.0,2620.0
2025-08-10,e-영업4,비회원,0.0,,0.0,0.0,3041.0
2025-08-11,e-영업4,비회원,0.0,,0.0,0.0,2918.0
2025-08-12,e-영업4,비회원,0.0,,0.0,0.0,2648.0
2025-08-13,e-영업4,비회원,0.0,,0.0,0.0,2491.0
2025-08-14,e-영업4,비회원,0.0,,0.0,0.0,2135.0
2025-08-15,e-영업4,비회원,0.0,,0.0,0.0,2245.0
2025-08-16,e-영업4,비회원,0.0,,0.0,0.0,2398.0
2025-08-17,e-영업4,비회원,0.0,,0.0,0.0,2684.0
2025-08-18,e-영업4,비회원,0.0,,0.0,0.0,2782.0
2025-08-19,e-영업4,비회원,0.0,,0.0,0.0,2505.0
2025-08-20,e-영업4,비회원,0.0,,0.0,0.0,2498.0
2025-08-21,e-영업4,비회원,0.0,,0.0,0.0,2320.0
2025-08-22,e-영업4,비회원,0.0,,0.0,0.0,2295.0
2025-08-23,e-영업4,비회원,0.0,,0.0,0.0,2262.0
2025-08-24,e-영업4,비회원,0.0,,0.0,0.0,2584.0
2025-08-25,e-영업4,비회원,0.0,,0.0,0.0,2619.0
2025-08-26,e-영업4,비회원,0.0,,0.0,0.0,2612.0
2025-08-27,e-영업4,비회원,0.0,,0.0,0.0,2426.0
2025-08-28,e-영업4,비회원,0.0,,0.0,0.0,2375.0
2025-08-29,e-영업4,비회원,0.0,,0.0,0.0,2554.0
2025-08-30,e-영업4,비회원,0.0,,0.0,0.0,2493.0
2025-08-31,e-영업4,비회원,0.0,,0.0,0.0,2919.0
2025-09-01,e-영업4,비회원,0.0,,0.0,0.0,3079.0
2025-09-02,e-영업4,비회원,0.0,,0.0,0.0,3051.0
2025-09-03,e-영업4,비회원,0.0,,0.0,0.0,2908.0
2025-09-04,e-영업4,비회원,0.0,,0.0,0.0,2830.0
2025-09-05,e-영업4,비회원,0.0,,0.0,0.0,2398.0
2025-09-06,e-영업4,비회원,0.0,,0.0,0.0,2306.0
2025-09-07,e-영업4,비회원,0.0,,0.0,0.0,2634.0
2025-09-08,e-영업4,비회원,0.0,,0.0,0.0,2753.0
2025-09-09,e-영업4,비회원,0.0,,0.0,0.0,2601.0
2025-09-10,e-영업4,비회원,0.0,,0.0,0.0,2534.0
2025-09-11,e-영업4,비회원,0.0,,0.0,0.0,2598.0
2025-09-12,e-영업4,비회원,0.0,,0.0,0.0,2483.0
2025-09-13,e-영업4,비회원,0.0,,0.0,0.0,2476.0
2025-09-14,e-영업4,비회원,0.0,,0.0,0.0,2805.0
2025-09-15,e-영업4,비회원,0.0,,0.0,0.0,2861.0
2025-09-16,e-영업4,비회원,0.0,,0.0,0.0,2806.0
2025-09-17,e-영업4,비회원,0.0,,0.0,0.0,2780.0
2025-09-18,e-영업4,비회원,0.0,,0.0,0.0,2519.0
2025-09-19,e-영업4,비회원,0.0,,0.0,0.0,2697.0
2025-09-20,e-영업4,비회원,0.0,,0.0,0.0,2602.0
2025-09-21,e-영업4,비회원,0.0,,0.0,0.0,3100.0
2025-09-22,e-영업4,비회원,0.0,,0.0,0.0,3145.0
2025-09-23,e-영업4,비회원,0.0,,0.0,0.0,3147.0
2025-09-24,e-영업4,비회원,0.0,,0.0,0.0,3200.0
2025-09-25,e-영업4,비회원,0.0,,0.0,0.0,2885.0
2025-09-26,e-영업4,비회원,0.0,,0.0,0.0,2591.0
2025-09-27,e-영업4,비회원,0.0,,0.0,0.0,2380.0
2025-09-28,e-영업4,비회원,0.0,,0.0,0.0,3090.0
2025-09-29,e-영업4,비회원,0.0,,0.0,0.0,2967.0
2025-09-30,e-영업4,비회원,0.0,,0.0,0.0,2579.0
2025-10-01,e-영업4,비회원,0.0,,0.0,0.0,2307.0
2025-10-02,e-영업4,비회원,0.0,,0.0,0.0,2128.0
2025-10-03,e-영업4,비회원,0.0,,0.0,0.0,2146.0
2025-10-04,e-영업4,비회원,0.0,,0.0,0.0,2031.0
2025-10-05,e-영업4,비회원,0.0,,0.0,0.0,1984.0
2025-10-06,e-영업4,비회원,0.0,,0.0,0.0,2089.0
2025-10-07,e-영업4,비회원,0.0,,0.0,0.0,2610.0
2025-10-08,e-영업4,비회원,0.0,,0.0,0.0,2786.0
2025-10-09,e-영업4,비회원,0.0,,0.0,0.0,3242.0
2025-10-10,e-영업4,비회원,0.0,,0.0,0.0,3459.0
2025-10-11,e-영업4,비회원,0.0,,0.0,0.0,3220.0
2025-10-12,e-영업4,비회원,0.0,,0.0,0.0,3552.0
2025-10-13,e-영업4,비회원,0.0,,0.0,0.0,3784.0
2025-10-14,e-영업4,비회원,0.0,,0.0,0.0,3317.0
2025-10-15,e-영업4,비회원,0.0,,0.0,0.0,3198.0
2025-10-16,e-영업4,비회원,0.0,,0.0,0.0,2932.0
2025-10-17,e-영업4,비회원,0.0,,0.0,0.0,2840.0
2025-10-18,e-영업4,비회원,0.0,,0.0,0.0,2942.0
2025-10-19,e-영업4,비회원,0.0,,0.0,0.0,3452.0
2025-10-20,e-영업4,비회원,0.0,,0.0,0.0,3973.0
2025-10-21,e-영업4,비회원,0.0,,0.0,0.0,3850.0
2025-10-22,e-영업4,비회원,0.0,,0.0,0.0,3618.0
2025-10-23,e-영업4,비회원,0.0,,0.0,0.0,3225.0
2025-10-24,e-영업4,비회원,0.0,,0.0,0.0,2898.0
2025-10-25,e-영업4,비회원,0.0,,0.0,0.0,2903.0
2025-10-26,e-영업4,비회원,0.0,,0.0,0.0,3358.0
2025-10-27,e-영업4,비회원,0.0,,0.0,0.0,4022.0
2025-10-28,e-영업4,비회원,0.0,,0.0,0.0,4260.0
2025-10-29,e-영업4,비회원,0.0,,0.0,0.0,3739.0
2025-10-30,e-영업4,비회원,0.0,,0.0,0.0,3142.0
2025-10-31,e-영업4,비회원,0.0,,0.0,0.0,3052.0
2025-11-01,e-영업4,비회원,0.0,,0.0,0.0,3139.0
2025-11-02,e-영업4,비회원,0.0,,0.0,0.0,4353.0
2025-11-03,e-영업4,비회원,0.0,,0.0,0.0,4099.0
2025-11-04,e-영업4,비회원,0.0,,0.0,0.0,3617.0
2025-11-05,e-영업4,비회원,0.0,,0.0,0.0,3260.0
2025-11-06,e-영업4,비회원,0.0,,0.0,0.0,3159.0
2025-11-07,e-영업4,비회원,0.0,,0.0,0.0,2731.0
2025-11-08,e-영업4,비회원,0.0,,0.0,0.0,2767.0
2025-11-09,e-영업4,비회원,0.0,,0.0,0.0,3212.0
2025-11-10,e-영업4,비회원,0.0,,0.0,0.0,3388.0
2025-11-11,e-영업4,비회원,0.0,,0.0,0.0,3211.0
2025-11-12,e-영업4,비회원,0.0,,0.0,0.0,3122.0
2025-11-13,e-영업4,비회원,0.0,,0.0,0.0,3163.0
2025-11-14,e-영업4,비회원,0.0,,0.0,0.0,2974.0
2025-11-15,e-영업4,비회원,0.0,,0.0,0.0,2956.0
2025-11-16,e-영업4,비회원,0.0,,0.0,0.0,3646.0
2025-11-17,e-영업4,비회원,0.0,,0.0,0.0,3718.0
2025-11-18,e-영업4,비회원,0.0,,0.0,0.0,3878.0
2025-11-19,e-영업4,비회원,0.0,,0.0,0.0,3254.0
2025-11-20,e-영업4,비회원,0.0,,0.0,0.0,2762.0
2025-11-21,e-영업4,비회원,0.0,,0.0,0.0,2695.0
2025-11-22,e-영업4,비회원,0.0,,0.0,0.0,2622.0
2025-11-23,e-영업4,비회원,0.0,,0.0,0.0,3260.0
2025-11-24,e-영업4,비회원,0.0,,0.0,0.0,3455.0
2025-11-25,e-영업4,비회원,0.0,,0.0,0.0,3798.0
2025-11-26,e-영업4,비회원,0.0,,0.0,0.0,3446.0
2025-11-27,e-영업4,비회원,0.0,,0.0,0.0,3199.0
2025-11-28,e-영업4,비회원,0.0,,0.0,0.0,3088.0
2025-11-29,e-영업4,비회원,0.0,,0.0,0.0,2683.0
2025-11-30,e-영업4,비회원,0.0,,0.0,0.0,2757.0
2025-12-01,e-영업4,비회원,0.0,,0.0,0.0,3097.0
2025-12-02,e-영업4,비회원,0.0,,0.0,0.0,3047.0
2025-12-03,e-영업4,비회원,0.0,,0.0,0.0,3300.0
2025-12-04,e-영업4,비회원,0.0,,0.0,0.0,3020.0
2025-12-05,e-영업4,비회원,0.0,,0.0,0.0,2705.0
2025-12-06,e-영업4,비회원,0.0,,0.0,0.0,2708.0
2025-12-07,e-영업4,비회원,0.0,,0.0,0.0,2732.0
2025-12-08,e-영업4,비회원,0.0,,0.0,0.0,2751.0
2025-12-09,e-영업4,비회원,0.0,,0.0,0.0,2910.0
2025-12-10,e-영업4,비회원,0.0,,0.0,0.0,2891.0
2025-12-11,e-영업4,비회원,0.0,,0.0,0.0,3012.0
2025-12-12,e-영업4,비회원,0.0,,0.0,0.0,3084.0
2025-12-13,e-영업4,비회원,0.0,,0.0,0.0,2918.0
2025-12-14,e-영업4,비회원,0.0,,0.0,0.0,3061.0
2025-12-15,e-영업4,비회원,0.0,,0.0,0.0,3222.0
2025-12-16,e-영업4,비회원,0.0,,0.0,0.0,2777.0
2025-12-17,e-영업4,비회원,0.0,,0.0,0.0,2646.0
2025-12-18,e-영업4,비회원,0.0,,0.0,0.0,2286.0
2025-12-19,e-영업4,비회원,0.0,,0.0,0.0,2299.0
2025-12-20,e-영업4,비회원,0.0,,0.0,0.0,2155.0
2025-12-21,e-영업4,비회원,0.0,,0.0,0.0,2258.0
2025-12-22,e-영업4,비회원,0.0,,0.0,0.0,2487.0
2025-12-23,e-영업4,비회원,0.0,,0.0,0.0,2312.0
2025-12-24,e-영업4,비회원,0.0,,0.0,0.0,2006.0
2025-12-25,e-영업4,비회원,0.0,,0.0,0.0,2639.0
2025-12-26,e-영업4,비회원,0.0,,0.0,0.0,2881.0
2025-12-27,e-영업4,비회원,0.0,,0.0,0.0,2755.0
2025-12-28,e-영업4,비회원,0.0,,0.0,0.0,3119.0
2025-12-29,e-영업4,비회원,0.0,,0.0,0.0,2945.0
2025-12-30,e-영업4,비회원,0.0,,0.0,0.0,2712.0
2025-12-31,e-영업4,비회원,0.0,,0.0,0.0,2518.0
2025-01-01,e-영업4,신규,26.582278481012654,123365.58441558441,5181354.545454545,42.0,158.0
2025-01-02,e-영업4,신규,34.05797101449276,128748.54932301739,6051181.818181817,47.0,138.0
2025-01-03,e-영업4,신규,31.2,70319.34731934732,2742454.5454545454,39.0,125.0
2025-01-04,e-영업4,신규,27.89115646258503,126253.2150776053,5176381.818181817,41.0,147.0
2025-01-05,e-영업4,신규,27.77777777777778,117332.95454545454,4693318.181818182,40.0,144.0
2025-01-06,e-영업4,신규,29.559748427672954,101871.27659574468,4787950.0,47.0,159.0
2025-01-07,e-영업4,신규,23.618090452261306,92616.05415860734,4352954.545454545,47.0,199.0
2025-01-08,e-영업4,신규,22.872340425531913,78146.93446088795,3360318.1818181816,43.0,188.0
2025-01-09,e-영업4,신규,30.32258064516129,145639.84526112184,6845072.727272727,47.0,155.0
2025-01-10,e-영업4,신규,22.758620689655174,83769.14600550964,2764381.818181818,33.0,145.0
2025-01-11,e-영업4,신규,26.027397260273972,124964.11483253588,4748636.363636363,38.0,146.0
2025-01-12,e-영업4,신규,25.806451612903224,121637.49999999999,5838599.999999999,48.0,186.0
2025-01-13,e-영업4,신규,25.0,80252.27272727272,3210090.9090909087,40.0,160.0
2025-01-14,e-영업4,신규,26.285714285714285,74823.3794466403,3441875.454545454,46.0,175.0
2025-01-15,e-영업4,신규,18.666666666666668,118153.40909090907,3308295.454545454,28.0,150.0
2025-01-16,e-영업4,신규,17.391304347826086,85087.49999999999,2042099.9999999998,24.0,138.0
2025-01-17,e-영업4,신규,17.6056338028169,113863.63636363635,2846590.9090909087,25.0,142.0
2025-01-18,e-영업4,신규,21.192052980132452,81045.17045454544,2593445.454545454,32.0,151.0
2025-01-19,e-영업4,신규,29.213483146067414,101998.51398601398,5303922.727272727,52.0,178.0
2025-01-20,e-영업4,신규,20.105820105820104,44676.31578947368,1697699.9999999998,38.0,189.0
2025-01-21,e-영업4,신규,23.25581395348837,126342.2727272727,5053690.909090908,40.0,172.0
2025-01-22,e-영업4,신규,21.232876712328768,68630.49853372434,2127545.4545454546,31.0,146.0
2025-01-23,e-영업4,신규,18.248175182481752,59188.727272727265,1479718.1818181816,25.0,137.0
2025-01-24,e-영업4,신규,20.168067226890756,84969.69696969696,2039272.727272727,24.0,119.0
2025-01-25,e-영업4,신규,26.851851851851855,79773.0407523511,2313418.1818181816,29.0,108.0
2025-01-26,e-영업4,신규,20.634920634920633,90020.97902097902,2340545.4545454546,26.0,126.0
2025-01-27,e-영업4,신규,20.168067226890756,73815.90909090909,1771581.8181818181,24.0,119.0
2025-01-28,e-영업4,신규,23.846153846153847,83463.3431085044,2587363.6363636362,31.0,130.0
2025-01-29,e-영업4,신규,24.8062015503876,72771.30681818181,2328681.818181818,32.0,129.0
2025-01-30,e-영업4,신규,30.0,86710.22727272726,4162090.9090909087,48.0,160.0
2025-01-31,e-영업4,신규,23.118279569892472,76833.19238900633,3303827.2727272725,43.0,186.0
2025-02-01,e-영업4,신규,24.170616113744074,97879.85739750444,4991872.727272727,51.0,211.0
2025-02-02,e-영업4,신규,28.82882882882883,84409.51704545454,5402209.090909091,64.0,222.0
2025-02-03,e-영업4,신규,26.08695652173913,83702.08333333333,4017699.9999999995,48.0,184.0
2025-02-04,e-영업4,신규,21.80094786729858,70485.77075098813,3242345.454545454,46.0,211.0
2025-02-05,e-영업4,신규,20.11173184357542,87477.0202020202,3149172.727272727,36.0,179.0
2025-02-06,e-영업4,신규,15.476190476190476,83006.64335664336,2158172.727272727,26.0,168.0
2025-02-07,e-영업4,신규,13.375796178343949,65873.59307359306,1383345.4545454544,21.0,157.0
2025-02-08,e-영업4,신규,23.809523809523807,128000.0,5120000.0,40.0,168.0
2025-02-09,e-영업4,신규,19.65065502183406,93264.24242424243,4196890.909090909,45.0,229.0
2025-02-10,e-영업4,신규,24.752475247524753,80375.63636363635,4018781.818181818,50.0,202.0
2025-02-11,e-영업4,신규,20.0,67742.2459893048,2303236.3636363633,34.0,170.0
2025-02-12,e-영업4,신규,20.418848167539267,75676.45687645687,2951381.818181818,39.0,191.0
2025-02-13,e-영업4,신규,16.969696969696972,66046.42857142857,1849299.9999999998,28.0,165.0
2025-02-14,e-영업4,신규,20.13422818791946,60162.72727272727,1804881.8181818181,30.0,149.0
2025-02-15,e-영업4,신규,23.125,67031.81818181818,2480177.2727272725,37.0,160.0
2025-02-16,e-영업4,신규,25.0,97952.27272727272,4701709.090909091,48.0,192.0
2025-02-17,e-영업4,신규,18.88888888888889,76973.26203208555,2617090.9090909087,34.0,180.0
2025-02-18,e-영업4,신규,17.318435754189945,80852.19941348972,2506418.1818181816,31.0,179.0
2025-02-19,e-영업4,신규,19.306930693069308,107794.8717948718,4204000.0,39.0,202.0
2025-02-20,e-영업4,신규,17.1875,70318.31955922865,2320504.5454545454,33.0,192.0
2025-02-21,e-영업4,신규,20.108695652173914,64691.646191646185,2393590.9090909087,37.0,184.0
2025-02-22,e-영업4,신규,28.921568627450984,84906.8567026194,5009504.545454545,59.0,204.0
2025-02-23,e-영업4,신규,29.11392405063291,85836.10013175229,5922690.909090908,69.0,237.0
2025-02-24,e-영업4,신규,17.647058823529413,54236.99494949495,1952531.8181818181,36.0,204.0
2025-02-25,e-영업4,신규,20.689655172413794,77626.19047619046,3260299.9999999995,42.0,203.0
2025-02-26,e-영업4,신규,14.646464646464647,63966.7711598746,1855036.3636363635,29.0,198.0
2025-02-27,e-영업4,신규,22.994652406417114,111061.09936575052,4775627.2727272725,43.0,187.0
2025-02-28,e-영업4,신규,21.511627906976745,116276.90417690417,4302245.454545454,37.0,172.0
2025-03-01,e-영업4,신규,14.673913043478262,98563.97306397306,2661227.2727272725,27.0,184.0
2025-03-02,e-영업4,신규,22.22222222222222,82318.54545454546,4115927.2727272725,50.0,225.0
2025-03-03,e-영업4,신규,28.455284552845526,93838.18181818181,6568672.727272727,70.0,246.0
2025-03-04,e-영업4,신규,16.400000000000002,111885.14412416851,4587290.909090909,41.0,250.0
2025-03-05,e-영업4,신규,23.346303501945524,87845.45454545454,5270727.2727272725,60.0,257.0
2025-03-06,e-영업4,신규,16.964285714285715,95546.17224880382,3630754.545454545,38.0,224.0
2025-03-07,e-영업4,신규,17.391304347826086,75277.92207792206,2107781.818181818,28.0,161.0
2025-03-08,e-영업4,신규,21.266968325791854,67528.04642166344,3173818.1818181816,47.0,221.0
2025-03-09,e-영업4,신규,23.008849557522122,90968.18181818181,4730345.454545454,52.0,226.0
2025-03-10,e-영업4,신규,21.145374449339208,79993.18181818181,3839672.727272727,48.0,227.0
2025-03-11,e-영업4,신규,19.91701244813278,78186.74242424242,3752963.6363636362,48.0,241.0
2025-03-12,e-영업4,신규,18.58407079646018,95418.18181818181,4007563.6363636362,42.0,226.0
2025-03-13,e-영업4,신규,17.857142857142858,122790.12987012985,4297654.545454545,35.0,196.0
2025-03-14,e-영업4,신규,12.23404255319149,86749.0118577075,1995227.2727272725,23.0,188.0
2025-03-15,e-영업4,신규,23.076923076923077,115085.85858585857,5178863.636363636,45.0,195.0
2025-03-16,e-영업4,신규,23.770491803278688,74043.88714733542,4294545.454545454,58.0,244.0
2025-03-17,e-영업4,신규,21.991701244813278,71864.83704974271,3808836.3636363633,53.0,241.0
2025-03-18,e-영업4,신규,15.454545454545453,106517.91443850267,3621609.090909091,34.0,220.0
2025-03-19,e-영업4,신규,19.583333333333332,100180.07736943905,4708463.636363636,47.0,240.0
2025-03-20,e-영업4,신규,19.32367149758454,79951.59090909091,3198063.6363636362,40.0,207.0
2025-03-21,e-영업4,신규,17.766497461928935,66475.32467532466,2326636.3636363633,35.0,197.0
2025-03-22,e-영업4,신규,18.88888888888889,87031.28342245989,2959063.6363636362,34.0,180.0
2025-03-23,e-영업4,신규,22.448979591836736,99146.11570247934,5453036.363636363,55.0,245.0
2025-03-24,e-영업4,신규,18.461538461538463,145946.96969696967,5254090.909090908,36.0,195.0
2025-03-25,e-영업4,신규,19.069767441860467,115206.20842572062,4723454.545454545,41.0,215.0
2025-03-26,e-영업4,신규,22.167487684729064,32786.0606060606,1475372.727272727,45.0,203.0
2025-03-27,e-영업4,신규,13.432835820895523,50093.93939393939,1352536.3636363635,27.0,201.0
2025-03-28,e-영업4,신규,18.238993710691823,51634.16927899686,1497390.909090909,29.0,159.0
2025-03-29,e-영업4,신규,15.675675675675677,88841.69278996866,2576409.090909091,29.0,185.0
2025-03-30,e-영업4,신규,20.3125,89185.78088578087,3478245.454545454,39.0,192.0
2025-03-31,e-영업4,신규,15.816326530612246,76591.20234604104,2374327.2727272725,31.0,196.0
2025-04-01,e-영업4,신규,17.670682730923694,67743.18181818181,2980699.9999999995,44.0,249.0
2025-04-02,e-영업4,신규,17.370892018779344,75344.47174447174,2787745.454545454,37.0,213.0
2025-04-03,e-영업4,신규,16.883116883116884,103847.55244755243,2700036.3636363633,26.0,154.0
2025-04-04,e-영업4,신규,20.207253886010363,64155.01165501164,2502045.454545454,39.0,193.0
2025-04-05,e-영업4,신규,16.842105263157894,70068.75,2242200.0,32.0,190.0
2025-04-06,e-영업4,신규,21.333333333333336,75599.99999999999,3628799.9999999995,48.0,225.0
2025-04-07,e-영업4,신규,20.74468085106383,76866.66666666666,2997799.9999999995,39.0,188.0
2025-04-08,e-영업4,신규,20.0,113973.37662337662,5584695.454545454,49.0,245.0
2025-04-09,e-영업4,신규,23.076923076923077,79591.81818181818,4775509.090909091,60.0,260.0
2025-04-10,e-영업4,신규,16.425120772946862,68986.89839572192,2345554.5454545454,34.0,207.0
2025-04-11,e-영업4,신규,16.346153846153847,83923.5294117647,2853400.0,34.0,208.0
2025-04-12,e-영업4,신규,17.796610169491526,99964.50216450216,4198509.090909091,42.0,236.0
2025-04-13,e-영업4,신규,23.711340206185564,102572.3978919631,7077495.454545454,69.0,291.0
2025-04-14,e-영업4,신규,13.513513513513514,71480.0,2501800.0,35.0,259.0
2025-04-15,e-영업4,신규,12.676056338028168,130169.02356902357,3514563.6363636362,27.0,213.0
2025-04-16,e-영업4,신규,17.24137931034483,77595.58441558441,2715845.454545454,35.0,203.0
2025-04-17,e-영업4,신규,13.432835820895523,104260.26936026935,2815027.2727272725,27.0,201.0
2025-04-18,e-영업4,신규,17.916666666666668,114872.93868921776,4939536.363636363,43.0,240.0
2025-04-19,e-영업4,신규,21.91235059760956,73982.80991735536,4069054.545454545,55.0,251.0
2025-04-20,e-영업4,신규,18.76923076923077,78854.8435171386,4810145.454545454,61.0,325.0
2025-04-21,e-영업4,신규,17.02127659574468,83331.81818181818,3999927.2727272725,48.0,282.0
2025-04-22,e-영업4,신규,15.068493150684931,20382.920110192834,672636.3636363635,33.0,219.0
2025-04-23,e-영업4,신규,17.209302325581397,90402.06388206387,3344876.3636363633,37.0,215.0
2025-04-24,e-영업4,신규,13.636363636363635,56206.0606060606,1686181.8181818181,30.0,220.0
2025-04-25,e-영업4,신규,12.777777777777777,85914.62450592885,1976036.3636363635,23.0,180.0
2025-04-26,e-영업4,신규,12.371134020618557,120690.37878787878,2896569.090909091,24.0,194.0
2025-04-27,e-영업4,신규,17.012448132780083,69281.9955654102,2840561.818181818,41.0,241.0
2025-04-28,e-영업4,신규,18.75,101989.54545454546,4895498.181818182,48.0,256.0
2025-04-29,e-영업4,신규,16.956521739130434,81963.86946386946,3196590.9090909087,39.0,230.0
2025-04-30,e-영업4,신규,12.5,86036.03896103895,2409009.090909091,28.0,224.0
2025-05-01,e-영업4,신규,20.158102766798418,101937.9679144385,5198836.363636363,51.0,253.0
2025-05-02,e-영업4,신규,19.730941704035875,91972.31404958677,4046781.818181818,44.0,223.0
2025-05-03,e-영업4,신규,19.339622641509436,96632.37250554323,3961927.2727272725,41.0,212.0
2025-05-04,e-영업4,신규,18.9873417721519,100549.09090909091,4524709.090909091,45.0,237.0
2025-05-05,e-영업4,신규,19.51219512195122,87136.36363636363,4182545.454545454,48.0,246.0
2025-05-06,e-영업4,신규,23.856209150326798,77423.16313823163,5651890.909090908,73.0,306.0
2025-05-07,e-영업4,신규,12.340425531914894,85373.66771159874,2475836.3636363633,29.0,235.0
2025-05-08,e-영업4,신규,15.068493150684931,73101.92837465565,2412363.6363636362,33.0,219.0
2025-05-09,e-영업4,신규,14.117647058823529,81278.40909090909,1950681.8181818181,24.0,170.0
2025-05-10,e-영업4,신규,22.272727272727273,99534.69387755102,4877200.0,49.0,220.0
2025-05-11,e-영업4,신규,22.566371681415927,77287.70053475935,3941672.727272727,51.0,226.0
2025-05-12,e-영업4,신규,14.049586776859504,129272.72727272725,4395272.727272727,34.0,242.0
2025-05-13,e-영업4,신규,14.027149321266968,56731.08504398826,1758663.6363636362,31.0,221.0
2025-05-14,e-영업4,신규,15.121951219512194,117805.27859237537,3651963.6363636362,31.0,205.0
2025-05-15,e-영업4,신규,20.673076923076923,77575.05285412261,3335727.2727272725,43.0,208.0
2025-05-16,e-영업4,신규,18.404907975460123,117958.78787878787,3538763.6363636362,30.0,163.0
2025-05-17,e-영업4,신규,16.56804733727811,72836.03896103895,2039409.0909090908,28.0,169.0
2025-05-18,e-영업4,신규,15.909090909090908,57472.727272727265,2011545.4545454544,35.0,220.0
2025-05-19,e-영업4,신규,10.0,103486.47058823529,1759269.9999999998,17.0,170.0
2025-05-20,e-영업4,신규,11.538461538461538,88756.06060606061,1597609.0909090908,18.0,156.0
2025-05-21,e-영업4,신규,15.730337078651685,96405.51948051948,2699354.5454545454,28.0,178.0
2025-05-22,e-영업4,신규,15.730337078651685,63537.33766233765,1779045.4545454544,28.0,178.0
2025-05-23,e-영업4,신규,13.580246913580247,65938.01652892561,1450636.3636363635,22.0,162.0
2025-05-24,e-영업4,신규,16.9811320754717,104477.77777777778,2820900.0,27.0,159.0
2025-05-25,e-영업4,신규,14.563106796116504,72796.9696969697,2183909.090909091,30.0,206.0
2025-05-26,e-영업4,신규,,106460.18808777428,3087345.454545454,29.0,0.0
2025-05-27,e-영업4,신규,17.61006289308176,74137.33766233765,2075845.4545454544,28.0,159.0
2025-05-28,e-영업4,신규,13.259668508287293,69298.86363636363,1663172.727272727,24.0,181.0
2025-05-29,e-영업4,신규,20.72538860103627,79731.36363636363,3189254.5454545454,40.0,193.0
2025-05-30,e-영업4,신규,15.602836879432624,67282.64462809917,1480218.1818181816,22.0,141.0
2025-05-31,e-영업4,신규,19.54022988505747,92602.13903743315,3148472.727272727,34.0,174.0
2025-06-01,e-영업4,신규,17.289719626168225,80775.42997542997,2988690.9090909087,37.0,214.0
2025-06-02,e-영업4,신규,20.5,119735.0332594235,4909136.363636363,41.0,200.0
2025-06-03,e-영업4,신규,22.983870967741936,72595.85326953747,4137963.6363636362,57.0,248.0
2025-06-04,e-영업4,신규,20.0,107068.5606060606,5139290.909090908,48.0,240.0
2025-06-05,e-영업4,신규,11.560693641618498,68897.27272727272,1377945.4545454544,20.0,173.0
2025-06-06,e-영업4,신규,18.22429906542056,157202.56410256407,6130899.999999999,39.0,214.0
2025-06-07,e-영업4,신규,18.181818181818183,73310.85858585857,2639190.9090909087,36.0,198.0
2025-06-08,e-영업4,신규,20.16460905349794,96410.76066790352,4724127.2727272725,49.0,243.0
2025-06-09,e-영업4,신규,15.555555555555555,94844.48051948051,2655645.454545454,28.0,180.0
2025-06-10,e-영업4,신규,18.579234972677597,72230.48128342244,2455836.3636363633,34.0,183.0
2025-06-11,e-영업4,신규,20.408163265306122,56103.63636363637,2244145.4545454546,40.0,196.0
2025-06-12,e-영업4,신규,19.48717948717949,78664.35406698563,2989245.454545454,38.0,195.0
2025-06-13,e-영업4,신규,20.588235294117645,179125.71428571426,6269399.999999999,35.0,170.0
2025-06-14,e-영업4,신규,17.77777777777778,88190.3409090909,2822090.9090909087,32.0,180.0
2025-06-15,e-영업4,신규,22.885572139303484,79674.11067193675,3665009.090909091,46.0,201.0
2025-06-16,e-영업4,신규,25.44642857142857,31932.057416267937,1820127.2727272725,57.0,224.0
2025-06-17,e-영업4,신규,18.446601941747574,82458.37320574162,3133418.1818181816,38.0,206.0
2025-06-18,e-영업4,신규,25.44642857142857,94351.99362041467,5378063.636363636,57.0,224.0
2025-06-19,e-영업4,신규,22.84263959390863,71327.27272727272,3209727.2727272725,45.0,197.0
2025-06-20,e-영업4,신규,18.128654970760234,101394.42815249266,3143227.2727272725,31.0,171.0
2025-06-21,e-영업4,신규,20.418848167539267,99019.81351981351,3861772.727272727,39.0,191.0
2025-06-22,e-영업4,신규,26.865671641791046,77079.7138047138,4162304.545454545,54.0,201.0
2025-06-23,e-영업4,신규,16.908212560386474,65285.97402597402,2285009.090909091,35.0,207.0
2025-06-24,e-영업4,신규,16.037735849056602,98773.26203208555,3358290.9090909087,34.0,212.0
2025-06-25,e-영업4,신규,18.96551724137931,76755.37190082645,2532927.2727272725,33.0,174.0
2025-06-26,e-영업4,신규,16.355140186915886,105419.74025974025,3689690.9090909087,35.0,214.0
2025-06-27,e-영업4,신규,15.0,94348.18181818181,2830445.454545454,30.0,200.0
2025-06-28,e-영업4,신규,23.0,143813.24110671936,6615409.090909091,46.0,200.0
2025-06-29,e-영업4,신규,19.11111111111111,77410.14799154333,3328636.3636363633,43.0,225.0
2025-06-30,e-영업4,신규,26.08695652173913,80129.0404040404,4326968.181818182,54.0,207.0
2025-07-01,e-영업4,신규,16.541353383458645,69733.88429752065,3068290.9090909087,44.0,266.0
2025-07-02,e-영업4,신규,18.552036199095024,91440.35476718402,3749054.545454545,41.0,221.0
2025-07-03,e-영업4,신규,20.0,54517.954545454544,2180718.1818181816,40.0,200.0
2025-07-04,e-영업4,신규,19.49685534591195,80392.08211143695,2492154.5454545454,31.0,159.0
2025-07-05,e-영업4,신규,25.247524752475247,78378.78787878787,3997318.1818181816,51.0,202.0
2025-07-06,e-영업4,신규,22.672064777327936,57004.22077922077,3192236.3636363633,56.0,247.0
2025-07-07,e-영업4,신규,14.423076923076922,83118.78787878787,2493563.6363636362,30.0,208.0
2025-07-08,e-영업4,신규,18.705035971223023,244580.0699300699,12718163.636363635,52.0,278.0
2025-07-09,e-영업4,신규,20.912547528517113,102694.87603305785,5648218.181818182,55.0,263.0
2025-07-10,e-영업4,신규,20.74688796680498,129131.45454545453,6456572.727272727,50.0,241.0
2025-07-11,e-영업4,신규,20.96069868995633,44230.11363636364,2123045.4545454546,48.0,229.0
2025-07-12,e-영업4,신규,23.18181818181818,80581.99643493761,4109681.818181818,51.0,220.0
2025-07-13,e-영업4,신규,19.367588932806324,65135.6215213358,3191645.454545454,49.0,253.0
2025-07-14,e-영업4,신규,19.0,91701.91387559808,3484672.727272727,38.0,200.0
2025-07-15,e-영업4,신규,16.425120772946862,80446.52406417111,2735181.818181818,34.0,207.0
2025-07-16,e-영업4,신규,19.3717277486911,81434.88943488942,3013090.9090909087,37.0,191.0
2025-07-17,e-영업4,신규,16.39344262295082,52228.48484848485,1566854.5454545454,30.0,183.0
2025-07-18,e-영업4,신규,15.568862275449103,82221.67832167832,2137763.6363636362,26.0,167.0
2025-07-19,e-영업4,신규,18.316831683168317,67099.75429975429,2482690.9090909087,37.0,202.0
2025-07-20,e-영업4,신규,24.03846153846154,70904.54545454546,3545227.2727272725,50.0,208.0
2025-07-21,e-영업4,신규,16.030534351145036,73291.99134199134,3078263.6363636362,42.0,262.0
2025-07-22,e-영업4,신규,22.07792207792208,65226.02495543672,3326527.2727272725,51.0,231.0
2025-07-23,e-영업4,신규,18.220338983050848,78095.1374207188,3358090.9090909087,43.0,236.0
2025-07-24,e-영업4,신규,15.263157894736842,77289.96865203761,2241409.090909091,29.0,190.0
2025-07-25,e-영업4,신규,19.021739130434785,47625.454545454544,1666890.909090909,35.0,184.0
2025-07-26,e-영업4,신규,23.364485981308412,75222.54545454546,3761127.2727272725,50.0,214.0
2025-07-27,e-영업4,신규,22.5531914893617,62906.518010291584,3334045.454545454,53.0,235.0
2025-07-28,e-영업4,신규,21.145374449339208,48670.265151515145,2336172.727272727,48.0,227.0
2025-07-29,e-영업4,신규,16.477272727272727,60820.31347962382,1763789.0909090908,29.0,176.0
2025-07-30,e-영업4,신규,15.254237288135593,65568.35016835017,1770345.4545454544,27.0,177.0
2025-07-31,e-영업4,신규,16.39344262295082,71286.9696969697,2138609.090909091,30.0,183.0
2025-08-01,e-영업4,신규,22.929936305732486,117342.17171717172,4224318.181818182,36.0,157.0
2025-08-02,e-영업4,신규,22.22222222222222,51827.0202020202,1865772.727272727,36.0,162.0
2025-08-03,e-영업4,신규,15.544041450777202,60034.24242424242,1801027.2727272725,30.0,193.0
2025-08-04,e-영업4,신규,19.902912621359224,49384.700665188466,2024772.727272727,41.0,206.0
2025-08-05,e-영업4,신규,21.782178217821784,79586.77685950413,3501818.1818181816,44.0,202.0
2025-08-06,e-영업4,신규,13.488372093023257,47843.26018808777,1387454.5454545454,29.0,215.0
2025-08-07,e-영업4,신규,9.950248756218906,119332.2727272727,2386645.454545454,20.0,201.0
2025-08-08,e-영업4,신규,21.524663677130047,69290.1515151515,3325927.2727272725,48.0,223.0
2025-08-09,e-영업4,신규,20.276497695852534,81869.4214876033,3602254.545454545,44.0,217.0
2025-08-10,e-영업4,신규,26.69491525423729,72540.11544011543,4570027.2727272725,63.0,236.0
2025-08-11,e-영업4,신규,10.90047393364929,46956.52173913043,1080000.0,23.0,211.0
2025-08-12,e-영업4,신규,13.872832369942195,103221.5909090909,2477318.1818181816,24.0,173.0
2025-08-13,e-영업4,신규,21.578947368421055,99398.00443458979,4075318.1818181816,41.0,190.0
2025-08-14,e-영업4,신규,11.594202898550725,25623.863636363636,409981.8181818182,16.0,138.0
2025-08-15,e-영업4,신규,19.16167664670659,63688.92045454545,2038045.4545454544,32.0,167.0
2025-08-16,e-영업4,신규,21.025641025641026,88893.12638580932,3644618.1818181816,41.0,195.0
2025-08-17,e-영업4,신규,25.365853658536587,86267.41258741257,4485905.454545454,52.0,205.0
2025-08-18,e-영업4,신규,20.812182741116754,77062.0842572062,3159545.454545454,41.0,197.0
2025-08-19,e-영업4,신규,11.11111111111111,101225.61983471074,2226963.6363636362,22.0,198.0
2025-08-20,e-영업4,신규,18.39622641509434,80164.80186480186,3126427.2727272725,39.0,212.0
2025-08-21,e-영업4,신규,18.64406779661017,94545.73002754821,3120009.090909091,33.0,177.0
2025-08-22,e-영업4,신규,21.428571428571427,63220.303030303025,1896609.0909090908,30.0,140.0
2025-08-23,e-영업4,신규,22.151898734177212,71529.87012987012,2503545.454545454,35.0,158.0
2025-08-24,e-영업4,신규,21.93877551020408,56533.086680761095,2430922.727272727,43.0,196.0
2025-08-25,e-영업4,신규,10.92896174863388,74979.54545454544,1499590.909090909,20.0,183.0
2025-08-26,e-영업4,신규,15.340909090909092,66925.92592592591,1806999.9999999998,27.0,176.0
2025-08-27,e-영업4,신규,11.976047904191617,66454.09090909091,1329081.8181818181,20.0,167.0
2025-08-28,e-영업4,신규,26.451612903225808,84917.96008869179,3481636.3636363633,41.0,155.0
2025-08-29,e-영업4,신규,22.033898305084744,76934.73193473193,3000454.5454545454,39.0,177.0
2025-08-30,e-영업4,신규,24.65753424657534,99083.33333333331,3566999.9999999995,36.0,146.0
2025-08-31,e-영업4,신규,20.0,84201.90274841437,3620681.818181818,43.0,215.0
2025-09-01,e-영업4,신규,23.70689655172414,102585.61983471074,5642209.090909091,55.0,232.0
2025-09-02,e-영업4,신규,20.588235294117645,85055.65862708719,4167727.2727272725,49.0,238.0
2025-09-03,e-영업4,신규,21.973094170403588,104101.29870129869,5100963.636363636,49.0,223.0
2025-09-04,e-영업4,신규,25.543478260869566,61596.13152804642,2895018.1818181816,47.0,184.0
2025-09-05,e-영업4,신규,13.664596273291925,119510.33057851238,2629227.2727272725,22.0,161.0
2025-09-06,e-영업4,신규,18.75,62012.72727272727,1860381.8181818181,30.0,160.0
2025-09-07,e-영업4,신규,22.857142857142858,75681.81818181818,3027272.727272727,40.0,175.0
2025-09-08,e-영업4,신규,8.287292817679557,3465.454545454545,51981.81818181818,15.0,181.0
2025-09-09,e-영업4,신규,17.543859649122805,107048.48484848485,3211454.5454545454,30.0,171.0
2025-09-10,e-영업4,신규,12.5,129543.72294372294,2720418.1818181816,21.0,168.0
2025-09-11,e-영업4,신규,15.432098765432098,96996.36363636363,2424909.090909091,25.0,162.0
2025-09-12,e-영업4,신규,25.0,112800.95693779904,4286436.363636363,38.0,152.0
2025-09-13,e-영업4,신규,17.088607594936708,71451.17845117845,1929181.8181818181,27.0,158.0
2025-09-14,e-영업4,신규,19.196428571428573,95218.81606765326,4094409.0909090904,43.0,224.0
2025-09-15,e-영업4,신규,18.81188118811881,121360.76555023923,4611709.090909091,38.0,202.0
2025-09-16,e-영업4,신규,11.475409836065573,66128.57142857143,1388700.0,21.0,183.0
2025-09-17,e-영업4,신규,23.863636363636363,94721.645021645,3978309.0909090904,42.0,176.0
2025-09-18,e-영업4,신규,16.374269005847953,151985.38961038963,4255590.909090909,28.0,171.0
2025-09-19,e-영업4,신규,20.982142857142858,90011.60541586073,4230545.454545454,47.0,224.0
2025-09-20,e-영업4,신규,18.660287081339714,71833.33333333333,2801500.0,39.0,209.0
2025-09-21,e-영업4,신규,20.37037037037037,106346.28099173553,5849045.454545454,55.0,270.0
2025-09-22,e-영업4,신규,15.668202764976957,97379.67914438502,3310909.090909091,34.0,217.0
2025-09-23,e-영업4,신규,20.087336244541483,59563.83399209486,2739936.3636363633,46.0,229.0
2025-09-24,e-영업4,신규,16.94214876033058,116969.17960088691,4795736.363636363,41.0,242.0
2025-09-25,e-영업4,신규,20.0,77938.35920177383,3195472.727272727,41.0,205.0
2025-09-26,e-영업4,신규,17.289719626168225,101509.0909090909,3755836.3636363633,37.0,214.0
2025-09-27,e-영업4,신규,17.142857142857142,184802.52525252523,6652890.909090908,36.0,210.0
2025-09-28,e-영업4,신규,20.361990950226243,73863.23232323231,3323845.454545454,45.0,221.0
2025-09-29,e-영업4,신규,3.7209302325581395,-197986.81818181818,-1583894.5454545454,8.0,215.0
2025-09-30,e-영업4,신규,11.864406779661017,219721.2121212121,4614145.454545454,21.0,177.0
2025-10-01,e-영업4,신규,12.269938650306749,65727.27272727272,1314545.4545454544,20.0,163.0
2025-10-02,e-영업4,신규,10.638297872340425,133109.69696969696,1996645.4545454544,15.0,141.0
2025-10-03,e-영업4,신규,13.60544217687075,81854.54545454544,1637090.909090909,20.0,147.0
2025-10-04,e-영업4,신규,13.043478260869565,138003.0303030303,2484054.5454545454,18.0,138.0
2025-10-05,e-영업4,신규,16.083916083916083,119718.5770750988,2753527.2727272725,23.0,143.0
2025-10-06,e-영업4,신규,9.929078014184398,83831.81818181816,1173645.4545454544,14.0,141.0
2025-10-07,e-영업4,신규,16.145833333333336,93516.71554252198,2899018.1818181816,31.0,192.0
2025-10-08,e-영업4,신규,17.318435754189945,88654.54545454544,2748290.9090909087,31.0,179.0
2025-10-09,e-영업4,신규,21.904761904761905,70518.18181818181,3243836.3636363633,46.0,210.0
2025-10-10,e-영업4,신규,12.88888888888889,35224.76489028213,1021518.1818181818,29.0,225.0
2025-10-11,e-영업4,신규,16.46090534979424,94221.81818181818,3768872.727272727,40.0,243.0
2025-10-12,e-영업4,신규,19.083969465648856,64938.727272727265,3246936.3636363633,50.0,262.0
2025-10-13,e-영업4,신규,18.681318681318682,53822.994652406414,2744972.727272727,51.0,273.0
2025-10-14,e-영업4,신규,16.23931623931624,48118.89952153109,1828518.1818181816,38.0,234.0
2025-10-15,e-영업4,신규,14.691943127962084,125979.47214076246,3905363.6363636362,31.0,211.0
2025-10-16,e-영업4,신규,16.901408450704224,82052.0202020202,2953872.727272727,36.0,213.0
2025-10-17,e-영업4,신규,14.136125654450263,111747.13804713804,3017172.727272727,27.0,191.0
2025-10-18,e-영업4,신규,16.27906976744186,161929.0909090909,5667518.181818182,35.0,215.0
2025-10-19,e-영업4,신규,16.014234875444842,91897.97979797979,4135409.0909090904,45.0,281.0
2025-10-20,e-영업4,신규,21.323529411764707,109224.23197492163,6335005.454545454,58.0,272.0
2025-10-21,e-영업4,신규,13.86861313868613,67780.86124401914,2575672.727272727,38.0,274.0
2025-10-22,e-영업4,신규,13.970588235294118,100445.93301435406,3816945.454545454,38.0,272.0
2025-10-23,e-영업4,신규,15.65217391304348,82716.66666666666,2977799.9999999995,36.0,230.0
2025-10-24,e-영업4,신규,15.450643776824036,129939.89898989898,4677836.363636363,36.0,233.0
2025-10-25,e-영업4,신규,14.785992217898833,120904.78468899519,4594381.818181817,38.0,257.0
2025-10-26,e-영업4,신규,18.560606060606062,73354.54545454546,3594372.727272727,49.0,264.0
2025-10-27,e-영업4,신규,14.338235294117647,46188.34498834499,1801345.4545454544,39.0,272.0
2025-10-28,e-영업4,신규,16.38225255972696,99922.34848484847,4796272.727272727,48.0,293.0
2025-10-29,e-영업4,신규,12.274368231046932,83066.3101604278,2824254.5454545454,34.0,277.0
2025-10-30,e-영업4,신규,16.113744075829384,86991.97860962566,2957727.2727272725,34.0,211.0
2025-10-31,e-영업4,신규,17.67676767676768,98114.2857142857,3433999.9999999995,35.0,198.0
2025-11-01,e-영업4,신규,19.08713692946058,69954.74308300395,3217918.1818181816,46.0,241.0
2025-11-02,e-영업4,신규,20.689655172413794,110863.78787878787,6651827.2727272725,60.0,290.0
2025-11-03,e-영업4,신규,20.54794520547945,80410.45454545454,4824627.2727272725,60.0,292.0
2025-11-04,e-영업4,신규,11.666666666666666,108362.01298701297,3034136.3636363633,28.0,240.0
2025-11-05,e-영업4,신규,16.666666666666664,103307.65550239233,3925690.9090909087,38.0,228.0
2025-11-06,e-영업4,신규,10.550458715596331,131673.51778656125,3028490.9090909087,23.0,218.0
2025-11-07,e-영업4,신규,11.891891891891893,113745.86776859504,2502409.090909091,22.0,185.0
2025-11-08,e-영업4,신규,21.26436781609195,90217.93611793611,3338063.6363636362,37.0,174.0
2025-11-09,e-영업4,신규,19.65065502183406,59600.0,2682000.0,45.0,229.0
2025-11-10,e-영업4,신규,15.023474178403756,108234.37499999999,3463499.9999999995,32.0,213.0
2025-11-11,e-영업4,신규,15.023474178403756,82755.9659090909,2648190.9090909087,32.0,213.0
2025-11-12,e-영업4,신규,10.0,74603.4632034632,1566672.727272727,21.0,210.0
2025-11-13,e-영업4,신규,15.458937198067632,55864.204545454544,1787654.5454545454,32.0,207.0
2025-11-14,e-영업4,신규,17.48633879781421,102100.56818181818,3267218.1818181816,32.0,183.0
2025-11-15,e-영업4,신규,15.346534653465346,294765.1026392962,9137718.181818182,31.0,202.0
2025-11-16,e-영업4,신규,20.37735849056604,132497.13804713803,7154845.454545454,54.0,265.0
2025-11-17,e-영업4,신규,13.445378151260504,133708.23863636362,4278663.636363636,32.0,238.0
2025-11-18,e-영업4,신규,15.584415584415584,95494.94949494948,3437818.1818181816,36.0,231.0
2025-11-19,e-영업4,신규,15.384615384615385,122053.5714285714,3417499.9999999995,28.0,182.0
2025-11-20,e-영업4,신규,13.20754716981132,133148.48484848483,2796118.1818181816,21.0,159.0
2025-11-21,e-영업4,신규,14.723926380368098,70842.04545454546,1700209.0909090908,24.0,163.0
2025-11-22,e-영업4,신규,22.58064516129032,150817.06864564007,7390036.363636363,49.0,217.0
2025-11-23,e-영업4,신규,18.796992481203006,121209.0909090909,6060454.545454545,50.0,266.0
2025-11-24,e-영업4,신규,11.538461538461538,97473.73737373736,2631790.9090909087,27.0,234.0
2025-11-25,e-영업4,신규,16.52542372881356,100350.81585081584,3913681.818181818,39.0,236.0
2025-11-26,e-영업4,신규,18.181818181818183,79261.02272727272,3170440.9090909087,40.0,220.0
2025-11-27,e-영업4,신규,17.857142857142858,97146.59090909091,3885863.6363636362,40.0,224.0
2025-11-28,e-영업4,신규,9.473684210526317,86431.81818181818,1555772.727272727,18.0,190.0
2025-11-29,e-영업4,신규,12.666666666666668,80939.23444976076,1537845.4545454544,19.0,150.0
2025-11-30,e-영업4,신규,16.923076923076923,95086.22589531679,3137845.454545454,33.0,195.0
2025-12-01,e-영업4,신규,15.062761506276152,106234.84848484847,3824454.545454545,36.0,239.0
2025-12-02,e-영업4,신규,15.948275862068966,52747.66584766584,1951663.6363636362,37.0,232.0
2025-12-03,e-영업4,신규,9.95475113122172,79307.85123966941,1744772.727272727,22.0,221.0
2025-12-04,e-영업4,신규,17.2972972972973,113650.28409090909,3636809.090909091,32.0,185.0
2025-12-05,e-영업4,신규,4.137931034482759,74939.39393939394,449636.3636363636,6.0,145.0
2025-12-06,e-영업4,신규,17.088607594936708,88858.92255892254,2399190.9090909087,27.0,158.0
2025-12-07,e-영업4,신규,15.976331360946746,104245.11784511784,2814618.1818181816,27.0,169.0
2025-12-08,e-영업4,신규,9.547738693467336,72362.2009569378,1374881.8181818181,19.0,199.0
2025-12-09,e-영업4,신규,13.294797687861271,59830.434782608696,1376100.0,23.0,173.0
2025-12-10,e-영업4,신규,9.392265193370166,36220.32085561497,615745.4545454545,17.0,181.0
2025-12-11,e-영업4,신규,8.609271523178808,75895.80419580419,986645.4545454545,13.0,151.0
2025-12-12,e-영업4,신규,11.25,179989.39393939392,3239809.090909091,18.0,160.0
2025-12-13,e-영업4,신규,12.751677852348994,89947.84688995215,1709009.0909090908,19.0,149.0
2025-12-14,e-영업4,신규,17.261904761904763,139612.53918495297,4048763.6363636362,29.0,168.0
2025-12-15,e-영업4,신규,16.666666666666664,112779.39393939394,3383381.818181818,30.0,180.0
2025-12-16,e-영업4,신규,8.51063829787234,127357.95454545453,2037727.2727272725,16.0,188.0
2025-12-17,e-영업4,신규,9.15032679738562,74015.58441558441,1036218.1818181818,14.0,153.0
2025-12-18,e-영업4,신규,17.6056338028169,114109.0909090909,2852727.2727272725,25.0,142.0
2025-12-19,e-영업4,신규,12.5,193518.7165775401,3289818.1818181816,17.0,136.0
2025-12-20,e-영업4,신규,15.04424778761062,47615.50802139037,809463.6363636364,17.0,113.0
2025-12-21,e-영업4,신규,15.846994535519126,131716.6144200627,3819781.818181818,29.0,183.0
2025-12-22,e-영업4,신규,9.941520467836257,219321.39037433153,3728463.6363636362,17.0,171.0
2025-12-23,e-영업4,신규,10.457516339869281,96166.47727272726,1538663.6363636362,16.0,153.0
2025-12-24,e-영업4,신규,9.62962962962963,45041.95804195804,585545.4545454545,13.0,135.0
2025-12-25,e-영업4,신규,23.64864864864865,85574.80519480519,2995118.1818181816,35.0,148.0
2025-12-26,e-영업4,신규,17.647058823529413,128894.49035812671,4253518.181818182,33.0,187.0
2025-12-27,e-영업4,신규,20.689655172413794,98742.17171717172,3554718.1818181816,36.0,174.0
2025-12-28,e-영업4,신규,18.68686868686869,131318.9189189189,4858800.0,37.0,198.0
2025-12-29,e-영업4,신규,6.741573033707865,24397.72727272727,292772.72727272724,12.0,178.0
2025-12-30,e-영업4,신규,14.285714285714285,131946.694214876,2902827.2727272725,22.0,154.0
2025-12-31,e-영업4,신규,8.064516129032258,64542.72727272727,645427.2727272727,10.0,124.0
2025-01-01,e-영업4,전체,3.467297084318361,101873.65702479339,17929763.636363637,176.0,5076.0
2025-01-02,e-영업4,전체,2.953194650817236,78126.67238421955,12422140.909090908,159.0,5384.0
2025-01-03,e-영업4,전체,2.2847432024169185,113658.60255447032,13752690.909090908,121.0,5296.0
2025-01-04,e-영업4,전체,3.1476050830889544,104973.74364765668,16900772.727272727,161.0,5115.0
2025-01-05,e-영업4,전체,3.366270306481326,101117.84260515604,20324686.363636363,201.0,5971.0
2025-01-06,e-영업4,전체,2.2742935906271535,67453.20247933884,8903822.727272727,132.0,5804.0
2025-01-07,e-영업4,전체,2.6773349746114787,96795.47021943572,16842411.818181816,174.0,6499.0
2025-01-08,e-영업4,전체,3.2580694044552203,142108.02114164905,30553224.545454543,215.0,6599.0
2025-01-09,e-영업4,전체,2.4037653387123887,101984.17037507947,14583736.363636363,143.0,5949.0
2025-01-10,e-영업4,전체,2.356109054190508,98264.22077922078,13756990.909090908,140.0,5942.0
2025-01-11,e-영업4,전체,2.8721483669785,133307.32467532466,23328781.818181816,175.0,6093.0
2025-01-12,e-영업4,전체,2.9773088596618007,103763.45984112973,21375272.727272727,206.0,6919.0
2025-01-13,e-영업4,전체,2.716330513988289,67596.95155144256,11288690.909090908,167.0,6148.0
2025-01-14,e-영업4,전체,2.7151639344262293,89589.38250428815,14244711.818181816,159.0,5856.0
2025-01-15,e-영업4,전체,2.2973718066531887,95463.73090909091,11932966.363636363,125.0,5441.0
2025-01-16,e-영업4,전체,2.1481062747314867,26074.162679425837,2972454.5454545454,114.0,5307.0
2025-01-17,e-영업4,전체,2.401874633860574,50404.73022912047,6199781.818181817,123.0,5121.0
2025-01-18,e-영업4,전체,2.8606965174129355,100084.07679277244,16113536.363636361,161.0,5628.0
2025-01-19,e-영업4,전체,3.070891865403463,114308.63152804642,21490022.727272727,188.0,6122.0
2025-01-20,e-영업4,전체,2.4661757150196952,77957.95454545453,11225945.454545453,144.0,5839.0
2025-01-21,e-영업4,전체,2.8477546549835706,94943.95687645687,14811257.272727272,156.0,5478.0
2025-01-22,e-영업4,전체,2.341873498799039,79041.33644133643,9247836.363636363,117.0,4996.0
2025-01-23,e-영업4,전체,2.1783067594879855,89923.05529522024,8722536.363636363,97.0,4453.0
2025-01-24,e-영업4,전체,1.7170681701691441,76996.20081411126,5158745.454545454,67.0,3902.0
2025-01-25,e-영업4,전체,2.6706231454005933,76419.69696969696,8253327.2727272725,108.0,4044.0
2025-01-26,e-영업4,전체,2.530521642619312,102293.77990430621,11661490.909090908,114.0,4505.0
2025-01-27,e-영업4,전체,2.354509107063527,90511.83533447684,9594254.545454545,106.0,4502.0
2025-01-28,e-영업4,전체,2.595314653192467,90892.59855189058,10270863.636363635,113.0,4354.0
2025-01-29,e-영업4,전체,2.22667557336896,92590.45454545453,9259045.454545453,100.0,4491.0
2025-01-30,e-영업4,전체,3.098796937659497,82761.39037433155,14069436.363636363,170.0,5486.0
2025-01-31,e-영업4,전체,2.7827972533429706,62880.75560802833,9683636.363636363,154.0,5534.0
2025-02-01,e-영업4,전체,3.658739397971063,83514.42148760331,18373172.727272727,220.0,6013.0
2025-02-02,e-영업4,전체,3.781783070485999,84309.01353965183,19812618.18181818,235.0,6214.0
2025-02-03,e-영업4,전체,2.592156202659485,95554.17945690671,14715343.636363635,154.0,5941.0
2025-02-04,e-영업4,전체,2.7607361963190185,92710.26936026935,15019063.636363635,162.0,5868.0
2025-02-05,e-영업4,전체,2.4516129032258065,70798.35953520164,9416181.818181818,133.0,5425.0
2025-02-06,e-영업4,전체,2.289039767216295,92148.82896764252,10873561.818181816,118.0,5155.0
2025-02-07,e-영업4,전체,2.539810522072163,65177.27272727273,8212336.363636363,126.0,4961.0
2025-02-08,e-영업4,전체,2.877275396359366,107047.06246134816,15735918.18181818,147.0,5109.0
2025-02-09,e-영업4,전체,3.004951340276592,93886.2603305785,16523981.818181816,176.0,5857.0
2025-02-10,e-영업4,전체,2.6934817741066617,70699.78787878787,10604968.181818182,150.0,5569.0
2025-02-11,e-영업4,전체,2.3447517860413996,91889.84374999999,11761899.999999998,128.0,5459.0
2025-02-12,e-영업4,전체,2.717883674578728,107852.1212121212,16177818.18181818,150.0,5519.0
2025-02-13,e-영업4,전체,2.6716801899861466,92066.86868686868,12429027.272727272,135.0,5053.0
2025-02-14,e-영업4,전체,2.8512773722627736,65885.74545454545,8235718.181818181,125.0,4384.0
2025-02-15,e-영업4,전체,3.402336544373847,80933.81708652792,13435013.636363635,166.0,4879.0
2025-02-16,e-영업4,전체,3.3474936278674594,82661.74434702353,16284363.636363635,197.0,5885.0
2025-02-17,e-영업4,전체,2.450719232818327,102448.74835309618,14137927.272727272,138.0,5631.0
2025-02-18,e-영업4,전체,2.289941870706359,80899.58041958041,10516945.454545453,130.0,5677.0
2025-02-19,e-영업4,전체,2.3143164693218514,129702.46652572232,16731618.18181818,129.0,5574.0
2025-02-20,e-영업4,전체,2.7803351132388143,78994.88260084286,11928227.272727272,151.0,5431.0
2025-02-21,e-영업4,전체,2.4423337856173677,89130.66378066377,11230463.636363635,126.0,5159.0
2025-02-22,e-영업4,전체,3.3498077979132344,86378.01788375559,15807177.272727272,183.0,5463.0
2025-02-23,e-영업4,전체,3.689229326246678,88348.844375963,20850327.27272727,236.0,6397.0
2025-02-24,e-영업4,전체,2.80298120544394,92924.82921702575,16075995.454545453,173.0,6172.0
2025-02-25,e-영업4,전체,2.8566683275203455,75372.93868921776,12964145.454545453,172.0,6021.0
2025-02-26,e-영업4,전체,1.8486523842432618,61722.51486830926,6604309.090909091,107.0,5788.0
2025-02-27,e-영업4,전체,2.5397480900268428,86226.90317812268,10605909.09090909,123.0,4843.0
2025-02-28,e-영업4,전체,2.214502822405558,92585.11586452762,9443681.818181816,102.0,4606.0
2025-03-01,e-영업4,전체,3.5945786682380674,95000.49677098855,17385090.909090906,183.0,5091.0
2025-03-02,e-영업4,전체,3.54464894342195,118657.16783216782,24680690.909090906,208.0,5868.0
2025-03-03,e-영업4,전체,3.4243475637351035,90558.43011613935,20556763.636363633,227.0,6629.0
2025-03-04,e-영업4,전체,3.0663538873994636,91500.39741679086,16744572.727272727,183.0,5968.0
2025-03-05,e-영업4,전체,3.755458515283843,88436.30021141648,19013804.545454543,215.0,5725.0
2025-03-06,e-영업4,전체,3.4584636774417796,106453.44906349931,21184236.363636363,199.0,5754.0
2025-03-07,e-영업4,전체,2.4623524623524626,100229.52667167543,12127772.727272727,121.0,4914.0
2025-03-08,e-영업4,전체,3.5810550635348477,79943.03519061583,14869404.545454545,186.0,5194.0
2025-03-09,e-영업4,전체,3.564356435643564,84029.33501683502,18150336.363636363,216.0,6060.0
2025-03-10,e-영업4,전체,2.9401470073503675,76819.75108225108,12905718.181818182,168.0,5714.0
2025-03-11,e-영업4,전체,2.55741127348643,76999.0723562152,11318863.636363635,147.0,5748.0
2025-03-12,e-영업4,전체,2.5806451612903225,63496.13022113021,9397427.272727272,148.0,5735.0
2025-03-13,e-영업4,전체,2.3787049273173495,98097.47474747473,12360281.818181816,126.0,5297.0
2025-03-14,e-영업4,전체,1.805189921022941,114373.62689393939,10979868.181818182,96.0,5318.0
2025-03-15,e-영업4,전체,3.519907674552799,96795.28067560855,17713536.363636363,183.0,5199.0
2025-03-16,e-영업4,전체,3.369905956112853,88928.71035940803,19119672.727272727,215.0,6380.0
2025-03-17,e-영업4,전체,3.473428273706148,81099.5909090909,16219918.18181818,200.0,5758.0
2025-03-18,e-영업4,전체,2.626123013130615,116297.30861244017,17677190.909090906,152.0,5788.0
2025-03-19,e-영업4,전체,3.098487642936186,85138.20346320345,14303218.18181818,168.0,5422.0
2025-03-20,e-영업4,전체,3.0415125359638306,64393.18181818181,9530190.909090908,148.0,4866.0
2025-03-21,e-영업4,전체,2.8209053137983817,79785.62367864692,10292345.454545453,129.0,4573.0
2025-03-22,e-영업4,전체,3.4682080924855487,113018.07732497387,19665145.454545453,174.0,5017.0
2025-03-23,e-영업4,전체,3.844241922120961,92208.75783699058,21392431.818181816,232.0,6035.0
2025-03-24,e-영업4,전체,2.957225840521035,93001.21753246753,15624204.545454545,168.0,5681.0
2025-03-25,e-영업4,전체,2.611611081701076,67847.60442260442,10041445.454545453,148.0,5667.0
2025-03-26,e-영업4,전체,3.130929791271347,61202.14876033057,10098354.545454545,165.0,5270.0
2025-03-27,e-영업4,전체,2.5718304199316857,140122.8693181818,17935727.27272727,128.0,4977.0
2025-03-28,e-영업4,전체,2.215868477483917,66870.86999022482,6218990.909090908,93.0,4197.0
2025-03-29,e-영업4,전체,3.248113998323554,91869.67741935483,14239799.999999998,155.0,4772.0
2025-03-30,e-영업4,전체,3.8174877295037266,91184.329004329,19148709.09090909,210.0,5501.0
2025-03-31,e-영업4,전체,2.5081998842369284,77223.91608391608,10039109.09090909,130.0,5183.0
2025-04-01,e-영업4,전체,2.9356417011667295,87838.84032634032,13702859.09090909,156.0,5314.0
2025-04-02,e-영업4,전체,3.175912559290575,86551.00354191264,13328854.545454545,154.0,4849.0
2025-04-03,e-영업4,전체,2.351404310907903,87911.23737373736,9494413.636363635,108.0,4593.0
2025-04-04,e-영업4,전체,3.1578947368421053,85591.09461966604,12581890.909090908,147.0,4655.0
2025-04-05,e-영업4,전체,3.0479246039703227,76674.58133971291,11654536.363636363,152.0,4987.0
2025-04-06,e-영업4,전체,3.510716925351072,84237.24880382775,16005077.272727272,190.0,5412.0
2025-04-07,e-영업4,전체,2.564102564102564,76495.66596194502,9867940.909090908,129.0,5031.0
2025-04-08,e-영업4,전체,3.315021784428869,99309.79220779221,17379213.636363637,175.0,5279.0
2025-04-09,e-영업4,전체,3.423708687908173,84354.5980031529,14593345.454545453,173.0,5053.0
2025-04-10,e-영업4,전체,2.6037428803905613,82915.234375,10613150.0,128.0,4916.0
2025-04-11,e-영업4,전체,2.3719563392107474,56327.996781979076,6365063.636363636,113.0,4764.0
2025-04-12,e-영업4,전체,3.873794916739702,90155.01851090086,19924259.09090909,221.0,5705.0
2025-04-13,e-영업4,전체,3.950931973872869,98216.58724340175,24357713.636363633,248.0,6277.0
2025-04-14,e-영업4,전체,2.2555066079295156,76749.64488636363,9823954.545454545,128.0,5675.0
2025-04-15,e-영업4,전체,2.127266000739919,94078.02371541501,10818972.727272727,115.0,5406.0
2025-04-16,e-영업4,전체,2.5061239871867347,75361.92754613807,10023136.363636363,133.0,5307.0
2025-04-17,e-영업4,전체,2.2841656987998453,92546.84129429891,10920527.272727272,118.0,5166.0
2025-04-18,e-영업4,전체,2.9712521705575923,87729.63400236127,13510363.636363635,154.0,5183.0
2025-04-19,e-영업4,전체,3.8651455814745446,82914.28914697637,18821543.636363637,227.0,5873.0
2025-04-20,e-영업4,전체,4.222620113398985,83137.26309026661,23527845.454545453,283.0,6702.0
2025-04-21,e-영업4,전체,2.7382425742574257,82708.57729840779,14639418.18181818,177.0,6464.0
2025-04-22,e-영업4,전체,2.2167917612148718,51271.61775232641,6511495.454545454,127.0,5729.0
2025-04-23,e-영업4,전체,2.898550724637681,92166.49021864211,14562305.454545453,158.0,5451.0
2025-04-24,e-영업4,전체,2.4225575853852264,79212.70491803279,9663950.0,122.0,5036.0
2025-04-25,e-영업4,전체,2.380437134819303,93469.62809917354,10281659.09090909,110.0,4621.0
2025-04-26,e-영업4,전체,3.0874785591766725,93244.70258136923,15105641.818181816,162.0,5247.0
2025-04-27,e-영업4,전체,3.2501641497045304,79067.68595041322,15655401.818181816,198.0,6092.0
2025-04-28,e-영업4,전체,2.3761652348747946,83198.79720279718,10815843.636363635,130.0,5471.0
2025-04-29,e-영업4,전체,2.5022502250225025,85049.8561151079,11821929.999999998,139.0,5555.0
2025-04-30,e-영업4,전체,2.5116822429906542,87202.52290345312,11249125.454545453,129.0,5136.0
2025-05-01,e-영업4,전체,3.803658757471472,84292.9264069264,17701514.545454543,210.0,5521.0
2025-05-02,e-영업4,전체,2.7238175675675675,79847.85059901339,10300372.727272727,129.0,4736.0
2025-05-03,e-영업4,전체,3.079449804968179,85846.24242424242,12876936.363636363,150.0,4871.0
2025-05-04,e-영업4,전체,3.0172413793103448,95378.91156462584,14020699.999999998,147.0,4872.0
2025-05-05,e-영업4,전체,3.8419117647058827,118068.26011309265,24676266.363636363,209.0,5440.0
2025-05-06,e-영업4,전체,4.636591478696742,94306.39434889435,27914692.727272727,296.0,6384.0
2025-05-07,e-영업4,전체,1.6985517611299839,69557.41626794258,6607954.545454545,95.0,5593.0
2025-05-08,e-영업4,전체,2.560031752331812,79203.31219168428,10217227.272727272,129.0,5039.0
2025-05-09,e-영업4,전체,2.005730659025788,77271.98515769944,7572654.545454545,98.0,4886.0
2025-05-10,e-영업4,전체,3.3660319292171574,94032.15584415584,16455627.272727272,175.0,5199.0
2025-05-11,e-영업4,전체,3.1543505227715753,71641.7262512768,12752227.272727272,178.0,5643.0
2025-05-12,e-영업4,전체,2.161383285302594,94504.37878787877,11340525.454545453,120.0,5552.0
2025-05-13,e-영업4,전체,2.3763078560028372,79343.96200814111,10632090.909090908,134.0,5639.0
2025-05-14,e-영업4,전체,2.395553852050594,88731.2,11091400.0,125.0,5218.0
2025-05-15,e-영업4,전체,2.869669190912714,89599.74747474746,12902363.636363635,144.0,5018.0
2025-05-16,e-영업4,전체,2.2237046920169,126541.0909090909,12654109.09090909,100.0,4497.0
2025-05-17,e-영업4,전체,2.4155669872511742,114877.94612794612,12406818.181818182,108.0,4471.0
2025-05-18,e-영업4,전체,3.4090909090909087,133404.36569080636,23612572.727272727,177.0,5192.0
2025-05-19,e-영업4,전체,2.0943433157173614,45389.43925233645,4856670.0,107.0,5109.0
2025-05-20,e-영업4,전체,2.0094057289439933,60527.80464216634,5689613.636363636,94.0,4678.0
2025-05-21,e-영업4,전체,2.4188546619805664,90988.11188811187,10645609.09090909,117.0,4837.0
2025-05-22,e-영업4,전체,2.4977497749774975,71983.04668304668,7990118.181818181,111.0,4444.0
2025-05-23,e-영업4,전체,2.221183072246902,72003.06220095693,6840290.909090908,95.0,4277.0
2025-05-24,e-영업4,전체,2.932616968882919,108453.2963219986,14207381.818181816,131.0,4467.0
2025-05-25,e-영업4,전체,3.432356483340024,73807.50664540137,12621083.636363635,171.0,4982.0
2025-05-26,e-영업4,전체,2.2936763129689175,77329.9235344095,8274301.818181817,107.0,4665.0
2025-05-27,e-영업4,전체,2.440633245382586,58907.28910728911,6538709.090909091,111.0,4548.0
2025-05-28,e-영업4,전체,2.5964745116722248,64644.99582985821,7046304.545454545,109.0,4198.0
2025-05-29,e-영업4,전체,2.5135534746180386,79693.00356506239,8128686.363636363,102.0,4058.0
2025-05-30,e-영업4,전체,2.7672273467173087,86710.07130124776,8844427.272727272,102.0,3686.0
2025-05-31,e-영업4,전체,3.574033552151714,93784.91032776746,13786381.818181816,147.0,4113.0
2025-06-01,e-영업4,전체,2.823208722741433,79413.85579937304,11515009.09090909,145.0,5136.0
2025-06-02,e-영업4,전체,2.809233449477352,110813.10782241014,14294890.909090908,129.0,4592.0
2025-06-03,e-영업4,전체,4.679802955665025,101954.77364740522,25182829.09090909,247.0,5278.0
2025-06-04,e-영업4,전체,3.662420382165605,169124.55533596835,31118918.18181818,184.0,5024.0
2025-06-05,e-영업4,전체,2.9034599564481005,99053.71212121211,11886445.454545453,120.0,4133.0
2025-06-06,e-영업4,전체,3.6471990464839092,103904.75341651811,15897427.272727272,153.0,4195.0
2025-06-07,e-영업4,전체,3.9603960396039604,95874.94949494948,17257490.909090906,180.0,4545.0
2025-06-08,e-영업4,전체,3.7338893100833963,75351.63820950623,14844272.727272727,197.0,5276.0
2025-06-09,e-영업4,전체,2.490714441774088,111721.92982456139,12736299.999999998,114.0,4577.0
2025-06-10,e-영업4,전체,2.7260018639328982,98226.96192696193,11492554.545454545,117.0,4292.0
2025-06-11,e-영업4,전체,2.7165080102159274,72803.5742035742,8518018.181818182,117.0,4307.0
2025-06-12,e-영업4,전체,2.907554671968191,82037.07847707848,9598338.181818182,117.0,4024.0
2025-06-13,e-영업4,전체,2.72608125819135,146889.5104895105,15276509.09090909,104.0,3815.0
2025-06-14,e-영업4,전체,3.8548752834467117,74155.6743909685,11345818.181818182,153.0,3969.0
2025-06-15,e-영업4,전체,3.602643359624814,70310.23130715438,11882429.09090909,169.0,4691.0
2025-06-16,e-영업4,전체,3.3973086256342375,56204.98819362456,8655568.181818182,154.0,4533.0
2025-06-17,e-영업4,전체,3.0434782608695654,84793.0963773069,11277481.818181816,133.0,4370.0
2025-06-18,e-영업4,전체,4.680337756332931,84492.2680412371,16391499.999999998,194.0,4145.0
2025-06-19,e-영업4,전체,4.844377510040161,79778.28544512481,15397209.09090909,193.0,3984.0
2025-06-20,e-영업4,전체,3.400054839594187,80757.99120234603,10013990.909090908,124.0,3647.0
2025-06-21,e-영업4,전체,5.116528261451915,90468.58638743455,17279500.0,191.0,3733.0
2025-06-22,e-영업4,전체,5.315145813734714,80732.04746580853,18245442.727272727,226.0,4252.0
2025-06-23,e-영업4,전체,3.226583192872622,69391.88602442334,9298512.727272727,134.0,4153.0
2025-06-24,e-영업4,전체,2.8527370855821124,88071.94922194922,9775986.363636363,111.0,3891.0
2025-06-25,e-영업4,전체,3.488674824264514,81189.72184531885,10879422.727272727,134.0,3841.0
2025-06-26,e-영업4,전체,4.599145513948228,74478.44013909588,13629554.545454545,183.0,3979.0
2025-06-27,e-영업4,전체,4.040122596823627,101438.3699059561,14708563.636363635,145.0,3589.0
2025-06-28,e-영업4,전체,5.880743982494529,106195.77167019027,22832090.909090906,215.0,3656.0
2025-06-29,e-영업4,전체,5.564424173318129,83902.16095380028,20472127.27272727,244.0,4385.0
2025-06-30,e-영업4,전체,3.8278649548264383,78150.33879164314,12582204.545454545,161.0,4206.0
2025-07-01,e-영업4,전체,4.517312542994726,76628.88786340563,15095890.909090908,197.0,4361.0
2025-07-02,e-영업4,전체,3.619570644033949,74774.35736677115,10842281.818181816,145.0,4006.0
2025-07-03,e-영업4,전체,3.6160249739854313,77943.36167429692,10834127.272727272,139.0,3844.0
2025-07-04,e-영업4,전체,4.021289178001183,66202.94117647059,9003600.0,136.0,3382.0
2025-07-05,e-영업4,전체,5.759442807393517,74757.16701902747,16072790.909090908,215.0,3733.0
2025-07-06,e-영업4,전체,5.878220140515222,83198.08040565012,20882718.18181818,251.0,4270.0
2025-07-07,e-영업4,전체,3.5903614457831328,80138.88956680903,11940694.545454545,149.0,4150.0
2025-07-08,e-영업4,전체,5.089437819420784,139112.81856219092,33247963.636363633,239.0,4696.0
2025-07-09,e-영업4,전체,4.866653688923496,80386.30909090908,20096577.27272727,250.0,5137.0
2025-07-10,e-영업4,전체,4.2756860242501595,100611.19402985074,20222850.0,201.0,4701.0
2025-07-11,e-영업4,전체,3.8518886679920477,59426.80351906158,9211154.545454545,155.0,4024.0
2025-07-12,e-영업4,전체,5.0187265917602994,77486.45409317051,15574777.272727272,201.0,4005.0
2025-07-13,e-영업4,전체,5.04983388704319,70535.90510366825,16082186.363636361,228.0,4515.0
2025-07-14,e-영업4,전체,3.3793431699190863,87036.87580025608,12359236.363636363,142.0,4202.0
2025-07-15,e-영업4,전체,3.1257235471173885,66006.734006734,8910909.09090909,135.0,4319.0
2025-07-16,e-영업4,전체,4.6117084826762245,72686.8582195007,14028563.636363635,193.0,4185.0
2025-07-17,e-영업4,전체,3.69073275862069,63993.96151293961,8767172.727272727,137.0,3712.0
2025-07-18,e-영업4,전체,3.9140670982931134,62466.50717703349,8308045.454545454,133.0,3398.0
2025-07-19,e-영업4,전체,5.0272910083309394,76689.45454545454,13420654.545454545,175.0,3481.0
2025-07-20,e-영업4,전체,5.315870570107858,74444.04918752745,15409918.18181818,207.0,3894.0
2025-07-21,e-영업4,전체,4.745690572462226,65280.35059111291,14557518.18181818,223.0,4699.0
2025-07-22,e-영업4,전체,4.457409568261377,60981.5801999048,11647481.818181816,191.0,4285.0
2025-07-23,e-영업4,전체,4.13203514604607,69337.72204806686,12064763.636363635,174.0,4211.0
2025-07-24,e-영업4,전체,4.1946759881688624,74091.95804195803,11558345.454545453,156.0,3719.0
2025-07-25,e-영업4,전체,4.81618694784839,76904.46476600322,12996854.545454545,169.0,3509.0
2025-07-26,e-영업4,전체,5.92087312414734,69112.86133221617,14997490.909090908,217.0,3665.0
2025-07-27,e-영업4,전체,5.886157826649418,68989.57708957708,18834154.545454543,273.0,4638.0
2025-07-28,e-영업4,전체,3.2879286049788634,51812.077922077915,7253690.909090908,140.0,4258.0
2025-07-29,e-영업4,전체,2.773650321941555,58478.47402597403,6549589.090909091,112.0,4038.0
2025-07-30,e-영업4,전체,3.094676108051403,52476.27118644067,6192199.999999999,118.0,3813.0
2025-07-31,e-영업4,전체,3.2407407407407405,64092.53246753246,7178363.636363636,112.0,3456.0
2025-08-01,e-영업4,전체,4.463208685162847,78736.67076167076,11653027.272727272,148.0,3316.0
2025-08-02,e-영업4,전체,5.944555587310661,80179.67657342656,16677372.727272727,208.0,3499.0
2025-08-03,e-영업4,전체,5.226130653266332,71724.78146853147,14918754.545454545,208.0,3980.0
2025-08-04,e-영업4,전체,3.387059098341509,58810.72100313479,8527554.545454545,145.0,4281.0
2025-08-05,e-영업4,전체,4.819568902882054,81767.61078117862,16271754.545454545,199.0,4129.0
2025-08-06,e-영업4,전체,4.329846752614936,76544.63738508681,13624945.454545453,178.0,4111.0
2025-08-07,e-영업4,전체,3.3688802714493455,98366.77567037278,13672981.818181816,139.0,4126.0
2025-08-08,e-영업4,전체,4.647519582245431,73622.72727272726,13104845.454545453,178.0,3830.0
2025-08-09,e-영업4,전체,6.023791445203746,68145.23300229182,16218565.454545453,238.0,3951.0
2025-08-10,e-영업4,전체,5.818823010800088,70916.21900826445,18721881.818181816,264.0,4537.0
2025-08-11,e-영업4,전체,3.659411624013394,54031.46167557932,8266813.636363636,153.0,4181.0
2025-08-12,e-영업4,전체,3.2066201189552626,82797.10410557184,10266840.909090908,124.0,3867.0
2025-08-13,e-영업4,전체,3.806612948041123,71035.00331785002,9731795.454545453,137.0,3599.0
2025-08-14,e-영업4,전체,2.9938171168239505,56497.52964426877,5197772.727272727,92.0,3073.0
2025-08-15,e-영업4,전체,4.0667678300455234,75229.44369063771,10080745.454545453,134.0,3295.0
2025-08-16,e-영업4,전체,5.586436909394108,76425.68973315241,15361563.636363635,201.0,3598.0
2025-08-17,e-영업4,전체,5.3871210223001755,89221.71670190274,19182669.09090909,215.0,3991.0
2025-08-18,e-영업4,전체,3.6619011788312013,73007.53424657535,10659100.0,146.0,3987.0
2025-08-19,e-영업4,전체,2.207505518763797,79393.74999999999,6351499.999999999,80.0,3624.0
2025-08-20,e-영업4,전체,3.276393167180062,76819.58041958041,8987890.909090908,117.0,3571.0
2025-08-21,e-영업4,전체,3.5583941605839415,85143.74514374514,9961818.181818182,117.0,3288.0
2025-08-22,e-영업4,전체,3.5373731159643187,68928.3794466403,7926763.636363636,115.0,3251.0
2025-08-23,e-영업4,전체,4.527499240352476,68108.43197071385,10148156.363636363,149.0,3291.0
2025-08-24,e-영업4,전체,5.307409353652128,74322.56975697569,15013159.09090909,202.0,3806.0
2025-08-25,e-영업4,전체,3.875763206795859,56343.83561643835,8226199.999999999,146.0,3767.0
2025-08-26,e-영업4,전체,3.0668127053669223,83774.35064935064,9382727.272727272,112.0,3652.0
2025-08-27,e-영업4,전체,2.906635349383441,77122.86501377409,7635163.636363636,99.0,3406.0
2025-08-28,e-영업4,전체,3.4254807692307696,67699.68102073365,7717763.636363636,114.0,3328.0
2025-08-29,e-영업4,전체,3.936348408710218,60001.09606705351,8460154.545454545,141.0,3582.0
2025-08-30,e-영업4,전체,4.422535211267606,87266.53155761435,13700845.454545453,157.0,3550.0
2025-08-31,e-영업4,전체,5.0981330780277645,79779.00128040972,16992927.27272727,213.0,4178.0
2025-09-01,e-영업4,전체,5.327868852459016,79117.13286713287,18513409.09090909,234.0,4392.0
2025-09-02,e-영업4,전체,4.45993031358885,77364.77272727272,14854036.363636363,192.0,4305.0
2025-09-03,e-영업4,전체,4.943057911315726,88434.3137254902,18040600.0,204.0,4127.0
2025-09-04,e-영업4,전체,4.224289665577068,71759.19913419912,12055545.454545453,168.0,3977.0
2025-09-05,e-영업4,전체,4.026459591601956,79789.35064935064,11170509.09090909,140.0,3477.0
2025-09-06,e-영업4,전체,4.29664508534432,81548.50560398505,11906081.818181816,146.0,3398.0
2025-09-07,e-영업4,전체,5.398523045581869,80801.67238421955,17129954.545454543,212.0,3927.0
2025-09-08,e-영업4,전체,2.622107969151671,82905.16934046344,8456327.272727272,102.0,3890.0
2025-09-09,e-영업4,전체,2.9705644072373754,104571.65289256196,11502881.818181816,110.0,3703.0
2025-09-10,e-영업4,전체,2.8805422197119457,103389.8395721925,10545763.636363635,102.0,3541.0
2025-09-11,e-영업4,전체,3.1233025529603475,101262.05533596838,11645136.363636363,115.0,3682.0
2025-09-12,e-영업4,전체,3.6244292237442925,82781.38869005011,10513236.363636363,127.0,3504.0
2025-09-13,e-영업4,전체,4.272108843537415,114469.36884771277,17971690.909090906,157.0,3675.0
2025-09-14,e-영업4,전체,5.084745762711865,102002.68398268397,21420563.636363633,210.0,4130.0
2025-09-15,e-영업4,전체,3.3710629921259847,110882.01725282017,15190836.363636363,137.0,4064.0
2025-09-16,e-영업4,전체,2.6889903602232366,81407.11835334476,8629154.545454545,106.0,3942.0
2025-09-17,e-영업4,전체,3.8921394047316205,88895.95959595959,13601081.818181816,153.0,3931.0
2025-09-18,e-영업4,전체,3.779786359901397,100713.57048748352,13898472.727272727,138.0,3651.0
2025-09-19,e-영업4,전체,3.727020901536137,79555.55282555282,11774221.818181816,148.0,3971.0
2025-09-20,e-영업4,전체,4.65587044534413,100507.16403162054,18493318.18181818,184.0,3952.0
2025-09-21,e-영업4,전체,5.273395288523881,96612.01937406855,23573332.727272727,244.0,4627.0
2025-09-22,e-영업4,전체,3.6176864671728453,100857.0707070707,16338845.454545453,162.0,4478.0
2025-09-23,e-영업4,전체,3.23017845041789,65386.43356643357,9350260.0,143.0,4427.0
2025-09-24,e-영업4,전체,3.317328677433435,73123.62440191387,11114790.909090908,152.0,4582.0
2025-09-25,e-영업4,전체,4.135963869740908,98562.74817136885,17149918.18181818,174.0,4207.0
2025-09-26,e-영업4,전체,3.8644785600847014,87787.17310087172,12816927.272727272,146.0,3778.0
2025-09-27,e-영업4,전체,4.185144124168515,122739.65081276337,18533687.27272727,151.0,3608.0
2025-09-28,e-영업4,전체,4.734889810168013,86214.29409300376,18708501.818181816,217.0,4583.0
2025-09-29,e-영업4,전체,1.5308525671219972,40483.580419580416,2631432.727272727,65.0,4246.0
2025-09-30,e-영업4,전체,2.718868950516585,124063.87272727271,12406387.272727272,100.0,3678.0
2025-10-01,e-영업4,전체,2.365464222353637,46962.61363636363,3757009.090909091,80.0,3382.0
2025-10-02,e-영업4,전체,2.8663446054750406,80169.56077630234,7135090.909090908,89.0,3105.0
2025-10-03,e-영업4,전체,3.5269078747339617,83963.24451410658,9739736.363636363,116.0,3289.0
2025-10-04,e-영업4,전체,2.7105517909002903,105997.61904761905,8903800.0,84.0,3099.0
2025-10-05,e-영업4,전체,3.4903422568620805,122493.64518976168,12616845.454545453,103.0,2951.0
2025-10-06,e-영업4,전체,3.0694668820678515,103737.8947368421,9855100.0,95.0,3095.0
2025-10-07,e-영업4,전체,4.142782699322564,102098.34190966265,16233636.363636361,159.0,3838.0
2025-10-08,e-영업4,전체,3.551171393341554,89863.00505050505,12940272.727272727,144.0,4055.0
2025-10-09,e-영업4,전체,4.277408637873754,95471.84466019417,19667200.0,206.0,4816.0
2025-10-10,e-영업4,전체,2.253067793200563,85038.23051948051,9524281.818181816,112.0,4971.0
2025-10-11,e-영업4,전체,3.6559594251901943,90871.91802417235,15720841.818181816,173.0,4732.0
2025-10-12,e-영업4,전체,4.3478260869565215,85648.70523415977,19784850.909090906,231.0,5313.0
2025-10-13,e-영업4,전체,3.435044765211036,101370.1160541586,19057581.818181816,188.0,5473.0
2025-10-14,e-영업4,전체,2.593842260649515,79529.63784183296,9782145.454545453,123.0,4742.0
2025-10-15,e-영업4,전체,2.767406105864265,79476.47907647907,10014036.363636363,126.0,4553.0
2025-10-16,e-영업4,전체,3.0338389731621938,93069.44055944055,12099027.272727272,130.0,4285.0
2025-10-17,e-영업4,전체,2.782523797900903,84375.03987240829,9618754.545454545,114.0,4097.0
2025-10-18,e-영업4,전체,4.504504504504505,120589.13636363635,24117827.27272727,200.0,4440.0
2025-10-19,e-영업4,전체,4.40691127936323,98608.61033239886,22384154.545454543,227.0,5151.0
2025-10-20,e-영업4,전체,4.132661920472304,103247.39495798318,24572879.999999996,238.0,5759.0
2025-10-21,e-영업4,전체,3.433399245011684,59534.459781056634,11371081.818181816,191.0,5563.0
2025-10-22,e-영업4,전체,3.6571428571428575,92045.50189393939,17672736.363636363,192.0,5250.0
2025-10-23,e-영업4,전체,3.0277366080880794,85381.24602670057,12209518.181818182,143.0,4723.0
2025-10-24,e-영업4,전체,3.2250633494586496,135070.12987012987,18909818.18181818,140.0,4341.0
2025-10-25,e-영업4,전체,4.034846400733608,106331.0950413223,18714272.727272727,176.0,4362.0
2025-10-26,e-영업4,전체,5.090054815974941,93173.25174825174,24225045.454545453,260.0,5108.0
2025-10-27,e-영업4,전체,3.42488979315022,115466.69666966697,23324272.727272727,202.0,5898.0
2025-10-28,e-영업4,전체,3.5643889618922473,86903.30959363216,18858018.18181818,217.0,6088.0
2025-10-29,e-영업4,전체,3.3028550102631087,82676.4252696456,14633727.272727272,177.0,5359.0
2025-10-30,e-영업4,전체,3.8054054054054056,95340.59917355371,16779945.454545453,176.0,4625.0
2025-10-31,e-영업4,전체,3.0751708428246016,76908.01346801345,10382581.818181816,135.0,4390.0
2025-11-01,e-영업4,전체,4.615052835885271,95809.85556499574,20503309.09090909,214.0,4637.0
2025-11-02,e-영업4,전체,4.793202949663353,91430.00912131347,27337572.727272727,299.0,6238.0
2025-11-03,e-영업4,전체,3.133025166923472,84107.65027322403,15391699.999999998,183.0,5841.0
2025-11-04,e-영업4,전체,2.0793222949557184,68723.73737373737,7422163.636363636,108.0,5194.0
2025-11-05,e-영업4,전체,2.366233212534641,85180.67158067158,9455054.545454545,111.0,4691.0
2025-11-06,e-영업4,전체,2.1696252465483234,107806.20752984389,10672814.545454545,99.0,4563.0
2025-11-07,e-영업4,전체,2.0117137764196587,116804.9482163406,9227590.909090908,79.0,3927.0
2025-11-08,e-영업4,전체,3.252234359483615,95123.17834836918,12461136.363636363,131.0,4028.0
2025-11-09,e-영업4,전체,3.967748779970295,76235.09965969858,14255963.636363635,187.0,4713.0
2025-11-10,e-영업4,전체,2.3476112026359144,99715.62998405102,11367581.818181816,114.0,4856.0
2025-11-11,e-영업4,전체,2.996742671009772,121278.39262187087,16736418.18181818,138.0,4605.0
2025-11-12,e-영업4,전체,3.0080213903743314,89234.41077441076,12046645.454545453,135.0,4488.0
2025-11-13,e-영업4,전체,3.1936579841449606,96817.21470019342,13651227.272727272,141.0,4415.0
2025-11-14,e-영업4,전체,2.906427221172023,129432.88987435328,15920245.454545453,123.0,4232.0
2025-11-15,e-영업4,전체,4.154995331465919,143572.21654749743,25555854.545454543,178.0,4284.0
2025-11-16,e-영업4,전체,3.8468899521531106,112809.72410673901,22674754.545454543,201.0,5225.0
2025-11-17,e-영업4,전체,2.4777756761868734,90014.36502428868,11791881.818181816,131.0,5287.0
2025-11-18,e-영업4,전체,2.5023169601482853,108631.7845117845,14665290.909090908,135.0,5395.0
2025-11-19,e-영업4,전체,2.5577742876374243,102453.18979266347,11679663.636363635,114.0,4457.0
2025-11-20,e-영업4,전체,2.1121251629726205,108120.20202020202,8757736.363636363,81.0,3835.0
2025-11-21,e-영업4,전체,2.669838752312979,84932.85328532853,8578218.181818182,101.0,3783.0
2025-11-22,e-영업4,전체,4.243686539963551,116106.24651422196,18925318.18181818,163.0,3841.0
2025-11-23,e-영업4,전체,3.9982895018174043,166248.32280019444,31088436.36363636,187.0,4677.0
2025-11-24,e-영업4,전체,2.470152326060107,78394.77272727272,9407372.727272727,120.0,4858.0
2025-11-25,e-영업4,전체,3.0133281823449876,101374.18414918415,15814372.727272727,156.0,5177.0
2025-11-26,e-영업4,전체,3.0111602442619496,80386.93579148123,11495331.818181816,143.0,4749.0
2025-11-27,e-영업4,전체,2.912405513561583,96324.08049965302,12618454.545454545,131.0,4498.0
2025-11-28,e-영업4,전체,1.7907634307257305,60448.92344497608,4594118.181818182,76.0,4244.0
2025-11-29,e-영업4,전체,2.717825739408473,96055.43672014259,9797654.545454545,102.0,3753.0
2025-11-30,e-영업4,전체,3.4125379170879677,87918.04713804714,11868936.363636363,135.0,3956.0
2025-12-01,e-영업4,전체,2.990867579908676,142841.56835530882,18712245.454545453,131.0,4380.0
2025-12-02,e-영업4,전체,3.3418426549083313,62318.62373737374,8973881.818181818,144.0,4309.0
2025-12-03,e-영업4,전체,2.5016458196181697,101427.35247208932,11562718.181818182,114.0,4557.0
2025-12-04,e-영업4,전체,2.6508875739644973,89384.00974025973,10011009.09090909,112.0,4225.0
2025-12-05,e-영업4,전체,1.674318120442884,106679.76539589443,6614145.454545454,62.0,3703.0
2025-12-06,e-영업4,전체,2.774784482758621,100568.22594880847,10358527.272727272,103.0,3712.0
2025-12-07,e-영업4,전체,3.3470648815653967,115470.41958041958,15011154.545454545,130.0,3884.0
2025-12-08,e-영업4,전체,2.568759730150493,101968.13590449953,10094845.454545453,99.0,3854.0
2025-12-09,e-영업4,전체,2.4102435350238514,68775.85227272726,6602481.818181817,96.0,3983.0
2025-12-10,e-영업4,전체,2.326757713707638,97453.45849802371,8965718.181818182,92.0,3954.0
2025-12-11,e-영업4,전체,2.2288261515601784,125717.37373737372,11314563.636363635,90.0,4038.0
2025-12-12,e-영업4,전체,1.608187134502924,150091.0468319559,9906009.09090909,66.0,4104.0
2025-12-13,e-영업4,전체,2.0854526958290944,95568.9578713969,7836654.545454545,82.0,3932.0
2025-12-14,e-영업4,전체,2.7586206896551726,112862.69592476488,13092072.727272727,116.0,4205.0
2025-12-15,e-영업4,전체,2.5155781213939536,73256.38031693076,7984945.454545454,109.0,4333.0
2025-12-16,e-영업4,전체,1.5897836851707066,106067.06408345752,6470090.909090908,61.0,3837.0
2025-12-17,e-영업4,전체,1.585094549499444,80852.31259968101,4608581.818181817,57.0,3596.0
2025-12-18,e-영업4,전체,1.929260450160772,89920.0,5395200.0,60.0,3110.0
2025-12-19,e-영업4,전체,1.9620456738501126,93490.90909090909,5702945.454545454,61.0,3109.0
2025-12-20,e-영업4,전체,3.1270791749833666,85928.82011605415,8077309.09090909,94.0,3006.0
2025-12-21,e-영업4,전체,3.7526914795447555,126193.29359165423,15395581.818181816,122.0,3251.0
2025-12-22,e-영업4,전체,2.1196283391405344,116556.3511830635,8508613.636363635,73.0,3444.0
2025-12-23,e-영업4,전체,2.4126198577172904,66667.71561771561,5200081.818181817,78.0,3233.0
2025-12-24,e-영업4,전체,2.505368647100931,104602.20779220779,7322154.545454545,70.0,2794.0
2025-12-25,e-영업4,전체,3.5381239714755894,95851.44467935165,12364836.363636363,129.0,3646.0
2025-12-26,e-영업4,전체,3.2586558044806515,101724.07670454544,13020681.818181816,128.0,3928.0
2025-12-27,e-영업4,전체,3.478033472803347,94066.84894053315,12510890.909090908,133.0,3824.0
2025-12-28,e-영업4,전체,3.563989817171951,103113.28217237307,15879445.454545453,154.0,4321.0
2025-12-29,e-영업4,전체,1.2296110414052697,66779.68460111317,3272204.5454545454,49.0,3985.0
2025-12-30,e-영업4,전체,2.5991792065663475,95700.95693779904,9091590.909090908,95.0,3655.0
2025-12-31,e-영업4,전체,1.5037593984962405,81979.45454545454,4098972.727272727,50.0,3325.0
2025-01-01,e-영업4,회원,14.414414414414415,101873.65702479339,17929763.636363637,176.0,1221.0
2025-01-02,e-영업4,회원,12.579113924050633,78126.67238421955,12422140.909090908,159.0,1264.0
2025-01-03,e-영업4,회원,10.091743119266056,113658.60255447032,13752690.909090908,121.0,1199.0
2025-01-04,e-영업4,회원,12.451662799690641,104973.74364765668,16900772.727272727,161.0,1293.0
2025-01-05,e-영업4,회원,14.47084233261339,101117.84260515604,20324686.363636363,201.0,1389.0
2025-01-06,e-영업4,회원,10.10719754977029,67453.20247933884,8903822.727272727,132.0,1306.0
2025-01-07,e-영업4,회원,11.139564660691422,96795.47021943572,16842411.818181816,174.0,1562.0
2025-01-08,e-영업4,회원,13.271604938271606,142108.02114164905,30553224.545454543,215.0,1620.0
2025-01-09,e-영업4,회원,10.592592592592592,101984.17037507947,14583736.363636363,143.0,1350.0
2025-01-10,e-영업4,회원,10.167029774872912,98264.22077922078,13756990.909090908,140.0,1377.0
2025-01-11,e-영업4,회원,12.010981468771448,133307.32467532466,23328781.818181816,175.0,1457.0
2025-01-12,e-영업4,회원,12.522796352583587,103763.45984112973,21375272.727272727,206.0,1645.0
2025-01-13,e-영업4,회원,11.719298245614034,67596.95155144256,11288690.909090908,167.0,1425.0
2025-01-14,e-영업4,회원,12.036336109008328,89589.38250428815,14244711.818181816,159.0,1321.0
2025-01-15,e-영업4,회원,9.25240562546262,95463.73090909091,11932966.363636363,125.0,1351.0
2025-01-16,e-영업4,회원,9.186140209508462,26074.162679425837,2972454.5454545454,114.0,1241.0
2025-01-17,e-영업4,회원,10.423728813559322,50404.73022912047,6199781.818181817,123.0,1180.0
2025-01-18,e-영업4,회원,13.121434392828036,100084.07679277244,16113536.363636361,161.0,1227.0
2025-01-19,e-영업4,회원,13.682678311499272,114308.63152804642,21490022.727272727,188.0,1374.0
2025-01-20,e-영업4,회원,10.75429424943988,77957.95454545453,11225945.454545453,144.0,1339.0
2025-01-21,e-영업4,회원,12.430278884462151,94943.95687645687,14811257.272727272,156.0,1255.0
2025-01-22,e-영업4,회원,10.326566637246248,79041.33644133643,9247836.363636363,117.0,1133.0
2025-01-23,e-영업4,회원,9.768378650553878,89923.05529522024,8722536.363636363,97.0,993.0
2025-01-24,e-영업4,회원,7.919621749408984,76996.20081411126,5158745.454545454,67.0,846.0
2025-01-25,e-영업4,회원,12.428078250863061,76419.69696969696,8253327.2727272725,108.0,869.0
2025-01-26,e-영업4,회원,10.56533827618165,102293.77990430621,11661490.909090908,114.0,1079.0
2025-01-27,e-영업4,회원,10.40235525024534,90511.83533447684,9594254.545454545,106.0,1019.0
2025-01-28,e-영업4,회원,11.483739837398375,90892.59855189058,10270863.636363635,113.0,984.0
2025-01-29,e-영업4,회원,10.152284263959391,92590.45454545453,9259045.454545453,100.0,985.0
2025-01-30,e-영업4,회원,14.119601328903656,82761.39037433155,14069436.363636363,170.0,1204.0
2025-01-31,e-영업4,회원,12.251392203659508,62880.75560802833,9683636.363636363,154.0,1257.0
2025-02-01,e-영업4,회원,14.464168310322156,83514.42148760331,18373172.727272727,220.0,1521.0
2025-02-02,e-영업4,회원,16.353514265831592,84309.01353965183,19812618.18181818,235.0,1437.0
2025-02-03,e-영업4,회원,11.773700305810397,95554.17945690671,14715343.636363635,154.0,1308.0
2025-02-04,e-영업4,회원,11.671469740634006,92710.26936026935,15019063.636363635,162.0,1388.0
2025-02-05,e-영업4,회원,10.497237569060774,70798.35953520164,9416181.818181818,133.0,1267.0
2025-02-06,e-영업4,회원,10.396475770925111,92148.82896764252,10873561.818181816,118.0,1135.0
2025-02-07,e-영업4,회원,11.485870556061988,65177.27272727273,8212336.363636363,126.0,1097.0
2025-02-08,e-영업4,회원,12.168874172185431,107047.06246134816,15735918.18181818,147.0,1208.0
2025-02-09,e-영업4,회원,12.941176470588237,93886.2603305785,16523981.818181816,176.0,1360.0
2025-02-10,e-영업4,회원,12.214983713355048,70699.78787878787,10604968.181818182,150.0,1228.0
2025-02-11,e-영업4,회원,10.657785179017486,91889.84374999999,11761899.999999998,128.0,1201.0
2025-02-12,e-영업4,회원,12.594458438287154,107852.1212121212,16177818.18181818,150.0,1191.0
2025-02-13,e-영업4,회원,12.217194570135746,92066.86868686868,12429027.272727272,135.0,1105.0
2025-02-14,e-영업4,회원,12.703252032520327,65885.74545454545,8235718.181818181,125.0,984.0
2025-02-15,e-영업4,회원,14.236706689536879,80933.81708652792,13435013.636363635,166.0,1166.0
2025-02-16,e-영업4,회원,13.961729270021262,82661.74434702353,16284363.636363635,197.0,1411.0
2025-02-17,e-영업4,회원,11.004784688995215,102448.74835309618,14137927.272727272,138.0,1254.0
2025-02-18,e-영업4,회원,10.612244897959183,80899.58041958041,10516945.454545453,130.0,1225.0
2025-02-19,e-영업4,회원,10.238095238095237,129702.46652572232,16731618.18181818,129.0,1260.0
2025-02-20,e-영업4,회원,12.479338842975206,78994.88260084286,11928227.272727272,151.0,1210.0
2025-02-21,e-영업4,회원,11.239964317573595,89130.66378066377,11230463.636363635,126.0,1121.0
2025-02-22,e-영업4,회원,14.109483423284502,86378.01788375559,15807177.272727272,183.0,1297.0
2025-02-23,e-영업4,회원,14.898989898989898,88348.844375963,20850327.27272727,236.0,1584.0
2025-02-24,e-영업4,회원,12.872023809523808,92924.82921702575,16075995.454545453,173.0,1344.0
2025-02-25,e-영업4,회원,12.961567445365485,75372.93868921776,12964145.454545453,172.0,1327.0
2025-02-26,e-영업4,회원,7.856093979441997,61722.51486830926,6604309.090909091,107.0,1362.0
2025-02-27,e-영업4,회원,10.761154855643044,86226.90317812268,10605909.09090909,123.0,1143.0
2025-02-28,e-영업4,회원,9.026548672566372,92585.11586452762,9443681.818181816,102.0,1130.0
2025-03-01,e-영업4,회원,13.948170731707318,95000.49677098855,17385090.909090906,183.0,1312.0
2025-03-02,e-영업4,회원,13.72937293729373,118657.16783216782,24680690.909090906,208.0,1515.0
2025-03-03,e-영업4,회원,13.849908480780964,90558.43011613935,20556763.636363633,227.0,1639.0
2025-03-04,e-영업4,회원,12.673130193905818,91500.39741679086,16744572.727272727,183.0,1444.0
2025-03-05,e-영업4,회원,14.314247669773636,88436.30021141648,19013804.545454543,215.0,1502.0
2025-03-06,e-영업4,회원,13.117996044825315,106453.44906349931,21184236.363636363,199.0,1517.0
2025-03-07,e-영업4,회원,9.71107544141252,100229.52667167543,12127772.727272727,121.0,1246.0
2025-03-08,e-영업4,회원,13.517441860465116,79943.03519061583,14869404.545454545,186.0,1376.0
2025-03-09,e-영업4,회원,14.361702127659576,84029.33501683502,18150336.363636363,216.0,1504.0
2025-03-10,e-영업4,회원,11.748251748251748,76819.75108225108,12905718.181818182,168.0,1430.0
2025-03-11,e-영업4,회원,10.68313953488372,76999.0723562152,11318863.636363635,147.0,1376.0
2025-03-12,e-영업4,회원,10.655147588192944,63496.13022113021,9397427.272727272,148.0,1389.0
2025-03-13,e-영업4,회원,9.782608695652174,98097.47474747473,12360281.818181816,126.0,1288.0
2025-03-14,e-영업4,회원,7.517619420516837,114373.62689393939,10979868.181818182,96.0,1277.0
2025-03-15,e-영업4,회원,14.186046511627906,96795.28067560855,17713536.363636363,183.0,1290.0
2025-03-16,e-영업4,회원,13.030303030303031,88928.71035940803,19119672.727272727,215.0,1650.0
2025-03-17,e-영업4,회원,13.708019191226867,81099.5909090909,16219918.18181818,200.0,1459.0
2025-03-18,e-영업4,회원,10.60711793440335,116297.30861244017,17677190.909090906,152.0,1433.0
2025-03-19,e-영업4,회원,12.352941176470589,85138.20346320345,14303218.18181818,168.0,1360.0
2025-03-20,e-영업4,회원,12.48945147679325,64393.18181818181,9530190.909090908,148.0,1185.0
2025-03-21,e-영업4,회원,11.09200343938091,79785.62367864692,10292345.454545453,129.0,1163.0
2025-03-22,e-영업4,회원,12.572254335260116,113018.07732497387,19665145.454545453,174.0,1384.0
2025-03-23,e-영업4,회원,14.600377595972311,92208.75783699058,21392431.818181816,232.0,1589.0
2025-03-24,e-영업4,회원,12.527964205816556,93001.21753246753,15624204.545454545,168.0,1341.0
2025-03-25,e-영업4,회원,10.459363957597173,67847.60442260442,10041445.454545453,148.0,1415.0
2025-03-26,e-영업4,회원,12.462235649546828,61202.14876033057,10098354.545454545,165.0,1324.0
2025-03-27,e-영업4,회원,10.174880763116057,140122.8693181818,17935727.27272727,128.0,1258.0
2025-03-28,e-영업4,회원,8.831908831908832,66870.86999022482,6218990.909090908,93.0,1053.0
2025-03-29,e-영업4,회원,11.823035850495804,91869.67741935483,14239799.999999998,155.0,1311.0
2025-03-30,e-영업4,회원,13.725490196078432,91184.329004329,19148709.09090909,210.0,1530.0
2025-03-31,e-영업4,회원,10.36682615629984,77223.91608391608,10039109.09090909,130.0,1254.0
2025-04-01,e-영업4,회원,11.24729632299928,87838.84032634032,13702859.09090909,156.0,1387.0
2025-04-02,e-영업4,회원,12.449474535165724,86551.00354191264,13328854.545454545,154.0,1237.0
2025-04-03,e-영업4,회원,9.591474245115453,87911.23737373736,9494413.636363635,108.0,1126.0
2025-04-04,e-영업4,회원,13.195691202872531,85591.09461966604,12581890.909090908,147.0,1114.0
2025-04-05,e-영업4,회원,11.45440844009043,76674.58133971291,11654536.363636363,152.0,1327.0
2025-04-06,e-영업4,회원,12.46719160104987,84237.24880382775,16005077.272727272,190.0,1524.0
2025-04-07,e-영업4,회원,10.582444626743232,76495.66596194502,9867940.909090908,129.0,1219.0
2025-04-08,e-영업4,회원,12.690355329949238,99309.79220779221,17379213.636363637,175.0,1379.0
2025-04-09,e-영업4,회원,12.455003599712024,84354.5980031529,14593345.454545453,173.0,1389.0
2025-04-10,e-영업4,회원,10.08668242710796,82915.234375,10613150.0,128.0,1269.0
2025-04-11,e-영업4,회원,9.691252144082332,56327.996781979076,6365063.636363636,113.0,1166.0
2025-04-12,e-영업4,회원,13.345410628019325,90155.01851090086,19924259.09090909,221.0,1656.0
2025-04-13,e-영업4,회원,14.15525114155251,98216.58724340175,24357713.636363633,248.0,1752.0
2025-04-14,e-영업4,회원,9.071580439404677,76749.64488636363,9823954.545454545,128.0,1411.0
2025-04-15,e-영업4,회원,8.970358814352576,94078.02371541501,10818972.727272727,115.0,1282.0
2025-04-16,e-영업4,회원,10.43956043956044,75361.92754613807,10023136.363636363,133.0,1274.0
2025-04-17,e-영업4,회원,9.000762776506484,92546.84129429891,10920527.272727272,118.0,1311.0
2025-04-18,e-영업4,회원,11.390532544378699,87729.63400236127,13510363.636363635,154.0,1352.0
2025-04-19,e-영업4,회원,13.305978898007034,82914.28914697637,18821543.636363637,227.0,1706.0
2025-04-20,e-영업4,회원,14.580113343637299,83137.26309026661,23527845.454545453,283.0,1941.0
2025-04-21,e-영업4,회원,10.812461820403177,82708.57729840779,14639418.18181818,177.0,1637.0
2025-04-22,e-영업4,회원,8.968926553672317,51271.61775232641,6511495.454545454,127.0,1416.0
2025-04-23,e-영업4,회원,11.474219317356573,92166.49021864211,14562305.454545453,158.0,1377.0
2025-04-24,e-영업4,회원,9.010339734121123,79212.70491803279,9663950.0,122.0,1354.0
2025-04-25,e-영업4,회원,9.385665529010238,93469.62809917354,10281659.09090909,110.0,1172.0
2025-04-26,e-영업4,회원,11.088295687885012,93244.70258136923,15105641.818181816,162.0,1461.0
2025-04-27,e-영업4,회원,12.237330037082819,79067.68595041322,15655401.818181816,198.0,1618.0
2025-04-28,e-영업4,회원,9.427121102248005,83198.79720279718,10815843.636363635,130.0,1379.0
2025-04-29,e-영업4,회원,9.9002849002849,85049.8561151079,11821929.999999998,139.0,1404.0
2025-04-30,e-영업4,회원,9.699248120300751,87202.52290345312,11249125.454545453,129.0,1330.0
2025-05-01,e-영업4,회원,13.274336283185843,84292.9264069264,17701514.545454543,210.0,1582.0
2025-05-02,e-영업4,회원,10.21377672209026,79847.85059901339,10300372.727272727,129.0,1263.0
2025-05-03,e-영업4,회원,11.441647597254006,85846.24242424242,12876936.363636363,150.0,1311.0
2025-05-04,e-영업4,회원,11.238532110091743,95378.91156462584,14020699.999999998,147.0,1308.0
2025-05-05,e-영업4,회원,13.841059602649006,118068.26011309265,24676266.363636363,209.0,1510.0
2025-05-06,e-영업4,회원,16.4079822616408,94306.39434889435,27914692.727272727,296.0,1804.0
2025-05-07,e-영업4,회원,6.529209621993128,69557.41626794258,6607954.545454545,95.0,1455.0
2025-05-08,e-영업4,회원,10.270700636942676,79203.31219168428,10217227.272727272,129.0,1256.0
2025-05-09,e-영업4,회원,8.657243816254418,77271.98515769944,7572654.545454545,98.0,1132.0
2025-05-10,e-영업4,회원,12.755102040816327,94032.15584415584,16455627.272727272,175.0,1372.0
2025-05-11,e-영업4,회원,12.861271676300579,71641.7262512768,12752227.272727272,178.0,1384.0
2025-05-12,e-영업4,회원,8.921933085501859,94504.37878787877,11340525.454545453,120.0,1345.0
2025-05-13,e-영업4,회원,9.955423476968797,79343.96200814111,10632090.909090908,134.0,1346.0
2025-05-14,e-영업4,회원,10.262725779967159,88731.2,11091400.0,125.0,1218.0
2025-05-15,e-영업4,회원,11.80327868852459,89599.74747474746,12902363.636363635,144.0,1220.0
2025-05-16,e-영업4,회원,9.578544061302683,126541.0909090909,12654109.09090909,100.0,1044.0
2025-05-17,e-영업4,회원,9.052808046940486,114877.94612794612,12406818.181818182,108.0,1193.0
2025-05-18,e-영업4,회원,13.298271975957926,133404.36569080636,23612572.727272727,177.0,1331.0
2025-05-19,e-영업4,회원,9.402460456942004,45389.43925233645,4856670.0,107.0,1138.0
2025-05-20,e-영업4,회원,9.362549800796813,60527.80464216634,5689613.636363636,94.0,1004.0
2025-05-21,e-영업4,회원,10.823311748381128,90988.11188811187,10645609.09090909,117.0,1081.0
2025-05-22,e-영업4,회원,10.72463768115942,71983.04668304668,7990118.181818181,111.0,1035.0
2025-05-23,e-영업4,회원,9.313725490196079,72003.06220095693,6840290.909090908,95.0,1020.0
2025-05-24,e-영업4,회원,11.481156879929886,108453.2963219986,14207381.818181816,131.0,1141.0
2025-05-25,e-영업4,회원,13.734939759036143,73807.50664540137,12621083.636363635,171.0,1245.0
2025-05-26,e-영업4,회원,,77329.9235344095,8274301.818181817,107.0,0.0
2025-05-27,e-영업4,회원,11.044776119402986,58907.28910728911,6538709.090909091,111.0,1005.0
2025-05-28,e-영업4,회원,11.260330578512397,64644.99582985821,7046304.545454545,109.0,968.0
2025-05-29,e-영업4,회원,10.932475884244374,79693.00356506239,8128686.363636363,102.0,933.0
2025-05-30,e-영업4,회원,11.832946635730858,86710.07130124776,8844427.272727272,102.0,862.0
2025-05-31,e-영업4,회원,13.339382940108893,93784.91032776746,13786381.818181816,147.0,1102.0
2025-06-01,e-영업4,회원,10.9104589917231,79413.85579937304,11515009.09090909,145.0,1329.0
2025-06-02,e-영업4,회원,11.130284728213978,110813.10782241014,14294890.909090908,129.0,1159.0
2025-06-03,e-영업4,회원,16.802721088435373,101954.77364740522,25182829.09090909,247.0,1470.0
2025-06-04,e-영업4,회원,15.09433962264151,169124.55533596835,31118918.18181818,184.0,1219.0
2025-06-05,e-영업4,회원,12.036108324974924,99053.71212121211,11886445.454545453,120.0,997.0
2025-06-06,e-영업4,회원,12.98811544991511,103904.75341651811,15897427.272727272,153.0,1178.0
2025-06-07,e-영업4,회원,14.434643143544507,95874.94949494948,17257490.909090906,180.0,1247.0
2025-06-08,e-영업4,회원,14.031339031339032,75351.63820950623,14844272.727272727,197.0,1404.0
2025-06-09,e-영업4,회원,10.288808664259928,111721.92982456139,12736299.999999998,114.0,1108.0
2025-06-10,e-영업4,회원,11.448140900195694,98226.96192696193,11492554.545454545,117.0,1022.0
2025-06-11,e-영업4,회원,11.39240506329114,72803.5742035742,8518018.181818182,117.0,1027.0
2025-06-12,e-영업4,회원,12.174817898022892,82037.07847707848,9598338.181818182,117.0,961.0
2025-06-13,e-영업4,회원,10.92436974789916,146889.5104895105,15276509.09090909,104.0,952.0
2025-06-14,e-영업4,회원,14.683301343570058,74155.6743909685,11345818.181818182,153.0,1042.0
2025-06-15,e-영업4,회원,14.201680672268907,70310.23130715438,11882429.09090909,169.0,1190.0
2025-06-16,e-영업4,회원,13.873873873873874,56204.98819362456,8655568.181818182,154.0,1110.0
2025-06-17,e-영업4,회원,13.366834170854272,84793.0963773069,11277481.818181816,133.0,995.0
2025-06-18,e-영업4,회원,15.708502024291498,84492.2680412371,16391499.999999998,194.0,1235.0
2025-06-19,e-영업4,회원,16.34208298052498,79778.28544512481,15397209.09090909,193.0,1181.0
2025-06-20,e-영업4,회원,12.313803376365442,80757.99120234603,10013990.909090908,124.0,1007.0
2025-06-21,e-영업4,회원,15.49067315490673,90468.58638743455,17279500.0,191.0,1233.0
2025-06-22,e-영업4,회원,16.70362158167036,80732.04746580853,18245442.727272727,226.0,1353.0
2025-06-23,e-영업4,회원,11.222780569514237,69391.88602442334,9298512.727272727,134.0,1194.0
2025-06-24,e-영업4,회원,10.174152153987167,88071.94922194922,9775986.363636363,111.0,1091.0
2025-06-25,e-영업4,회원,12.511671335200747,81189.72184531885,10879422.727272727,134.0,1071.0
2025-06-26,e-영업4,회원,16.194690265486724,74478.44013909588,13629554.545454545,183.0,1130.0
2025-06-27,e-영업4,회원,13.169845594913715,101438.3699059561,14708563.636363635,145.0,1101.0
2025-06-28,e-영업4,회원,18.344709897610922,106195.77167019027,22832090.909090906,215.0,1172.0
2025-06-29,e-영업4,회원,17.280453257790366,83902.16095380028,20472127.27272727,244.0,1412.0
2025-06-30,e-영업4,회원,13.518052057094879,78150.33879164314,12582204.545454545,161.0,1191.0
2025-07-01,e-영업4,회원,14.528023598820058,76628.88786340563,15095890.909090908,197.0,1356.0
2025-07-02,e-영업4,회원,11.993382961124896,74774.35736677115,10842281.818181816,145.0,1209.0
2025-07-03,e-영업4,회원,12.065972222222223,77943.36167429692,10834127.272727272,139.0,1152.0
2025-07-04,e-영업4,회원,13.229571984435799,66202.94117647059,9003600.0,136.0,1028.0
2025-07-05,e-영업4,회원,16.757599376461418,74757.16701902747,16072790.909090908,215.0,1283.0
2025-07-06,e-영업4,회원,17.310344827586206,83198.08040565012,20882718.18181818,251.0,1450.0
2025-07-07,e-영업4,회원,11.863057324840764,80138.88956680903,11940694.545454545,149.0,1256.0
2025-07-08,e-영업4,회원,15.419354838709678,139112.81856219092,33247963.636363633,239.0,1550.0
2025-07-09,e-영업4,회원,15.57632398753894,80386.30909090908,20096577.27272727,250.0,1605.0
2025-07-10,e-영업4,회원,14.429289303661164,100611.19402985074,20222850.0,201.0,1393.0
2025-07-11,e-영업4,회원,12.459807073954984,59426.80351906158,9211154.545454545,155.0,1244.0
2025-07-12,e-영업4,회원,15.485362095531588,77486.45409317051,15574777.272727272,201.0,1298.0
2025-07-13,e-영업4,회원,14.824447334200261,70535.90510366825,16082186.363636361,228.0,1538.0
2025-07-14,e-영업4,회원,11.572942135289324,87036.87580025608,12359236.363636363,142.0,1227.0
2025-07-15,e-영업4,회원,10.368663594470046,66006.734006734,8910909.09090909,135.0,1302.0
2025-07-16,e-영업4,회원,15.317460317460318,72686.8582195007,14028563.636363635,193.0,1260.0
2025-07-17,e-영업4,회원,12.626728110599078,63993.96151293961,8767172.727272727,137.0,1085.0
2025-07-18,e-영업4,회원,13.064833005893908,62466.50717703349,8308045.454545454,133.0,1018.0
2025-07-19,e-영업4,회원,14.743049705139006,76689.45454545454,13420654.545454545,175.0,1187.0
2025-07-20,e-영업4,회원,16.046511627906977,74444.04918752745,15409918.18181818,207.0,1290.0
2025-07-21,e-영업4,회원,14.996637525218562,65280.35059111291,14557518.18181818,223.0,1487.0
2025-07-22,e-영업4,회원,14.669738863287252,60981.5801999048,11647481.818181816,191.0,1302.0
2025-07-23,e-영업4,회원,13.711583924349883,69337.72204806686,12064763.636363635,174.0,1269.0
2025-07-24,e-영업4,회원,13.660245183887914,74091.95804195803,11558345.454545453,156.0,1142.0
2025-07-25,e-영업4,회원,14.74694589877836,76904.46476600322,12996854.545454545,169.0,1146.0
2025-07-26,e-영업4,회원,17.81609195402299,69112.86133221617,14997490.909090908,217.0,1218.0
2025-07-27,e-영업4,회원,17.267552182163186,68989.57708957708,18834154.545454543,273.0,1581.0
2025-07-28,e-영업4,회원,10.869565217391305,51812.077922077915,7253690.909090908,140.0,1288.0
2025-07-29,e-영업4,회원,9.621993127147768,58478.47402597403,6549589.090909091,112.0,1164.0
2025-07-30,e-영업4,회원,10.865561694290976,52476.27118644067,6192199.999999999,118.0,1086.0
2025-07-31,e-영업4,회원,10.717703349282298,64092.53246753246,7178363.636363636,112.0,1045.0
2025-08-01,e-영업4,회원,15.117466802860061,78736.67076167076,11653027.272727272,148.0,979.0
2025-08-02,e-영업4,회원,18.68823000898473,80179.67657342656,16677372.727272727,208.0,1113.0
2025-08-03,e-영업4,회원,16.124031007751938,71724.78146853147,14918754.545454545,208.0,1290.0
2025-08-04,e-영업4,회원,11.702986279257466,58810.72100313479,8527554.545454545,145.0,1239.0
2025-08-05,e-영업4,회원,16.048387096774196,81767.61078117862,16271754.545454545,199.0,1240.0
2025-08-06,e-영업4,회원,14.638157894736842,76544.63738508681,13624945.454545453,178.0,1216.0
2025-08-07,e-영업4,회원,10.901960784313726,98366.77567037278,13672981.818181816,139.0,1275.0
2025-08-08,e-영업4,회원,15.097540288379982,73622.72727272726,13104845.454545453,178.0,1179.0
2025-08-09,e-영업4,회원,17.881292261457553,68145.23300229182,16218565.454545453,238.0,1331.0
2025-08-10,e-영업4,회원,17.647058823529413,70916.21900826445,18721881.818181816,264.0,1496.0
2025-08-11,e-영업4,회원,12.114014251781473,54031.46167557932,8266813.636363636,153.0,1263.0
2025-08-12,e-영업4,회원,10.172272354388843,82797.10410557184,10266840.909090908,124.0,1219.0
2025-08-13,e-영업4,회원,12.364620938628159,71035.00331785002,9731795.454545453,137.0,1108.0
2025-08-14,e-영업4,회원,9.808102345415778,56497.52964426877,5197772.727272727,92.0,938.0
2025-08-15,e-영업4,회원,12.761904761904763,75229.44369063771,10080745.454545453,134.0,1050.0
2025-08-16,e-영업4,회원,16.75,76425.68973315241,15361563.636363635,201.0,1200.0
2025-08-17,e-영업4,회원,16.449885233358838,89221.71670190274,19182669.09090909,215.0,1307.0
2025-08-18,e-영업4,회원,12.116182572614107,73007.53424657535,10659100.0,146.0,1205.0
2025-08-19,e-영업4,회원,7.149240393208221,79393.74999999999,6351499.999999999,80.0,1119.0
2025-08-20,e-영업4,회원,10.904007455731593,76819.58041958041,8987890.909090908,117.0,1073.0
2025-08-21,e-영업4,회원,12.086776859504132,85143.74514374514,9961818.181818182,117.0,968.0
2025-08-22,e-영업4,회원,12.02928870292887,68928.3794466403,7926763.636363636,115.0,956.0
2025-08-23,e-영업4,회원,14.480077745383868,68108.43197071385,10148156.363636363,149.0,1029.0
2025-08-24,e-영업4,회원,16.53027823240589,74322.56975697569,15013159.09090909,202.0,1222.0
2025-08-25,e-영업4,회원,12.717770034843207,56343.83561643835,8226199.999999999,146.0,1148.0
2025-08-26,e-영업4,회원,10.76923076923077,83774.35064935064,9382727.272727272,112.0,1040.0
2025-08-27,e-영업4,회원,10.10204081632653,77122.86501377409,7635163.636363636,99.0,980.0
2025-08-28,e-영업4,회원,11.962224554039874,67699.68102073365,7717763.636363636,114.0,953.0
2025-08-29,e-영업4,회원,13.715953307392997,60001.09606705351,8460154.545454545,141.0,1028.0
2025-08-30,e-영업4,회원,14.853358561967834,87266.53155761435,13700845.454545453,157.0,1057.0
2025-08-31,e-영업4,회원,16.918189038919778,79779.00128040972,16992927.27272727,213.0,1259.0
2025-09-01,e-영업4,회원,17.82178217821782,79117.13286713287,18513409.09090909,234.0,1313.0
2025-09-02,e-영업4,회원,15.311004784688995,77364.77272727272,14854036.363636363,192.0,1254.0
2025-09-03,e-영업4,회원,16.735028712059062,88434.3137254902,18040600.0,204.0,1219.0
2025-09-04,e-영업4,회원,14.646904969485613,71759.19913419912,12055545.454545453,168.0,1147.0
2025-09-05,e-영업4,회원,12.974976830398516,79789.35064935064,11170509.09090909,140.0,1079.0
2025-09-06,e-영업4,회원,13.36996336996337,81548.50560398505,11906081.818181816,146.0,1092.0
2025-09-07,e-영업4,회원,16.39597834493426,80801.67238421955,17129954.545454543,212.0,1293.0
2025-09-08,e-영업4,회원,8.970976253298153,82905.16934046344,8456327.272727272,102.0,1137.0
2025-09-09,e-영업4,회원,9.98185117967332,104571.65289256196,11502881.818181816,110.0,1102.0
2025-09-10,e-영업4,회원,10.12909632571996,103389.8395721925,10545763.636363635,102.0,1007.0
2025-09-11,e-영업4,회원,10.608856088560886,101262.05533596838,11645136.363636363,115.0,1084.0
2025-09-12,e-영업4,회원,12.438785504407443,82781.38869005011,10513236.363636363,127.0,1021.0
2025-09-13,e-영업4,회원,13.094245204336946,114469.36884771277,17971690.909090906,157.0,1199.0
2025-09-14,e-영업4,회원,15.849056603773585,102002.68398268397,21420563.636363633,210.0,1325.0
2025-09-15,e-영업4,회원,11.388196176226101,110882.01725282017,15190836.363636363,137.0,1203.0
2025-09-16,e-영업4,회원,9.330985915492958,81407.11835334476,8629154.545454545,106.0,1136.0
2025-09-17,e-영업4,회원,13.292788879235449,88895.95959595959,13601081.818181816,153.0,1151.0
2025-09-18,e-영업4,회원,12.190812720848058,100713.57048748352,13898472.727272727,138.0,1132.0
2025-09-19,e-영업4,회원,11.616954474097332,79555.55282555282,11774221.818181816,148.0,1274.0
2025-09-20,e-영업4,회원,13.62962962962963,100507.16403162054,18493318.18181818,184.0,1350.0
2025-09-21,e-영업4,회원,15.979043876882775,96612.01937406855,23573332.727272727,244.0,1527.0
2025-09-22,e-영업4,회원,12.153038259564891,100857.0707070707,16338845.454545453,162.0,1333.0
2025-09-23,e-영업4,회원,11.171875,65386.43356643357,9350260.0,143.0,1280.0
2025-09-24,e-영업4,회원,10.998552821997105,73123.62440191387,11114790.909090908,152.0,1382.0
2025-09-25,e-영업4,회원,13.161875945537066,98562.74817136885,17149918.18181818,174.0,1322.0
2025-09-26,e-영업4,회원,12.299915754001685,87787.17310087172,12816927.272727272,146.0,1187.0
2025-09-27,e-영업4,회원,12.296416938110749,122739.65081276337,18533687.27272727,151.0,1228.0
2025-09-28,e-영업4,회원,14.534494306764904,86214.29409300376,18708501.818181816,217.0,1493.0
2025-09-29,e-영업4,회원,5.08209538702111,40483.580419580416,2631432.727272727,65.0,1279.0
2025-09-30,e-영업4,회원,9.099181073703367,124063.87272727271,12406387.272727272,100.0,1099.0
2025-10-01,e-영업4,회원,7.441860465116279,46962.61363636363,3757009.090909091,80.0,1075.0
2025-10-02,e-영업4,회원,9.109518935516888,80169.56077630234,7135090.909090908,89.0,977.0
2025-10-03,e-영업4,회원,10.148731408573928,83963.24451410658,9739736.363636363,116.0,1143.0
2025-10-04,e-영업4,회원,7.865168539325842,105997.61904761905,8903800.0,84.0,1068.0
2025-10-05,e-영업4,회원,10.651499482936918,122493.64518976168,12616845.454545453,103.0,967.0
2025-10-06,e-영업4,회원,9.443339960238568,103737.8947368421,9855100.0,95.0,1006.0
2025-10-07,e-영업4,회원,12.947882736156352,102098.34190966265,16233636.363636361,159.0,1228.0
2025-10-08,e-영업4,회원,11.347517730496454,89863.00505050505,12940272.727272727,144.0,1269.0
2025-10-09,e-영업4,회원,13.087674714104194,95471.84466019417,19667200.0,206.0,1574.0
2025-10-10,e-영업4,회원,7.4074074074074066,85038.23051948051,9524281.818181816,112.0,1512.0
2025-10-11,e-영업4,회원,11.441798941798941,90871.91802417235,15720841.818181816,173.0,1512.0
2025-10-12,e-영업4,회원,13.1175468483816,85648.70523415977,19784850.909090906,231.0,1761.0
2025-10-13,e-영업4,회원,11.13084665482534,101370.1160541586,19057581.818181816,188.0,1689.0
2025-10-14,e-영업4,회원,8.631578947368421,79529.63784183296,9782145.454545453,123.0,1425.0
2025-10-15,e-영업4,회원,9.29889298892989,79476.47907647907,10014036.363636363,126.0,1355.0
2025-10-16,e-영업4,회원,9.608277900960829,93069.44055944055,12099027.272727272,130.0,1353.0
2025-10-17,e-영업4,회원,9.069212410501192,84375.03987240829,9618754.545454545,114.0,1257.0
2025-10-18,e-영업4,회원,13.351134846461948,120589.13636363635,24117827.27272727,200.0,1498.0
2025-10-19,e-영업4,회원,13.360800470865215,98608.61033239886,22384154.545454543,227.0,1699.0
2025-10-20,e-영업4,회원,13.325867861142218,103247.39495798318,24572879.999999996,238.0,1786.0
2025-10-21,e-영업4,회원,11.150029188558085,59534.459781056634,11371081.818181816,191.0,1713.0
2025-10-22,e-영업4,회원,11.76470588235294,92045.50189393939,17672736.363636363,192.0,1632.0
2025-10-23,e-영업4,회원,9.546061415220294,85381.24602670057,12209518.181818182,143.0,1498.0
2025-10-24,e-영업4,회원,9.702009702009702,135070.12987012987,18909818.18181818,140.0,1443.0
2025-10-25,e-영업4,회원,12.063056888279643,106331.0950413223,18714272.727272727,176.0,1459.0
2025-10-26,e-영업4,회원,14.857142857142858,93173.25174825174,24225045.454545453,260.0,1750.0
2025-10-27,e-영업4,회원,10.767590618336886,115466.69666966697,23324272.727272727,202.0,1876.0
2025-10-28,e-영업4,회원,11.87089715536105,86903.30959363216,18858018.18181818,217.0,1828.0
2025-10-29,e-영업4,회원,10.925925925925926,82676.4252696456,14633727.272727272,177.0,1620.0
2025-10-30,e-영업4,회원,11.867835468644639,95340.59917355371,16779945.454545453,176.0,1483.0
2025-10-31,e-영업4,회원,10.089686098654708,76908.01346801345,10382581.818181816,135.0,1338.0
2025-11-01,e-영업4,회원,14.285714285714285,95809.85556499574,20503309.09090909,214.0,1498.0
2025-11-02,e-영업4,회원,15.862068965517242,91430.00912131347,27337572.727272727,299.0,1885.0
2025-11-03,e-영업4,회원,10.505166475315729,84107.65027322403,15391699.999999998,183.0,1742.0
2025-11-04,e-영업4,회원,6.8484464172479385,68723.73737373737,7422163.636363636,108.0,1577.0
2025-11-05,e-영업4,회원,7.756813417190776,85180.67158067158,9455054.545454545,111.0,1431.0
2025-11-06,e-영업4,회원,7.051282051282051,107806.20752984389,10672814.545454545,99.0,1404.0
2025-11-07,e-영업4,회원,6.605351170568562,116804.9482163406,9227590.909090908,79.0,1196.0
2025-11-08,e-영업4,회원,10.388580491673276,95123.17834836918,12461136.363636363,131.0,1261.0
2025-11-09,e-영업4,회원,12.45836109260493,76235.09965969858,14255963.636363635,187.0,1501.0
2025-11-10,e-영업4,회원,7.7656675749318795,99715.62998405102,11367581.818181816,114.0,1468.0
2025-11-11,e-영업4,회원,9.899569583931134,121278.39262187087,16736418.18181818,138.0,1394.0
2025-11-12,e-영업4,회원,9.882869692532942,89234.41077441076,12046645.454545453,135.0,1366.0
2025-11-13,e-영업4,회원,11.261980830670927,96817.21470019342,13651227.272727272,141.0,1252.0
2025-11-14,e-영업4,회원,9.777424483306836,129432.88987435328,15920245.454545453,123.0,1258.0
2025-11-15,e-영업4,회원,13.403614457831326,143572.21654749743,25555854.545454543,178.0,1328.0
2025-11-16,e-영업4,회원,12.72957568081064,112809.72410673901,22674754.545454543,201.0,1579.0
2025-11-17,e-영업4,회원,8.349267049075843,90014.36502428868,11791881.818181816,131.0,1569.0
2025-11-18,e-영업4,회원,8.899143045484509,108631.7845117845,14665290.909090908,135.0,1517.0
2025-11-19,e-영업4,회원,9.476309226932669,102453.18979266347,11679663.636363635,114.0,1203.0
2025-11-20,e-영업4,회원,7.548928238583411,108120.20202020202,8757736.363636363,81.0,1073.0
2025-11-21,e-영업4,회원,9.283088235294118,84932.85328532853,8578218.181818182,101.0,1088.0
2025-11-22,e-영업4,회원,13.371616078753076,116106.24651422196,18925318.18181818,163.0,1219.0
2025-11-23,e-영업4,회원,13.196894848270995,166248.32280019444,31088436.36363636,187.0,1417.0
2025-11-24,e-영업4,회원,8.553100498930863,78394.77272727272,9407372.727272727,120.0,1403.0
2025-11-25,e-영업4,회원,11.312545322697606,101374.18414918415,15814372.727272727,156.0,1379.0
2025-11-26,e-영업4,회원,10.974673829623944,80386.93579148123,11495331.818181816,143.0,1303.0
2025-11-27,e-영업4,회원,10.0846805234796,96324.08049965302,12618454.545454545,131.0,1299.0
2025-11-28,e-영업4,회원,6.5743944636678195,60448.92344497608,4594118.181818182,76.0,1156.0
2025-11-29,e-영업4,회원,9.532710280373832,96055.43672014259,9797654.545454545,102.0,1070.0
2025-11-30,e-영업4,회원,11.259382819015846,87918.04713804714,11868936.363636363,135.0,1199.0
2025-12-01,e-영업4,회원,10.210444271239282,142841.56835530882,18712245.454545453,131.0,1283.0
2025-12-02,e-영업4,회원,11.410459587955627,62318.62373737374,8973881.818181818,144.0,1262.0
2025-12-03,e-영업4,회원,9.069212410501192,101427.35247208932,11562718.181818182,114.0,1257.0
2025-12-04,e-영업4,회원,9.294605809128631,89384.00974025973,10011009.09090909,112.0,1205.0
2025-12-05,e-영업4,회원,6.212424849699398,106679.76539589443,6614145.454545454,62.0,998.0
2025-12-06,e-영업4,회원,10.258964143426295,100568.22594880847,10358527.272727272,103.0,1004.0
2025-12-07,e-영업4,회원,11.284722222222223,115470.41958041958,15011154.545454545,130.0,1152.0
2025-12-08,e-영업4,회원,8.975521305530371,101968.13590449953,10094845.454545453,99.0,1103.0
2025-12-09,e-영업4,회원,8.946877912395154,68775.85227272726,6602481.818181817,96.0,1073.0
2025-12-10,e-영업4,회원,8.65475070555033,97453.45849802371,8965718.181818182,92.0,1063.0
2025-12-11,e-영업4,회원,8.771929824561402,125717.37373737372,11314563.636363635,90.0,1026.0
2025-12-12,e-영업4,회원,6.470588235294119,150091.0468319559,9906009.09090909,66.0,1020.0
2025-12-13,e-영업4,회원,8.086785009861932,95568.9578713969,7836654.545454545,82.0,1014.0
2025-12-14,e-영업4,회원,10.13986013986014,112862.69592476488,13092072.727272727,116.0,1144.0
2025-12-15,e-영업4,회원,9.810981098109812,73256.38031693076,7984945.454545454,109.0,1111.0
2025-12-16,e-영업4,회원,5.754716981132075,106067.06408345752,6470090.909090908,61.0,1060.0
2025-12-17,e-영업4,회원,6.0,80852.31259968101,4608581.818181817,57.0,950.0
2025-12-18,e-영업4,회원,7.281553398058252,89920.0,5395200.0,60.0,824.0
2025-12-19,e-영업4,회원,7.530864197530865,93490.90909090909,5702945.454545454,61.0,810.0
2025-12-20,e-영업4,회원,11.045828437132785,85928.82011605415,8077309.09090909,94.0,851.0
2025-12-21,e-영업4,회원,12.28600201409869,126193.29359165423,15395581.818181816,122.0,993.0
2025-12-22,e-영업4,회원,7.628004179728317,116556.3511830635,8508613.636363635,73.0,957.0
2025-12-23,e-영업4,회원,8.469055374592834,66667.71561771561,5200081.818181817,78.0,921.0
2025-12-24,e-영업4,회원,8.883248730964468,104602.20779220779,7322154.545454545,70.0,788.0
2025-12-25,e-영업4,회원,12.810327706057597,95851.44467935165,12364836.363636363,129.0,1007.0
2025-12-26,e-영업4,회원,12.225405921680993,101724.07670454544,13020681.818181816,128.0,1047.0
2025-12-27,e-영업4,회원,12.441534144059869,94066.84894053315,12510890.909090908,133.0,1069.0
2025-12-28,e-영업4,회원,12.81198003327787,103113.28217237307,15879445.454545453,154.0,1202.0
2025-12-29,e-영업4,회원,4.711538461538462,66779.68460111317,3272204.5454545454,49.0,1040.0
2025-12-30,e-영업4,회원,10.07423117709438,95700.95693779904,9091590.909090908,95.0,943.0
2025-12-31,e-영업4,회원,6.195786864931847,81979.45454545454,4098972.727272727,50.0,807.0
