날짜,BPU,회원구분,CR,객단가,거래액,구매객수,트래픽
2025-01-01,Total,비회원,0.0,,0.0,0.0,12910.0
2025-01-02,Total,비회원,0.0,,0.0,0.0,13142.0
2025-01-03,Total,비회원,0.0,,0.0,0.0,12739.0
2025-01-04,Total,비회원,0.0,,0.0,0.0,13237.0
2025-01-05,Total,비회원,0.0,,0.0,0.0,14209.0
2025-01-06,Total,비회원,0.0,,0.0,0.0,13947.0
2025-01-07,Total,비회원,0.0,,0.0,0.0,14250.0
2025-01-08,Total,비회원,0.0,,0.0,0.0,14372.0
2025-01-09,Total,비회원,0.0,,0.0,0.0,13436.0
2025-01-10,Total,비회원,0.0,,0.0,0.0,12635.0
2025-01-11,Total,비회원,0.0,,0.0,0.0,13544.0
2025-01-12,Total,비회원,0.0,,0.0,0.0,14908.0
2025-01-13,Total,비회원,0.0,,0.0,0.0,14034.0
2025-01-14,Total,비회원,0.0,,0.0,0.0,13661.0
2025-01-15,Total,비회원,0.0,,0.0,0.0,13386.0
2025-01-16,Total,비회원,0.0,,0.0,0.0,12481.0
2025-01-17,Total,비회원,0.0,,0.0,0.0,11699.0
2025-01-18,Total,비회원,0.0,,0.0,0.0,12487.0
2025-01-19,Total,비회원,0.0,,0.0,0.0,13561.0
2025-01-20,Total,비회원,0.0,,0.0,0.0,12930.0
2025-01-21,Total,비회원,0.0,,0.0,0.0,12441.0
2025-01-22,Total,비회원,0.0,,0.0,0.0,11769.0
2025-01-23,Total,비회원,0.0,,0.0,0.0,10801.0
2025-01-24,Total,비회원,0.0,,0.0,0.0,9438.0
2025-01-25,Total,비회원,0.0,,0.0,0.0,9886.0
2025-01-26,Total,비회원,0.0,,0.0,0.0,10850.0
2025-01-27,Total,비회원,0.0,,0.0,0.0,10741.0
2025-01-28,Total,비회원,0.0,,0.0,0.0,10430.0
2025-01-29,Total,비회원,0.0,,0.0,0.0,10744.0
2025-01-30,Total,비회원,0.0,,0.0,0.0,13030.0
2025-01-31,Total,비회원,0.0,,0.0,0.0,12672.0
2025-02-01,Total,비회원,0.0,,0.0,0.0,13096.0
2025-02-02,Total,비회원,0.0,,0.0,0.0,14550.0
2025-02-03,Total,비회원,0.0,,0.0,0.0,13863.0
2025-02-04,Total,비회원,0.0,,0.0,0.0,13028.0
2025-02-05,Total,비회원,0.0,,0.0,0.0,13293.0
2025-02-06,Total,비회원,0.0,,0.0,0.0,12758.0
2025-02-07,Total,비회원,0.0,,0.0,0.0,11986.0
2025-02-08,Total,비회원,0.0,,0.0,0.0,12588.0
2025-02-09,Total,비회원,0.0,,0.0,0.0,13861.0
2025-02-10,Total,비회원,0.0,,0.0,0.0,13331.0
2025-02-11,Total,비회원,0.0,,0.0,0.0,13175.0
2025-02-12,Total,비회원,0.0,,0.0,0.0,13214.0
2025-02-13,Total,비회원,0.0,,0.0,0.0,12510.0
2025-02-14,Total,비회원,0.0,,0.0,0.0,11772.0
2025-02-15,Total,비회원,0.0,,0.0,0.0,12372.0
2025-02-16,Total,비회원,0.0,,0.0,0.0,14394.0
2025-02-17,Total,비회원,0.0,,0.0,0.0,13743.0
2025-02-18,Total,비회원,0.0,,0.0,0.0,13753.0
2025-02-19,Total,비회원,0.0,,0.0,0.0,13105.0
2025-02-20,Total,비회원,0.0,,0.0,0.0,12439.0
2025-02-21,Total,비회원,0.0,,0.0,0.0,12332.0
2025-02-22,Total,비회원,0.0,,0.0,0.0,13000.0
2025-02-23,Total,비회원,0.0,,0.0,0.0,15189.0
2025-02-24,Total,비회원,0.0,,0.0,0.0,14506.0
2025-02-25,Total,비회원,0.0,,0.0,0.0,13829.0
2025-02-26,Total,비회원,0.0,,0.0,0.0,13625.0
2025-02-27,Total,비회원,0.0,,0.0,0.0,12063.0
2025-02-28,Total,비회원,0.0,,0.0,0.0,11280.0
2025-03-01,Total,비회원,0.0,,0.0,0.0,12835.0
2025-03-02,Total,비회원,0.0,,0.0,0.0,14196.0
2025-03-03,Total,비회원,0.0,,0.0,0.0,15580.0
2025-03-04,Total,비회원,0.0,,0.0,0.0,13728.0
2025-03-05,Total,비회원,0.0,,0.0,0.0,13808.0
2025-03-06,Total,비회원,0.0,,0.0,0.0,14043.0
2025-03-07,Total,비회원,0.0,,0.0,0.0,12266.0
2025-03-08,Total,비회원,0.0,,0.0,0.0,13112.0
2025-03-09,Total,비회원,0.0,,0.0,0.0,15959.0
2025-03-10,Total,비회원,0.0,,0.0,0.0,15031.0
2025-03-11,Total,비회원,0.0,,0.0,0.0,14835.0
2025-03-12,Total,비회원,0.0,,0.0,0.0,14489.0
2025-03-13,Total,비회원,0.0,,0.0,0.0,13186.0
2025-03-14,Total,비회원,0.0,,0.0,0.0,12718.0
2025-03-15,Total,비회원,0.0,,0.0,0.0,13563.0
2025-03-16,Total,비회원,0.0,,0.0,0.0,15340.0
2025-03-17,Total,비회원,0.0,,0.0,0.0,13885.0
2025-03-18,Total,비회원,0.0,,0.0,0.0,13097.0
2025-03-19,Total,비회원,0.0,,0.0,0.0,12800.0
2025-03-20,Total,비회원,0.0,,0.0,0.0,12552.0
2025-03-21,Total,비회원,0.0,,0.0,0.0,11824.0
2025-03-22,Total,비회원,0.0,,0.0,0.0,11883.0
2025-03-23,Total,비회원,0.0,,0.0,0.0,14130.0
2025-03-24,Total,비회원,0.0,,0.0,0.0,14248.0
2025-03-25,Total,비회원,0.0,,0.0,0.0,14023.0
2025-03-26,Total,비회원,0.0,,0.0,0.0,13555.0
2025-03-27,Total,비회원,0.0,,0.0,0.0,12705.0
2025-03-28,Total,비회원,0.0,,0.0,0.0,10916.0
2025-03-29,Total,비회원,0.0,,0.0,0.0,11310.0
2025-03-30,Total,비회원,0.0,,0.0,0.0,12820.0
2025-03-31,Total,비회원,0.0,,0.0,0.0,12729.0
2025-04-01,Total,비회원,0.0,,0.0,0.0,13074.0
2025-04-02,Total,비회원,0.0,,0.0,0.0,12734.0
2025-04-03,Total,비회원,0.0,,0.0,0.0,12019.0
2025-04-04,Total,비회원,0.0,,0.0,0.0,10950.0
2025-04-05,Total,비회원,0.0,,0.0,0.0,12383.0
2025-04-06,Total,비회원,0.0,,0.0,0.0,12922.0
2025-04-07,Total,비회원,0.0,,0.0,0.0,12953.0
2025-04-08,Total,비회원,0.0,,0.0,0.0,13025.0
2025-04-09,Total,비회원,0.0,,0.0,0.0,13271.0
2025-04-10,Total,비회원,0.0,,0.0,0.0,12130.0
2025-04-11,Total,비회원,0.0,,0.0,0.0,11612.0
2025-04-12,Total,비회원,0.0,,0.0,0.0,12445.0
2025-04-13,Total,비회원,0.0,,0.0,0.0,14068.0
2025-04-14,Total,비회원,0.0,,0.0,0.0,13215.0
2025-04-15,Total,비회원,0.0,,0.0,0.0,12877.0
2025-04-16,Total,비회원,0.0,,0.0,0.0,13165.0
2025-04-17,Total,비회원,0.0,,0.0,0.0,12449.0
2025-04-18,Total,비회원,0.0,,0.0,0.0,12300.0
2025-04-19,Total,비회원,0.0,,0.0,0.0,12902.0
2025-04-20,Total,비회원,0.0,,0.0,0.0,14440.0
2025-04-21,Total,비회원,0.0,,0.0,0.0,14573.0
2025-04-22,Total,비회원,0.0,,0.0,0.0,13890.0
2025-04-23,Total,비회원,0.0,,0.0,0.0,13631.0
2025-04-24,Total,비회원,0.0,,0.0,0.0,12912.0
2025-04-25,Total,비회원,0.0,,0.0,0.0,11734.0
2025-04-26,Total,비회원,0.0,,0.0,0.0,12108.0
2025-04-27,Total,비회원,0.0,,0.0,0.0,13737.0
2025-04-28,Total,비회원,0.0,,0.0,0.0,13063.0
2025-04-29,Total,비회원,0.0,,0.0,0.0,12468.0
2025-04-30,Total,비회원,0.0,,0.0,0.0,11740.0
2025-05-01,Total,비회원,0.0,,0.0,0.0,12205.0
2025-05-02,Total,비회원,0.0,,0.0,0.0,10265.0
2025-05-03,Total,비회원,0.0,,0.0,0.0,10378.0
2025-05-04,Total,비회원,0.0,,0.0,0.0,10452.0
2025-05-05,Total,비회원,0.0,,0.0,0.0,11772.0
2025-05-06,Total,비회원,0.0,,0.0,0.0,12745.0
2025-05-07,Total,비회원,0.0,,0.0,0.0,11720.0
2025-05-08,Total,비회원,0.0,,0.0,0.0,11379.0
2025-05-09,Total,비회원,0.0,,0.0,0.0,11579.0
2025-05-10,Total,비회원,0.0,,0.0,0.0,11796.0
2025-05-11,Total,비회원,0.0,,0.0,0.0,13384.0
2025-05-12,Total,비회원,0.0,,0.0,0.0,15143.0
2025-05-13,Total,비회원,0.0,,0.0,0.0,15785.0
2025-05-14,Total,비회원,0.0,,0.0,0.0,12944.0
2025-05-15,Total,비회원,0.0,,0.0,0.0,11586.0
2025-05-16,Total,비회원,0.0,,0.0,0.0,10817.0
2025-05-17,Total,비회원,0.0,,0.0,0.0,10535.0
2025-05-18,Total,비회원,0.0,,0.0,0.0,11932.0
2025-05-19,Total,비회원,0.0,,0.0,0.0,12090.0
2025-05-20,Total,비회원,0.0,,0.0,0.0,12142.0
2025-05-21,Total,비회원,0.0,,0.0,0.0,12845.0
2025-05-22,Total,비회원,0.0,,0.0,0.0,11985.0
2025-05-23,Total,비회원,0.0,,0.0,0.0,10937.0
2025-05-24,Total,비회원,0.0,,0.0,0.0,10884.0
2025-05-25,Total,비회원,0.0,,0.0,0.0,12339.0
2025-05-26,Total,비회원,0.0,,0.0,0.0,18311.0
2025-05-27,Total,비회원,0.0,,0.0,0.0,12197.0
2025-05-28,Total,비회원,0.0,,0.0,0.0,11559.0
2025-05-29,Total,비회원,0.0,,0.0,0.0,11610.0
2025-05-30,Total,비회원,0.0,,0.0,0.0,10418.0
2025-05-31,Total,비회원,0.0,,0.0,0.0,10766.0
2025-06-01,Total,비회원,0.0,,0.0,0.0,12605.0
2025-06-02,Total,비회원,0.0,,0.0,0.0,11610.0
2025-06-03,Total,비회원,0.0,,0.0,0.0,12894.0
2025-06-04,Total,비회원,0.0,,0.0,0.0,12085.0
2025-06-05,Total,비회원,0.0,,0.0,0.0,10797.0
2025-06-06,Total,비회원,0.0,,0.0,0.0,10803.0
2025-06-07,Total,비회원,0.0,,0.0,0.0,11528.0
2025-06-08,Total,비회원,0.0,,0.0,0.0,12543.0
2025-06-09,Total,비회원,0.0,,0.0,0.0,11912.0
2025-06-10,Total,비회원,0.0,,0.0,0.0,11337.0
2025-06-11,Total,비회원,0.0,,0.0,0.0,11477.0
2025-06-12,Total,비회원,0.0,,0.0,0.0,10989.0
2025-06-13,Total,비회원,0.0,,0.0,0.0,10003.0
2025-06-14,Total,비회원,0.0,,0.0,0.0,10086.0
2025-06-15,Total,비회원,0.0,,0.0,0.0,11652.0
2025-06-16,Total,비회원,0.0,,0.0,0.0,12438.0
2025-06-17,Total,비회원,0.0,,0.0,0.0,12232.0
2025-06-18,Total,비회원,0.0,,0.0,0.0,12162.0
2025-06-19,Total,비회원,0.0,,0.0,0.0,10631.0
2025-06-20,Total,비회원,0.0,,0.0,0.0,10092.0
2025-06-21,Total,비회원,0.0,,0.0,0.0,9895.0
2025-06-22,Total,비회원,0.0,,0.0,0.0,11644.0
2025-06-23,Total,비회원,0.0,,0.0,0.0,11022.0
2025-06-24,Total,비회원,0.0,,0.0,0.0,10180.0
2025-06-25,Total,비회원,0.0,,0.0,0.0,9852.0
2025-06-26,Total,비회원,0.0,,0.0,0.0,9438.0
2025-06-27,Total,비회원,0.0,,0.0,0.0,8807.0
2025-06-28,Total,비회원,0.0,,0.0,0.0,8976.0
2025-06-29,Total,비회원,0.0,,0.0,0.0,10089.0
2025-06-30,Total,비회원,0.0,,0.0,0.0,10016.0
2025-07-01,Total,비회원,0.0,,0.0,0.0,10159.0
2025-07-02,Total,비회원,0.0,,0.0,0.0,9698.0
2025-07-03,Total,비회원,0.0,,0.0,0.0,9316.0
2025-07-04,Total,비회원,0.0,,0.0,0.0,8461.0
2025-07-05,Total,비회원,0.0,,0.0,0.0,8853.0
2025-07-06,Total,비회원,0.0,,0.0,0.0,10260.0
2025-07-07,Total,비회원,0.0,,0.0,0.0,10302.0
2025-07-08,Total,비회원,0.0,,0.0,0.0,10656.0
2025-07-09,Total,비회원,0.0,,0.0,0.0,11249.0
2025-07-10,Total,비회원,0.0,,0.0,0.0,10378.0
2025-07-11,Total,비회원,0.0,,0.0,0.0,9478.0
2025-07-12,Total,비회원,0.0,,0.0,0.0,9427.0
2025-07-13,Total,비회원,0.0,,0.0,0.0,10396.0
2025-07-14,Total,비회원,0.0,,0.0,0.0,10175.0
2025-07-15,Total,비회원,0.0,,0.0,0.0,9927.0
2025-07-16,Total,비회원,0.0,,0.0,0.0,9980.0
2025-07-17,Total,비회원,0.0,,0.0,0.0,9225.0
2025-07-18,Total,비회원,0.0,,0.0,0.0,8838.0
2025-07-19,Total,비회원,0.0,,0.0,0.0,8530.0
2025-07-20,Total,비회원,0.0,,0.0,0.0,9910.0
2025-07-21,Total,비회원,0.0,,0.0,0.0,10121.0
2025-07-22,Total,비회원,0.0,,0.0,0.0,9439.0
2025-07-23,Total,비회원,0.0,,0.0,0.0,9454.0
2025-07-24,Total,비회원,0.0,,0.0,0.0,8681.0
2025-07-25,Total,비회원,0.0,,0.0,0.0,8015.0
2025-07-26,Total,비회원,0.0,,0.0,0.0,8320.0
2025-07-27,Total,비회원,0.0,,0.0,0.0,9672.0
2025-07-28,Total,비회원,0.0,,0.0,0.0,9877.0
2025-07-29,Total,비회원,0.0,,0.0,0.0,9611.0
2025-07-30,Total,비회원,0.0,,0.0,0.0,9315.0
2025-07-31,Total,비회원,0.0,,0.0,0.0,8905.0
2025-08-01,Total,비회원,0.0,,0.0,0.0,8874.0
2025-08-02,Total,비회원,0.0,,0.0,0.0,8703.0
2025-08-03,Total,비회원,0.0,,0.0,0.0,10006.0
2025-08-04,Total,비회원,0.0,,0.0,0.0,9977.0
2025-08-05,Total,비회원,0.0,,0.0,0.0,10135.0
2025-08-06,Total,비회원,0.0,,0.0,0.0,10509.0
2025-08-07,Total,비회원,0.0,,0.0,0.0,10021.0
2025-08-08,Total,비회원,0.0,,0.0,0.0,9198.0
2025-08-09,Total,비회원,0.0,,0.0,0.0,9421.0
2025-08-10,Total,비회원,0.0,,0.0,0.0,10281.0
2025-08-11,Total,비회원,0.0,,0.0,0.0,10223.0
2025-08-12,Total,비회원,0.0,,0.0,0.0,9577.0
2025-08-13,Total,비회원,0.0,,0.0,0.0,9457.0
2025-08-14,Total,비회원,0.0,,0.0,0.0,8350.0
2025-08-15,Total,비회원,0.0,,0.0,0.0,8596.0
2025-08-16,Total,비회원,0.0,,0.0,0.0,9093.0
2025-08-17,Total,비회원,0.0,,0.0,0.0,9786.0
2025-08-18,Total,비회원,0.0,,0.0,0.0,9980.0
2025-08-19,Total,비회원,0.0,,0.0,0.0,9642.0
2025-08-20,Total,비회원,0.0,,0.0,0.0,9507.0
2025-08-21,Total,비회원,0.0,,0.0,0.0,9294.0
2025-08-22,Total,비회원,0.0,,0.0,0.0,8791.0
2025-08-23,Total,비회원,0.0,,0.0,0.0,8851.0
2025-08-24,Total,비회원,0.0,,0.0,0.0,9707.0
2025-08-25,Total,비회원,0.0,,0.0,0.0,9615.0
2025-08-26,Total,비회원,0.0,,0.0,0.0,10040.0
2025-08-27,Total,비회원,0.0,,0.0,0.0,9879.0
2025-08-28,Total,비회원,0.0,,0.0,0.0,9678.0
2025-08-29,Total,비회원,0.0,,0.0,0.0,9639.0
2025-08-30,Total,비회원,0.0,,0.0,0.0,9660.0
2025-08-31,Total,비회원,0.0,,0.0,0.0,10790.0
2025-09-01,Total,비회원,0.0,,0.0,0.0,10698.0
2025-09-02,Total,비회원,0.0,,0.0,0.0,10906.0
2025-09-03,Total,비회원,0.0,,0.0,0.0,10497.0
2025-09-04,Total,비회원,0.0,,0.0,0.0,10116.0
2025-09-05,Total,비회원,0.0,,0.0,0.0,9306.0
2025-09-06,Total,비회원,0.0,,0.0,0.0,9107.0
2025-09-07,Total,비회원,0.0,,0.0,0.0,10257.0
2025-09-08,Total,비회원,0.0,,0.0,0.0,10663.0
2025-09-09,Total,비회원,0.0,,0.0,0.0,10624.0
2025-09-10,Total,비회원,0.0,,0.0,0.0,9899.0
2025-09-11,Total,비회원,0.0,,0.0,0.0,10013.0
2025-09-12,Total,비회원,0.0,,0.0,0.0,9366.0
2025-09-13,Total,비회원,0.0,,0.0,0.0,10049.0
2025-09-14,Total,비회원,0.0,,0.0,0.0,10873.0
2025-09-15,Total,비회원,0.0,,0.0,0.0,10724.0
2025-09-16,Total,비회원,0.0,,0.0,0.0,10561.0
2025-09-17,Total,비회원,0.0,,0.0,0.0,10699.0
2025-09-18,Total,비회원,0.0,,0.0,0.0,9928.0
2025-09-19,Total,비회원,0.0,,0.0,0.0,10295.0
2025-09-20,Total,비회원,0.0,,0.0,0.0,10636.0
2025-09-21,Total,비회원,0.0,,0.0,0.0,11803.0
2025-09-22,Total,비회원,0.0,,0.0,0.0,11967.0
2025-09-23,Total,비회원,0.0,,0.0,0.0,11844.0
2025-09-24,Total,비회원,0.0,,0.0,0.0,12073.0
2025-09-25,Total,비회원,0.0,,0.0,0.0,11345.0
2025-09-26,Total,비회원,0.0,,0.0,0.0,10285.0
2025-09-27,Total,비회원,0.0,,0.0,0.0,9693.0
2025-09-28,Total,비회원,0.0,,0.0,0.0,11952.0
2025-09-29,Total,비회원,0.0,,0.0,0.0,11534.0
2025-09-30,Total,비회원,0.0,,0.0,0.0,10402.0
2025-10-01,Total,비회원,0.0,,0.0,0.0,9062.0
2025-10-02,Total,비회원,0.0,,0.0,0.0,8129.0
2025-10-03,Total,비회원,0.0,,0.0,0.0,8582.0
2025-10-04,Total,비회원,0.0,,0.0,0.0,8637.0
2025-10-05,Total,비회원,0.0,,0.0,0.0,8236.0
2025-10-06,Total,비회원,0.0,,0.0,0.0,8678.0
2025-10-07,Total,비회원,0.0,,0.0,0.0,10274.0
2025-10-08,Total,비회원,0.0,,0.0,0.0,11522.0
2025-10-09,Total,비회원,0.0,,0.0,0.0,12497.0
2025-10-10,Total,비회원,0.0,,0.0,0.0,12463.0
2025-10-11,Total,비회원,0.0,,0.0,0.0,12168.0
2025-10-12,Total,비회원,0.0,,0.0,0.0,13370.0
2025-10-13,Total,비회원,0.0,,0.0,0.0,13816.0
2025-10-14,Total,비회원,0.0,,0.0,0.0,13024.0
2025-10-15,Total,비회원,0.0,,0.0,0.0,12433.0
2025-10-16,Total,비회원,0.0,,0.0,0.0,12224.0
2025-10-17,Total,비회원,0.0,,0.0,0.0,11447.0
2025-10-18,Total,비회원,0.0,,0.0,0.0,11900.0
2025-10-19,Total,비회원,0.0,,0.0,0.0,14093.0
2025-10-20,Total,비회원,0.0,,0.0,0.0,15484.0
2025-10-21,Total,비회원,0.0,,0.0,0.0,14873.0
2025-10-22,Total,비회원,0.0,,0.0,0.0,14867.0
2025-10-23,Total,비회원,0.0,,0.0,0.0,12973.0
2025-10-24,Total,비회원,0.0,,0.0,0.0,11746.0
2025-10-25,Total,비회원,0.0,,0.0,0.0,11656.0
2025-10-26,Total,비회원,0.0,,0.0,0.0,13883.0
2025-10-27,Total,비회원,0.0,,0.0,0.0,15056.0
2025-10-28,Total,비회원,0.0,,0.0,0.0,16025.0
2025-10-29,Total,비회원,0.0,,0.0,0.0,13942.0
2025-10-30,Total,비회원,0.0,,0.0,0.0,11928.0
2025-10-31,Total,비회원,0.0,,0.0,0.0,10507.0
2025-11-01,Total,비회원,0.0,,0.0,0.0,11244.0
2025-11-02,Total,비회원,0.0,,0.0,0.0,14791.0
2025-11-03,Total,비회원,0.0,,0.0,0.0,14407.0
2025-11-04,Total,비회원,0.0,,0.0,0.0,13247.0
2025-11-05,Total,비회원,0.0,,0.0,0.0,12584.0
2025-11-06,Total,비회원,0.0,,0.0,0.0,11917.0
2025-11-07,Total,비회원,0.0,,0.0,0.0,11066.0
2025-11-08,Total,비회원,0.0,,0.0,0.0,11925.0
2025-11-09,Total,비회원,0.0,,0.0,0.0,13494.0
2025-11-10,Total,비회원,0.0,,0.0,0.0,13513.0
2025-11-11,Total,비회원,0.0,,0.0,0.0,13328.0
2025-11-12,Total,비회원,0.0,,0.0,0.0,13106.0
2025-11-13,Total,비회원,0.0,,0.0,0.0,12618.0
2025-11-14,Total,비회원,0.0,,0.0,0.0,12141.0
2025-11-15,Total,비회원,0.0,,0.0,0.0,12036.0
2025-11-16,Total,비회원,0.0,,0.0,0.0,14281.0
2025-11-17,Total,비회원,0.0,,0.0,0.0,14590.0
2025-11-18,Total,비회원,0.0,,0.0,0.0,15391.0
2025-11-19,Total,비회원,0.0,,0.0,0.0,13591.0
2025-11-20,Total,비회원,0.0,,0.0,0.0,12032.0
2025-11-21,Total,비회원,0.0,,0.0,0.0,11432.0
2025-11-22,Total,비회원,0.0,,0.0,0.0,11870.0
2025-11-23,Total,비회원,0.0,,0.0,0.0,13836.0
2025-11-24,Total,비회원,0.0,,0.0,0.0,13594.0
2025-11-25,Total,비회원,0.0,,0.0,0.0,13811.0
2025-11-26,Total,비회원,0.0,,0.0,0.0,13022.0
2025-11-27,Total,비회원,0.0,,0.0,0.0,12827.0
2025-11-28,Total,비회원,0.0,,0.0,0.0,11998.0
2025-11-29,Total,비회원,0.0,,0.0,0.0,11608.0
2025-11-30,Total,비회원,0.0,,0.0,0.0,12353.0
2025-12-01,Total,비회원,0.0,,0.0,0.0,12897.0
2025-12-02,Total,비회원,0.0,,0.0,0.0,12943.0
2025-12-03,Total,비회원,0.0,,0.0,0.0,13785.0
2025-12-04,Total,비회원,0.0,,0.0,0.0,12928.0
2025-12-05,Total,비회원,0.0,,0.0,0.0,11792.0
2025-12-06,Total,비회원,0.0,,0.0,0.0,11708.0
2025-12-07,Total,비회원,0.0,,0.0,0.0,12887.0
2025-12-08,Total,비회원,0.0,,0.0,0.0,12442.0
2025-12-09,Total,비회원,0.0,,0.0,0.0,12639.0
2025-12-10,Total,비회원,0.0,,0.0,0.0,11771.0
2025-12-11,Total,비회원,0.0,,0.0,0.0,12014.0
2025-12-12,Total,비회원,0.0,,0.0,0.0,11861.0
2025-12-13,Total,비회원,0.0,,0.0,0.0,12192.0
2025-12-14,Total,비회원,0.0,,0.0,0.0,13671.0
2025-12-15,Total,비회원,0.0,,0.0,0.0,13149.0
2025-12-16,Total,비회원,0.0,,0.0,0.0,11517.0
2025-12-17,Total,비회원,0.0,,0.0,0.0,11244.0
2025-12-18,Total,비회원,0.0,,0.0,0.0,10291.0
2025-12-19,Total,비회원,0.0,,0.0,0.0,9373.0
2025-12-20,Total,비회원,0.0,,0.0,0.0,9481.0
2025-12-21,Total,비회원,0.0,,0.0,0.0,10793.0
2025-12-22,Total,비회원,0.0,,0.0,0.0,11155.0
2025-12-23,Total,비회원,0.0,,0.0,0.0,10353.0
2025-12-24,Total,비회원,0.0,,0.0,0.0,9232.0
2025-12-25,Total,비회원,0.0,,0.0,0.0,11537.0
2025-12-26,Total,비회원,0.0,,0.0,0.0,11937.0
2025-12-27,Total,비회원,0.0,,0.0,0.0,12250.0
2025-12-28,Total,비회원,0.0,,0.0,0.0,12999.0
2025-12-29,Total,비회원,0.0,,0.0,0.0,11814.0
2025-12-30,Total,비회원,0.0,,0.0,0.0,11163.0
2025-12-31,Total,비회원,0.0,,0.0,0.0,10240.0
2026-01-01,Total,비회원,0.0,,0.0,0.0,11101.0
2026-01-02,Total,비회원,0.0,,0.0,0.0,10768.0
2026-01-03,Total,비회원,0.0,,0.0,0.0,11098.0
2026-01-04,Total,비회원,0.0,,0.0,0.0,12551.0
2026-01-05,Total,비회원,0.0,,0.0,0.0,10217.0
2026-01-06,Total,비회원,0.0,,0.0,0.0,10339.0
2026-01-07,Total,비회원,0.0,,0.0,0.0,10258.0
2026-01-08,Total,비회원,0.0,,0.0,0.0,9750.0
2026-01-09,Total,비회원,0.0,,0.0,0.0,9310.0
2026-01-10,Total,비회원,0.0,,0.0,0.0,10460.0
2026-01-11,Total,비회원,0.0,,0.0,0.0,12480.0
2026-01-12,Total,비회원,0.0,,0.0,0.0,11136.0
2026-01-13,Total,비회원,0.0,,0.0,0.0,10907.0
2026-01-14,Total,비회원,0.0,,0.0,0.0,11222.0
2026-01-15,Total,비회원,0.0,,0.0,0.0,9896.0
2026-01-16,Total,비회원,0.0,,0.0,0.0,9616.0
2026-01-17,Total,비회원,0.0,,0.0,0.0,9987.0
2026-01-18,Total,비회원,0.0,,0.0,0.0,10776.0
2026-01-19,Total,비회원,0.0,,0.0,0.0,10619.0
2026-01-20,Total,비회원,0.0,,0.0,0.0,10208.0
2026-01-21,Total,비회원,0.0,,0.0,0.0,10232.0
2026-01-22,Total,비회원,0.0,,0.0,0.0,10066.0
2026-01-23,Total,비회원,0.0,,0.0,0.0,9227.0
2026-01-24,Total,비회원,0.0,,0.0,0.0,10222.0
2026-01-25,Total,비회원,0.0,,0.0,0.0,11508.0
2026-01-26,Total,비회원,0.0,,0.0,0.0,10128.0
2026-01-27,Total,비회원,0.0,,0.0,0.0,9863.0
2026-01-28,Total,비회원,0.0,,0.0,0.0,9620.0
2026-01-29,Total,비회원,0.0,,0.0,0.0,9220.0
2026-01-30,Total,비회원,0.0,,0.0,0.0,8736.0
2026-01-31,Total,비회원,0.0,,0.0,0.0,9258.0
2026-02-01,Total,비회원,0.0,,0.0,0.0,10479.0
2026-02-02,Total,비회원,0.0,,0.0,0.0,9417.0
2026-02-03,Total,비회원,0.0,,0.0,0.0,9378.0
2026-02-04,Total,비회원,0.0,,0.0,0.0,9523.0
2026-02-05,Total,비회원,0.0,,0.0,0.0,8909.0
2026-02-06,Total,비회원,0.0,,0.0,0.0,9327.0
2026-02-07,Total,비회원,0.0,,0.0,0.0,9933.0
2026-02-08,Total,비회원,0.0,,0.0,0.0,11633.0
2026-02-09,Total,비회원,0.0,,0.0,0.0,10071.0
2026-02-10,Total,비회원,0.0,,0.0,0.0,9387.0
2026-02-11,Total,비회원,0.0,,0.0,0.0,9015.0
2026-02-12,Total,비회원,0.0,,0.0,0.0,8436.0
2026-02-13,Total,비회원,0.0,,0.0,0.0,7782.0
2026-02-14,Total,비회원,0.0,,0.0,0.0,8379.0
2026-02-15,Total,비회원,0.0,,0.0,0.0,8874.0
2026-02-16,Total,비회원,0.0,,0.0,0.0,8454.0
2026-02-17,Total,비회원,0.0,,0.0,0.0,8752.0
2026-02-18,Total,비회원,0.0,,0.0,0.0,12141.0
2026-02-19,Total,비회원,0.0,,0.0,0.0,12034.0
2026-02-20,Total,비회원,0.0,,0.0,0.0,9945.0
2026-02-21,Total,비회원,0.0,,0.0,0.0,11111.0
2026-02-22,Total,비회원,0.0,,0.0,0.0,12274.0
2026-02-23,Total,비회원,0.0,,0.0,0.0,10767.0
2026-02-24,Total,비회원,0.0,,0.0,0.0,10414.0
2026-02-25,Total,비회원,0.0,,0.0,0.0,10714.0
2026-02-26,Total,비회원,0.0,,0.0,0.0,9981.0
2026-02-27,Total,비회원,0.0,,0.0,0.0,9384.0
2026-02-28,Total,비회원,0.0,,0.0,0.0,11102.0
2026-03-01,Total,비회원,0.0,,0.0,0.0,13107.0
2026-03-02,Total,비회원,0.0,,0.0,0.0,13409.0
2026-03-03,Total,비회원,0.0,,0.0,0.0,10611.0
2026-03-04,Total,비회원,0.0,,0.0,0.0,10753.0
2026-03-05,Total,비회원,0.0,,0.0,0.0,10850.0
2026-03-06,Total,비회원,0.0,,0.0,0.0,10145.0
2026-03-07,Total,비회원,0.0,,0.0,0.0,11243.0
2026-03-08,Total,비회원,0.0,,0.0,0.0,12473.0
2026-03-09,Total,비회원,0.0,,0.0,0.0,10803.0
2026-03-10,Total,비회원,0.0,,0.0,0.0,10359.0
2026-03-11,Total,비회원,0.0,,0.0,0.0,10602.0
2026-03-12,Total,비회원,0.0,,0.0,0.0,10361.0
2026-03-13,Total,비회원,0.0,,0.0,0.0,9716.0
2026-03-14,Total,비회원,0.0,,0.0,0.0,10667.0
2026-03-15,Total,비회원,0.0,,0.0,0.0,12396.0
2026-03-16,Total,비회원,0.0,,0.0,0.0,11470.0
2026-03-17,Total,비회원,0.0,,0.0,0.0,11255.0
2026-03-18,Total,비회원,0.0,,0.0,0.0,10851.0
2026-03-19,Total,비회원,0.0,,0.0,0.0,10272.0
2026-03-20,Total,비회원,0.0,,0.0,0.0,9693.0
2026-03-21,Total,비회원,0.0,,0.0,0.0,9941.0
2026-03-22,Total,비회원,0.0,,0.0,0.0,11883.0
2026-03-23,Total,비회원,0.0,,0.0,0.0,10737.0
2026-03-24,Total,비회원,0.0,,0.0,0.0,10781.0
2026-03-25,Total,비회원,0.0,,0.0,0.0,10688.0
2026-03-26,Total,비회원,0.0,,0.0,0.0,9865.0
2026-03-27,Total,비회원,0.0,,0.0,0.0,11585.0
2026-03-28,Total,비회원,0.0,,0.0,0.0,10500.0
2026-03-29,Total,비회원,0.0,,0.0,0.0,11973.0
2026-03-30,Total,비회원,0.0,,0.0,0.0,10852.0
2026-03-31,Total,비회원,0.0,,0.0,0.0,11633.0
2026-04-01,Total,비회원,0.0,,0.0,0.0,11243.0
2026-04-02,Total,비회원,0.0,,0.0,0.0,10156.0
2026-04-03,Total,비회원,0.0,,0.0,0.0,8951.0
2026-04-04,Total,비회원,0.0,,0.0,0.0,9080.0
2026-04-05,Total,비회원,0.0,,0.0,0.0,9925.0
2026-04-06,Total,비회원,0.0,,0.0,0.0,16307.0
2026-04-07,Total,비회원,0.0,,0.0,0.0,9708.0
2026-04-08,Total,비회원,0.0,,0.0,0.0,15626.0
2026-04-09,Total,비회원,0.0,,0.0,0.0,14511.0
2026-04-10,Total,비회원,0.0,,0.0,0.0,8413.0
2026-04-11,Total,비회원,0.0,,0.0,0.0,8973.0
2026-04-12,Total,비회원,0.0,,0.0,0.0,10172.0
2026-04-13,Total,비회원,0.0,,0.0,0.0,10471.0
2026-04-14,Total,비회원,0.0,,0.0,0.0,10427.0
2026-04-15,Total,비회원,0.0,,0.0,0.0,9890.0
2026-04-16,Total,비회원,0.0,,0.0,0.0,9665.0
2026-04-17,Total,비회원,0.0,,0.0,0.0,8758.0
2026-04-18,Total,비회원,0.0,,0.0,0.0,9237.0
2026-04-19,Total,비회원,0.0,,0.0,0.0,10685.0
2026-04-20,Total,비회원,0.0,,0.0,0.0,9990.0
2026-04-21,Total,비회원,0.0,,0.0,0.0,9595.0
2026-04-22,Total,비회원,0.0,,0.0,0.0,9659.0
2026-04-23,Total,비회원,0.0,,0.0,0.0,14444.0
2026-04-24,Total,비회원,0.0,,0.0,0.0,9338.0
2026-04-25,Total,비회원,0.0,,0.0,0.0,8931.0
2026-04-26,Total,비회원,0.0,,0.0,0.0,10134.0
2026-04-27,Total,비회원,0.0,,0.0,0.0,12577.0
2026-04-28,Total,비회원,0.0,,0.0,0.0,14027.0
2026-04-29,Total,비회원,0.0,,0.0,0.0,14719.0
2026-04-30,Total,비회원,0.0,,0.0,0.0,13148.0
2026-05-01,Total,비회원,0.0,,0.0,0.0,12412.0
2026-05-02,Total,비회원,0.0,,0.0,0.0,13902.0
2026-05-03,Total,비회원,0.0,,0.0,0.0,19157.0
2026-05-04,Total,비회원,0.0,,0.0,0.0,17788.0
2026-05-05,Total,비회원,0.0,,0.0,0.0,18714.0
2026-05-06,Total,비회원,0.0,,0.0,0.0,15861.0
2026-05-07,Total,비회원,0.0,,0.0,0.0,14071.0
2026-05-08,Total,비회원,0.0,,0.0,0.0,12766.0
2026-05-09,Total,비회원,0.0,,0.0,0.0,14111.0
2026-05-10,Total,비회원,0.0,,0.0,0.0,15342.0
2026-05-11,Total,비회원,0.0,,0.0,0.0,15913.0
2026-05-12,Total,비회원,0.0,,0.0,0.0,17198.0
2026-05-13,Total,비회원,0.0,,0.0,0.0,16392.0
2026-05-14,Total,비회원,0.0,,0.0,0.0,14812.0
2026-05-15,Total,비회원,0.0,,0.0,0.0,13072.0
2026-05-16,Total,비회원,0.0,,0.0,0.0,13687.0
2026-05-17,Total,비회원,0.0,,0.0,0.0,15974.0
2026-05-18,Total,비회원,0.0,,0.0,0.0,14661.0
2026-05-19,Total,비회원,0.0,,0.0,0.0,13947.0
2026-05-20,Total,비회원,0.0,,0.0,0.0,14243.0
2026-05-21,Total,비회원,0.0,,0.0,0.0,13537.0
2026-05-22,Total,비회원,0.0,,0.0,0.0,13100.0
2026-05-23,Total,비회원,0.0,,0.0,0.0,13965.0
2026-05-24,Total,비회원,0.0,,0.0,0.0,14702.0
2026-05-25,Total,비회원,0.0,,0.0,0.0,15733.0
2026-05-26,Total,비회원,0.0,,0.0,0.0,14898.0
2026-05-27,Total,비회원,0.0,,0.0,0.0,14298.0
2026-05-28,Total,비회원,0.0,,0.0,0.0,14095.0
2026-05-29,Total,비회원,0.0,,0.0,0.0,13338.0
2026-05-30,Total,비회원,0.0,,0.0,0.0,14127.0
2026-05-31,Total,비회원,0.0,,0.0,0.0,15874.0
2026-06-01,Total,비회원,0.0,,0.0,0.0,15378.0
2026-06-02,Total,비회원,0.0,,0.0,0.0,14585.0
2026-06-03,Total,비회원,0.0,,0.0,0.0,15414.0
2026-06-04,Total,비회원,0.0,,0.0,0.0,14147.0
2026-06-05,Total,비회원,0.0,,0.0,0.0,13451.0
2026-06-06,Total,비회원,0.0,,0.0,0.0,13406.0
2026-06-07,Total,비회원,0.0,,0.0,0.0,13293.0
2026-06-08,Total,비회원,0.0,,0.0,0.0,10824.0
2026-06-09,Total,비회원,0.0,,0.0,0.0,12166.0
2026-06-10,Total,비회원,0.0,,0.0,0.0,13579.0
2026-06-11,Total,비회원,0.0,,0.0,0.0,12686.0
2026-06-12,Total,비회원,0.0,,0.0,0.0,12113.0
2026-06-13,Total,비회원,0.0,,0.0,0.0,12457.0
2026-06-14,Total,비회원,0.0,,0.0,0.0,14593.0
2026-06-15,Total,비회원,0.0,,0.0,0.0,14144.0
2026-06-16,Total,비회원,0.0,,0.0,0.0,11646.0
2026-06-17,Total,비회원,0.0,,0.0,0.0,11181.0
2026-06-18,Total,비회원,0.0,,0.0,0.0,10333.0
2026-06-19,Total,비회원,0.0,,0.0,0.0,9559.0
2026-06-20,Total,비회원,0.0,,0.0,0.0,10620.0
2026-06-21,Total,비회원,0.0,,0.0,0.0,11002.0
2026-06-22,Total,비회원,0.0,,0.0,0.0,18098.0
2026-06-23,Total,비회원,0.0,,0.0,0.0,9663.0
2026-06-24,Total,비회원,0.0,,0.0,0.0,10181.0
2026-06-25,Total,비회원,0.0,,0.0,0.0,9312.0
2026-06-26,Total,비회원,0.0,,0.0,0.0,8425.0
2026-06-27,Total,비회원,0.0,,0.0,0.0,9372.0
2026-06-28,Total,비회원,0.0,,0.0,0.0,10903.0
2026-06-29,Total,비회원,0.0,,0.0,0.0,10353.0
2026-06-30,Total,비회원,0.0,,0.0,0.0,10135.0
2026-07-01,Total,비회원,0.0,,0.0,0.0,10057.0
2026-07-02,Total,비회원,0.0,,0.0,0.0,9535.0
2026-07-03,Total,비회원,0.0,,0.0,0.0,8911.0
2026-07-04,Total,비회원,0.0,,0.0,0.0,9893.0
2026-07-05,Total,비회원,0.0,,0.0,0.0,12454.0
2026-07-06,Total,비회원,0.0,,0.0,0.0,11205.0
2026-07-07,Total,비회원,0.0,,0.0,0.0,10970.0
2026-07-08,Total,비회원,0.0,,0.0,0.0,10720.0
2026-07-09,Total,비회원,0.0,,0.0,0.0,10741.0
2026-07-10,Total,비회원,0.0,,0.0,0.0,9438.0
2026-07-11,Total,비회원,0.0,,0.0,0.0,9940.0
2026-07-12,Total,비회원,0.0,,0.0,0.0,11023.0
2026-07-13,Total,비회원,0.0,,0.0,0.0,9983.0
2026-07-14,Total,비회원,0.0,,0.0,0.0,10332.0
2026-07-15,Total,비회원,0.0,,0.0,0.0,9731.0
2026-07-16,Total,비회원,0.0,,0.0,0.0,8697.0
2026-07-17,Total,비회원,0.0,,0.0,0.0,9310.0
2026-07-18,Total,비회원,0.0,,0.0,0.0,9800.0
2026-07-19,Total,비회원,0.0,,0.0,0.0,10661.0
2026-07-20,Total,비회원,0.0,,0.0,0.0,10528.0
2026-07-21,Total,비회원,0.0,,0.0,0.0,10236.0
2026-07-22,Total,비회원,0.0,,0.0,0.0,9675.0
2026-07-23,Total,비회원,0.0,,0.0,0.0,9705.0
2026-07-24,Total,비회원,0.0,,0.0,0.0,7881.0
2026-07-25,Total,비회원,0.0,,0.0,0.0,8063.0
2026-07-26,Total,비회원,0.0,,0.0,0.0,9585.0
2026-07-27,Total,비회원,0.0,,0.0,0.0,9361.0
2026-07-28,Total,비회원,0.0,,0.0,0.0,7897.0
2026-07-29,Total,비회원,0.0,,0.0,0.0,7726.0
2026-07-30,Total,비회원,0.0,,0.0,0.0,7364.0
2026-07-31,Total,비회원,0.0,,0.0,0.0,7178.0
2026-08-01,Total,비회원,0.0,,0.0,0.0,7583.0
2026-08-02,Total,비회원,0.0,,0.0,0.0,9604.0
2026-08-03,Total,비회원,0.0,,0.0,0.0,11554.0
2026-08-04,Total,비회원,0.0,,0.0,0.0,10317.0
2026-08-05,Total,비회원,0.0,,0.0,0.0,10929.0
2026-08-06,Total,비회원,0.0,,0.0,0.0,10557.0
2026-08-07,Total,비회원,0.0,,0.0,0.0,10144.0
2026-08-08,Total,비회원,0.0,,0.0,0.0,10212.0
2026-08-09,Total,비회원,0.0,,0.0,0.0,10693.0
2026-08-10,Total,비회원,0.0,,0.0,0.0,10299.0
2026-08-11,Total,비회원,0.0,,0.0,0.0,10076.0
2026-08-12,Total,비회원,0.0,,0.0,0.0,10119.0
2025-01-01,Total,전체,3.3106387401902184,187548.52290566574,119468409.09090908,637.0,19241.0
2025-01-02,Total,전체,2.371026576341845,157843.02697302695,71818577.27272727,455.0,19190.0
2025-01-03,Total,전체,2.784904853538593,201513.20886407257,104988381.81818181,521.0,18708.0
2025-01-04,Total,전체,3.289506825852602,203587.92983433104,132942918.18181817,653.0,19851.0
2025-01-05,Total,전체,3.3759517310731213,205053.7137330754,144562868.18181816,705.0,20883.0
2025-01-06,Total,전체,2.5543478260869565,151862.81870933707,78513077.27272727,517.0,20240.0
2025-01-07,Total,전체,2.79631544318075,209393.14438502674,124588920.9090909,595.0,21278.0
2025-01-08,Total,전체,3.227310885178621,207637.09537572254,143684870.0,692.0,21442.0
2025-01-09,Total,전체,2.387414555689586,210788.44019138755,100124509.09090908,475.0,19896.0
2025-01-10,Total,전체,2.8069800949890604,218943.67438645003,115164372.72727272,526.0,18739.0
2025-01-11,Total,전체,3.1647441585329785,199084.05550835456,127811963.63636363,642.0,20286.0
2025-01-12,Total,전체,3.4616775126536514,204277.28459530027,156476400.0,766.0,22128.0
2025-01-13,Total,전체,2.661670029787643,165911.4538890712,91914945.45454545,554.0,20814.0
2025-01-14,Total,전체,2.8823848773505754,166692.7817559153,97348584.54545453,584.0,20261.0
2025-01-15,Total,전체,2.9186555290373906,184870.47080687626,108518966.36363636,587.0,20112.0
2025-01-16,Total,전체,2.8620523009182195,167013.54255500596,89018218.18181817,533.0,18623.0
2025-01-17,Total,전체,2.9219858156028367,184899.34686672548,95223163.63636363,515.0,17625.0
2025-01-18,Total,전체,3.071378624065408,192219.53510587485,109757354.54545453,571.0,18591.0
2025-01-19,Total,전체,3.68222816929329,213453.6339165545,158596050.0,743.0,20178.0
2025-01-20,Total,전체,3.002393589343324,158632.96045375767,91531218.18181817,577.0,19218.0
2025-01-21,Total,전체,2.8240366478038266,175818.86363636362,92129084.54545453,524.0,18555.0
2025-01-22,Total,전체,2.9099175902244956,171288.1747159091,87699545.45454545,512.0,17595.0
2025-01-23,Total,전체,2.889038827209716,191042.54005018336,89981036.36363636,471.0,16303.0
2025-01-24,Total,전체,2.6332376216821904,192424.78239845257,72351718.18181817,376.0,14279.0
2025-01-25,Total,전체,3.894903617639292,199350.6625577812,117616890.9090909,590.0,15148.0
2025-01-26,Total,전체,3.2417281091950523,170987.74777853725,90965481.81818181,532.0,16411.0
2025-01-27,Total,전체,3.4715821812596004,216335.65567176184,122229645.45454544,565.0,16275.0
2025-01-28,Total,전체,3.173575129533679,196373.30241187382,96222918.18181817,490.0,15440.0
2025-01-29,Total,전체,3.4633128989445745,208058.87524883874,114016263.63636363,548.0,15823.0
2025-01-30,Total,전체,3.925340542788811,176311.19807344972,133114954.54545453,755.0,19234.0
2025-01-31,Total,전체,3.3590774439272106,165588.14602720115,105148472.72727272,635.0,18904.0
2025-02-01,Total,전체,3.8560152832939525,193998.36434751688,148796745.45454544,767.0,19891.0
2025-02-02,Total,전체,3.948037538717581,208959.38897168403,178451318.18181816,854.0,21631.0
2025-02-03,Total,전체,2.0416313083412367,132040.96021338075,54004752.72727273,409.0,20033.0
2025-02-04,Total,전체,2.5326131267835303,163326.12035851472,81173081.81818181,497.0,19624.0
2025-02-05,Total,전체,2.917123765832253,207609.44832944832,121451527.27272727,585.0,20054.0
2025-02-06,Total,전체,2.63438566552901,156070.82811924914,77098989.09090908,494.0,18752.0
2025-02-07,Total,전체,3.1237665632929232,200789.56350508696,111237418.18181817,554.0,17735.0
2025-02-08,Total,전체,3.1737607472667446,183066.93523867437,109474027.27272727,598.0,18842.0
2025-02-09,Total,전체,3.8839177750906897,207325.45001698175,166482336.36363634,803.0,20675.0
2025-02-10,Total,전체,2.880954830743904,131635.41396103895,73715831.81818181,560.0,19438.0
2025-02-11,Total,전체,3.2115803673342325,164660.30254075487,101924727.27272727,619.0,19274.0
2025-02-12,Total,전체,3.3499460514823,159654.75460122697,104094899.99999999,652.0,19463.0
2025-02-13,Total,전체,2.618257035545153,159768.09676809673,76848454.54545453,481.0,18371.0
2025-02-14,Total,전체,3.1988076129328133,160235.01140436623,89411136.36363636,558.0,17444.0
2025-02-15,Total,전체,3.515229103323198,181969.32680369707,119917786.36363636,659.0,18747.0
2025-02-16,Total,전체,4.4148271553519365,194153.48770726126,185222427.27272725,954.0,21609.0
2025-02-17,Total,전체,2.508800634637315,155578.7998562702,78722872.72727272,506.0,20169.0
2025-02-18,Total,전체,2.5733453489536395,124287.33639900954,63883690.90909091,514.0,19974.0
2025-02-19,Total,전체,2.709758262413199,175147.9768786127,90901800.0,519.0,19153.0
2025-02-20,Total,전체,2.836451418225709,163857.48197643747,84714318.18181817,517.0,18227.0
2025-02-21,Total,전체,3.2441911442349847,184993.50429975428,109516154.54545453,592.0,18248.0
2025-02-22,Total,전체,3.498079385403329,153635.15905763343,104932813.63636363,683.0,19525.0
2025-02-23,Total,전체,4.183583406884378,173793.33525124664,164756081.8181818,948.0,22660.0
2025-02-24,Total,전체,2.911975678115054,190162.2349102773,116569449.99999999,613.0,21051.0
2025-02-25,Total,전체,3.096172718351325,172595.01512750323,108907454.54545453,631.0,20380.0
2025-02-26,Total,전체,3.0196766023767774,148010.51319648093,91766518.18181817,620.0,20532.0
2025-02-27,Total,전체,3.2189426591739867,179595.91679506932,105961590.9090909,590.0,18329.0
2025-02-28,Total,전체,3.633356148756559,193992.0508063365,123572936.36363636,637.0,17532.0
2025-03-01,Total,전체,4.645886762675084,186304.1497780351,175498509.09090906,942.0,20276.0
2025-03-02,Total,전체,3.8475598610857245,169580.2958324336,142786609.0909091,842.0,21884.0
2025-03-03,Total,전체,4.22401927047488,161535.89150157376,158628245.45454544,982.0,23248.0
2025-03-04,Total,전체,3.3424447321728286,173501.5781922525,120930599.99999999,697.0,20853.0
2025-03-05,Total,전체,3.8772364179941143,158291.69769989044,131382109.09090908,830.0,21407.0
2025-03-06,Total,전체,3.16414586619653,136293.86830178616,92952418.18181817,682.0,21554.0
2025-03-07,Total,전체,2.777190012695726,145033.29870129869,76142481.81818181,525.0,18904.0
2025-03-08,Total,전체,3.884870992963253,170061.18353344768,135198640.9090909,795.0,20464.0
2025-03-09,Total,전체,4.762100588065962,167510.58250902809,193977254.54545453,1158.0,24317.0
2025-03-10,Total,전체,2.865076916295676,114762.30769230769,74595500.0,650.0,22687.0
2025-03-11,Total,전체,2.8967878542145336,125347.37735048775,80598363.63636363,643.0,22197.0
2025-03-12,Total,전체,3.570773744041071,140365.65526899285,109344845.45454544,779.0,21816.0
2025-03-13,Total,전체,3.2697547683923704,139369.33884297518,91983763.63636363,660.0,20185.0
2025-03-14,Total,전체,3.421937060800489,172652.56358225108,116022522.72727272,672.0,19638.0
2025-03-15,Total,전체,4.44612262236277,163415.97182011194,153937845.45454544,942.0,21187.0
2025-03-16,Total,전체,4.853921280965754,175498.75961689433,203227563.63636363,1158.0,23857.0
2025-03-17,Total,전체,3.3974659784138903,138444.0482169764,100233490.9090909,724.0,21310.0
2025-03-18,Total,전체,2.6900643604183427,127160.76465590482,68031009.09090908,535.0,19888.0
2025-03-19,Total,전체,3.3129459734964324,117210.26573426572,76186672.72727272,650.0,19620.0
2025-03-20,Total,전체,3.1404614343002972,141420.53369516056,85276581.81818181,603.0,19201.0
2025-03-21,Total,전체,3.179571663920923,120842.78850682997,69967974.54545455,579.0,18210.0
2025-03-22,Total,전체,4.471716001264089,159496.7769568476,135412763.63636363,849.0,18986.0
2025-03-23,Total,전체,4.9512617290698735,154404.6374508656,167837840.9090909,1087.0,21954.0
2025-03-24,Total,전체,4.05593110473192,144588.53777501037,126659559.09090908,876.0,21598.0
2025-03-25,Total,전체,3.5876728859185,133974.20910266964,103562063.63636363,773.0,21546.0
2025-03-26,Total,전체,3.8687325570204982,105485.45906829488,84810309.09090908,804.0,20782.0
2025-03-27,Total,전체,3.3488612836438927,138598.62301531542,89673309.09090908,647.0,19320.0
2025-03-28,Total,전체,3.401842664776754,161331.97758838383,92927219.09090908,576.0,16932.0
2025-03-29,Total,전체,4.590145824127265,152125.23356306748,126416069.09090908,831.0,18104.0
2025-03-30,Total,전체,4.952352737865995,166939.61932384662,167440438.18181816,1003.0,20253.0
2025-03-31,Total,전체,3.93600163574094,156242.4911452184,120306718.18181817,770.0,19563.0
2025-04-01,Total,전체,3.313936285629746,136828.98403679652,91949077.27272727,672.0,20278.0
2025-04-02,Total,전체,4.264327839104793,154286.90307328603,130526719.99999999,846.0,19839.0
2025-04-03,Total,전체,3.7498005425243344,175064.75177304962,123420649.99999999,705.0,18801.0
2025-04-04,Total,전체,3.8254528618554313,146812.66538302845,97043171.81818181,661.0,17279.0
2025-04-05,Total,전체,4.409279459210324,149991.31031570054,129142518.18181817,861.0,19527.0
2025-04-06,Total,전체,5.081250920516471,166185.845410628,172002350.0,1035.0,20369.0
2025-04-07,Total,전체,3.4658975915806516,155550.02654280025,106551768.18181817,685.0,19764.0
2025-04-08,Total,전체,3.712124956749543,152654.45224549086,114643493.63636363,751.0,20231.0
2025-04-09,Total,전체,4.188153645958841,136883.9941416466,118952190.9090909,869.0,20749.0
2025-04-10,Total,전체,3.782317267794446,147807.7036184631,105091277.27272727,711.0,18798.0
2025-04-11,Total,전체,3.6756027651323553,154726.80706144008,101191331.81818181,654.0,17793.0
2025-04-12,Total,전체,4.2435048395313295,154884.59565644438,129018868.18181817,833.0,19630.0
2025-04-13,Total,전체,5.096732980470889,159744.3517538862,178434440.9090909,1117.0,21916.0
2025-04-14,Total,전체,3.465468726859851,137096.12924112924,96241482.72727272,702.0,20257.0
2025-04-15,Total,전체,3.517382413087935,139792.580602537,96177295.45454545,688.0,19560.0
2025-04-16,Total,전체,3.7895899211966064,132633.30523780856,100138145.45454545,755.0,19923.0
2025-04-17,Total,전체,3.5956473742311936,162367.3179160021,111059245.45454544,684.0,19023.0
2025-04-18,Total,전체,3.7280817229213836,149542.96353364148,105876418.18181817,708.0,18991.0
2025-04-19,Total,전체,4.255736418905668,142461.81189777964,123656852.72727272,868.0,20396.0
2025-04-20,Total,전체,5.321842654702145,150066.70207922292,179779909.09090906,1198.0,22511.0
2025-04-21,Total,전체,3.900995426419155,140126.4002089864,121909968.18181817,870.0,22302.0
2025-04-22,Total,전체,3.357907253269917,129271.02755601339,91265345.45454545,706.0,21025.0
2025-04-23,Total,전체,4.0512942293991925,123788.97580731109,105591996.36363636,853.0,21055.0
2025-04-24,Total,전체,3.622751482263089,138066.693985626,99546086.36363636,721.0,19902.0
2025-04-25,Total,전체,3.3496507342830424,122203.487087625,74421923.63636363,609.0,18181.0
2025-04-26,Total,전체,4.245382031905962,136145.7871670974,110141941.81818181,809.0,19056.0
2025-04-27,Total,전체,5.338391081093584,154427.24279187014,178209038.18181816,1154.0,21617.0
2025-04-28,Total,전체,3.6686331862574986,146908.11793611792,108712007.27272727,740.0,20171.0
2025-04-29,Total,전체,3.7559168553200246,134305.54545454544,98043048.18181817,730.0,19436.0
2025-04-30,Total,전체,3.9724896836313617,143680.71392596324,103737475.45454545,722.0,18175.0
2025-05-01,Total,전체,5.076789632124088,157918.6075833714,157129014.54545453,995.0,19599.0
2025-05-02,Total,전체,3.570767807585569,123661.09279321713,71599772.72727272,579.0,16215.0
2025-05-03,Total,전체,4.527679335207137,158799.09213593425,117670127.27272727,741.0,16366.0
2025-05-04,Total,전체,4.557379049478373,156711.06243154436,117063163.63636363,747.0,16391.0
2025-05-05,Total,전체,4.433254884790105,153006.78226711557,123935493.63636363,810.0,18271.0
2025-05-06,Total,전체,4.8356667659616726,158952.52006720178,154819754.54545453,974.0,20142.0
2025-05-07,Total,전체,3.325573661456601,169118.2121212121,101470927.27272727,600.0,18042.0
2025-05-08,Total,전체,3.035152900828808,166785.68738229756,88563200.0,531.0,17495.0
2025-05-09,Total,전체,2.668786553858384,143399.53578336557,67397781.81818181,470.0,17611.0
2025-05-10,Total,전체,3.729744575666026,122376.83759539429,83093872.72727272,679.0,18205.0
2025-05-11,Total,전체,4.706918485174675,146169.9962199962,140615536.36363634,962.0,20438.0
2025-05-12,Total,전체,3.2178660938059434,140864.50625869262,101281579.99999999,719.0,22344.0
2025-05-13,Total,전체,2.785624266655078,137933.2009644022,88415181.81818181,641.0,23011.0
2025-05-14,Total,전체,3.611818644931228,144246.09949993587,102270484.54545453,709.0,19630.0
2025-05-15,Total,전체,3.458392101551481,108170.75485688861,66308672.72727272,613.0,17725.0
2025-05-16,Total,전체,3.441636582430806,157305.340114431,89978654.54545453,572.0,16620.0
2025-05-17,Total,전체,3.570996247427672,150780.16949152542,88960300.0,590.0,16522.0
2025-05-18,Total,전체,4.784351972258344,164605.71399155768,145346845.45454544,883.0,18456.0
2025-05-19,Total,전체,2.7658506663692637,131142.50916422287,65046684.54545454,496.0,17933.0
2025-05-20,Total,전체,2.623465440887942,124454.06954156952,58244504.54545454,468.0,17839.0
2025-05-21,Total,전체,3.658087267750934,133948.58992805754,93094269.99999999,695.0,18999.0
2025-05-22,Total,전체,3.5565434843011943,132580.34232954544,84851419.09090908,640.0,17995.0
2025-05-23,Total,전체,3.4338154855962073,131126.34754625906,74086386.36363636,565.0,16454.0
2025-05-24,Total,전체,4.059499822211687,149305.44790975447,102274231.81818181,685.0,16874.0
2025-05-25,Total,전체,4.948814512279212,150595.18854136218,140505310.9090909,933.0,18853.0
2025-05-26,Total,전체,3.6043908033422536,116285.64325068868,76748524.54545453,660.0,18311.0
2025-05-27,Total,전체,3.133950209297202,129499.76034510303,73685363.63636363,569.0,18156.0
2025-05-28,Total,전체,3.4286043563443585,117877.36440030557,70137031.81818181,595.0,17354.0
2025-05-29,Total,전체,3.345070422535211,113650.77172403148,66940304.54545454,589.0,17608.0
2025-05-30,Total,전체,3.234518276598417,102152.72727272726,52608654.54545454,515.0,15922.0
2025-05-31,Total,전체,3.7005632608563985,151958.26513911618,92846499.99999999,611.0,16511.0
2025-06-01,Total,전체,4.666288132968564,144482.2304907482,130611936.36363636,904.0,19373.0
2025-06-02,Total,전체,3.357588953188564,131339.9162271176,76965190.9090909,586.0,17453.0
2025-06-03,Total,전체,5.262376237623762,164134.5779526212,174475056.36363634,1063.0,20200.0
2025-06-04,Total,전체,3.8012159661644196,150435.66822607158,108163245.45454545,719.0,18915.0
2025-06-05,Total,전체,3.5543322163714697,133121.3804713805,79074100.0,594.0,16712.0
2025-06-06,Total,전체,5.040736181935408,141505.9196617336,121695090.9090909,860.0,17061.0
2025-06-07,Total,전체,3.982496953583693,124198.6850423568,89298854.54545453,719.0,18054.0
2025-06-08,Total,전체,4.932321575061526,139782.87658287655,134471127.27272725,962.0,19504.0
2025-06-09,Total,전체,3.2985247803746063,134887.58946246383,80527890.9090909,597.0,18099.0
2025-06-10,Total,전체,3.3256083429895713,124307.79537535635,71352674.54545455,574.0,17260.0
2025-06-11,Total,전체,3.406312197895934,111766.41371983608,66948081.81818181,599.0,17585.0
2025-06-12,Total,전체,3.977272727272727,136549.35335497835,91761165.45454545,672.0,16896.0
2025-06-13,Total,전체,3.785127126744409,133574.85460667277,79343463.63636363,594.0,15693.0
2025-06-14,Total,전체,4.236600736257565,134896.8001071094,91594927.27272727,679.0,16027.0
2025-06-15,Total,전체,5.237785722023617,147318.87938328474,142457356.36363634,967.0,18462.0
2025-06-16,Total,전체,3.975297109346619,122607.45312129123,93917309.09090908,766.0,19269.0
2025-06-17,Total,전체,3.3312447786131996,107290.96608720433,68451636.36363636,638.0,19152.0
2025-06-18,Total,전체,4.888216969030603,120983.87833347532,129089798.18181817,1067.0,21828.0
2025-06-19,Total,전체,4.419131993882824,131873.74701670642,110510199.99999999,838.0,18963.0
2025-06-20,Total,전체,4.042459575404246,133086.827458256,97818818.18181817,735.0,18182.0
2025-06-21,Total,전체,4.712378705838203,139057.28617230323,122231354.54545453,879.0,18653.0
2025-06-22,Total,전체,5.884747602677764,135777.29159387882,176646256.36363634,1301.0,22108.0
2025-06-23,Total,전체,3.4928914800040913,109084.7251430853,74504867.27272727,683.0,19554.0
2025-06-24,Total,전체,3.1350571523693262,136161.35961383747,76931168.18181817,565.0,18022.0
2025-06-25,Total,전체,3.422140560404226,125177.12782184257,74605568.18181817,596.0,17416.0
2025-06-26,Total,전체,4.000236002124019,116891.63314561543,79252527.27272727,678.0,16949.0
2025-06-27,Total,전체,5.062353376960119,125378.03436807095,102809988.18181817,820.0,16198.0
2025-06-28,Total,전체,5.431940974844594,128786.37822070975,120415263.63636363,935.0,17213.0
2025-06-29,Total,전체,6.201631457854005,134368.18181818182,159360663.63636363,1186.0,19124.0
2025-06-30,Total,전체,4.2046917865741005,118997.4034620506,89367050.0,751.0,17861.0
2025-07-01,Total,전체,3.8384058365546903,117020.81237911024,82499672.72727272,705.0,18367.0
2025-07-02,Total,전체,4.0678941311852705,120150.98366979555,84946745.45454545,707.0,17380.0
2025-07-03,Total,전체,3.881099945845117,115672.63847780126,74608851.81818181,645.0,16619.0
2025-07-04,Total,전체,4.428738166255998,126783.00279515506,86592790.9090909,683.0,15422.0
2025-07-05,Total,전체,5.365538316878232,132147.2269242258,120650418.18181817,913.0,17016.0
2025-07-06,Total,전체,6.125282863608311,140914.86146095718,167829600.0,1191.0,19444.0
2025-07-07,Total,전체,4.05449591280654,126879.6725317693,94398476.36363636,744.0,18350.0
2025-07-08,Total,전체,4.3799364037337165,151591.2955077709,129458966.36363636,854.0,19498.0
2025-07-09,Total,전체,4.697132791858303,133006.17234848483,127685925.45454544,960.0,20438.0
2025-07-10,Total,전체,4.159343878148799,139482.92748224887,108936166.36363636,781.0,18777.0
2025-07-11,Total,전체,3.8713833899496306,122271.34369412734,80821358.18181817,661.0,17074.0
2025-07-12,Total,전체,4.775296698351989,131819.71838526608,111914940.9090909,849.0,17779.0
2025-07-13,Total,전체,6.116708433488467,140532.9773487382,168077440.9090909,1196.0,19553.0
2025-07-14,Total,전체,3.3049574361542313,114895.82185491275,68248118.18181817,594.0,17973.0
2025-07-15,Total,전체,3.517331366653429,131865.01466275658,81756309.09090908,620.0,17627.0
2025-07-16,Total,전체,4.462846662591008,110083.7122155553,88397220.9090909,803.0,17993.0
2025-07-17,Total,전체,3.7680110930246578,135064.6545454545,84415409.09090908,625.0,16587.0
2025-07-18,Total,전체,3.8425256273190365,147261.83008480878,89976978.18181817,611.0,15901.0
2025-07-19,Total,전체,4.675324675324675,166698.19985569984,126023839.09090908,756.0,16170.0
2025-07-20,Total,전체,5.9226601508552,138298.9131675499,154203288.18181816,1115.0,18826.0
2025-07-21,Total,전체,3.9336675665252603,107559.85485103131,76797736.36363636,714.0,18151.0
2025-07-22,Total,전체,4.117125110913931,123029.07523510972,85628236.36363636,696.0,16905.0
2025-07-23,Total,전체,4.152371938956583,120091.40766640766,84304168.18181817,702.0,16906.0
2025-07-24,Total,전체,3.7545035079957016,116466.83501683502,69181300.0,594.0,15821.0
2025-07-25,Total,전체,4.229057061918252,106149.81876178048,66555936.36363636,627.0,14826.0
2025-07-26,Total,전체,4.437963608698409,113634.94805194804,79544463.63636363,700.0,15773.0
2025-07-27,Total,전체,6.160724021371715,135210.7642799678,152788163.63636363,1130.0,18342.0
2025-07-28,Total,전체,3.760208711433757,113864.65103523925,75492263.63636363,663.0,17632.0
2025-07-29,Total,전체,3.4560037744751124,121604.01489295685,71259952.72727272,586.0,16956.0
2025-07-30,Total,전체,3.8685776752095222,120022.44897959183,76454300.0,637.0,16466.0
2025-07-31,Total,전체,3.463807650827888,121852.1928071928,66531297.272727266,546.0,15763.0
2025-08-01,Total,전체,4.674467820241504,136477.2509381431,102494415.45454545,751.0,16066.0
2025-08-02,Total,전체,5.433840821883897,136759.2814247256,120074649.09090908,878.0,16158.0
2025-08-03,Total,전체,5.53439268611232,151320.67578439257,153893127.27272725,1017.0,18376.0
2025-08-04,Total,전체,4.109744990892532,140389.40695039032,101361151.81818181,722.0,17568.0
2025-08-05,Total,전체,4.514857987194221,142536.66556473827,117592749.09090908,825.0,18273.0
2025-08-06,Total,전체,4.48301565328506,153734.5713668754,129444509.09090908,842.0,18782.0
2025-08-07,Total,전체,3.7160104114747745,151948.79555615768,101957641.81818181,671.0,18057.0
2025-08-08,Total,전체,3.944855574122702,130192.66950900837,86057354.54545453,661.0,16756.0
2025-08-09,Total,전체,4.3699128326502334,140374.1227332773,106263210.9090909,757.0,17323.0
2025-08-10,Total,전체,5.549965577503575,142482.9285218598,149322109.0909091,1048.0,18883.0
2025-08-11,Total,전체,3.068981166326299,126592.09376575364,68486322.72727272,541.0,17628.0
2025-08-12,Total,전체,3.1590936338568514,142115.761600828,74895006.36363636,527.0,16682.0
2025-08-13,Total,전체,4.059803805696726,129513.47757046446,88975759.09090908,687.0,16922.0
2025-08-14,Total,전체,3.7623231171618268,149688.65661967266,83975336.36363636,561.0,14911.0
2025-08-15,Total,전체,5.258192339140826,152619.35624184427,127589781.81818181,836.0,15899.0
2025-08-16,Total,전체,4.285289747399703,145440.9784390367,104862945.45454545,721.0,16825.0
2025-08-17,Total,전체,5.518849591916052,159187.41174318636,158232287.27272725,994.0,18011.0
2025-08-18,Total,전체,3.289885593943878,130430.87448883297,75389045.45454545,578.0,17569.0
2025-08-19,Total,전체,2.7186761229314422,135658.18181818182,62402763.63636363,460.0,16920.0
2025-08-20,Total,전체,3.0000604850904256,117480.02199413489,58270090.90909091,496.0,16533.0
2025-08-21,Total,전체,2.957623959239468,104702.9984721161,49838627.272727266,476.0,16094.0
2025-08-22,Total,전체,2.83111606265155,145459.9116161616,62838681.81818181,432.0,15259.0
2025-08-23,Total,전체,4.2306252339947585,143708.22204344327,97434174.54545453,678.0,16026.0
2025-08-24,Total,전체,4.876511374706321,157228.0151693195,133801040.90909089,851.0,17451.0
2025-08-25,Total,전체,3.336153753172973,154165.25032938074,85099218.18181817,552.0,16546.0
2025-08-26,Total,전체,3.0907691396767127,142160.4667363288,74207763.63636363,522.0,16889.0
2025-08-27,Total,전체,2.919143876337693,148597.8152194038,72961527.27272727,491.0,16820.0
2025-08-28,Total,전체,3.451844636551808,134524.77473144137,76275547.27272727,567.0,16426.0
2025-08-29,Total,전체,3.4689634689634685,145716.37608966374,85098363.63636363,584.0,16835.0
2025-08-30,Total,전체,3.8701478743068387,173464.34192672998,116221109.09090908,670.0,17312.0
2025-08-31,Total,전체,4.392613151152861,165885.0878161935,136523427.27272725,823.0,18736.0
2025-09-01,Total,전체,4.473102034209249,159533.49051431078,132253263.63636363,829.0,18533.0
2025-09-02,Total,전체,3.9091723302249615,137565.1678510169,102073354.54545453,742.0,18981.0
2025-09-03,Total,전체,3.758949880668258,118587.34094188639,82181027.27272727,693.0,18436.0
2025-09-04,Total,전체,3.9750365455976615,135962.31194548024,96125354.54545453,707.0,17786.0
2025-09-05,Total,전체,3.7535919540229883,178670.49441786282,112026399.99999999,627.0,16704.0
2025-09-06,Total,전체,4.13780960206597,163932.85622179238,115572663.63636363,705.0,17038.0
2025-09-07,Total,전체,5.570572958074946,168040.76636969118,176610845.45454544,1051.0,18867.0
2025-09-08,Total,전체,3.084255505642599,129227.5956725335,72755136.36363636,563.0,18254.0
2025-09-09,Total,전체,3.6127636560302863,149666.34458356013,99977118.18181817,668.0,18490.0
2025-09-10,Total,전체,3.903526318797508,153699.09490216957,104976481.81818181,683.0,17497.0
2025-09-11,Total,전체,3.6233122543155014,177599.56832475698,112953325.45454544,636.0,17553.0
2025-09-12,Total,전체,3.6335198219334655,149812.58278145696,90486800.0,604.0,16623.0
2025-09-13,Total,전체,4.455897353304343,190944.1292442497,158483627.27272725,830.0,18627.0
2025-09-14,Total,전체,5.569974046715911,188802.73704789832,210703854.54545453,1116.0,20036.0
2025-09-15,Total,전체,3.250682804048626,165095.2224052718,100212799.99999999,607.0,18673.0
2025-09-16,Total,전체,3.0086662669646262,157372.00592885373,86869347.27272727,552.0,18347.0
2025-09-17,Total,전체,3.4687062372077992,202542.7865612648,130437554.54545453,644.0,18566.0
2025-09-18,Total,전체,3.0864554982917367,129416.93672181475,68979227.27272727,533.0,17269.0
2025-09-19,Total,전체,3.4343434343434343,181583.1391819627,114215794.54545453,629.0,18315.0
2025-09-20,Total,전체,4.0435615609559346,187878.97302199044,150678936.36363634,802.0,19834.0
2025-09-21,Total,전체,5.383775918515824,192650.2503071253,228097896.36363634,1184.0,21992.0
2025-09-22,Total,전체,3.474169478636947,174884.00696430792,127840209.09090908,731.0,21041.0
2025-09-23,Total,전체,3.6361009439414373,164964.05298013243,124547859.99999999,755.0,20764.0
2025-09-24,Total,전체,3.581110001426737,158814.70481709525,119587472.72727272,753.0,21027.0
2025-09-25,Total,전체,3.9211822660098523,211223.33257195065,168133772.72727272,796.0,20300.0
2025-09-26,Total,전체,3.330120997965521,164794.3145279158,102502063.63636363,622.0,18678.0
2025-09-27,Total,전체,3.8649196864207007,207786.45519019986,146489450.9090909,705.0,18241.0
2025-09-28,Total,전체,4.785448607457135,190341.24170616112,200810009.99999997,1055.0,22046.0
2025-09-29,Total,전체,2.918997810751642,146544.99393939393,87926996.36363636,600.0,20555.0
2025-09-30,Total,전체,3.440082086731112,174009.74168688452,110844205.45454544,637.0,18517.0
2025-10-01,Total,전체,3.3770101250744493,178758.9385922719,101356318.18181817,567.0,16790.0
2025-10-02,Total,전체,2.6760373023381536,189591.7584940312,75078336.36363636,396.0,14798.0
2025-10-03,Total,전체,3.714042966379415,194668.86512180627,119137345.45454544,612.0,16478.0
2025-10-04,Total,전체,4.0982571356403135,217290.3207732175,141021418.18181816,649.0,15836.0
2025-10-05,Total,전체,3.830605076545828,214065.80685750235,123730036.36363636,578.0,15089.0
2025-10-06,Total,전체,3.4233548877900346,212479.68013468012,114739027.27272727,540.0,15774.0
2025-10-07,Total,전체,3.942032120261721,204658.5110362888,149196054.54545453,729.0,18493.0
2025-10-08,Total,전체,3.947112580206105,191368.20420958352,155390981.8181818,812.0,20572.0
2025-10-09,Total,전체,3.646781859370142,249565.24194441366,204893063.63636363,821.0,22513.0
2025-10-10,Total,전체,3.359173126614987,201478.2357992884,149295372.72727272,741.0,22059.0
2025-10-11,Total,전체,3.652347290193946,189558.02616738097,152783769.09090906,806.0,22068.0
2025-10-12,Total,전체,4.556118039264106,211256.54594727763,233860996.36363634,1107.0,24297.0
2025-10-13,Total,전체,2.450918568966242,172756.5491969437,100717068.18181817,583.0,23787.0
2025-10-14,Total,전체,2.8307336799537843,248575.1676894534,158342381.8181818,637.0,22503.0
2025-10-15,Total,전체,3.45535877305094,176914.6475321244,133924388.18181817,757.0,21908.0
2025-10-16,Total,전체,3.4452378744319763,210676.02716260855,156532288.18181816,743.0,21566.0
2025-10-17,Total,전체,3.4061476811806677,216848.8065736272,151143618.18181816,697.0,20463.0
2025-10-18,Total,전체,4.283754480683276,226602.05672426743,219350790.90909088,968.0,22597.0
2025-10-19,Total,전체,5.169792194627471,214317.70190593717,284185272.7272727,1326.0,25649.0
2025-10-20,Total,전체,3.78953613407987,181483.02615193024,185475652.72727272,1022.0,26969.0
2025-10-21,Total,전체,3.458290343536245,211895.961828227,191765845.45454544,905.0,26169.0
2025-10-22,Total,전체,3.2511210762331837,195038.02832126257,164026981.8181818,841.0,25868.0
2025-10-23,Total,전체,3.079905233685117,200601.263827082,143429903.63636363,715.0,23215.0
2025-10-24,Total,전체,2.7784263366798974,209282.2765469824,124522954.54545453,595.0,21415.0
2025-10-25,Total,전체,3.2463310421697935,226334.15658733252,158207575.45454544,699.0,21532.0
2025-10-26,Total,전체,4.394187954066089,230168.33212121212,258939373.63636363,1125.0,25602.0
2025-10-27,Total,전체,2.9859795377036757,186998.45408398708,147354781.8181818,788.0,26390.0
2025-10-28,Total,전체,2.6557825139437816,152983.3986597547,109995063.63636363,719.0,27073.0
2025-10-29,Total,전체,2.976240100041684,177164.5785586962,126495509.09090908,714.0,23990.0
2025-10-30,Total,전체,2.6385725132877753,183346.0104643558,101940381.81818181,556.0,21072.0
2025-10-31,Total,전체,2.8879537085744347,219816.90677264446,120679481.81818181,549.0,19010.0
2025-11-01,Total,전체,4.01960322322228,227219.08771181924,193817881.8181818,853.0,21221.0
2025-11-02,Total,전체,4.492612315307882,241126.09652451053,288869063.6363636,1198.0,26666.0
2025-11-03,Total,전체,2.8144767395307873,177188.9176257597,124563809.09090908,703.0,24978.0
2025-11-04,Total,전체,2.4461882425145762,197965.23297491038,110464599.99999999,558.0,22811.0
2025-11-05,Total,전체,2.2782267269323837,216307.54235744214,107937463.63636363,499.0,21903.0
2025-11-06,Total,전체,2.474187562449446,243599.4685314685,126671723.63636363,520.0,21017.0
2025-11-07,Total,전체,2.065501511967608,239386.80351906156,96472881.81818181,403.0,19511.0
2025-11-08,Total,전체,3.0698675651644907,258505.59866962305,169579672.72727272,656.0,21369.0
2025-11-09,Total,전체,4.316249896839151,247093.229619329,258459518.18181816,1046.0,24234.0
2025-11-10,Total,전체,2.677921076310039,235141.0909090909,146963181.8181818,625.0,23339.0
2025-11-11,Total,전체,2.8181152238548712,242133.9032527106,158355572.72727272,654.0,23207.0
2025-11-12,Total,전체,2.989438771056996,217841.39349701392,149221354.54545453,685.0,22914.0
2025-11-13,Total,전체,3.2168583061160576,216722.16462258185,155823236.36363634,719.0,22351.0
2025-11-14,Total,전체,2.6462588170208843,207840.18055115614,119300263.63636363,574.0,21691.0
2025-11-15,Total,전체,3.668130259787779,242227.43142144635,194266399.99999997,802.0,21864.0
2025-11-16,Total,전체,3.949563530552861,267063.1452045008,271870281.8181818,1018.0,25775.0
2025-11-17,Total,전체,2.695666105904029,163579.77846818857,110089190.9090909,673.0,24966.0
2025-11-18,Total,전체,2.816956133193457,196001.6514106583,142101197.27272725,725.0,25737.0
2025-11-19,Total,전체,2.3291992567304782,196781.49772305615,106065227.27272727,539.0,23141.0
2025-11-20,Total,전체,2.3618992191667876,272042.2437931678,132484572.72727272,487.0,20619.0
2025-11-21,Total,전체,2.215598609041232,212266.89767631472,94671036.36363636,446.0,20130.0
2025-11-22,Total,전체,3.28416365154467,258303.77503852078,182879072.72727272,708.0,21558.0
2025-11-23,Total,전체,4.113848361635973,285963.71564482024,295114554.5454545,1032.0,25086.0
2025-11-24,Total,전체,2.642929634641407,219624.9018181818,137265563.63636363,625.0,23648.0
2025-11-25,Total,전체,3.068592057761733,215729.36201964927,157698163.63636363,731.0,23822.0
2025-11-26,Total,전체,2.8033675673293077,199031.26786735276,126583886.36363636,636.0,22687.0
2025-11-27,Total,전체,3.295681063122924,241197.36803519062,179450841.8181818,744.0,22575.0
2025-11-28,Total,전체,2.0806551445031665,236902.22592053254,103526272.72727272,437.0,21003.0
2025-11-29,Total,전체,3.2068186099077036,249834.21439060205,170137100.0,681.0,21236.0
2025-11-30,Total,전체,3.8303330532088995,264637.25593113585,229175863.63636363,866.0,22609.0
2025-12-01,Total,전체,2.7904101726345534,191506.9332566168,121032381.81818181,632.0,22649.0
2025-12-02,Total,전체,2.7885805197100937,185645.55539547614,117142345.45454544,631.0,22628.0
2025-12-03,Total,전체,2.7509106896118576,208182.302476823,136775772.72727272,657.0,23883.0
2025-12-04,Total,전체,3.08542171921315,187898.5576286886,129086309.09090908,687.0,22266.0
2025-12-05,Total,전체,2.8170391744510197,231633.538510101,133420918.18181817,576.0,20447.0
2025-12-06,Total,전체,3.462914381111376,277763.51114450285,201656309.09090906,726.0,20965.0
2025-12-07,Total,전체,4.439846545109703,280808.5207413945,289232776.3636363,1030.0,23199.0
2025-12-08,Total,전체,2.9048522133308663,218377.106253619,137140822.72727272,628.0,21619.0
2025-12-09,Total,전체,2.7633304689973315,237570.81089123638,145155765.45454544,611.0,22111.0
2025-12-10,Total,전체,3.146734108263217,241502.40269776588,156252054.54545453,647.0,20561.0
2025-12-11,Total,전체,2.985426590576805,252123.66795921297,159594281.8181818,633.0,21203.0
2025-12-12,Total,전체,2.38669356822991,195069.95313964385,94608927.27272727,485.0,20321.0
2025-12-13,Total,전체,3.1671715780776646,249807.77470355728,172367364.54545453,690.0,21786.0
2025-12-14,Total,전체,4.423630539674816,305206.76610282477,332980581.8181818,1091.0,24663.0
2025-12-15,Total,전체,2.9879687982019303,229351.85036202733,155500554.54545453,678.0,22691.0
2025-12-16,Total,전체,2.4630541871921183,183344.68046804678,92589063.63636363,505.0,20503.0
2025-12-17,Total,전체,2.6004847505554434,222308.0317740512,114488636.36363636,515.0,19804.0
2025-12-18,Total,전체,3.018337209931303,236553.30726621047,131996745.45454544,558.0,18487.0
2025-12-19,Total,전체,3.0956296992481205,243305.761600828,128222136.36363636,527.0,17024.0
2025-12-20,Total,전체,3.2256222881936516,233865.2453740949,132133863.63636363,565.0,17516.0
2025-12-21,Total,전체,4.671271679173086,258500.82205029012,242990772.72727272,940.0,20123.0
2025-12-22,Total,전체,3.5511292188521706,281572.45042492915,198790149.99999997,706.0,19881.0
2025-12-23,Total,전체,2.484268125854993,166645.91509811775,75657245.45454545,454.0,18275.0
2025-12-24,Total,전체,2.3572744014732963,168997.7746212121,64895145.454545446,384.0,16290.0
2025-12-25,Total,전체,4.057233398953282,258866.61646046257,218742290.90909088,845.0,20827.0
2025-12-26,Total,전체,2.5722529219032717,186407.93294158313,98050572.72727272,526.0,20449.0
2025-12-27,Total,전체,3.1830482043755444,229568.48310191245,159320527.27272725,694.0,21803.0
2025-12-28,Total,전체,4.217781438293814,256189.52630103705,249272409.09090906,973.0,23069.0
2025-12-29,Total,전체,2.3521932612841705,218583.32073332072,105138577.27272727,481.0,20449.0
2025-12-30,Total,전체,2.680367531125972,229108.85118937856,112950663.63636363,493.0,18393.0
2025-12-31,Total,전체,2.357125632987702,220909.53266682164,86375627.27272727,391.0,16588.0
2026-01-01,Total,전체,4.647759386354461,252025.92439048464,232115876.36363634,921.0,19816.0
2026-01-02,Total,전체,2.5528498795825527,196121.55517438534,93549981.81818181,477.0,18685.0
2026-01-03,Total,전체,2.9705381056732407,217651.0983606557,132767169.99999999,610.0,20535.0
2026-01-04,Total,전체,3.907645587709897,226243.98649350647,197963488.18181816,875.0,22392.0
2026-01-05,Total,전체,2.7741514360313317,198364.20142602493,101165742.72727272,510.0,18384.0
2026-01-06,Total,전체,2.7031472749204957,167992.12612944862,82820118.18181817,493.0,18238.0
2026-01-07,Total,전체,3.0241381206356186,205190.0776859504,112854542.72727272,550.0,18187.0
2026-01-08,Total,전체,2.42009657392504,181043.98186136901,76219516.36363636,421.0,17396.0
2026-01-09,Total,전체,2.8122020972354624,213316.4291217257,100685354.54545453,472.0,16784.0
2026-01-10,Total,전체,3.9936995071388646,245717.9389312977,193134299.99999997,786.0,19681.0
2026-01-11,Total,전체,4.641442069055602,250680.3939962476,267225299.99999997,1066.0,22967.0
2026-01-12,Total,전체,2.621969773810731,214216.98610866888,110750181.81818181,517.0,19718.0
2026-01-13,Total,전체,3.007977236929018,249612.371007371,147770523.63636363,592.0,19681.0
2026-01-14,Total,전체,2.97196725378318,207495.03111246013,124289523.63636363,599.0,20155.0
2026-01-15,Total,전체,2.3910066194932664,133736.79106096766,56035715.45454545,419.0,17524.0
2026-01-16,Total,전체,2.8736309033093863,197801.14008941877,96526956.36363636,488.0,16982.0
2026-01-17,Total,전체,3.4119880661784645,201987.88842318254,127050381.81818181,629.0,18435.0
2026-01-18,Total,전체,4.420724032022557,238405.9950300269,209320463.63636363,878.0,19861.0
2026-01-19,Total,전체,2.769004000842283,237897.42136190803,125134043.63636363,526.0,18996.0
2026-01-20,Total,전체,2.6426887439004334,173353.52697095435,83556400.0,482.0,18239.0
2026-01-21,Total,전체,3.1789531378459848,209568.6238244514,121549801.81818181,580.0,18245.0
2026-01-22,Total,전체,3.197822758972614,223196.36847195358,125882751.81818181,564.0,17637.0
2026-01-23,Total,전체,3.283546704599336,216959.3157203807,120195460.9090909,554.0,16872.0
2026-01-24,Total,전체,3.7702625718576828,217084.98251748248,158037867.27272725,728.0,19309.0
2026-01-25,Total,전체,4.448515595640737,269695.75117596233,255401876.36363634,947.0,21288.0
2026-01-26,Total,전체,3.0986845726236996,215148.28193121264,121128482.72727272,563.0,18169.0
2026-01-27,Total,전체,2.8474767409078097,191102.79567956793,96506911.81818181,505.0,17735.0
2026-01-28,Total,전체,2.669789227166276,203459.42583732057,92777498.18181817,456.0,17080.0
2026-01-29,Total,전체,2.49164387724096,220375.32150776053,90353881.81818181,410.0,16455.0
2026-01-30,Total,전체,2.8090244677470606,227359.76964212256,100493018.18181817,442.0,15735.0
2026-01-31,Total,전체,3.3756972798895855,208243.5264054514,122238949.99999999,587.0,17389.0
2026-02-01,Total,전체,4.847186080922496,243491.90430622007,231317309.09090906,950.0,19599.0
2026-02-02,Total,전체,2.8001191540065538,159859.10251450675,75133778.18181817,470.0,16785.0
2026-02-03,Total,전체,3.1104921077065923,206889.83887381273,110892953.63636363,536.0,17232.0
2026-02-04,Total,전체,3.10244470314319,243222.30939791913,129637490.90909089,533.0,17180.0
2026-02-05,Total,전체,3.1667279186573563,144908.77439774925,74917836.36363636,517.0,16326.0
2026-02-06,Total,전체,2.8820856254484575,206827.61599396454,99690910.9090909,482.0,16724.0
2026-02-07,Total,전체,3.8821600465436084,200897.75823631408,147458954.54545453,734.0,18907.0
2026-02-08,Total,전체,4.854640327991055,211403.4034199965,220282346.36363634,1042.0,21464.0
2026-02-09,Total,전체,3.144021890880661,149556.56224769898,84200344.54545453,563.0,17907.0
2026-02-10,Total,전체,2.861035422343324,155208.83305100695,74965866.36363636,483.0,16882.0
2026-02-11,Total,전체,3.6843078060501506,173715.8604439039,103882084.54545453,598.0,16231.0
2026-02-12,Total,전체,3.276141146001942,154439.0765361121,78146172.72727272,506.0,15445.0
2026-02-13,Total,전체,2.638357117995127,192911.7270328616,73113544.54545455,379.0,14365.0
2026-02-14,Total,전체,3.2729805013927575,212247.7070511693,109732064.54545453,517.0,15796.0
2026-02-15,Total,전체,3.79117845530949,238628.3730508973,147472334.54545453,618.0,16301.0
2026-02-16,Total,전체,4.022360727366189,231865.65495207667,145147900.0,626.0,15563.0
2026-02-17,Total,전체,3.3258426966292136,182225.50017550014,94392809.09090908,518.0,15575.0
2026-02-18,Total,전체,4.031141042174141,194312.54523912104,163999788.18181816,844.0,20937.0
2026-02-19,Total,전체,2.8747534516765283,143675.14891626383,83762611.81818181,583.0,20280.0
2026-02-20,Total,전체,3.5593314453884166,203172.70741738757,130233705.45454544,641.0,18009.0
2026-02-21,Total,전체,4.02840168091581,199331.54676258992,166242510.0,834.0,20703.0
2026-02-22,Total,전체,4.979179587135643,218721.3870915561,245842839.09090906,1124.0,22574.0
2026-02-23,Total,전체,2.7843820996460082,166280.69863722613,87629928.18181817,527.0,18927.0
2026-02-24,Total,전체,2.411873840445269,125943.82969971203,55667172.72727272,442.0,18326.0
2026-02-25,Total,전체,2.5552374263951165,172272.90024985585,81485081.81818181,473.0,18511.0
2026-02-26,Total,전체,3.339279741331252,191653.2554257095,114800299.99999999,599.0,17938.0
2026-02-27,Total,전체,3.1516587677725116,201584.17122351332,107242779.09090908,532.0,16880.0
2026-02-28,Total,전체,4.417293233082707,199528.97281889443,178179372.72727272,893.0,20216.0
2026-03-01,Total,전체,4.517568321249303,212288.06440473106,223539331.8181818,1053.0,23309.0
2026-03-02,Total,전체,4.263972160496415,215635.23732904263,219301036.36363634,1017.0,23851.0
2026-03-03,Total,전체,3.3217808584377497,172792.77688603528,107649899.99999999,623.0,18755.0
2026-03-04,Total,전체,3.2907246989224594,199883.17525171457,124527218.18181817,623.0,18932.0
2026-03-05,Total,전체,3.2193896246662828,156155.59497413156,96035690.9090909,615.0,19103.0
2026-03-06,Total,전체,3.436807095343681,205850.54985337242,127627340.90909089,620.0,18040.0
2026-03-07,Total,전체,4.762817441303306,208478.65374062557,207227781.8181818,994.0,20870.0
2026-03-08,Total,전체,5.419756878922192,233683.1652557968,288598709.09090906,1235.0,22787.0
2026-03-09,Total,전체,2.9495916350205484,170675.3567420234,96772927.27272727,567.0,19223.0
2026-03-10,Total,전체,2.73957769355712,164715.40603665108,83345995.45454545,506.0,18470.0
2026-03-11,Total,전체,3.346797461050202,128185.01709888857,81782040.9090909,638.0,19063.0
2026-03-12,Total,전체,3.5419569178008787,154805.17122816667,102326218.18181817,661.0,18662.0
2026-03-13,Total,전체,3.6325982312772864,182104.41798571227,118185767.27272727,649.0,17866.0
2026-03-14,Total,전체,4.367477278309997,200819.55210144186,178528581.8181818,889.0,20355.0
2026-03-15,Total,전체,5.094250097053876,205084.5777846201,242204886.36363634,1181.0,23183.0
2026-03-16,Total,전체,3.2722198161782394,151561.03609625666,103061504.54545453,680.0,20781.0
2026-03-17,Total,전체,3.072957969865186,173748.9662756598,107724359.09090908,620.0,20176.0
2026-03-18,Total,전체,4.003662817316987,152888.67968118287,120323390.9090909,787.0,19657.0
2026-03-19,Total,전체,3.5019664888745217,144216.16783216782,93740509.09090908,650.0,18561.0
2026-03-20,Total,전체,3.123587889742431,163304.17557126415,90307209.09090908,553.0,17704.0
2026-03-21,Total,전체,4.367082088783603,167582.98670668952,142110372.72727272,848.0,19418.0
2026-03-22,Total,전체,5.356596265687175,191887.79962894248,235062554.54545453,1225.0,22869.0
2026-03-23,Total,전체,3.0073274984734377,166460.80602984157,98378336.36363636,591.0,19652.0
2026-03-24,Total,전체,2.9633018196604657,165250.89661624824,96341272.72727272,583.0,19674.0
2026-03-25,Total,전체,3.5584415584415585,164221.1413404114,112491481.81818181,685.0,19250.0
2026-03-26,Total,전체,3.5234713128398627,170112.31209735145,108021318.18181817,635.0,18022.0
2026-03-27,Total,전체,3.058775468518613,165568.2652906359,99175390.9090909,599.0,19583.0
2026-03-28,Total,전체,4.299514490214725,199615.77944756058,171469954.54545453,859.0,19979.0
2026-03-29,Total,전체,5.31448510333721,199032.28114478113,236450349.99999997,1188.0,22354.0
2026-03-30,Total,전체,3.2200721214891566,163529.2515055922,103677545.45454545,634.0,19689.0
2026-03-31,Total,전체,2.9433924355818974,164327.13310580203,96295699.99999999,586.0,19909.0
2026-04-01,Total,전체,3.333503496860483,151418.90574968676,98876545.45454545,653.0,19589.0
2026-04-02,Total,전체,2.9521971159305096,142194.7727272727,73941281.81818181,520.0,17614.0
2026-04-03,Total,전체,3.116531165311653,177679.4825727632,89905818.18181817,506.0,16236.0
2026-04-04,Total,전체,4.467295058554699,181948.36084631478,142283618.18181816,782.0,17505.0
2026-04-05,Total,전체,5.76963906581741,195552.11173371246,212565145.45454544,1087.0,18840.0
2026-04-06,Total,전체,2.236288676966643,155237.3759945827,83362470.9090909,537.0,24013.0
2026-04-07,Total,전체,4.367245657568239,172208.68916437097,136389281.8181818,792.0,18135.0
2026-04-08,Total,전체,3.088418430884184,195818.4445259042,145688922.72727272,744.0,24090.0
2026-04-09,Total,전체,2.508814754542989,175144.06224406222,97204954.54545453,555.0,22122.0
2026-04-10,Total,전체,3.345435684647303,181405.95489781536,93605472.72727272,516.0,15424.0
2026-04-11,Total,전체,4.151144225651943,174881.10593110594,122766536.36363636,702.0,16911.0
2026-04-12,Total,전체,5.4945054945054945,177955.4632867133,185073681.8181818,1040.0,18928.0
2026-04-13,Total,전체,3.9519732945673827,162571.67203368837,119327607.27272727,734.0,18573.0
2026-04-14,Total,전체,3.6016031195840554,132632.05741626793,88200318.18181817,665.0,18464.0
2026-04-15,Total,전체,3.7502111605383184,130904.68195468195,87182518.18181817,666.0,17759.0
2026-04-16,Total,전체,3.587600139324277,153734.37628714327,95007844.54545453,618.0,17226.0
2026-04-17,Total,전체,3.659233847913093,137503.31439393936,79201909.09090908,576.0,15741.0
2026-04-18,Total,전체,4.763544536271809,164466.05038335157,136506821.8181818,830.0,17424.0
2026-04-19,Total,전체,5.439013294242531,173637.90131801282,186834381.8181818,1076.0,19783.0
2026-04-20,Total,전체,3.283898305084746,150770.02623861708,88803545.45454545,589.0,17936.0
2026-04-21,Total,전체,2.8093452552639167,161917.24845995894,78853700.0,487.0,17335.0
2026-04-22,Total,전체,3.777050685953734,153218.81597126278,100817980.9090909,658.0,17421.0
2026-04-23,Total,전체,2.5893675527039415,165853.5478680611,93707254.54545453,565.0,21820.0
2026-04-24,Total,전체,3.2152554924709946,174991.10102948872,91170363.63636363,521.0,16204.0
2026-04-25,Total,전체,4.678812256003786,190684.85231582573,150831718.18181816,791.0,16906.0
2026-04-26,Total,전체,5.571585960862494,180733.93254579694,191939436.36363634,1062.0,19061.0
2026-04-27,Total,전체,3.3570701932858595,161774.60317460317,112109799.99999999,693.0,20643.0
2026-04-28,Total,전체,2.6998289491932876,179606.61581569113,104890263.63636363,584.0,21631.0
2026-04-29,Total,전체,2.701237690848315,166227.68318637882,99404154.54545453,598.0,22138.0
2026-04-30,Total,전체,2.5229126800282002,152038.99473779713,76171536.36363636,501.0,19858.0
2026-05-01,Total,전체,4.750251907298114,164038.21854912763,162397836.36363634,990.0,20841.0
2026-05-02,Total,전체,3.953864105556054,188268.57909400473,165864618.18181816,881.0,22282.0
2026-05-03,Total,전체,3.0476054528584684,170005.3651266766,145184581.8181818,854.0,28022.0
2026-05-04,Total,전체,2.4254165052305305,147210.66511762998,92153876.36363636,626.0,25810.0
2026-05-05,Total,전체,3.606196262346337,156547.7384684281,158895954.54545453,1015.0,28146.0
2026-05-06,Total,전체,3.482335063948335,166354.62258953167,137242563.63636363,825.0,23691.0
2026-05-07,Total,전체,2.4061417470274318,139553.30385567737,71730398.18181817,514.0,21362.0
2026-05-08,Total,전체,2.5510461305772623,186475.81746316922,94356763.63636363,506.0,19835.0
2026-05-09,Total,전체,3.0924128011506653,165669.4899577167,113980609.09090908,688.0,22248.0
2026-05-10,Total,전체,3.8442377947525737,163800.65776556055,151679409.09090906,926.0,24088.0
2026-05-11,Total,전체,1.9432116851221508,146738.21810118927,66178936.36363636,451.0,23209.0
2026-05-12,Total,전체,2.298388717000844,150935.64844246663,86335190.9090909,572.0,24887.0
2026-05-13,Total,전체,2.8794391353336395,170819.15415019763,117865216.36363636,690.0,23963.0
2026-05-14,Total,전체,2.9684267338310697,175748.6473829201,115994107.27272727,660.0,22234.0
2026-05-15,Total,전체,2.656742902208202,162785.29262944846,87741272.72727272,539.0,20288.0
2026-05-16,Total,전체,3.4274100420342744,151628.6510659152,112508459.09090908,742.0,21649.0
2026-05-17,Total,전체,4.291533900697778,162689.80690362267,173101954.54545453,1064.0,24793.0
2026-05-18,Total,전체,2.541301796515302,85952.81769740029,48391436.36363636,563.0,22154.0
2026-05-19,Total,전체,2.176288904727964,108651.79237792775,49762520.90909091,458.0,21045.0
2026-05-20,Total,전체,2.3079815737519978,277360.7665247176,136184136.36363634,491.0,21274.0
2026-05-21,Total,전체,2.2919905712422888,186808.7726278098,85371609.09090908,457.0,19939.0
2026-05-22,Total,전체,2.2193877551020407,181816.6144200627,79090227.27272727,435.0,19600.0
2026-05-23,Total,전체,3.4794776119402986,172078.94223738727,128370890.90909089,746.0,21440.0
2026-05-24,Total,전체,2.9193861351208326,149579.1678110409,99021409.09090908,662.0,22676.0
2026-05-25,Total,전체,3.072845488052346,156331.1933349669,115997745.45454544,742.0,24147.0
2026-05-26,Total,전체,2.9938243981025687,141767.4140508221,94842399.99999999,669.0,22346.0
2026-05-27,Total,전체,2.4331686596795787,127022.60824564428,66940914.54545454,527.0,21659.0
2026-05-28,Total,전체,2.4326754697335415,127877.46374248319,65729016.36363636,514.0,21129.0
2026-05-29,Total,전체,2.614805520702635,132280.30710172743,68918040.0,521.0,19925.0
2026-05-30,Total,전체,3.2545614931055296,163540.48242770068,114641878.18181817,701.0,21539.0
2026-05-31,Total,전체,3.5367775105730157,160419.2262602579,136837600.0,853.0,24118.0
2026-06-01,Total,전체,2.7876420454545454,115073.49449913144,72266154.54545455,628.0,22528.0
2026-06-02,Total,전체,2.511671335200747,160296.33660020275,86239429.09090908,538.0,21420.0
2026-06-03,Total,전체,3.973202999915733,167276.28458498023,157741536.36363634,943.0,23734.0
2026-06-04,Total,전체,2.2107130868460176,152937.31019522776,70504100.0,461.0,20853.0
2026-06-05,Total,전체,2.1912450483879056,154205.13833992096,67387645.45454545,437.0,19943.0
2026-06-06,Total,전체,3.430028383124068,169622.87390029323,120941109.09090908,713.0,20787.0
2026-06-07,Total,전체,3.990588235294118,159799.15308747854,135509681.8181818,848.0,21250.0
2026-06-08,Total,전체,2.842838234447833,151234.9098270151,74710045.45454545,494.0,17377.0
2026-06-09,Total,전체,2.123232862096559,119614.50433988123,47606572.72727273,398.0,18745.0
2026-06-10,Total,전체,1.8994914747233023,134786.1608208065,51353527.272727266,381.0,20058.0
2026-06-11,Total,전체,2.1699346405228757,102299.91237677984,42454463.63636363,415.0,19125.0
2026-06-12,Total,전체,2.1173787936370054,145592.72727272726,56781163.63636363,390.0,18419.0
2026-06-13,Total,전체,3.1913237507135075,161082.77605321506,99065907.27272727,615.0,19271.0
2026-06-14,Total,전체,3.7588907895921486,178200.94719651606,148797790.9090909,835.0,22214.0
2026-06-15,Total,전체,2.967525195968645,166396.29788450542,105828045.45454545,636.0,21432.0
2026-06-16,Total,전체,2.937906939812609,174792.82555282552,97010018.18181817,555.0,18891.0
2026-06-17,Total,전체,3.5066960684128436,150113.7897378695,97874190.9090909,652.0,18593.0
2026-06-18,Total,전체,3.3918527356400205,179982.13796253997,107449336.36363636,597.0,17601.0
2026-06-19,Total,전체,3.290160211159536,173793.91112618725,93153536.36363636,536.0,16291.0
2026-06-20,Total,전체,3.8561549100968184,165742.51989043955,115522536.36363636,697.0,18075.0
2026-06-21,Total,전체,4.878176578464763,180327.50707938676,167884909.09090906,931.0,19085.0
2026-06-22,Total,전체,1.8620329868774832,175572.76645768023,81465763.63636363,464.0,24919.0
2026-06-23,Total,전체,3.0346820809248554,127214.05985319028,61444390.90909091,483.0,15916.0
2026-06-24,Total,전체,2.9874025194961007,139740.9273457466,69590981.81818181,498.0,16670.0
2026-06-25,Total,전체,2.8683769498517466,168706.00612870275,75074172.72727272,445.0,15514.0
2026-06-26,Total,전체,3.380942523977092,171996.95732838588,84278509.09090908,490.0,14493.0
2026-06-27,Total,전체,3.9398714995757063,165951.5944055944,107868536.36363636,650.0,16498.0
2026-06-28,Total,전체,5.438793518369966,159888.42406364527,162606527.27272725,1017.0,18699.0
2026-06-29,Total,전체,3.3360742393985667,145200.14404609473,82473681.81818181,568.0,17026.0
2026-06-30,Total,전체,2.5854778301316905,137554.20560747662,58873199.99999999,428.0,16554.0
2026-07-01,Total,전체,3.512171490856243,160217.1159874608,92925927.27272727,580.0,16514.0
2026-07-02,Total,전체,2.812155770103026,141821.1353162966,61550372.72727272,434.0,15433.0
2026-07-03,Total,전체,3.3823233340044294,159314.89177489176,80294705.45454545,504.0,14901.0
2026-07-04,Total,전체,4.1179250856670215,152364.62762488588,106198145.45454545,697.0,16926.0
2026-07-05,Total,전체,4.533742939252799,172112.77694982613,157483190.9090909,915.0,20182.0
2026-07-06,Total,전체,3.2388663967611335,156959.0597758406,91664090.9090909,584.0,18031.0
2026-07-07,Total,전체,3.1707996656450264,171236.92283112317,97433809.09090908,569.0,17945.0
2026-07-08,Total,전체,3.29152715509903,138717.21003134796,80455981.81818181,580.0,17621.0
2026-07-09,Total,전체,3.0647581669167723,197549.08406094846,104898563.63636363,531.0,17326.0
2026-07-10,Total,전체,3.3958664546899846,179098.8253319714,95638772.72727272,534.0,15725.0
2026-07-11,Total,전체,3.986145356346131,152335.1720444504,103435581.81818181,679.0,17034.0
2026-07-12,Total,전체,4.946405228758169,163363.9054391697,154542254.54545453,946.0,19125.0
2026-07-13,Total,전체,3.4962063732928677,159526.32575757575,91887163.63636363,576.0,16475.0
2026-07-14,Total,전체,2.745192889103882,135003.80456547855,61291727.272727266,454.0,16538.0
2026-07-15,Total,전체,3.323854660347551,150483.58105772553,79154363.63636363,526.0,15825.0
2026-07-16,Total,전체,2.844205462006509,145050.72365445498,58310390.90909091,402.0,14134.0
2026-07-17,Total,전체,4.889898416303868,175326.2404692082,135877836.36363634,775.0,15849.0
2026-07-18,Total,전체,3.4942858852390355,145973.89476961392,85248754.54545453,584.0,16713.0
2026-07-19,Total,전체,4.242053109168848,153231.5437842997,116762436.36363636,762.0,17963.0
2026-07-20,Total,전체,2.5864591257534086,130544.32332373508,57700590.90909091,442.0,17089.0
2026-07-21,Total,전체,3.0471410647069366,133377.66488413545,68022609.09090908,510.0,16737.0
2026-07-22,Total,전체,3.0132180667794275,141996.48459648457,68300309.09090908,481.0,15963.0
2026-07-23,Total,전체,2.9129261096114005,138064.53761755483,64061945.454545446,464.0,15929.0
2026-07-24,Total,전체,3.2126428253450063,139179.4877178249,60264718.18181818,433.0,13478.0
2026-07-25,Total,전체,3.592267135325132,156807.5787226472,80128672.72727272,511.0,14225.0
2026-07-26,Total,전체,4.236034036256012,155737.9118697896,106991945.45454545,687.0,16218.0
2026-07-27,Total,전체,2.74671375318815,165125.303030303,69352627.27272727,420.0,15291.0
2026-07-28,Total,전체,2.6636568848758464,129412.84026707755,45812145.45454545,354.0,13290.0
2026-07-29,Total,전체,3.4227213690885474,193711.72889610386,86782854.54545453,448.0,13089.0
2026-07-30,Total,전체,3.365536902122268,155593.45454545453,66127218.18181818,425.0,12628.0
2026-07-31,Total,전체,3.3460260876610226,180742.54897644726,74646672.72727272,413.0,12343.0
2026-08-01,Total,전체,3.971197905302204,153538.53812853812,83832041.81818181,546.0,13749.0
2026-08-02,Total,전체,4.242903166980731,189647.61656681428,132374036.36363636,698.0,16451.0
2026-08-03,Total,전체,3.084904607832199,143030.88936380076,79096081.81818181,553.0,17926.0
2026-08-04,Total,전체,2.7458454940735004,140734.5139025833,64878610.90909091,461.0,16789.0
2026-08-05,Total,전체,2.9946221341636003,142415.77590651315,75337945.45454545,529.0,17665.0
2026-08-06,Total,전체,3.2931165122107595,141814.775543041,80125348.18181817,565.0,17157.0
2026-08-07,Total,전체,3.4470158343483557,169969.01702537743,96202463.63636363,566.0,16420.0
2026-08-08,Total,전체,3.6158791954226386,155309.28370161648,95204590.9090909,613.0,16953.0
2026-08-09,Total,전체,4.692213160540722,174272.46753246753,146388872.72727272,840.0,17902.0
2026-08-10,Total,전체,3.41726618705036,173184.75279106855,98715309.09090908,570.0,16680.0
2026-08-11,Total,전체,3.146149625022864,169175.5285412262,87294572.72727272,516.0,16401.0
2026-08-12,Total,전체,2.959960697617293,174155.69596378724,83943045.45454545,482.0,16284.0
2025-01-01,Total,회원,10.061601642710473,187548.52290566574,119468409.09090908,637.0,6331.0
2025-01-02,Total,회원,7.523148148148148,157843.02697302695,71818577.27272727,455.0,6048.0
2025-01-03,Total,회원,8.728430222817893,201513.20886407257,104988381.81818181,521.0,5969.0
2025-01-04,Total,회원,9.872996673722408,203587.92983433104,132942918.18181817,653.0,6614.0
2025-01-05,Total,회원,10.56338028169014,205053.7137330754,144562868.18181816,705.0,6674.0
2025-01-06,Total,회원,8.215477514698872,151862.81870933707,78513077.27272727,517.0,6293.0
2025-01-07,Total,회원,8.46613545816733,209393.14438502674,124588920.9090909,595.0,7028.0
2025-01-08,Total,회원,9.787835926449787,207637.09537572254,143684870.0,692.0,7070.0
2025-01-09,Total,회원,7.352941176470589,210788.44019138755,100124509.09090908,475.0,6460.0
2025-01-10,Total,회원,8.617300131061599,218943.67438645003,115164372.72727272,526.0,6104.0
2025-01-11,Total,회원,9.522396914862059,199084.05550835456,127811963.63636363,642.0,6742.0
2025-01-12,Total,회원,10.609418282548475,204277.28459530027,156476400.0,766.0,7220.0
2025-01-13,Total,회원,8.171091445427729,165911.4538890712,91914945.45454545,554.0,6780.0
2025-01-14,Total,회원,8.848484848484848,166692.7817559153,97348584.54545453,584.0,6600.0
2025-01-15,Total,회원,8.727326791555159,184870.47080687626,108518966.36363636,587.0,6726.0
2025-01-16,Total,회원,8.677955063497231,167013.54255500596,89018218.18181817,533.0,6142.0
2025-01-17,Total,회원,8.690516368545394,184899.34686672548,95223163.63636363,515.0,5926.0
2025-01-18,Total,회원,9.354521625163827,192219.53510587485,109757354.54545453,571.0,6104.0
2025-01-19,Total,회원,11.228653468339127,213453.6339165545,158596050.0,743.0,6617.0
2025-01-20,Total,회원,9.176208651399492,158632.96045375767,91531218.18181817,577.0,6288.0
2025-01-21,Total,회원,8.570493948315342,175818.86363636362,92129084.54545453,524.0,6114.0
2025-01-22,Total,회원,8.788190868520426,171288.1747159091,87699545.45454545,512.0,5826.0
2025-01-23,Total,회원,8.560523446019628,191042.54005018336,89981036.36363636,471.0,5502.0
2025-01-24,Total,회원,7.766990291262135,192424.78239845257,72351718.18181817,376.0,4841.0
2025-01-25,Total,회원,11.21246674268339,199350.6625577812,117616890.9090909,590.0,5262.0
2025-01-26,Total,회원,9.566624707786369,170987.74777853725,90965481.81818181,532.0,5561.0
2025-01-27,Total,회원,10.209613299602458,216335.65567176184,122229645.45454544,565.0,5534.0
2025-01-28,Total,회원,9.780439121756487,196373.30241187382,96222918.18181817,490.0,5010.0
2025-01-29,Total,회원,10.789525497145107,208058.87524883874,114016263.63636363,548.0,5079.0
2025-01-30,Total,회원,12.16956802063185,176311.19807344972,133114954.54545453,755.0,6204.0
2025-01-31,Total,회원,10.189345314505777,165588.14602720115,105148472.72727272,635.0,6232.0
2025-02-01,Total,회원,11.287711552612215,193998.36434751688,148796745.45454544,767.0,6795.0
2025-02-02,Total,회원,12.060443440192063,208959.38897168403,178451318.18181816,854.0,7081.0
2025-02-03,Total,회원,6.628849270664505,132040.96021338075,54004752.72727273,409.0,6170.0
2025-02-04,Total,회원,7.534869617950273,163326.12035851472,81173081.81818181,497.0,6596.0
2025-02-05,Total,회원,8.652566188433664,207609.44832944832,121451527.27272727,585.0,6761.0
2025-02-06,Total,회원,8.241574908241574,156070.82811924914,77098989.09090908,494.0,5994.0
2025-02-07,Total,회원,9.636458514524266,200789.56350508696,111237418.18181817,554.0,5749.0
2025-02-08,Total,회원,9.56188039654621,183066.93523867437,109474027.27272727,598.0,6254.0
2025-02-09,Total,회원,11.784561197534488,207325.45001698175,166482336.36363634,803.0,6814.0
2025-02-10,Total,회원,9.16980514164074,131635.41396103895,73715831.81818181,560.0,6107.0
2025-02-11,Total,회원,10.14920478767011,164660.30254075487,101924727.27272727,619.0,6099.0
2025-02-12,Total,회원,10.433669387101936,159654.75460122697,104094899.99999999,652.0,6249.0
2025-02-13,Total,회원,8.206790650059718,159768.09676809673,76848454.54545453,481.0,5861.0
2025-02-14,Total,회원,9.837799717912553,160235.01140436623,89411136.36363636,558.0,5672.0
2025-02-15,Total,회원,10.337254901960783,181969.32680369707,119917786.36363636,659.0,6375.0
2025-02-16,Total,회원,13.222453222453224,194153.48770726126,185222427.27272725,954.0,7215.0
2025-02-17,Total,회원,7.874260815437285,155578.7998562702,78722872.72727272,506.0,6426.0
2025-02-18,Total,회원,8.262337244815946,124287.33639900954,63883690.90909091,514.0,6221.0
2025-02-19,Total,회원,8.581349206349206,175147.9768786127,90901800.0,519.0,6048.0
2025-02-20,Total,회원,8.932273669661368,163857.48197643747,84714318.18181817,517.0,5788.0
2025-02-21,Total,회원,10.006761325219744,184993.50429975428,109516154.54545453,592.0,5916.0
2025-02-22,Total,회원,10.467432950191572,153635.15905763343,104932813.63636363,683.0,6525.0
2025-02-23,Total,회원,12.689064382278142,173793.33525124664,164756081.8181818,948.0,7471.0
2025-02-24,Total,회원,9.3659281894576,190162.2349102773,116569449.99999999,613.0,6545.0
2025-02-25,Total,회원,9.632117234010074,172595.01512750323,108907454.54545453,631.0,6551.0
2025-02-26,Total,회원,8.976400752859417,148010.51319648093,91766518.18181817,620.0,6907.0
2025-02-27,Total,회원,9.41589530801149,179595.91679506932,105961590.9090909,590.0,6266.0
2025-02-28,Total,회원,10.188739603326935,193992.0508063365,123572936.36363636,637.0,6252.0
2025-03-01,Total,회원,12.659588764950946,186304.1497780351,175498509.09090906,942.0,7441.0
2025-03-02,Total,회원,10.95213319458897,169580.2958324336,142786609.0909091,842.0,7688.0
2025-03-03,Total,회원,12.806468440271257,161535.89150157376,158628245.45454544,982.0,7668.0
2025-03-04,Total,회원,9.782456140350877,173501.5781922525,120930599.99999999,697.0,7125.0
2025-03-05,Total,회원,10.922489801289643,158291.69769989044,131382109.09090908,830.0,7599.0
2025-03-06,Total,회원,9.0800159765677,136293.86830178616,92952418.18181817,682.0,7511.0
2025-03-07,Total,회원,7.909008737571558,145033.29870129869,76142481.81818181,525.0,6638.0
2025-03-08,Total,회원,10.813384113166485,170061.18353344768,135198640.9090909,795.0,7352.0
2025-03-09,Total,회원,13.854989231873654,167510.58250902809,193977254.54545453,1158.0,8358.0
2025-03-10,Total,회원,8.49007314524556,114762.30769230769,74595500.0,650.0,7656.0
2025-03-11,Total,회원,8.734039663135018,125347.37735048775,80598363.63636363,643.0,7362.0
2025-03-12,Total,회원,10.631909376279513,140365.65526899285,109344845.45454544,779.0,7327.0
2025-03-13,Total,회원,9.429918559794256,139369.33884297518,91983763.63636363,660.0,6999.0
2025-03-14,Total,회원,9.710982658959537,172652.56358225108,116022522.72727272,672.0,6920.0
2025-03-15,Total,회원,12.355718782791186,163415.97182011194,153937845.45454544,942.0,7624.0
2025-03-16,Total,회원,13.596336738288128,175498.75961689433,203227563.63636363,1158.0,8517.0
2025-03-17,Total,회원,9.75084175084175,138444.0482169764,100233490.9090909,724.0,7425.0
2025-03-18,Total,회원,7.878073921366514,127160.76465590482,68031009.09090908,535.0,6791.0
2025-03-19,Total,회원,9.530791788856305,117210.26573426572,76186672.72727272,650.0,6820.0
2025-03-20,Total,회원,9.069032937283803,141420.53369516056,85276581.81818181,603.0,6649.0
2025-03-21,Total,회원,9.066708424678986,120842.78850682997,69967974.54545455,579.0,6386.0
2025-03-22,Total,회원,11.952696043925103,159496.7769568476,135412763.63636363,849.0,7103.0
2025-03-23,Total,회원,13.893149284253578,154404.6374508656,167837840.9090909,1087.0,7824.0
2025-03-24,Total,회원,11.918367346938776,144588.53777501037,126659559.09090908,876.0,7350.0
2025-03-25,Total,회원,10.275156187691081,133974.20910266964,103562063.63636363,773.0,7523.0
2025-03-26,Total,회원,11.124948111249482,105485.45906829488,84810309.09090908,804.0,7227.0
2025-03-27,Total,회원,9.780801209372637,138598.62301531542,89673309.09090908,647.0,6615.0
2025-03-28,Total,회원,9.574468085106384,161331.97758838383,92927219.09090908,576.0,6016.0
2025-03-29,Total,회원,12.231380629967619,152125.23356306748,126416069.09090908,831.0,6794.0
2025-03-30,Total,회원,13.493878649266783,166939.61932384662,167440438.18181816,1003.0,7433.0
2025-03-31,Total,회원,11.267193444541995,156242.4911452184,120306718.18181817,770.0,6834.0
2025-04-01,Total,회원,9.328151027207108,136828.98403679652,91949077.27272727,672.0,7204.0
2025-04-02,Total,회원,11.907107670654469,154286.90307328603,130526719.99999999,846.0,7105.0
2025-04-03,Total,회원,10.395163668534355,175064.75177304962,123420649.99999999,705.0,6782.0
2025-04-04,Total,회원,10.443987991783853,146812.66538302845,97043171.81818181,661.0,6329.0
2025-04-05,Total,회원,12.052071668533035,149991.31031570054,129142518.18181817,861.0,7144.0
2025-04-06,Total,회원,13.898214045924535,166185.845410628,172002350.0,1035.0,7447.0
2025-04-07,Total,회원,10.057260314197622,155550.02654280025,106551768.18181817,685.0,6811.0
2025-04-08,Total,회원,10.42187066333611,152654.45224549086,114643493.63636363,751.0,7206.0
2025-04-09,Total,회원,11.620754212356244,136883.9941416466,118952190.9090909,869.0,7478.0
2025-04-10,Total,회원,10.662867426514696,147807.7036184631,105091277.27272727,711.0,6668.0
2025-04-11,Total,회원,10.580812166316129,154726.80706144008,101191331.81818181,654.0,6181.0
2025-04-12,Total,회원,11.593597773138482,154884.59565644438,129018868.18181817,833.0,7185.0
2025-04-13,Total,회원,14.232925586136597,159744.3517538862,178434440.9090909,1117.0,7848.0
2025-04-14,Total,회원,9.96875887531951,137096.12924112924,96241482.72727272,702.0,7042.0
2025-04-15,Total,회원,10.29477779440371,139792.580602537,96177295.45454545,688.0,6683.0
2025-04-16,Total,회원,11.17194436223735,132633.30523780856,100138145.45454545,755.0,6758.0
2025-04-17,Total,회원,10.404624277456648,162367.3179160021,111059245.45454544,684.0,6574.0
2025-04-18,Total,회원,10.581377970408012,149542.96353364148,105876418.18181817,708.0,6691.0
2025-04-19,Total,회원,11.582599412863624,142461.81189777964,123656852.72727272,868.0,7494.0
2025-04-20,Total,회원,14.843266014124643,150066.70207922292,179779909.09090906,1198.0,8071.0
2025-04-21,Total,회원,11.256307413636952,140126.4002089864,121909968.18181817,870.0,7729.0
2025-04-22,Total,회원,9.894884372810091,129271.02755601339,91265345.45454545,706.0,7135.0
2025-04-23,Total,회원,11.489762931034484,123788.97580731109,105591996.36363636,853.0,7424.0
2025-04-24,Total,회원,10.314735336194564,138066.693985626,99546086.36363636,721.0,6990.0
2025-04-25,Total,회원,9.446254071661238,122203.487087625,74421923.63636363,609.0,6447.0
2025-04-26,Total,회원,11.64363845710996,136145.7871670974,110141941.81818181,809.0,6948.0
2025-04-27,Total,회원,14.644670050761421,154427.24279187014,178209038.18181816,1154.0,7880.0
2025-04-28,Total,회원,10.410804727068092,146908.11793611792,108712007.27272727,740.0,7108.0
2025-04-29,Total,회원,10.47646383467279,134305.54545454544,98043048.18181817,730.0,6968.0
2025-04-30,Total,회원,11.21989121989122,143680.71392596324,103737475.45454545,722.0,6435.0
2025-05-01,Total,회원,13.456856911008927,157918.6075833714,157129014.54545453,995.0,7394.0
2025-05-02,Total,회원,9.73109243697479,123661.09279321713,71599772.72727272,579.0,5950.0
2025-05-03,Total,회원,12.374749498997996,158799.09213593425,117670127.27272727,741.0,5988.0
2025-05-04,Total,회원,12.577875063141944,156711.06243154436,117063163.63636363,747.0,5939.0
2025-05-05,Total,회원,12.463455916294814,153006.78226711557,123935493.63636363,810.0,6499.0
2025-05-06,Total,회원,13.167500337974856,158952.52006720178,154819754.54545453,974.0,7397.0
2025-05-07,Total,회원,9.490667510281558,169118.2121212121,101470927.27272727,600.0,6322.0
2025-05-08,Total,회원,8.68214519293656,166785.68738229756,88563200.0,531.0,6116.0
2025-05-09,Total,회원,7.791777188328912,143399.53578336557,67397781.81818181,470.0,6032.0
2025-05-10,Total,회원,10.594476517397409,122376.83759539429,83093872.72727272,679.0,6409.0
2025-05-11,Total,회원,13.637652395803798,146169.9962199962,140615536.36363634,962.0,7054.0
2025-05-12,Total,회원,9.984724343841133,140864.50625869262,101281579.99999999,719.0,7201.0
2025-05-13,Total,회원,8.870744533628564,137933.2009644022,88415181.81818181,641.0,7226.0
2025-05-14,Total,회원,10.604247681723002,144246.09949993587,102270484.54545453,709.0,6686.0
2025-05-15,Total,회원,9.985339631861867,108170.75485688861,66308672.72727272,613.0,6139.0
2025-05-16,Total,회원,9.8569705324832,157305.340114431,89978654.54545453,572.0,5803.0
2025-05-17,Total,회원,9.854685151160849,150780.16949152542,88960300.0,590.0,5987.0
2025-05-18,Total,회원,13.534641324340896,164605.71399155768,145346845.45454544,883.0,6524.0
2025-05-19,Total,회원,8.488790005134348,131142.50916422287,65046684.54545454,496.0,5843.0
2025-05-20,Total,회원,8.214849921011059,124454.06954156952,58244504.54545454,468.0,5697.0
2025-05-21,Total,회원,11.293467663308416,133948.58992805754,93094269.99999999,695.0,6154.0
2025-05-22,Total,회원,10.64891846921797,132580.34232954544,84851419.09090908,640.0,6010.0
2025-05-23,Total,회원,10.241073046945804,131126.34754625906,74086386.36363636,565.0,5517.0
2025-05-24,Total,회원,11.435726210350584,149305.44790975447,102274231.81818181,685.0,5990.0
2025-05-25,Total,회원,14.322996622658888,150595.18854136218,140505310.9090909,933.0,6514.0
2025-05-26,Total,회원,,116285.64325068868,76748524.54545453,660.0,0.0
2025-05-27,Total,회원,9.548581976841753,129499.76034510303,73685363.63636363,569.0,5959.0
2025-05-28,Total,회원,10.267471958584986,117877.36440030557,70137031.81818181,595.0,5795.0
2025-05-29,Total,회원,9.81993997999333,113650.77172403148,66940304.54545454,589.0,5998.0
2025-05-30,Total,회원,9.356831395348838,102152.72727272726,52608654.54545454,515.0,5504.0
2025-05-31,Total,회원,10.635335073977371,151958.26513911618,92846499.99999999,611.0,5745.0
2025-06-01,Total,회원,13.356973995271867,144482.2304907482,130611936.36363636,904.0,6768.0
2025-06-02,Total,회원,10.02909464316276,131339.9162271176,76965190.9090909,586.0,5843.0
2025-06-03,Total,회원,14.549685190254586,164134.5779526212,174475056.36363634,1063.0,7306.0
2025-06-04,Total,회원,10.527086383601757,150435.66822607158,108163245.45454545,719.0,6830.0
2025-06-05,Total,회원,10.042265426880812,133121.3804713805,79074100.0,594.0,5915.0
2025-06-06,Total,회원,13.742409715564078,141505.9196617336,121695090.9090909,860.0,6258.0
2025-06-07,Total,회원,11.017468587189702,124198.6850423568,89298854.54545453,719.0,6526.0
2025-06-08,Total,회원,13.819853469329118,139782.87658287655,134471127.27272725,962.0,6961.0
2025-06-09,Total,회원,9.649264587037337,134887.58946246383,80527890.9090909,597.0,6187.0
2025-06-10,Total,회원,9.691034948505825,124307.79537535635,71352674.54545455,574.0,5923.0
2025-06-11,Total,회원,9.806810740013097,111766.41371983608,66948081.81818181,599.0,6108.0
2025-06-12,Total,회원,11.376333164042661,136549.35335497835,91761165.45454545,672.0,5907.0
2025-06-13,Total,회원,10.439367311072056,133574.85460667277,79343463.63636363,594.0,5690.0
2025-06-14,Total,회원,11.429052348089547,134896.8001071094,91594927.27272727,679.0,5941.0
2025-06-15,Total,회원,14.199706314243759,147318.87938328474,142457356.36363634,967.0,6810.0
2025-06-16,Total,회원,11.213585126628605,122607.45312129123,93917309.09090908,766.0,6831.0
2025-06-17,Total,회원,9.21965317919075,107290.96608720433,68451636.36363636,638.0,6920.0
2025-06-18,Total,회원,11.038692323608524,120983.87833347532,129089798.18181817,1067.0,9666.0
2025-06-19,Total,회원,10.057609217474797,131873.74701670642,110510199.99999999,838.0,8332.0
2025-06-20,Total,회원,9.085290482076639,133086.827458256,97818818.18181817,735.0,8090.0
2025-06-21,Total,회원,10.036538022379538,139057.28617230323,122231354.54545453,879.0,8758.0
2025-06-22,Total,회원,12.433103975535168,135777.29159387882,176646256.36363634,1301.0,10464.0
2025-06-23,Total,회원,8.005157055789967,109084.7251430853,74504867.27272727,683.0,8532.0
2025-06-24,Total,회원,7.204794695230808,136161.35961383747,76931168.18181817,565.0,7842.0
2025-06-25,Total,회원,7.879428873611846,125177.12782184257,74605568.18181817,596.0,7564.0
2025-06-26,Total,회원,9.026760750898683,116891.63314561543,79252527.27272727,678.0,7511.0
2025-06-27,Total,회원,11.09457448247869,125378.03436807095,102809988.18181817,820.0,7391.0
2025-06-28,Total,회원,11.351220104406945,128786.37822070975,120415263.63636363,935.0,8237.0
2025-06-29,Total,회원,13.126729385722191,134368.18181818182,159360663.63636363,1186.0,9035.0
2025-06-30,Total,회원,9.572976418100701,118997.4034620506,89367050.0,751.0,7845.0
2025-07-01,Total,회원,8.589181286549707,117020.81237911024,82499672.72727272,705.0,8208.0
2025-07-02,Total,회원,9.203332465503774,120150.98366979555,84946745.45454545,707.0,7682.0
2025-07-03,Total,회원,8.83198685471724,115672.63847780126,74608851.81818181,645.0,7303.0
2025-07-04,Total,회원,9.811808648182732,126783.00279515506,86592790.9090909,683.0,6961.0
2025-07-05,Total,회원,11.184613499938747,132147.2269242258,120650418.18181817,913.0,8163.0
2025-07-06,Total,회원,12.968205574912892,140914.86146095718,167829600.0,1191.0,9184.0
2025-07-07,Total,회원,9.244532803180915,126879.6725317693,94398476.36363636,744.0,8048.0
2025-07-08,Total,회원,9.658448314860891,151591.2955077709,129458966.36363636,854.0,8842.0
2025-07-09,Total,회원,10.447273914462944,133006.17234848483,127685925.45454544,960.0,9189.0
2025-07-10,Total,회원,9.298726038814145,139482.92748224887,108936166.36363636,781.0,8399.0
2025-07-11,Total,회원,8.701948393891522,122271.34369412734,80821358.18181817,661.0,7596.0
2025-07-12,Total,회원,10.165229885057471,131819.71838526608,111914940.9090909,849.0,8352.0
2025-07-13,Total,회원,13.061046194168396,140532.9773487382,168077440.9090909,1196.0,9157.0
2025-07-14,Total,회원,7.617337778917671,114895.82185491275,68248118.18181817,594.0,7798.0
2025-07-15,Total,회원,8.051948051948052,131865.01466275658,81756309.09090908,620.0,7700.0
2025-07-16,Total,회원,10.021215524772245,110083.7122155553,88397220.9090909,803.0,8013.0
2025-07-17,Total,회원,8.489540885628905,135064.6545454545,84415409.09090908,625.0,7362.0
2025-07-18,Total,회원,8.65071499362877,147261.83008480878,89976978.18181817,611.0,7063.0
2025-07-19,Total,회원,9.895287958115183,166698.19985569984,126023839.09090908,756.0,7640.0
2025-07-20,Total,회원,12.50560789591745,138298.9131675499,154203288.18181816,1115.0,8916.0
2025-07-21,Total,회원,8.891656288916563,107559.85485103131,76797736.36363636,714.0,8030.0
2025-07-22,Total,회원,9.322260916153228,123029.07523510972,85628236.36363636,696.0,7466.0
2025-07-23,Total,회원,9.420289855072465,120091.40766640766,84304168.18181817,702.0,7452.0
2025-07-24,Total,회원,8.319327731092436,116466.83501683502,69181300.0,594.0,7140.0
2025-07-25,Total,회원,9.205696667156072,106149.81876178048,66555936.36363636,627.0,6811.0
2025-07-26,Total,회원,9.392191064001073,113634.94805194804,79544463.63636363,700.0,7453.0
2025-07-27,Total,회원,13.033448673587081,135210.7642799678,152788163.63636363,1130.0,8670.0
2025-07-28,Total,회원,8.549323017408124,113864.65103523925,75492263.63636363,663.0,7755.0
2025-07-29,Total,회원,7.978216473791695,121604.01489295685,71259952.72727272,586.0,7345.0
2025-07-30,Total,회원,8.907845056635436,120022.44897959183,76454300.0,637.0,7151.0
2025-07-31,Total,회원,7.961504811898513,121852.1928071928,66531297.272727266,546.0,6858.0
2025-08-01,Total,회원,10.442157953281423,136477.2509381431,102494415.45454545,751.0,7192.0
2025-08-02,Total,회원,11.777330650570088,136759.2814247256,120074649.09090908,878.0,7455.0
2025-08-03,Total,회원,12.150537634408602,151320.67578439257,153893127.27272725,1017.0,8370.0
2025-08-04,Total,회원,9.511263338163614,140389.40695039032,101361151.81818181,722.0,7591.0
2025-08-05,Total,회원,10.137625952322438,142536.66556473827,117592749.09090908,825.0,8138.0
2025-08-06,Total,회원,10.177686449897257,153734.5713668754,129444509.09090908,842.0,8273.0
2025-08-07,Total,회원,8.349925335988054,151948.79555615768,101957641.81818181,671.0,8036.0
2025-08-08,Total,회원,8.74569992061392,130192.66950900837,86057354.54545453,661.0,7558.0
2025-08-09,Total,회원,9.579853201721084,140374.1227332773,106263210.9090909,757.0,7902.0
2025-08-10,Total,회원,12.183213206231109,142482.9285218598,149322109.0909091,1048.0,8602.0
2025-08-11,Total,회원,7.305874409182985,126592.09376575364,68486322.72727272,541.0,7405.0
2025-08-12,Total,회원,7.417311752287121,142115.761600828,74895006.36363636,527.0,7105.0
2025-08-13,Total,회원,9.202947086403215,129513.47757046446,88975759.09090908,687.0,7465.0
2025-08-14,Total,회원,8.550525834476453,149688.65661967266,83975336.36363636,561.0,6561.0
2025-08-15,Total,회원,11.447350403943584,152619.35624184427,127589781.81818181,836.0,7303.0
2025-08-16,Total,회원,9.324883600620797,145440.9784390367,104862945.45454545,721.0,7732.0
2025-08-17,Total,회원,12.085106382978724,159187.41174318636,158232287.27272725,994.0,8225.0
2025-08-18,Total,회원,7.61628673079457,130430.87448883297,75389045.45454545,578.0,7589.0
2025-08-19,Total,회원,6.320417697169551,135658.18181818182,62402763.63636363,460.0,7278.0
2025-08-20,Total,회원,7.059493310560774,117480.02199413489,58270090.90909091,496.0,7026.0
2025-08-21,Total,회원,7.000000000000001,104702.9984721161,49838627.272727266,476.0,6800.0
2025-08-22,Total,회원,6.679035250463822,145459.9116161616,62838681.81818181,432.0,6468.0
2025-08-23,Total,회원,9.449477351916375,143708.22204344327,97434174.54545453,678.0,7175.0
2025-08-24,Total,회원,10.989152892561984,157228.0151693195,133801040.90909089,851.0,7744.0
2025-08-25,Total,회원,7.964218727456355,154165.25032938074,85099218.18181817,552.0,6931.0
2025-08-26,Total,회원,7.6215505913272015,142160.4667363288,74207763.63636363,522.0,6849.0
2025-08-27,Total,회원,7.073908658694712,148597.8152194038,72961527.27272727,491.0,6941.0
2025-08-28,Total,회원,8.402489626556017,134524.77473144137,76275547.27272727,567.0,6748.0
2025-08-29,Total,회원,8.11561978877154,145716.37608966374,85098363.63636363,584.0,7196.0
2025-08-30,Total,회원,8.755880815473079,173464.34192672998,116221109.09090908,670.0,7652.0
2025-08-31,Total,회원,10.357412534608608,165885.0878161935,136523427.27272725,823.0,7946.0
2025-09-01,Total,회원,10.580727504786216,159533.49051431078,132253263.63636363,829.0,7835.0
2025-09-02,Total,회원,9.188854489164086,137565.1678510169,102073354.54545453,742.0,8075.0
2025-09-03,Total,회원,8.729059075450309,118587.34094188639,82181027.27272727,693.0,7939.0
2025-09-04,Total,회원,9.217731421121252,135962.31194548024,96125354.54545453,707.0,7670.0
2025-09-05,Total,회원,8.475263584752636,178670.49441786282,112026399.99999999,627.0,7398.0
2025-09-06,Total,회원,8.889169083343841,163932.85622179238,115572663.63636363,705.0,7931.0
2025-09-07,Total,회원,12.206736353077817,168040.76636969118,176610845.45454544,1051.0,8610.0
2025-09-08,Total,회원,7.416677644579107,129227.5956725335,72755136.36363636,563.0,7591.0
2025-09-09,Total,회원,8.492245105517418,149666.34458356013,99977118.18181817,668.0,7866.0
2025-09-10,Total,회원,8.98920768623322,153699.09490216957,104976481.81818181,683.0,7598.0
2025-09-11,Total,회원,8.435013262599469,177599.56832475698,112953325.45454544,636.0,7540.0
2025-09-12,Total,회원,8.32299848422213,149812.58278145696,90486800.0,604.0,7257.0
2025-09-13,Total,회원,9.675915131732339,190944.1292442497,158483627.27272725,830.0,8578.0
2025-09-14,Total,회원,12.17941722143403,188802.73704789832,210703854.54545453,1116.0,9163.0
2025-09-15,Total,회원,7.636180651654296,165095.2224052718,100212799.99999999,607.0,7949.0
2025-09-16,Total,회원,7.08964808630876,157372.00592885373,86869347.27272727,552.0,7786.0
2025-09-17,Total,회원,8.18609380958434,202542.7865612648,130437554.54545453,644.0,7867.0
2025-09-18,Total,회원,7.260591200108977,129416.93672181475,68979227.27272727,533.0,7341.0
2025-09-19,Total,회원,7.8428927680798015,181583.1391819627,114215794.54545453,629.0,8020.0
2025-09-20,Total,회원,8.719286801478582,187878.97302199044,150678936.36363634,802.0,9198.0
2025-09-21,Total,회원,11.620374914123074,192650.2503071253,228097896.36363634,1184.0,10189.0
2025-09-22,Total,회원,8.055984130482697,174884.00696430792,127840209.09090908,731.0,9074.0
2025-09-23,Total,회원,8.464125560538116,164964.05298013243,124547859.99999999,755.0,8920.0
2025-09-24,Total,회원,8.409649318740229,158814.70481709525,119587472.72727272,753.0,8954.0
2025-09-25,Total,회원,8.88888888888889,211223.33257195065,168133772.72727272,796.0,8955.0
2025-09-26,Total,회원,7.410937686167044,164794.3145279158,102502063.63636363,622.0,8393.0
2025-09-27,Total,회원,8.247543284978942,207786.45519019986,146489450.9090909,705.0,8548.0
2025-09-28,Total,회원,10.451753516940757,190341.24170616112,200810009.99999997,1055.0,10094.0
2025-09-29,Total,회원,6.651147322913202,146544.99393939393,87926996.36363636,600.0,9021.0
2025-09-30,Total,회원,7.8496611213801595,174009.74168688452,110844205.45454544,637.0,8115.0
2025-10-01,Total,회원,7.336956521739131,178758.9385922719,101356318.18181817,567.0,7728.0
2025-10-02,Total,회원,5.937921727395412,189591.7584940312,75078336.36363636,396.0,6669.0
2025-10-03,Total,회원,7.750759878419452,194668.86512180627,119137345.45454544,612.0,7896.0
2025-10-04,Total,회원,9.015140991804417,217290.3207732175,141021418.18181816,649.0,7199.0
2025-10-05,Total,회원,8.434262366846637,214065.80685750235,123730036.36363636,578.0,6853.0
2025-10-06,Total,회원,7.609921082299888,212479.68013468012,114739027.27272727,540.0,7096.0
2025-10-07,Total,회원,8.869692176663827,204658.5110362888,149196054.54545453,729.0,8219.0
2025-10-08,Total,회원,8.972375690607736,191368.20420958352,155390981.8181818,812.0,9050.0
2025-10-09,Total,회원,8.19688498402556,249565.24194441366,204893063.63636363,821.0,10016.0
2025-10-10,Total,회원,7.721967486452688,201478.2357992884,149295372.72727272,741.0,9596.0
2025-10-11,Total,회원,8.141414141414142,189558.02616738097,152783769.09090906,806.0,9900.0
2025-10-12,Total,회원,10.130868490894116,211256.54594727763,233860996.36363634,1107.0,10927.0
2025-10-13,Total,회원,5.846956172901415,172756.5491969437,100717068.18181817,583.0,9971.0
2025-10-14,Total,회원,6.720118155923621,248575.1676894534,158342381.8181818,637.0,9479.0
2025-10-15,Total,회원,7.989445910290237,176914.6475321244,133924388.18181817,757.0,9475.0
2025-10-16,Total,회원,7.953329051594947,210676.02716260855,156532288.18181816,743.0,9342.0
2025-10-17,Total,회원,7.730700976042591,216848.8065736272,151143618.18181816,697.0,9016.0
2025-10-18,Total,회원,9.049266149387678,226602.05672426743,219350790.90909088,968.0,10697.0
2025-10-19,Total,회원,11.474558670820354,214317.70190593717,284185272.7272727,1326.0,11556.0
2025-10-20,Total,회원,8.898563343491512,181483.02615193024,185475652.72727272,1022.0,11485.0
2025-10-21,Total,회원,8.011685552407933,211895.961828227,191765845.45454544,905.0,11296.0
2025-10-22,Total,회원,7.644759567312062,195038.02832126257,164026981.8181818,841.0,11001.0
2025-10-23,Total,회원,6.981058387033783,200601.263827082,143429903.63636363,715.0,10242.0
2025-10-24,Total,회원,6.1536870410590545,209282.2765469824,124522954.54545453,595.0,9669.0
2025-10-25,Total,회원,7.077764277035237,226334.15658733252,158207575.45454544,699.0,9876.0
2025-10-26,Total,회원,9.599795204368974,230168.33212121212,258939373.63636363,1125.0,11719.0
2025-10-27,Total,회원,6.952532203988,186998.45408398708,147354781.8181818,788.0,11334.0
2025-10-28,Total,회원,6.507965242577843,152983.3986597547,109995063.63636363,719.0,11048.0
2025-10-29,Total,회원,7.105891719745223,177164.5785586962,126495509.09090908,714.0,10048.0
2025-10-30,Total,회원,6.080489938757655,183346.0104643558,101940381.81818181,556.0,9144.0
2025-10-31,Total,회원,6.456544748912149,219816.90677264446,120679481.81818181,549.0,8503.0
2025-11-01,Total,회원,8.549664227723765,227219.08771181924,193817881.8181818,853.0,9977.0
2025-11-02,Total,회원,10.088421052631578,241126.09652451053,288869063.6363636,1198.0,11875.0
2025-11-03,Total,회원,6.6502696055245485,177188.9176257597,124563809.09090908,703.0,10571.0
2025-11-04,Total,회원,5.834378920953576,197965.23297491038,110464599.99999999,558.0,9564.0
2025-11-05,Total,회원,5.35465178667239,216307.54235744214,107937463.63636363,499.0,9319.0
2025-11-06,Total,회원,5.714285714285714,243599.4685314685,126671723.63636363,520.0,9100.0
2025-11-07,Total,회원,4.7720544701006515,239386.80351906156,96472881.81818181,403.0,8445.0
2025-11-08,Total,회원,6.946209233375688,258505.59866962305,169579672.72727272,656.0,9444.0
2025-11-09,Total,회원,9.739292364990689,247093.229619329,258459518.18181816,1046.0,10740.0
2025-11-10,Total,회원,6.360675758192551,235141.0909090909,146963181.8181818,625.0,9826.0
2025-11-11,Total,회원,6.620103249316732,242133.9032527106,158355572.72727272,654.0,9879.0
2025-11-12,Total,회원,6.984094616639477,217841.39349701392,149221354.54545453,685.0,9808.0
2025-11-13,Total,회원,7.3872392890167475,216722.16462258185,155823236.36363634,719.0,9733.0
2025-11-14,Total,회원,6.010471204188482,207840.18055115614,119300263.63636363,574.0,9550.0
2025-11-15,Total,회원,8.160358160358161,242227.43142144635,194266399.99999997,802.0,9828.0
2025-11-16,Total,회원,8.85679484948669,267063.1452045008,271870281.8181818,1018.0,11494.0
2025-11-17,Total,회원,6.486121819583654,163579.77846818857,110089190.9090909,673.0,10376.0
2025-11-18,Total,회원,7.007539145563503,196001.6514106583,142101197.27272725,725.0,10346.0
2025-11-19,Total,회원,5.643979057591623,196781.49772305615,106065227.27272727,539.0,9550.0
2025-11-20,Total,회원,5.671363689297776,272042.2437931678,132484572.72727272,487.0,8587.0
2025-11-21,Total,회원,5.127615543803174,212266.89767631472,94671036.36363636,446.0,8698.0
2025-11-22,Total,회원,7.308009909165978,258303.77503852078,182879072.72727272,708.0,9688.0
2025-11-23,Total,회원,9.173333333333334,285963.71564482024,295114554.5454545,1032.0,11250.0
2025-11-24,Total,회원,6.216431271135867,219624.9018181818,137265563.63636363,625.0,10054.0
2025-11-25,Total,회원,7.30196783538108,215729.36201964927,157698163.63636363,731.0,10011.0
2025-11-26,Total,회원,6.580444904293843,199031.26786735276,126583886.36363636,636.0,9665.0
2025-11-27,Total,회원,7.63233483791547,241197.36803519062,179450841.8181818,744.0,9748.0
2025-11-28,Total,회원,4.852859522487507,236902.22592053254,103526272.72727272,437.0,9005.0
2025-11-29,Total,회원,7.073120066472788,249834.21439060205,170137100.0,681.0,9628.0
2025-11-30,Total,회원,8.44383775351014,264637.25593113585,229175863.63636363,866.0,10256.0
2025-12-01,Total,회원,6.480721903199344,191506.9332566168,121032381.81818181,632.0,9752.0
2025-12-02,Total,회원,6.515229736706246,185645.55539547614,117142345.45454544,631.0,9685.0
2025-12-03,Total,회원,6.506238859180035,208182.302476823,136775772.72727272,657.0,10098.0
2025-12-04,Total,회원,7.357035767830371,187898.5576286886,129086309.09090908,687.0,9338.0
2025-12-05,Total,회원,6.655112651646447,231633.538510101,133420918.18181817,576.0,8655.0
2025-12-06,Total,회원,7.842713622123798,277763.51114450285,201656309.09090906,726.0,9257.0
2025-12-07,Total,회원,9.988363072148951,280808.5207413945,289232776.3636363,1030.0,10312.0
2025-12-08,Total,회원,6.843194943881442,218377.106253619,137140822.72727272,628.0,9177.0
2025-12-09,Total,회원,6.450591216216216,237570.81089123638,145155765.45454544,611.0,9472.0
2025-12-10,Total,회원,7.360637087599545,241502.40269776588,156252054.54545453,647.0,8790.0
2025-12-11,Total,회원,6.888671237349005,252123.66795921297,159594281.8181818,633.0,9189.0
2025-12-12,Total,회원,5.732860520094563,195069.95313964385,94608927.27272727,485.0,8460.0
2025-12-13,Total,회원,7.191994996873046,249807.77470355728,172367364.54545453,690.0,9594.0
2025-12-14,Total,회원,9.925400291120814,305206.76610282477,332980581.8181818,1091.0,10992.0
2025-12-15,Total,회원,7.105428631314189,229351.85036202733,155500554.54545453,678.0,9542.0
2025-12-16,Total,회원,5.619853104829735,183344.68046804678,92589063.63636363,505.0,8986.0
2025-12-17,Total,회원,6.016355140186916,222308.0317740512,114488636.36363636,515.0,8560.0
2025-12-18,Total,회원,6.808199121522694,236553.30726621047,131996745.45454544,558.0,8196.0
2025-12-19,Total,회원,6.887988498235524,243305.761600828,128222136.36363636,527.0,7651.0
2025-12-20,Total,회원,7.031736154324829,233865.2453740949,132133863.63636363,565.0,8035.0
2025-12-21,Total,회원,10.07502679528403,258500.82205029012,242990772.72727272,940.0,9330.0
2025-12-22,Total,회원,8.090763236305294,281572.45042492915,198790149.99999997,706.0,8726.0
2025-12-23,Total,회원,5.730876041403686,166645.91509811775,75657245.45454545,454.0,7922.0
2025-12-24,Total,회원,5.440634740719751,168997.7746212121,64895145.454545446,384.0,7058.0
2025-12-25,Total,회원,9.095801937567277,258866.61646046257,218742290.90909088,845.0,9290.0
2025-12-26,Total,회원,6.179511278195489,186407.93294158313,98050572.72727272,526.0,8512.0
2025-12-27,Total,회원,7.2647335915419236,229568.48310191245,159320527.27272725,694.0,9553.0
2025-12-28,Total,회원,9.662363455809334,256189.52630103705,249272409.09090906,973.0,10070.0
2025-12-29,Total,회원,5.5703532136653156,218583.32073332072,105138577.27272727,481.0,8635.0
2025-12-30,Total,회원,6.81881051175657,229108.85118937856,112950663.63636363,493.0,7230.0
2025-12-31,Total,회원,6.159420289855073,220909.53266682164,86375627.27272727,391.0,6348.0
2026-01-01,Total,회원,10.567986230636834,252025.92439048464,232115876.36363634,921.0,8715.0
2026-01-02,Total,회원,6.025009473285335,196121.55517438534,93549981.81818181,477.0,7917.0
2026-01-03,Total,회원,6.4639186182049375,217651.0983606557,132767169.99999999,610.0,9437.0
2026-01-04,Total,회원,8.891372827964638,226243.98649350647,197963488.18181816,875.0,9841.0
2026-01-05,Total,회원,6.244643075792824,198364.20142602493,101165742.72727272,510.0,8167.0
2026-01-06,Total,회원,6.241296366628688,167992.12612944862,82820118.18181817,493.0,7899.0
2026-01-07,Total,회원,6.9365619876403075,205190.0776859504,112854542.72727272,550.0,7929.0
2026-01-08,Total,회원,5.506147004969919,181043.98186136901,76219516.36363636,421.0,7646.0
2026-01-09,Total,회원,6.315226117206316,213316.4291217257,100685354.54545453,472.0,7474.0
2026-01-10,Total,회원,8.524021255829085,245717.9389312977,193134299.99999997,786.0,9221.0
2026-01-11,Total,회원,10.16496614856489,250680.3939962476,267225299.99999997,1066.0,10487.0
2026-01-12,Total,회원,6.024236774644605,214216.98610866888,110750181.81818181,517.0,8582.0
2026-01-13,Total,회원,6.747207658992478,249612.371007371,147770523.63636363,592.0,8774.0
2026-01-14,Total,회원,6.705474084853913,207495.03111246013,124289523.63636363,599.0,8933.0
2026-01-15,Total,회원,5.4929208180388045,133736.79106096766,56035715.45454545,419.0,7628.0
2026-01-16,Total,회원,6.6250339397230515,197801.14008941877,96526956.36363636,488.0,7366.0
2026-01-17,Total,회원,7.445549242424243,201987.88842318254,127050381.81818181,629.0,8448.0
2026-01-18,Total,회원,9.664281783159053,238405.9950300269,209320463.63636363,878.0,9085.0
2026-01-19,Total,회원,6.27909752894831,237897.42136190803,125134043.63636363,526.0,8377.0
2026-01-20,Total,회원,6.001743244925912,173353.52697095435,83556400.0,482.0,8031.0
2026-01-21,Total,회원,7.238237863471858,209568.6238244514,121549801.81818181,580.0,8013.0
2026-01-22,Total,회원,7.44947827235504,223196.36847195358,125882751.81818181,564.0,7571.0
2026-01-23,Total,회원,7.24656638325703,216959.3157203807,120195460.9090909,554.0,7645.0
2026-01-24,Total,회원,8.011444921316166,217084.98251748248,158037867.27272725,728.0,9087.0
2026-01-25,Total,회원,9.683026584867076,269695.75117596233,255401876.36363634,947.0,9780.0
2026-01-26,Total,회원,7.001616714339012,215148.28193121264,121128482.72727272,563.0,8041.0
2026-01-27,Total,회원,6.415142276422764,191102.79567956793,96506911.81818181,505.0,7872.0
2026-01-28,Total,회원,6.112600536193029,203459.42583732057,92777498.18181817,456.0,7460.0
2026-01-29,Total,회원,5.6668970283344855,220375.32150776053,90353881.81818181,410.0,7235.0
2026-01-30,Total,회원,6.315187883983427,227359.76964212256,100493018.18181817,442.0,6999.0
2026-01-31,Total,회원,7.219284220883041,208243.5264054514,122238949.99999999,587.0,8131.0
2026-02-01,Total,회원,10.416666666666668,243491.90430622007,231317309.09090906,950.0,9120.0
2026-02-02,Total,회원,6.378935939196525,159859.10251450675,75133778.18181817,470.0,7368.0
2026-02-03,Total,회원,6.824548001018589,206889.83887381273,110892953.63636363,536.0,7854.0
2026-02-04,Total,회원,6.960950764006792,243222.30939791913,129637490.90909089,533.0,7657.0
2026-02-05,Total,회원,6.97047323715788,144908.77439774925,74917836.36363636,517.0,7417.0
2026-02-06,Total,회원,6.516155198053266,206827.61599396454,99690910.9090909,482.0,7397.0
2026-02-07,Total,회원,8.179184310229552,200897.75823631408,147458954.54545453,734.0,8974.0
2026-02-08,Total,회원,10.599125216152986,211403.4034199965,220282346.36363634,1042.0,9831.0
2026-02-09,Total,회원,7.184788157223072,149556.56224769898,84200344.54545453,563.0,7836.0
2026-02-10,Total,회원,6.444296197464977,155208.83305100695,74965866.36363636,483.0,7495.0
2026-02-11,Total,회원,8.287139689578714,173715.8604439039,103882084.54545453,598.0,7216.0
2026-02-12,Total,회원,7.219289484947924,154439.0765361121,78146172.72727272,506.0,7009.0
2026-02-13,Total,회원,5.757253531824396,192911.7270328616,73113544.54545455,379.0,6583.0
2026-02-14,Total,회원,6.97047323715788,212247.7070511693,109732064.54545453,517.0,7417.0
2026-02-15,Total,회원,8.320990978860914,238628.3730508973,147472334.54545453,618.0,7427.0
2026-02-16,Total,회원,8.805739203826137,231865.65495207667,145147900.0,626.0,7109.0
2026-02-17,Total,회원,7.591968342371391,182225.50017550014,94392809.09090908,518.0,6823.0
2026-02-18,Total,회원,9.595270577535244,194312.54523912104,163999788.18181816,844.0,8796.0
2026-02-19,Total,회원,7.070094591317003,143675.14891626383,83762611.81818181,583.0,8246.0
2026-02-20,Total,회원,7.948908730158729,203172.70741738757,130233705.45454544,641.0,8064.0
2026-02-21,Total,회원,8.694745621351126,199331.54676258992,166242510.0,834.0,9592.0
2026-02-22,Total,회원,10.912621359223301,218721.3870915561,245842839.09090906,1124.0,10300.0
2026-02-23,Total,회원,6.458333333333334,166280.69863722613,87629928.18181817,527.0,8160.0
2026-02-24,Total,회원,5.5864509605662285,125943.82969971203,55667172.72727272,442.0,7912.0
2026-02-25,Total,회원,6.066435808644351,172272.90024985585,81485081.81818181,473.0,7797.0
2026-02-26,Total,회원,7.52796280005027,191653.2554257095,114800299.99999999,599.0,7957.0
2026-02-27,Total,회원,7.097118463180363,201584.17122351332,107242779.09090908,532.0,7496.0
2026-02-28,Total,회원,9.7981127935045,199528.97281889443,178179372.72727272,893.0,9114.0
2026-03-01,Total,회원,10.321505587139775,212288.06440473106,223539331.8181818,1053.0,10202.0
2026-03-02,Total,회원,9.739513503160314,215635.23732904263,219301036.36363634,1017.0,10442.0
2026-03-03,Total,회원,7.649803536345775,172792.77688603528,107649899.99999999,623.0,8144.0
2026-03-04,Total,회원,7.617068101234869,199883.17525171457,124527218.18181817,623.0,8179.0
2026-03-05,Total,회원,7.451835696110505,156155.59497413156,96035690.9090909,615.0,8253.0
2026-03-06,Total,회원,7.853071564281191,205850.54985337242,127627340.90909089,620.0,7895.0
2026-03-07,Total,회원,10.325127246286486,208478.65374062557,207227781.8181818,994.0,9627.0
2026-03-08,Total,회원,11.974015900717472,233683.1652557968,288598709.09090906,1235.0,10314.0
2026-03-09,Total,회원,6.7339667458432295,170675.3567420234,96772927.27272727,567.0,8420.0
2026-03-10,Total,회원,6.238441622487979,164715.40603665108,83345995.45454545,506.0,8111.0
2026-03-11,Total,회원,7.540479848717646,128185.01709888857,81782040.9090909,638.0,8461.0
2026-03-12,Total,회원,7.962896036622094,154805.17122816667,102326218.18181817,661.0,8301.0
2026-03-13,Total,회원,7.963190184049079,182104.41798571227,118185767.27272727,649.0,8150.0
2026-03-14,Total,회원,9.176300578034683,200819.55210144186,178528581.8181818,889.0,9688.0
2026-03-15,Total,회원,10.94836377120608,205084.5777846201,242204886.36363634,1181.0,10787.0
2026-03-16,Total,회원,7.303189775534315,151561.03609625666,103061504.54545453,680.0,9311.0
2026-03-17,Total,회원,6.949893509696222,173748.9662756598,107724359.09090908,620.0,8921.0
2026-03-18,Total,회원,8.937088348853054,152888.67968118287,120323390.9090909,787.0,8806.0
2026-03-19,Total,회원,7.8417179394378085,144216.16783216782,93740509.09090908,650.0,8289.0
2026-03-20,Total,회원,6.903008363500188,163304.17557126415,90307209.09090908,553.0,8011.0
2026-03-21,Total,회원,8.947979318349688,167582.98670668952,142110372.72727272,848.0,9477.0
2026-03-22,Total,회원,11.150555252139085,191887.79962894248,235062554.54545453,1225.0,10986.0
2026-03-23,Total,회원,6.629276500280426,166460.80602984157,98378336.36363636,591.0,8915.0
2026-03-24,Total,회원,6.555717980434049,165250.89661624824,96341272.72727272,583.0,8893.0
2026-03-25,Total,회원,8.00046718056529,164221.1413404114,112491481.81818181,685.0,8562.0
2026-03-26,Total,회원,7.784724776265783,170112.31209735145,108021318.18181817,635.0,8157.0
2026-03-27,Total,회원,7.489372343085772,165568.2652906359,99175390.9090909,599.0,7998.0
2026-03-28,Total,회원,9.062137356261209,199615.77944756058,171469954.54545453,859.0,9479.0
2026-03-29,Total,회원,11.44398420190733,199032.28114478113,236450349.99999997,1188.0,10381.0
2026-03-30,Total,회원,7.174380445852665,163529.2515055922,103677545.45454545,634.0,8837.0
2026-03-31,Total,회원,7.08071532141131,164327.13310580203,96295699.99999999,586.0,8276.0
2026-04-01,Total,회원,7.824107356817637,151418.90574968676,98876545.45454545,653.0,8346.0
2026-04-02,Total,회원,6.972378653794584,142194.7727272727,73941281.81818181,520.0,7458.0
2026-04-03,Total,회원,6.945778997940974,177679.4825727632,89905818.18181817,506.0,7285.0
2026-04-04,Total,회원,9.281899109792285,181948.36084631478,142283618.18181816,782.0,8425.0
2026-04-05,Total,회원,12.192933258553,195552.11173371246,212565145.45454544,1087.0,8915.0
2026-04-06,Total,회원,6.968595899299247,155237.3759945827,83362470.9090909,537.0,7706.0
2026-04-07,Total,회원,9.398362406550374,172208.68916437097,136389281.8181818,792.0,8427.0
2026-04-08,Total,회원,8.790170132325143,195818.4445259042,145688922.72727272,744.0,8464.0
2026-04-09,Total,회원,7.292077256602286,175144.06224406222,97204954.54545453,555.0,7611.0
2026-04-10,Total,회원,7.359863072314933,181405.95489781536,93605472.72727272,516.0,7011.0
2026-04-11,Total,회원,8.843537414965986,174881.10593110594,122766536.36363636,702.0,7938.0
2026-04-12,Total,회원,11.87756966651439,177955.4632867133,185073681.8181818,1040.0,8756.0
2026-04-13,Total,회원,9.059491483584301,162571.67203368837,119327607.27272727,734.0,8102.0
2026-04-14,Total,회원,8.274231678486997,132632.05741626793,88200318.18181817,665.0,8037.0
2026-04-15,Total,회원,8.46359130766298,130904.68195468195,87182518.18181817,666.0,7869.0
2026-04-16,Total,회원,8.173522020896707,153734.37628714327,95007844.54545453,618.0,7561.0
2026-04-17,Total,회원,8.248603751969068,137503.31439393936,79201909.09090908,576.0,6983.0
2026-04-18,Total,회원,10.138023696103579,164466.05038335157,136506821.8181818,830.0,8187.0
2026-04-19,Total,회원,11.82677511540998,173637.90131801282,186834381.8181818,1076.0,9098.0
2026-04-20,Total,회원,7.412534608608105,150770.02623861708,88803545.45454545,589.0,7946.0
2026-04-21,Total,회원,6.291989664082687,161917.24845995894,78853700.0,487.0,7740.0
2026-04-22,Total,회원,8.47719659881474,153218.81597126278,100817980.9090909,658.0,7762.0
2026-04-23,Total,회원,7.65997830802603,165853.5478680611,93707254.54545453,565.0,7376.0
2026-04-24,Total,회원,7.588115351004952,174991.10102948872,91170363.63636363,521.0,6866.0
2026-04-25,Total,회원,9.918495297805642,190684.85231582573,150831718.18181816,791.0,7975.0
2026-04-26,Total,회원,11.896493782905791,180733.93254579694,191939436.36363634,1062.0,8927.0
2026-04-27,Total,회원,8.591619142077858,161774.60317460317,112109799.99999999,693.0,8066.0
2026-04-28,Total,회원,7.680168332456602,179606.61581569113,104890263.63636363,584.0,7604.0
2026-04-29,Total,회원,8.060385496697668,166227.68318637882,99404154.54545453,598.0,7419.0
2026-04-30,Total,회원,7.466467958271237,152038.99473779713,76171536.36363636,501.0,6710.0
2026-05-01,Total,회원,11.74516550005932,164038.21854912763,162397836.36363634,990.0,8429.0
2026-05-02,Total,회원,10.513126491646778,188268.57909400473,165864618.18181816,881.0,8380.0
2026-05-03,Total,회원,9.633389734912576,170005.3651266766,145184581.8181818,854.0,8865.0
2026-05-04,Total,회원,7.8035402642732485,147210.66511762998,92153876.36363636,626.0,8022.0
2026-05-05,Total,회원,10.761238337574214,156547.7384684281,158895954.54545453,1015.0,9432.0
2026-05-06,Total,회원,10.53639846743295,166354.62258953167,137242563.63636363,825.0,7830.0
2026-05-07,Total,회원,7.049787409134549,139553.30385567737,71730398.18181817,514.0,7291.0
2026-05-08,Total,회원,7.1580138633470085,186475.81746316922,94356763.63636363,506.0,7069.0
2026-05-09,Total,회원,8.455204620867642,165669.4899577167,113980609.09090908,688.0,8137.0
2026-05-10,Total,회원,10.58769723302081,163800.65776556055,151679409.09090906,926.0,8746.0
2026-05-11,Total,회원,6.181469298245614,146738.21810118927,66178936.36363636,451.0,7296.0
2026-05-12,Total,회원,7.439198855507868,150935.64844246663,86335190.9090909,572.0,7689.0
2026-05-13,Total,회원,9.113723418306696,170819.15415019763,117865216.36363636,690.0,7571.0
2026-05-14,Total,회원,8.89248181083266,175748.6473829201,115994107.27272727,660.0,7422.0
2026-05-15,Total,회원,7.4695121951219505,162785.29262944846,87741272.72727272,539.0,7216.0
2026-05-16,Total,회원,9.319266515950767,151628.6510659152,112508459.09090908,742.0,7962.0
2026-05-17,Total,회원,12.064859961446876,162689.80690362267,173101954.54545453,1064.0,8819.0
2026-05-18,Total,회원,7.5136794341385285,85952.81769740029,48391436.36363636,563.0,7493.0
2026-05-19,Total,회원,6.452521837137222,108651.79237792775,49762520.90909091,458.0,7098.0
2026-05-20,Total,회원,6.983359408334519,277360.7665247176,136184136.36363634,491.0,7031.0
2026-05-21,Total,회원,7.1383942517963135,186808.7726278098,85371609.09090908,457.0,6402.0
2026-05-22,Total,회원,6.692307692307692,181816.6144200627,79090227.27272727,435.0,6500.0
2026-05-23,Total,회원,9.979933110367893,172078.94223738727,128370890.90909089,746.0,7475.0
2026-05-24,Total,회원,8.301981439678958,149579.1678110409,99021409.09090908,662.0,7974.0
2026-05-25,Total,회원,8.818635607321132,156331.1933349669,115997745.45454544,742.0,8414.0
2026-05-26,Total,회원,8.982277121374866,141767.4140508221,94842399.99999999,669.0,7448.0
2026-05-27,Total,회원,7.159353348729793,127022.60824564428,66940914.54545454,527.0,7361.0
2026-05-28,Total,회원,7.30736423087859,127877.46374248319,65729016.36363636,514.0,7034.0
2026-05-29,Total,회원,7.909518749051162,132280.30710172743,68918040.0,521.0,6587.0
2026-05-30,Total,회원,9.457636265515381,163540.48242770068,114641878.18181817,701.0,7412.0
2026-05-31,Total,회원,10.346918971373121,160419.2262602579,136837600.0,853.0,8244.0
2026-06-01,Total,회원,8.783216783216783,115073.49449913144,72266154.54545455,628.0,7150.0
2026-06-02,Total,회원,7.871250914411119,160296.33660020275,86239429.09090908,538.0,6835.0
2026-06-03,Total,회원,11.334134615384615,167276.28458498023,157741536.36363634,943.0,8320.0
2026-06-04,Total,회원,6.874440799284224,152937.31019522776,70504100.0,461.0,6706.0
2026-06-05,Total,회원,6.73136167590881,154205.13833992096,67387645.45454545,437.0,6492.0
2026-06-06,Total,회원,9.659937677821434,169622.87390029323,120941109.09090908,713.0,7381.0
2026-06-07,Total,회원,10.657282895563656,159799.15308747854,135509681.8181818,848.0,7957.0
2026-06-08,Total,회원,7.538531970090036,151234.9098270151,74710045.45454545,494.0,6553.0
2026-06-09,Total,회원,6.0495516035871715,119614.50433988123,47606572.72727273,398.0,6579.0
2026-06-10,Total,회원,5.880537119925915,134786.1608208065,51353527.272727266,381.0,6479.0
2026-06-11,Total,회원,6.445100170833981,102299.91237677984,42454463.63636363,415.0,6439.0
2026-06-12,Total,회원,6.1845861084681255,145592.72727272726,56781163.63636363,390.0,6306.0
2026-06-13,Total,회원,9.025535661872615,161082.77605321506,99065907.27272727,615.0,6814.0
2026-06-14,Total,회원,10.956567379608975,178200.94719651606,148797790.9090909,835.0,7621.0
2026-06-15,Total,회원,8.72667398463227,166396.29788450542,105828045.45454545,636.0,7288.0
2026-06-16,Total,회원,7.6604554865424435,174792.82555282552,97010018.18181817,555.0,7245.0
2026-06-17,Total,회원,8.796546141392337,150113.7897378695,97874190.9090909,652.0,7412.0
2026-06-18,Total,회원,8.21408915795267,179982.13796253997,107449336.36363636,597.0,7268.0
2026-06-19,Total,회원,7.9619726678550204,173793.91112618725,93153536.36363636,536.0,6732.0
2026-06-20,Total,회원,9.349429912810194,165742.51989043955,115522536.36363636,697.0,7455.0
2026-06-21,Total,회원,11.518000742298652,180327.50707938676,167884909.09090906,931.0,8083.0
2026-06-22,Total,회원,6.80252162439525,175572.76645768023,81465763.63636363,464.0,6821.0
2026-06-23,Total,회원,7.724292339676955,127214.05985319028,61444390.90909091,483.0,6253.0
2026-06-24,Total,회원,7.674526121128062,139740.9273457466,69590981.81818181,498.0,6489.0
2026-06-25,Total,회원,7.175104804901644,168706.00612870275,75074172.72727272,445.0,6202.0
2026-06-26,Total,회원,8.075148319050758,171996.95732838588,84278509.09090908,490.0,6068.0
2026-06-27,Total,회원,9.121526803255684,165951.5944055944,107868536.36363636,650.0,7126.0
2026-06-28,Total,회원,13.045151359671625,159888.42406364527,162606527.27272725,1017.0,7796.0
2026-06-29,Total,회원,8.511913682002097,145200.14404609473,82473681.81818181,568.0,6673.0
2026-06-30,Total,회원,6.667705250038947,137554.20560747662,58873199.99999999,428.0,6419.0
2026-07-01,Total,회원,8.982499612823293,160217.1159874608,92925927.27272727,580.0,6457.0
2026-07-02,Total,회원,7.358426585283147,141821.1353162966,61550372.72727272,434.0,5898.0
2026-07-03,Total,회원,8.414023372287145,159314.89177489176,80294705.45454545,504.0,5990.0
2026-07-04,Total,회원,9.910422294895492,152364.62762488588,106198145.45454545,697.0,7033.0
2026-07-05,Total,회원,11.840062111801242,172112.77694982613,157483190.9090909,915.0,7728.0
2026-07-06,Total,회원,8.555523000292997,156959.0597758406,91664090.9090909,584.0,6826.0
2026-07-07,Total,회원,8.157706093189965,171236.92283112317,97433809.09090908,569.0,6975.0
2026-07-08,Total,회원,8.404579046514998,138717.21003134796,80455981.81818181,580.0,6901.0
2026-07-09,Total,회원,8.06378132118451,197549.08406094846,104898563.63636363,531.0,6585.0
2026-07-10,Total,회원,8.493717194210275,179098.8253319714,95638772.72727272,534.0,6287.0
2026-07-11,Total,회원,9.571468846912884,152335.1720444504,103435581.81818181,679.0,7094.0
2026-07-12,Total,회원,11.676129350777584,163363.9054391697,154542254.54545453,946.0,8102.0
2026-07-13,Total,회원,8.872458410351202,159526.32575757575,91887163.63636363,576.0,6492.0
2026-07-14,Total,회원,7.315501127940703,135003.80456547855,61291727.272727266,454.0,6206.0
2026-07-15,Total,회원,8.63144076140466,150483.58105772553,79154363.63636363,526.0,6094.0
2026-07-16,Total,회원,7.393783336398749,145050.72365445498,58310390.90909091,402.0,5437.0
2026-07-17,Total,회원,11.851965132283224,175326.2404692082,135877836.36363634,775.0,6539.0
2026-07-18,Total,회원,8.447851873282222,145973.89476961392,85248754.54545453,584.0,6913.0
2026-07-19,Total,회원,10.435497124075596,153231.5437842997,116762436.36363636,762.0,7302.0
2026-07-20,Total,회원,6.736777930193568,130544.32332373508,57700590.90909091,442.0,6561.0
2026-07-21,Total,회원,7.844946931241347,133377.66488413545,68022609.09090908,510.0,6501.0
2026-07-22,Total,회원,7.649491094147582,141996.48459648457,68300309.09090908,481.0,6288.0
2026-07-23,Total,회원,7.455012853470437,138064.53761755483,64061945.454545446,464.0,6224.0
2026-07-24,Total,회원,7.7362872967661245,139179.4877178249,60264718.18181818,433.0,5597.0
2026-07-25,Total,회원,8.292762090230445,156807.5787226472,80128672.72727272,511.0,6162.0
2026-07-26,Total,회원,10.357304387155134,155737.9118697896,106991945.45454545,687.0,6633.0
2026-07-27,Total,회원,7.082630691399664,165125.303030303,69352627.27272727,420.0,5930.0
2026-07-28,Total,회원,6.564064528091971,129412.84026707755,45812145.45454545,354.0,5393.0
2026-07-29,Total,회원,8.35353347007272,193711.72889610386,86782854.54545453,448.0,5363.0
2026-07-30,Total,회원,8.07370820668693,155593.45454545453,66127218.18181818,425.0,5264.0
2026-07-31,Total,회원,7.996127783155857,180742.54897644726,74646672.72727272,413.0,5165.0
2026-08-01,Total,회원,8.855011352578657,153538.53812853812,83832041.81818181,546.0,6166.0
2026-08-02,Total,회원,10.1942456550314,189647.61656681428,132374036.36363636,698.0,6847.0
2026-08-03,Total,회원,8.678593848085374,143030.88936380076,79096081.81818181,553.0,6372.0
2026-08-04,Total,회원,7.122991347342398,140734.5139025833,64878610.90909091,461.0,6472.0
2026-08-05,Total,회원,7.853325415676959,142415.77590651315,75337945.45454545,529.0,6736.0
2026-08-06,Total,회원,8.56060606060606,141814.775543041,80125348.18181817,565.0,6600.0
2026-08-07,Total,회원,9.018483110261313,169969.01702537743,96202463.63636363,566.0,6276.0
2026-08-08,Total,회원,9.093606289867973,155309.28370161648,95204590.9090909,613.0,6741.0
2026-08-09,Total,회원,11.65210153974199,174272.46753246753,146388872.72727272,840.0,7209.0
2026-08-10,Total,회원,8.932769158439116,173184.75279106855,98715309.09090908,570.0,6381.0
2026-08-11,Total,회원,8.15810276679842,169175.5285412262,87294572.72727272,516.0,6325.0
2026-08-12,Total,회원,7.818329278183294,174155.69596378724,83943045.45454545,482.0,6165.0
